{"data":{
"section0":[
],"section1":[
{
"fieldCode":"1001",
"fieldName":"SECURITY SIGNON",
"fieldFormat":"20C",
"helpText":"Users sign-on in security system."
}
,{
"fieldCode":"1002",
"fieldName":"SIGNON NAME",
"fieldFormat":"20C",
"helpText":"Users sign-on name."
}
,{
"fieldCode":"4001",
"fieldName":"PROC DATE",
"fieldFormat":"",
"helpText":"Date on which the transaction was processed, in user-defined format."
}
,{
"fieldCode":"4002",
"fieldName":"RUN NBR",
"fieldFormat":"4N",
"helpText":"TRAMS processing run during which the transaction was processed."
}
,{
"fieldCode":"4003",
"fieldName":"BATCH NBR",
"fieldFormat":"5N",
"helpText":"Variable field depending on the header type. If this is a batch header, this is the batch number from the original batch header in TRAMS that was used to create this record. If this is a cash header, the field displays CASH NUMBER and the number assigned to the cash letter header. If this is a file header, this field and its description do not display since there is no corresponding FILE NUMBER on the TRAMS File Header record."
}
,{
"fieldCode":"4004",
"fieldName":"TRAN SEQ NBR",
"fieldFormat":"1N",
"helpText":"Sequence number of the transaction."
}
,{
"fieldCode":"4005",
"fieldName":"PL SEG REC NAME",
"fieldFormat":"",
"helpText":""
}
,{
"fieldCode":"0501",
"fieldName":"FLEET ADDENDUM",
"fieldFormat":"15C",
"helpText":"Description of the addendum message being reported."
}
,{
"fieldCode":"0502",
"fieldName":"FLEET TAX RATE APPLIED",
"fieldFormat":"5C",
"helpText":"Rate of the tax applied to the transaction."
}
,{
"fieldCode":"0503",
"fieldName":"FLEET ALT TAX ID",
"fieldFormat":"15C",
"helpText":"Tax ID number of the merchant that reported the alternate tax amount."
}
,{
"fieldCode":"0504",
"fieldName":"PURCH FMT2 ADDENDUM",
"fieldFormat":"5C",
"helpText":"Description of the addendum message being reported."
}
,{
"fieldCode":"0505",
"fieldName":"NBR OF ITEM OCCURS",
"fieldFormat":"4N",
"helpText":"Number of actual common addendum occurrences contained in this transaction."
}
,{
"fieldCode":"0506_6",
"fieldName":"PURCH FMT2 UNIT OF MEASURE",
"fieldFormat":"12C",
"helpText":"Code that identifies the unit of measure."
}
,{
"fieldCode":"0507_1",
"fieldName":"PURCH FMT2 ORDER DATE",
"fieldFormat":"6N",
"helpText":"Date of the purchase order for this item."
}
,{
"fieldCode":"0508_1",
"fieldName":"PURCH FMT2 FRT SHIP TAX RATE",
"fieldFormat":"5N",
"helpText":"Rate of the freight shipping tax applied to this transaction."
}
]},"sections": {
"section0":""
,
"section1":"Addnd Private Label Fields Cpy"
}}
