{"data":{
"section0":[
],"section1":[
{
"fieldCode":"4001",
"fieldName":"BUSINESS UNIT",
"fieldFormat":"3N",
"helpText":"Number that identifies the CMS business unit associated with the account."
}
,{
"fieldCode":"4002",
"fieldName":"ACTION CODE",
"fieldFormat":"4C",
"helpText":"Action code that you want to add, maintain, delete, or view."
}
,{
"fieldCode":"4003",
"fieldName":"ACTION CODE TYPE",
"fieldFormat":"1C",
"helpText":"This field displays the action code type for this transaction. Fixed value for this field is T which denotes Transcript action code."
}
],"section2":[
{
"fieldCode":"4001",
"fieldName":"BUSINESS UNIT",
"fieldFormat":"3N",
"helpText":"Number that identifies the CMS business unit associated with the account."
}
,{
"fieldCode":"4002",
"fieldName":"ACTION CODE",
"fieldFormat":"4C",
"helpText":"Action code that you want to add, maintain, delete, or view."
}
,{
"fieldCode":"4003",
"fieldName":"ACTION CODE TYPE",
"fieldFormat":"1C",
"helpText":"This field displays the action code type for this transaction. Fixed value for this field is T which denotes Transcript action code."
}
,{
"fieldCode":"4509",
"fieldName":"ACTION DESCRIPTION",
"fieldFormat":"20C",
"helpText":"Description or title of the action code that displays online and on batch reports."
}
,{
"fieldCode":"4510",
"fieldName":"RETENTION DAYS",
"fieldFormat":"3N",
"helpText":"Number of days the system retains this action on the customers Contact History record (Contact History Display). The values are 000-999. The default is 020.<br/>NOTE:  If you type 999, ASM will set the RETENTION DAYS date to 9999365."
}
,{
"fieldCode":"4511",
"fieldName":"EFFECTIVE DATE REQUIRED",
"fieldFormat":"1C",
"helpText":"Code that controls whether DATE is a required field on the Transcript Action code service. The values are:<br/>R = Required <br/>O = Optional. (Default)"
}
,{
"fieldCode":"0720",
"fieldName":"LETTER CODE",
"fieldFormat":"3C",
"helpText":"Default letter code for the action. The letter requested must be active in LTS."
}
,{
"fieldCode":"0105",
"fieldName":"TRANSACTION AMOUNT",
"fieldFormat":"1C",
"helpText":"Code that controls whether TRANSACTION AMOUNT is a required field on the Transcript Action code -> 01-Transcript Action Code. The values are:<br/>R = Required<br/>O = Optional. (Default)"
}
,{
"fieldCode":"0706",
"fieldName":"STORE NUMBER REQUIRED",
"fieldFormat":"1C",
"helpText":"Code that controls whether STORE NUMBER is a required field on Transcript Action code -> 01-Transcript Action Code. The values are:<br/>R = Required<br/>O = Optional. (Default)"
}
,{
"fieldCode":"0107",
"fieldName":"DEPARTMENT NUMBER REQUIRED",
"fieldFormat":"1C",
"helpText":"Code that controls whether DEPARTMENT NUMBER is a required field on Transcript Action code -> 01-Transcript Action Code. The values are:<br/>R = Required<br/>O = Optional. (Default)"
}
,{
"fieldCode":"0108",
"fieldName":"TICKET NUMBER REQUIRED",
"fieldFormat":"1C",
"helpText":"Code that controls whether TICKET NUMBER is a required field on the Transcript Action code -> 01-Transcript Action Code. The values are:<br/>R = Required<br/>O = Optional. (Default)"
}
,{
"fieldCode":"0712",
"fieldName":"SALES CLERK NUMBER REQUIRED",
"fieldFormat":"1C",
"helpText":"Code that controls whether CLERK is a required field on the Monetary action code ->01-Monetary Action Code. The values are:<br/>R = Required<br/>O = Optional. (Default)"
}
,{
"fieldCode":"0118",
"fieldName":"REFERENCE NUMBER REQUIRED",
"fieldFormat":"1C",
"helpText":"Code that controls whether REFERENCE NUMBER is a required field on the Transcript Action code -> 01-Transcript Action Code. The values are:<br/>R = Required<br/>O = Optional. (Default)"
}
,{
"fieldCode":"0119",
"fieldName":"REVIEW DATE AND TIME REQUIRED",
"fieldFormat":"1C",
"helpText":"Code that controls whether REVIEW DATE AND REVIEW TIME are required fields on the Transcript Action code -> 01-Transcript Action Code. The values are:<br/>R = Required<br/>O = Optional. (Default)"
}
,{
"fieldCode":"4527",
"fieldName":"REQUEUE FACTOR NUMBER",
"fieldFormat":"2N",
"helpText":"Number of minutes, hours, or days that must elapse before ASM requeue the action for follow-up in the representatives pending queue. The values are 00-99."
}
,{
"fieldCode":"0202",
"fieldName":"REQUEUE FREQUENCY",
"fieldFormat":"1C",
"helpText":"Type of frequency the re-queue factor represents. The values are:<br/>M = Minutes<br/>H = Hours (Default)<br/>D = Days.<br/>Example: To have the action appear in the representatives queue ten days after the reissue of a credit card, type 10 in the REQUEUE FACTOR NUMBER field and type D in the REQUEUE FREQUENCY field."
}
,{
"fieldCode":"0722",
"fieldName":"CARD NUMBER REQUIRED",
"fieldFormat":"1C",
"helpText":"Code that controls whether CARD NUMBER is a required field on the Transcript Action code -> 01-Transcript Action Code. The values are:<br/>R = Required<br/>O = Optional. (Default)"
}
,{
"fieldCode":"0723",
"fieldName":"CARD SEQUENCE NUMBER REQUIRED",
"fieldFormat":"1C",
"helpText":"Code that controls whether CARD SEQUENCE NUMBER is a required field on the Transcript Action code -> 01-Transcript Action Code. The values are:<br/>R = Required<br/>O = Optional. (Default)"
}
,{
"fieldCode":"7124",
"fieldName":"PURCHASE ORDER NUMBER REQUIRED",
"fieldFormat":"1C",
"helpText":"Code that controls whether PURCHASE ORDER NUMBER is a required field on the Transcript Action code -> 01-Transcript Action Code. The values are:<br/>R = Required<br/>O = Optional. (Default)"
}
,{
"fieldCode":"0125",
"fieldName":"RESOLUTION REFERENCE NUMBER REQUIRED",
"fieldFormat":"1C",
"helpText":"Code that controls whether RESOLUTION REFERENCE NUMBER is a required field on the Transcript Action code -> 01-Transcript Action Code. The values are:<br/>R = Required<br/>O = Optional. (Default)"
}
,{
"fieldCode":"0129",
"fieldName":"ACTION CODE PRIORITY",
"fieldFormat":"1N",
"helpText":"Priority code assigned to the action code. This code defaults to the associated Transcript Action code service as the priority assigned to actions/memos. The values are:<br/>0 = Unspecified priority (Default)<br/>1 = Low priority<br/>2 = Medium priority<br/>3 = High priority."
}
],"section3":[
{
"fieldCode":"4001",
"fieldName":"BUSINESS UNIT",
"fieldFormat":"3N",
"helpText":"Number that identifies the CMS business unit associated with the account."
}
,{
"fieldCode":"4002",
"fieldName":"ACTION CODE",
"fieldFormat":"4C",
"helpText":"Action code that you want to add, maintain, delete, or view."
}
,{
"fieldCode":"4003",
"fieldName":"ACTION CODE TYPE",
"fieldFormat":"1C",
"helpText":"This field displays the action code type for this transaction. Fixed value for this field is T which denotes Transcript action code."
}
,{
"fieldCode":"0126",
"fieldName":"REPRESENTATIVE BUSINESS UNIT",
"fieldFormat":"3N",
"helpText":"Appears 10 times. This is the field where you enter the ASM business unit number assigned to the representative. The ASM business unit number entered must be within the range specified on your Security record. The default is 000."
}
,{
"fieldCode":"0116",
"fieldName":"REPRESENTATIVE ID",
"fieldFormat":"3C",
"helpText":"Appears 10 times. This field displays the ID of the representative authorized to process this action code.<br/>You can authorize up to ten representatives. Use of this feature does not restrict the use of this action code by other representatives; however, it does automatically force the action to an eligible representatives queue for final processing or approval.<br/>Representatives who are not on the list of eligible representatives cannot work on actions from the queue of a representative who is on the list. <br/>NOTE:  To designate the action code as available for processing by all representatives who have security access to the associated CMS business unit, leave the default value in all ten fields."
}
],"section4":[
{
"fieldCode":"4001",
"fieldName":"BUSINESS UNIT",
"fieldFormat":"3N",
"helpText":"Number that identifies the CMS business unit associated with the account."
}
,{
"fieldCode":"4002",
"fieldName":"ACTION CODE",
"fieldFormat":"4C",
"helpText":"Action code that you want to add, maintain, delete, or view."
}
,{
"fieldCode":"4003",
"fieldName":"ACTION CODE TYPE",
"fieldFormat":"1C",
"helpText":"This field displays the action code type for this transaction. Fixed value for this field is T which denotes Transcript action code."
}
,{
"fieldCode":"0197",
"fieldName":"STATUS",
"fieldFormat":"1C",
"helpText":"Current status of the Action Code record. The values are:<br/>N = New/incomplete (Default)<br/>O = Active/complete.<br/>This field is system-generated and cannot be modified."
}
,{
"fieldCode":"0199",
"fieldName":"DATE LAST MAINTENANCE",
"fieldFormat":"DATE",
"helpText":"Date when a representative last modified this record. This field is system-generated and cannot be modified."
}
,{
"fieldCode":"0198",
"fieldName":"LAST MAINTENANCE OPERATOR",
"fieldFormat":"3C",
"helpText":"This field displays the ID of the operator who modified the record last. This field is system-generated and cannot be modified."
}
]},"sections": {
"section0":""
,
"section1":"Action Codes - Transcript-ASMA03/ASQA03-Home Page"
,
"section2":"Action Codes - Transcript-ASMA03/ASQA03-01-Transcript Action Details"
,
"section3":"Action Codes - Transcript-ASMA03/ASQA03-02-Eligible Representatives"
,
"section4":"Action Codes - Transcript-ASMA03/ASQA03-99-Status & Activity Information"
}}
