{"data":{
"section0":[
],"section1":[
{
"fieldCode":"4001",
"fieldName":"BUSINESS UNIT",
"fieldFormat":"3N",
"helpText":"Number that identifies the CMS business unit associated with the account."
}
,{
"fieldCode":"4002",
"fieldName":"ACTION CODE",
"fieldFormat":"4C",
"helpText":"Action code that you want to add, maintain, delete, or view."
}
,{
"fieldCode":"4003",
"fieldName":"ACTION CODE TYPE",
"fieldFormat":"1C",
"helpText":"This field displays the action code type for this transaction. Fixed value for this field is N which denotes Non-Monetary action code."
}
],"section2":[
{
"fieldCode":"4001",
"fieldName":"BUSINESS UNIT",
"fieldFormat":"3N",
"helpText":"Number that identifies the CMS business unit associated with the account."
}
,{
"fieldCode":"4002",
"fieldName":"ACTION CODE",
"fieldFormat":"4C",
"helpText":"Action code that you want to add, maintain, delete, or view taken from Home Page."
}
,{
"fieldCode":"4003",
"fieldName":"ACTION CODE TYPE",
"fieldFormat":"1C",
"helpText":"This field displays the action code type for this transaction. Fixed value for this field is N which denotes Non-Monetary action code."
}
,{
"fieldCode":"0201",
"fieldName":"DESCRIPTION",
"fieldFormat":"20C",
"helpText":"Description or title of the action code that displays online and on batch reports."
}
,{
"fieldCode":"0204",
"fieldName":"RETENTION DAYS",
"fieldFormat":"3N",
"helpText":"Number of days ASM retains this action on the customers Contact History record (Contact History Display). The values are 000-999 days. The default is 025.<br/>NOTE:  If you type 999, ASM sets the RETENTION date to 9999365."
}
,{
"fieldCode":"0206",
"fieldName":"ASSOCIATED TRANSACTION",
"fieldFormat":"4C",
"helpText":"CMS transaction code to be associated with this action code. ASM displays this online page each time the representative uses this action code."
}
,{
"fieldCode":"0207",
"fieldName":"PAGE NUMBER OF ASSOCIATED TRANSACTION",
"fieldFormat":"2N",
"helpText":"Page number of the ASSOCIATED TRANSACTION. The default is 00. <br/>Example: To adjust the delinquency counter for an account each time a representative records a misapplied payment, type ARMB in the ASSOCIATED TRANSACTION field and type 03 in this field. When the ASSOCIATED TRANSACTION code is for an add page, the PAGE field must be 00."
}
,{
"fieldCode":"0220",
"fieldName":"LETTER CODE",
"fieldFormat":"3C",
"helpText":"Default letter code for the action. The letter requested must be active in LTS."
}
,{
"fieldCode":"0202",
"fieldName":"REQUEUE FACTOR NUMBER",
"fieldFormat":"2N",
"helpText":"Number of minutes, hours, or days that must elapse before ASM requeue the action for follow-up in the representatives pending queue. The values are 00-99."
}
,{
"fieldCode":"0203",
"fieldName":"REQUEUE FREQUENCY",
"fieldFormat":"1C",
"helpText":"Type of frequency the REQUEUE FACTOR NUMBER represents. The values are:<br/>M = Minutes<br/>H = Hours (Default)<br/>D = Days.<br/>Example: To have the action appear in the representatives queue ten days after the reissue of a credit card, type 10 in the REQUEUE FACTOR NUMBER field and type D in the REQUEUE FREQUENCY field."
}
,{
"fieldCode":"0205",
"fieldName":"REVIEW DATE/TIME INDICATOR",
"fieldFormat":"1C",
"helpText":"Code that controls whether NEXT REVIEW DATE and NEXT REVIEW TIME are required fields on the Non-Monetary action code Service-> 01-Non-Monetary Action Code. The values are:<br/>R = Required<br/>O = Optional. (Default)"
}
,{
"fieldCode":"4029",
"fieldName":"CARD NUMBER REQUIRED",
"fieldFormat":"1C",
"helpText":"Code that controls whether CARD NUMBER is a required field on the Non-Monetary action code Service-> 01-Non-Monetary Action Code. The values are:<br/>R = Required<br/>O = Optional. (Default)"
}
,{
"fieldCode":"4030",
"fieldName":"CARD SEQUENCE NUMBER REQUIRED",
"fieldFormat":"1C",
"helpText":"Code that controls whether CARD SEQUENCE NUMBER is a required field on the Non-Monetary action code Service-> 01-Non-Monetary Action Code. The values are:<br/>R = Required<br/>O = Optional. (Default)"
}
,{
"fieldCode":"0129",
"fieldName":"ACTION CODE PRIORITY",
"fieldFormat":"1N",
"helpText":"Priority code assigned to the action code. This code defaults to the associated Non-Monetary Action Code as the priority assigned to actions/memos. The values are:<br/>0 = Unspecified priority (Default)<br/>1 = Low priority<br/>2 = Medium priority<br/>3 = High priority."
}
],"section3":[
{
"fieldCode":"4001",
"fieldName":"BUSINESS UNIT",
"fieldFormat":"3N",
"helpText":"This field identifies the ASM business unit taken from the Home Page."
}
,{
"fieldCode":"4002",
"fieldName":"ACTION CODE",
"fieldFormat":"4C",
"helpText":"This field is the action code entered on the Home Page."
}
,{
"fieldCode":"4003",
"fieldName":"ACTION CODE TYPE",
"fieldFormat":"1C",
"helpText":"This field displays the action code type for this transaction. Fixed value for this field is N which denotes Non-Monetary action code."
}
,{
"fieldCode":"0126",
"fieldName":"REPRESENTATIVE BUSINESS UNIT",
"fieldFormat":"3N",
"helpText":"Appears 10 times. This is the field where you enter the ASM business unit number assigned to the representative. The ASM business unit number entered must be within the range specified on your Security record (SMSF). The default is 000."
}
,{
"fieldCode":"0116",
"fieldName":"REPRESENTATIVE ID",
"fieldFormat":"3C",
"helpText":"Appears 10 times. This is the field where you enter the identification of the representative. The default is spaces. You can authorize up to ten representatives. Use of this feature does not restrict the use of this action code by other representatives; however, it does automatically force the action to an eligible representatives queue for final processing or approval.<br/>Representatives who are not on the list of eligible representatives cannot work on actions from the queue of a representative who is on the list. <br/>NOTE:  To designate the action code as available for processing by all representatives who have security access to the associated CMS business unit, leave the default value in all ten fields."
}
],"section4":[
{
"fieldCode":"4001",
"fieldName":"BUSINESS UNIT",
"fieldFormat":"3N",
"helpText":"This field identifies the ASM business unit taken from the Home Page."
}
,{
"fieldCode":"4002",
"fieldName":"ACTION CODE",
"fieldFormat":"4C",
"helpText":"This field is the action code entered on the Home Page."
}
,{
"fieldCode":"4003",
"fieldName":"ACTION CODE TYPE",
"fieldFormat":"1C",
"helpText":"This field displays the action code type for this transaction. Fixed value for this field is N which denotes Non-Monetary action code."
}
,{
"fieldCode":"0197",
"fieldName":"STATUS",
"fieldFormat":"1C",
"helpText":"Current status of the Action Code record. The values are:<br/>N = New/incomplete (Default)<br/>O = Active/complete.<br/>This field is system-generated and cannot be modified."
}
,{
"fieldCode":"0199",
"fieldName":"DATE LAST MAINTENANCE",
"fieldFormat":"DATE",
"helpText":"Date of the last maintenance on this action code record. This date is system-generated; you cannot change it."
}
,{
"fieldCode":"0196",
"fieldName":"OPERATOR BUSINESS UNIT",
"fieldFormat":"3C",
"helpText":"This field displays the ASM business unit number. This field is system-generated; you cannot change it."
}
,{
"fieldCode":"0198",
"fieldName":"LAST MAINTENANCE OPERATOR",
"fieldFormat":"3C",
"helpText":"Operator name that has last maintained action code record. This field is system-generated; you cannot change it."
}
,{
"fieldCode":"4108",
"fieldName":"DATE ADDED",
"fieldFormat":"DATE",
"helpText":"This filed identifies the date on which the action code is added."
}
]},"sections": {
"section0":""
,
"section1":"Action Codes - Non-Monetary-ASMA02/ASQA-Home Page"
,
"section2":"Action Codes - Non-Monetary-ASMA02/ASQA-01-Non-monetary Action Details"
,
"section3":"Action Codes - Non-Monetary-ASMA02/ASQA-02-Eligible Representatives"
,
"section4":"Action Codes - Non-Monetary-ASMA02/ASQA-99-Status & Activity Information"
}}
