{"data":{
"section0":[
],"section1":[
{
"fieldCode":"4001",
"fieldName":"BUSINESS UNIT",
"fieldFormat":"3N",
"helpText":"Number that identifies the CMS business unit associated with the account."
}
,{
"fieldCode":"4002",
"fieldName":"ACTION CODE",
"fieldFormat":"4C",
"helpText":"Action code that you want to add, maintain, delete, or view."
}
,{
"fieldCode":"4003",
"fieldName":"ACTION CODE TYPE",
"fieldFormat":"1C",
"helpText":"This field displays the action code type for this transaction. Fixed value for this field is F which denotes Prepaid Funding action code."
}
],"section2":[
{
"fieldCode":"4001",
"fieldName":"BUSINESS UNIT",
"fieldFormat":"3N",
"helpText":"This field identifies the ASM business unit taken from the Home Page."
}
,{
"fieldCode":"4002",
"fieldName":"ACTION CODE",
"fieldFormat":"4C",
"helpText":"This field is the action code entered on the Home Page."
}
,{
"fieldCode":"4003",
"fieldName":"ACTION CODE TYPE",
"fieldFormat":"1C",
"helpText":"This field displays the action code type for this transaction. Fixed value for this field is F which denotes Prepaid Funding action code."
}
,{
"fieldCode":"0601",
"fieldName":"DESCRIPTION",
"fieldFormat":"20C",
"helpText":"Description or title of the action code that ASM displays online and on batch reports."
}
,{
"fieldCode":"0607",
"fieldName":"RETENTION DAYS",
"fieldFormat":"3N",
"helpText":"Number of days ASM retains this action on the customers Contact History record (Contact History Display). The values are 000-999 days. The default is 030."
}
,{
"fieldCode":"0604",
"fieldName":"EFFECTIVE DATE REQUIRED",
"fieldFormat":"1C",
"helpText":"Code that controls whether EFFECTIVE DATE is a required field on the on Account History record (AMHS). The values are:<br/>R = Required<br/>O = Optional. (Default)"
}
,{
"fieldCode":"0602",
"fieldName":"MONETARY TRANSACTION CODE",
"fieldFormat":"4N",
"helpText":"CMS monetary transaction code that ASM should use when creating an online batch transaction for this action code. ASM edits this entry against the Monetary Transaction Control table (Monetary Transaction Control) to ensure that the transaction code is valid for the business unit."
}
,{
"fieldCode":"0603",
"fieldName":"MONETARY TRANSACTION DESCRIPTION",
"fieldFormat":"40C",
"helpText":"Description of the action code that ASM passes through batch processing to the statement file. This description appears on the customers statement. If this field is left blank, the default is the description of the associated monetary transaction in the CMS Monetary Transaction Control table."
}
,{
"fieldCode":"0608",
"fieldName":"PLAN NUMBER REQUIRED",
"fieldFormat":"1C",
"helpText":"Code that controls whether PLAN NUMBER is a required field on Account History record (AMHS). The values are:<br/>R = Required<br/>O = Optional. (Default)"
}
,{
"fieldCode":"0605",
"fieldName":"PLAN SEQUENCE NUMBER REQUIRED",
"fieldFormat":"1C",
"helpText":"Code that controls whether PLAN SEQUENCE NUMBER is a required field on the Account History record (AMHS). The values are:<br/>R = Required<br/>O = Optional. (Default)"
}
,{
"fieldCode":"0606",
"fieldName":"STORE NUMBER REQUIRED",
"fieldFormat":"1C",
"helpText":"Code that indicates that STORE NUMBER is a required field on the Account History record (AMHS). The value is R (required)."
}
,{
"fieldCode":"0609",
"fieldName":"APPROVAL LETTER BUSINESS UNIT",
"fieldFormat":"3N",
"helpText":"This field indicates the letter business unit number for the approved authorization."
}
,{
"fieldCode":"0610",
"fieldName":"APPROVAL LETTER ID",
"fieldFormat":"3C",
"helpText":"This field indicates the letter ID for the approved authorization."
}
,{
"fieldCode":"0611",
"fieldName":"DECLINE LETTER BUSINESS UNIT",
"fieldFormat":"3N",
"helpText":"This field indicates the letter business unit number for the declined authorization."
}
,{
"fieldCode":"0612",
"fieldName":"DECLINE LETTER ID",
"fieldFormat":"3C",
"helpText":"This field indicates the letter ID for the declined authorization."
}
,{
"fieldCode":"0613",
"fieldName":"ACTION CODE PRIORITY",
"fieldFormat":"1N",
"helpText":"Priority code assigned to the action code. This code defaults to the associated action code as the priority assigned to actions/memos. The values are:<br/>0 = Unspecified priority (Default)<br/>1 = Low priority<br/>2 = Medium priority<br/>3 = High priority."
}
],"section3":[
{
"fieldCode":"4001",
"fieldName":"BUSINESS UNIT",
"fieldFormat":"3N",
"helpText":"This field identifies the ASM business unit taken from the Home Page."
}
,{
"fieldCode":"4002",
"fieldName":"ACTION CODE",
"fieldFormat":"4C",
"helpText":"This field is the action code entered on the Home Page."
}
,{
"fieldCode":"4003",
"fieldName":"ACTION CODE TYPE",
"fieldFormat":"1C",
"helpText":"This field displays the action code type for this transaction. Fixed value for this field is F which denotes Prepaid Funding action code."
}
,{
"fieldCode":"0197",
"fieldName":"STATUS",
"fieldFormat":"1C",
"helpText":"Current status of the Action Code record. The values are:<br/>N = New/incomplete (Default)<br/>O = Active/complete.<br/>This field is system-generated and cannot be modified."
}
,{
"fieldCode":"0199",
"fieldName":"DATE LAST MAINTENANCE",
"fieldFormat":"DATE",
"helpText":"Date of the last maintenance on this action code record. This date is system-generated; you cannot change it."
}
,{
"fieldCode":"0196",
"fieldName":"OPERATOR BUSINESS UNIT",
"fieldFormat":"3C",
"helpText":"This field displays the ASM business unit number. This field is system-generated; you cannot change it."
}
,{
"fieldCode":"0198",
"fieldName":"LAST MAINTENANCE OPERATOR",
"fieldFormat":"3C",
"helpText":"Operator name that has last maintained action code record. This field is system-generated; you cannot change it."
}
,{
"fieldCode":"4208",
"fieldName":"DATE ADDED",
"fieldFormat":"DATE",
"helpText":"This filed identifies the date on which the action code is added."
}
]},"sections": {
"section0":""
,
"section1":"Prepaid Action Codes -ASMA06/ASQA06 -Home Page"
,
"section2":"Prepaid Action Codes -ASMA06/ASQA06-01-Prepaid Funding"
,
"section3":"Prepaid Action Codes -ASMA06/ASQA06-99-Status & Activity Information"
}}
