{"data":{
"section0":[
],"section1":[
{
"fieldCode":"4001",
"fieldName":"BUSINESS UNIT",
"fieldFormat":"3N",
"helpText":"Number that identifies the CMS business unit associated with the account."
}
,{
"fieldCode":"4002",
"fieldName":"ACTION CODE",
"fieldFormat":"4C",
"helpText":"Action code that you want to add, maintain, delete, or view."
}
,{
"fieldCode":"4003",
"fieldName":"ACTION CODE TYPE",
"fieldFormat":"1C",
"helpText":"This field displays the action code type for this transaction. Fixed value for this field is M which denotes monetary action code."
}
,{
"fieldCode":"4014",
"fieldName":"TRANSACTION TYPE",
"fieldFormat":"1C",
"helpText":"Type of transaction you want to add, maintain, delete, or view. The values are:<br/>D = Debit<br/>V = Load Reload Reversal<br/>C = Credit<br/>L = Load Reload<br/>R = Credit Balance Refund<br/>M = Memo<br/>P = Monetary Points<br/>A = Cash advance."
}
],"section2":[
{
"fieldCode":"4001",
"fieldName":"BUSINESS UNIT",
"fieldFormat":"3N",
"helpText":"This field identifies the ASM business unit taken from the Home Page."
}
,{
"fieldCode":"4002",
"fieldName":"ACTION CODE",
"fieldFormat":"4C",
"helpText":"This field is the action code entered on the Home Page."
}
,{
"fieldCode":"4003",
"fieldName":"ACTION CODE TYPE",
"fieldFormat":"1C",
"helpText":"This field displays the action code type for this transaction. Fixed value for this field is M which denotes monetary action code."
}
,{
"fieldCode":"4014",
"fieldName":"TRANSACTION TYPE",
"fieldFormat":"1C",
"helpText":"Type of transaction you entered on the Home Page. The values are:<br/>D = Debit<br/>V = Load Reload Reversal<br/>C = Credit<br/>L = Load Reload<br/>R = Credit Balance Refund<br/>M = Memo<br/>P = Monetary Points<br/>A = Cash advance."
}
,{
"fieldCode":"0101",
"fieldName":"DESCRIPTION",
"fieldFormat":"20C",
"helpText":"Description or title of the action code that displays online and batch reports."
}
,{
"fieldCode":"0113",
"fieldName":"RETENTION DAYS",
"fieldFormat":"3N",
"helpText":"Number of days the system retains this action on the customers Contact History record (Contact History Display). The values are 000-999 days. The default is 030.<br/>NOTE:  If you type 999, ASM sets the retention date to 9999365."
}
,{
"fieldCode":"0104",
"fieldName":"EFFECTIVE DATE REQUIRED",
"fieldFormat":"1C",
"helpText":"Code that controls whether EFFECTIVE DATE REQUIRED is a required field on the Monetary Action Code Service. The values are:<br/>R = Required<br/>O = Optional. (Default)"
}
,{
"fieldCode":"0114",
"fieldName":"ASSOCIATED TRANSACTION",
"fieldFormat":"4C",
"helpText":"CMS transaction code to be associated with this action code. ASM displays this online page each time the representative uses this action code."
}
,{
"fieldCode":"0115",
"fieldName":"PAGE NUMBER OF ASSOCIATED TRANSACTION",
"fieldFormat":"2N",
"helpText":"Page number of the ASSOCIATED TRANSACTION. The default is 00. <br/>Example: To adjust the delinquency counter for an account each time a representative records a misapplied payment, type ARMB in the ASSOCIATED TRANSACTION field and type 03 in this field. When the ASSOCIATED TRANSACTION code is for an add page, the PAGE field must be 00."
}
,{
"fieldCode":"0120",
"fieldName":"LETTER CODE",
"fieldFormat":"3C",
"helpText":"Default letter code for the action. The letter requested must be active in LTS."
}
,{
"fieldCode":"0102",
"fieldName":"MONETARY TRANSACTION CODE",
"fieldFormat":"4N",
"helpText":"CMS monetary transaction code that ASM should use when generating an online batch transaction for this action code. ASM edits this entry against the Monetary Transaction Control service to ensure that the transaction code is valid for the business unit."
}
,{
"fieldCode":"0103",
"fieldName":"MONETARY TRANSACTION DESCRIPTION",
"fieldFormat":"40C",
"helpText":"Description of the action code that ASM passes through batch processing to the statement file. This description appears on the customers statement. If this field is left blank, the default is the description of the associated monetary transaction in the CMS Monetary Transaction Control service."
}
,{
"fieldCode":"0105",
"fieldName":"TRANSACTION AMOUNT REQUIRED",
"fieldFormat":"1C",
"helpText":"Code that controls whether TRANSACTION AMOUNT is a required field on the Monetary action code Service->01-Monetary Action Code. The values are:<br/>R = Required<br/>O = Optional. (Default)<br/>NOTE:  For debit or credit codes the TRANSACTION AMOUNT field must be R. This field must be set up as required for any non-memo action codes."
}
,{
"fieldCode":"0106",
"fieldName":"STORE NUMBER REQUIRED",
"fieldFormat":"1C",
"helpText":"Code that controls whether STORE NUMBER is a required field on the Monetary action code->01-Monetary Action Code. The values are:<br/>R = Required<br/>O = Optional. (Default)"
}
,{
"fieldCode":"0110",
"fieldName":"PLAN NUMBER REQUIRED",
"fieldFormat":"1C",
"helpText":"Code that controls whether PLAN NUMBER is a required field on the Monetary action code service ->01-Monetary Action Code. The values are:<br/>R = Required<br/>O = Optional. (Default)<br/>NOTE:  Certain logic modules in CMS require input of specific fields (for example, the PLAN NUMBER and STORE NUMBER fields). It is your responsibility to designate these fields as required when using such a logic module in ASM. If necessary data is required but not entered in ASM, the transaction will be accepted by ASM but rejected in CMS."
}
,{
"fieldCode":"0111",
"fieldName":"PLAN SEQUENCE NUMBER REQUIRED",
"fieldFormat":"1C",
"helpText":"Code that controls whether PLAN SEQUENCE NUMBER is a required field on the Monetary action code Service->01-Monetary Action Code. The values are:<br/>R = Required<br/>O = Optional. (Default)"
}
,{
"fieldCode":"0107",
"fieldName":"DEPARTMENT NUMBER REQUIRED",
"fieldFormat":"1C",
"helpText":"Code that controls whether DEPARTMENT NUMBER is a required field on the Monetary action code Service->01-Monetary Action Code. The values are:<br/>R = Required<br/>O = Optional. (Default)"
}
,{
"fieldCode":"0117",
"fieldName":"SKU NUMBER REQUIRED",
"fieldFormat":"1C",
"helpText":"Code that controls whether SKU NUMBER is a required field on the Monetary action code Service->01-Monetary Action Code. The values are: <br/>R = Required<br/>O = Optional. (Default)"
}
,{
"fieldCode":"0109",
"fieldName":"AUTHORIZATION CODE REQUIRED",
"fieldFormat":"1C",
"helpText":"Code that controls whether AUTHORIZATION NUMBER is a required field on the Monetary action code Service->01-Monetary Action Code. The values are:<br/>R = Required<br/>O = Optional. (Default)"
}
,{
"fieldCode":"0121",
"fieldName":"TICKET NUMBER REQUIRED",
"fieldFormat":"1C",
"helpText":"Code that controls whether TICKET NUMBER is a required field on the Monetary action code Service->01-Monetary Action Code. The values are:<br/>R = Required<br/>O = Optional. (Default)"
}
,{
"fieldCode":"0112",
"fieldName":"SALES CLERK NUMBER REQUIRED",
"fieldFormat":"1C",
"helpText":"Code that controls whether CLERK is a required field on the Monetary action code ->01-Monetary Action Code. The values are:<br/>R = Required<br/>O = Optional. (Default)"
}
,{
"fieldCode":"0122",
"fieldName":"CARD NUMBER REQUIRED",
"fieldFormat":"1C",
"helpText":"Code that controls whether CARD NUMBER is a required field on the Monetary action code Service->01-Monetary Action Code. The values are:<br/>R = Required<br/>O = Optional. (Default)"
}
,{
"fieldCode":"0123",
"fieldName":"CARD SEQUENCE NUMBER REQUIRED",
"fieldFormat":"1C",
"helpText":"Code that controls whether CARD SEQUENCE NUMBER is a required field on the Monetary action code Service->01-Monetary Action Code. The values are:<br/>R = Required<br/>O = Optional. (Default)"
}
,{
"fieldCode":"0124",
"fieldName":"PURCHASE ORDER NUMBER REQUIRED",
"fieldFormat":"1C",
"helpText":"Code that controls whether PURCHASE ORDER NUMBER is a required field on the Monetary action code Service->01-Monetary Action Code. The values are:<br/>R = Required<br/>O = Optional. (Default)"
}
,{
"fieldCode":"0125",
"fieldName":"RESOLUTION REFERENCE NUMBER REQUIRED",
"fieldFormat":"1C",
"helpText":"Code that controls whether RESOLUTION REFERENCE NUMBER is a required field on Monetary action code Service->01-Monetary Action Code. The values are:<br/>R = Required<br/>O = Optional. (Default)"
}
,{
"fieldCode":"0127",
"fieldName":"INSURANCE PRODUCT REQUIRED",
"fieldFormat":"1C",
"helpText":"Code that controls whether INSURANCE (insurance product ID) is a required field on the Monetary action code Service->01-Monetary Action Code. The values are:<br/>R = Required<br/>O = Optional. (Default)"
}
,{
"fieldCode":"0130",
"fieldName":"TRANSCRIPT REVIEW AMT",
"fieldFormat":"11N",
"helpText":"Minimum amount of the monetary adjustment transaction that requires a transcript memo to be generated automatically for review at a later date."
}
,{
"fieldCode":"0131",
"fieldName":"GENERATE TRANSCRIPT MEMO",
"fieldFormat":"1C",
"helpText":"Flag that indicates whether a transcript memo is generated when the adjustment amount exceeds the minimum amount in the MONETARY MINIMUM AMOUNT field. The values are:<br/>0 = Do not generate a transcript memo (Default)<br/>1 = Generate a transcript memo."
}
,{
"fieldCode":"0132",
"fieldName":"TRANSCRIPT MEMO ACTION CODE",
"fieldFormat":"4C",
"helpText":"Action code used to generate a transcript memo."
}
,{
"fieldCode":"0733",
"fieldName":"MEMO DB/CR",
"fieldFormat":"1N",
"helpText":"Code that indicates whether a memo debit or memo credit is posted for the monetary action code. The values are:<br/>0 = Post memo debit or memo credit (Default)<br/>1 = Do not post memo debit or memo credit<br/>2 = Post memo debit or memo credit. If the real-time funds adjustment functionality is active (AZML11), require the representative to enter a code in the MCC field on ASMW04 and update the cardholders authorization statistics in real time.<br/>Note: Posting of a memo debit or memo credit is based on the CMS transaction code associated with the ASM action code."
}
,{
"fieldCode":"0734",
"fieldName":"LOG HISTORY FLAG",
"fieldFormat":"",
"helpText":"This field indicates whether the action history record to be logged to new log file. The valid values for this flag will be as follows:<br/>0 = Do not write action history record to new log file<br/>1 = Write action history record to new log file<br/>F = Write Fraud Action History record to new log file<br/>D = Write Dispute Action History record to new log file."
}
,{
"fieldCode":"0735",
"fieldName":"CBR IND",
"fieldFormat":"1N",
"helpText":"Code that indicates whether the real time Credit Balance Refund (CBR) faster payment is active. The values are:<br/>0 = CBR action code is not active (Default)<br/>1 = CBR action code is active<br/>2 = Customer-provided sort code and account number for crediting the CBR."
}
,{
"fieldCode":"0136",
"fieldName":"ALERT LETTER CODE",
"fieldFormat":"3C",
"helpText":"Code that indicates whether the letter ID for action code based alert is generated. The values are:<br/>Space = Action code based alert is not generated (Default)<br/>Non-space = Action code based alert is generated."
}
,{
"fieldCode":"0138",
"fieldName":"PMT REF IND",
"fieldFormat":"1N",
"helpText":"Code that indicates whether an action code supports payment reversal transaction through faster payment channel. After the payment request is processed, the refund is credited to the customers savings account."
}
,{
"fieldCode":"0139",
"fieldName":"REDIRECT REPRESENTATIVE BUSINESS UNIT",
"fieldFormat":"3N",
"helpText":"This field indicates the redirect representative organization number. Using this parameter setup, action performed is redirected to the specified representative for the action request."
}
,{
"fieldCode":"0140",
"fieldName":"REDIRECT REPRESENTATIVE ID",
"fieldFormat":"3N",
"helpText":"This field indicates the redirect representative organization ID. Using this parameter setup, action performed is redirected to the specified representative for the action request."
}
,{
"fieldCode":"0129",
"fieldName":"ACTION CODE PRIORITY",
"fieldFormat":"1N",
"helpText":"Priority code assigned to the action code. This code defaults to<br/>the associated Monetary action code service as the priority<br/>assigned to actions/memos. The values are:<br/>0 = Unspecified priority (Default)<br/>1 = Low priority<br/>2 = Medium priority<br/>3 = High priority."
}
],"section3":[
{
"fieldCode":"4001",
"fieldName":"BUSINESS UNIT",
"fieldFormat":"3N",
"helpText":"This field identifies the ASM business unit taken from the Home Page."
}
,{
"fieldCode":"4002",
"fieldName":"ACTION CODE",
"fieldFormat":"4C",
"helpText":"This field is the action code entered on the Home Page."
}
,{
"fieldCode":"4003",
"fieldName":"ACTION CODE TYPE",
"fieldFormat":"1C",
"helpText":"This field displays the action code type for this transaction. Fixed value for this field is M which denotes monetary action code."
}
,{
"fieldCode":"4014",
"fieldName":"TRANSACTION TYPE",
"fieldFormat":"1C",
"helpText":"Type of transaction you entered on the Home Page. The values are:<br/>D = Debit<br/>V = Load Reload Reversal<br/>C = Credit<br/>L = Load Reload<br/>R = Credit Balance Refund<br/>M = Memo<br/>P = Monetary Points<br/>A = Cash advance."
}
,{
"fieldCode":"0137",
"fieldName":"CURR CODE",
"fieldFormat":"3C",
"helpText":"Currency code that identifies the unit of currency for this organization. This field is open for input in add mode (ASAO01). If an entry is not made on ASAO01, this field does not allow entry on ASMO01 when it is initially displayed. However, if you press Enter, the field is then open for input. When you complete the ASAO01 or ASMO01 screen and press Enter, ASM displays the following message:<br/>VERIFY CURRENCY CODE AND PRESS ENTER IF CORRECT<br/>The value you enter must be a valid currency code previously defined via the Currency Code Definitions screens (SCMU/<br/>SCAU/SCQU) in the Security Subsystem and Common Routines (SSC) system. The currency code you assign to an organization determines the values that ASM automatically displays in the NOD, PER ITEM NOD, and PERCENT NOD fields on ASAO01. If these values and the currency code are correct, press Enter again to continue to the next screen.<br/>Note:  ASM uses the currency code entered here when displaying the monetary amounts for representative tallies in ASTQ when a CMS organization is not selected."
}
],"section4":[
{
"fieldCode":"4001",
"fieldName":"BUSINESS UNIT",
"fieldFormat":"3N",
"helpText":"This field identifies the ASM business unit taken from the Home Page."
}
,{
"fieldCode":"4002",
"fieldName":"ACTION CODE",
"fieldFormat":"4C",
"helpText":"This field is the action code entered on the Home Page."
}
,{
"fieldCode":"4003",
"fieldName":"ACTION CODE TYPE",
"fieldFormat":"1C",
"helpText":"This field displays the action code type for this transaction. Fixed value for this field is M which denotes monetary action code."
}
,{
"fieldCode":"4014",
"fieldName":"TRANSACTION TYPE",
"fieldFormat":"1C",
"helpText":"Type of transaction you entered on the Home Page. The values are:<br/>D = Debit<br/>V = Load Reload Reversal<br/>C = Credit<br/>L = Load Reload<br/>R = Credit Balance Refund<br/>M = Memo<br/>P = Monetary Points<br/>A = Cash advance."
}
,{
"fieldCode":"0116",
"fieldName":"REPRESENTATIVE ID",
"fieldFormat":"3C",
"helpText":"Appears 10 times. This is the field where you enter the identification of the representative. The default is spaces. You can authorize up to ten representatives. Use of this feature does not restrict the use of this action code by other representatives; however, it does automatically force the action to an eligible representatives queue for final processing or approval.<br/>Representatives who are not on the list of eligible representatives cannot work on actions from the queue of a representative who is on the list. <br/>NOTE:  To designate the action code as available for processing by all representatives who have security access to the associated CMS business unit, leave the default value in all ten fields."
}
,{
"fieldCode":"0126",
"fieldName":"REPRESENTATIVE BUSINESS UNIT",
"fieldFormat":"3N",
"helpText":"Appears 10 times. This is the field where you enter the ASM business unit number assigned to the representative. The ASM business unit number entered must be within the range specified on your Security record (SMSF). The default is 000."
}
],"section5":[
{
"fieldCode":"4001",
"fieldName":"BUSINESS UNIT",
"fieldFormat":"3N",
"helpText":"This field identifies the ASM business unit taken from the Home Page."
}
,{
"fieldCode":"4002",
"fieldName":"ACTION CODE",
"fieldFormat":"4C",
"helpText":"This field is the action code entered on the Home Page."
}
,{
"fieldCode":"4003",
"fieldName":"ACTION CODE TYPE",
"fieldFormat":"1C",
"helpText":"This field displays the action code type for this transaction. Fixed value for this field is M which denotes Monetary action code."
}
,{
"fieldCode":"4014",
"fieldName":"TRANSACTION TYPE",
"fieldFormat":"1C",
"helpText":"Type of transaction you entered on the Home Page. The values are:<br/>D = Debit<br/>V = Load Reload Reversal<br/>C = Credit<br/>L = Load Reload<br/>R = Credit Balance Refund<br/>M = Memo<br/>P = Monetary Points<br/>A = Cash advance."
}
,{
"fieldCode":"4008",
"fieldName":"DATE ADDED",
"fieldFormat":"",
"helpText":"This filed identifies the date on which the action code is added."
}
,{
"fieldCode":"0197",
"fieldName":"STATUS",
"fieldFormat":"1C",
"helpText":"Current status of the Action Code record. The values are:<br/>N = New/incomplete (Default)<br/>O = Active/complete.<br/>This field is system-generated and cannot be modified."
}
,{
"fieldCode":"0199",
"fieldName":"DATE LAST MAINTENANCE",
"fieldFormat":"",
"helpText":"Date of the last maintenance on this action code record. This date is system-generated; you cannot change it."
}
,{
"fieldCode":"0196",
"fieldName":"OPERATOR  BUSINESS UNIT",
"fieldFormat":"3C",
"helpText":"This field displays the ASM business unit number. This field is system-generated; you cannot change it."
}
,{
"fieldCode":"0198",
"fieldName":"LAST MAINTENANCE OPERATOR",
"fieldFormat":"3C",
"helpText":"Operator name that has last maintained action code record. This field is system-generated; you cannot change it."
}
],"section6":[
{
"fieldCode":"4001",
"fieldName":"BUSINESS UNIT",
"fieldFormat":"3N",
"helpText":"This field identifies the ASM business unit taken from the Home Page."
}
,{
"fieldCode":"4002",
"fieldName":"ACTION CODE",
"fieldFormat":"4C",
"helpText":"This field is the action code entered on the Home Page."
}
,{
"fieldCode":"4003",
"fieldName":"ACTION CODE TYPE",
"fieldFormat":"1C",
"helpText":"This field displays the action code type for this transaction. Fixed value for this field is M which denotes Monetary action code."
}
,{
"fieldCode":"4014",
"fieldName":"TRANSACTION TYPE",
"fieldFormat":"1C",
"helpText":"Type of transaction you entered on the Home Page. The values are:<br/>D = Debit<br/>V = Load Reload Reversal<br/>C = Credit<br/>L = Load Reload<br/>R = Credit Balance Refund<br/>M = Memo<br/>P = Monetary Points<br/>A = Cash advance."
}
,{
"fieldCode":"",
"fieldName":"COPY FROM",
"fieldFormat":"3N",
"helpText":"Key field which contain business unit and rule set."
}
,{
"fieldCode":"",
"fieldName":"COPY TO",
"fieldFormat":"3N",
"helpText":"Key field which contain business unit and rule set."
}
],"section7":[
{
"fieldCode":"4001",
"fieldName":"BUSINESS UNIT",
"fieldFormat":"3N",
"helpText":"This field identifies the ASM business unit taken from the Home Page."
}
,{
"fieldCode":"4002",
"fieldName":"ACTION CODE",
"fieldFormat":"4C",
"helpText":"This field is the action code entered on the Home Page."
}
,{
"fieldCode":"4003",
"fieldName":"ACTION CODE TYPE",
"fieldFormat":"1C",
"helpText":"This field displays the action code type for this transaction. Fixed value for this field is M which denotes Monetary action code."
}
,{
"fieldCode":"4014",
"fieldName":"TRANSACTION TYPE",
"fieldFormat":"1C",
"helpText":"Type of transaction you entered on the Home Page. The values are:<br/>D = Debit<br/>V = Load Reload Reversal<br/>C = Credit<br/>L = Load Reload<br/>R = Credit Balance Refund<br/>M = Memo<br/>P = Monetary Points<br/>A = Cash advance."
}
]},"sections": {
"section0":""
,
"section1":"Monetary Action Codes-ASMA01/05/ASQA"
,
"section2":"Monetary Action Codes-ASMA01/05/ASQA -01-Monetary Action Details"
,
"section3":"Monetary Action Codes-ASMA01/05/ASQA -01-curr code"
,
"section4":"Monetary Action Codes-ASMA01/05/ASQA-02-Eligible Representatives"
,
"section5":"Monetary Action Codes-ASMA01/05/ASQA-99-Status & Activity Information"
,
"section6":"Monetary Action Codes - ASMA01/05/ASQA - COPY"
,
"section7":"Monetary Action Codes - ASMA01/05/ASQA - DELETE"
}}
