{"data":{
"section0":[
],"section1":[
{
"fieldCode":"4001",
"fieldName":"BUSINESS UNIT",
"fieldFormat":"3N",
"helpText":"Number that identifies the CMS business unit associated with the account."
}
,{
"fieldCode":"4002",
"fieldName":"ACTION CODE",
"fieldFormat":"4C",
"helpText":"Action code that you want to add, maintain, delete, or view."
}
,{
"fieldCode":"4003",
"fieldName":"ACTION CODE TYPE",
"fieldFormat":"1C",
"helpText":"This field displays the action code type for this transaction. Fixed value for this field is W which denotes Multi-Wallet action code."
}
],"section2":[
{
"fieldCode":"4001",
"fieldName":"BUSINESS UNIT",
"fieldFormat":"3N",
"helpText":"Number that identifies the CMS business unit associated with the account."
}
,{
"fieldCode":"4002",
"fieldName":"ACTION CODE",
"fieldFormat":"4C",
"helpText":"Action code that you entered on the Home Page."
}
,{
"fieldCode":"4003",
"fieldName":"ACTION CODE TYPE",
"fieldFormat":"1C",
"helpText":"This field displays the action code type for this transaction. Fixed value for this field is W which denotes Multi-Wallet action code."
}
,{
"fieldCode":"0701",
"fieldName":"DESCRIPTION",
"fieldFormat":"20C",
"helpText":"Description or title of the action code that ASM displays online and on batch reports."
}
,{
"fieldCode":"0709",
"fieldName":"RETENTION DAYS",
"fieldFormat":"3N",
"helpText":"Number of days ASM retains this action on the customers Contact History record (Contact History Display). The values are 000-999 days. The default value is 030."
}
,{
"fieldCode":"0702",
"fieldName":"CREDIT TRANSACTION CODE",
"fieldFormat":"4N",
"helpText":"CMS credit transaction code that ASM should use when creating an online batch transaction for this action code. ASM edits this entry against the Monetary Transaction Control table (Monetary Transaction Control) to ensure that the transaction code is valid for the business unit."
}
,{
"fieldCode":"0704",
"fieldName":"DEBIT TRANSACTION CODE",
"fieldFormat":"4N",
"helpText":"CMS Debit transaction code that ASM should use when creating an online batch transaction for this action code. ASM edits this entry against the Monetary Transaction Control table (Monetary Transaction Control) to ensure that the transaction code is valid for the business unit."
}
,{
"fieldCode":"0703",
"fieldName":"FEE TRANSACTION CODE",
"fieldFormat":"4N",
"helpText":"CMS Fee transaction code that ASM should use when creating an online batch transaction for this action code. ASM edits this entry against the Monetary Transaction Control table (Monetary Transaction Control) to ensure that the transaction code is valid for the business unit."
}
,{
"fieldCode":"0705",
"fieldName":"REDEMPTION",
"fieldFormat":"1C",
"helpText":"Code that indicates redemption indicator. The valid values are Y, Spaces."
}
,{
"fieldCode":"0706",
"fieldName":"DIRECT CREDIT INDICATOR",
"fieldFormat":"1C",
"helpText":"Code that indicates direct credit indicator. The valid values are Y, N."
}
,{
"fieldCode":"0707",
"fieldName":"DEBIT CREDIT TRANSACTION CODE",
"fieldFormat":"4N",
"helpText":"CMS debit credit transaction code that ASM should use when creating an online batch transaction for this action code. ASM edits this entry against the Monetary Transaction Control table (Monetary Transaction Control) to ensure that the transaction code is valid for the business unit."
}
,{
"fieldCode":"0708",
"fieldName":"STORE NUMBER REQUIRED",
"fieldFormat":"1C",
"helpText":"Code that indicates whether STORE NUMBER on Account History record IS a required field or not. The values are:<br/>R = Required<br/>O = Optional. (Default)"
}
,{
"fieldCode":"0710",
"fieldName":"WAIVE FEE",
"fieldFormat":"1C",
"helpText":"Code that indicates whether fees should be charged or waived. The values are:<br/>R = Required<br/>O = Optional. (Default)"
}
],"section3":[
{
"fieldCode":"4001",
"fieldName":"BUSINESS UNIT",
"fieldFormat":"3N",
"helpText":"Number that identifies the CMS business unit associated with the account."
}
,{
"fieldCode":"4002",
"fieldName":"ACTION CODE",
"fieldFormat":"4C",
"helpText":"Action code that you want to add, maintain, delete, or view."
}
,{
"fieldCode":"4003",
"fieldName":"ACTION CODE TYPE",
"fieldFormat":"1C",
"helpText":"This field displays the action code type for this transaction. Fixed value for this field is W which denotes Multi-Wallet action code."
}
,{
"fieldCode":"0197",
"fieldName":"STATUS",
"fieldFormat":"1C",
"helpText":"Current status of the Action Code record. The values are:<br/>N = New/incomplete (Default)<br/>O = Active/complete.<br/>This field is system-generated and cannot be modified."
}
,{
"fieldCode":"0199",
"fieldName":"DATE LAST MAINTENANCE",
"fieldFormat":"DATE",
"helpText":"Date when a representative last modified this record. This field is system-generated and cannot be modified."
}
,{
"fieldCode":"0196",
"fieldName":"OPERATOR BUSINESS UNIT",
"fieldFormat":"3N",
"helpText":"This field displays the ASM business unit number. This field is system-generated and cannot be modified."
}
,{
"fieldCode":"0198",
"fieldName":"LAST MAINTENANCE OPERATOR",
"fieldFormat":"3C",
"helpText":"This field displays the ID of the operator who modified the record last. This field is system-generated and cannot be modified."
}
,{
"fieldCode":"4308",
"fieldName":"DATE ADDED",
"fieldFormat":"DATE",
"helpText":"Date when the representatives record was established."
}
]},"sections": {
"section0":""
,
"section1":"Action Codes - Multi-Wallet-ASMA07/ASQA-Home Page"
,
"section2":"Action Codes - Multi-Wallet-ASMA07/ASQA-01-Multi Wallet Action details"
,
"section3":"Action Codes - Multi-Wallet-ASMA07/ASQA-99-Status & Activity Information"
}}
