{"data":{
"section0":[
],"section1":[
{
"fieldCode":"",
"fieldName":"BUSINESS UNIT",
"fieldFormat":"3N",
"helpText":"Identification number of the business unit associated with this account."
}
,{
"fieldCode":"",
"fieldName":"PRODUCT",
"fieldFormat":"3N",
"helpText":"Identification number of the product associated with this account."
}
,{
"fieldCode":"",
"fieldName":"STORE NUMBER",
"fieldFormat":"9N",
"helpText":"Store number used when assessing membership fees."
}
,{
"fieldCode":"",
"fieldName":"PLAN NUMBER",
"fieldFormat":"5N",
"helpText":"Identification number of the Credit Plan Master associated with this General Ledger record."
}
,{
"fieldCode":"",
"fieldName":"BNPL CONFIGURATION TEMPLATE",
"fieldFormat":"10C",
"helpText":"Field that indicates the default BNPL templates to use when no template qualifies for BNPL processing at logo-level. The value that you enter must be a valid BNPL template. The default is spaces when no BNPL template is defined."
}
,{
"fieldCode":"",
"fieldName":"CURRENCY CODE",
"fieldFormat":"3C",
"helpText":"ISO Standard Currency code that identifies the unit of currency as foreign for this plan when using the single account dual currency <br/>feature.<br/>This is a display-only field and cannot be modified."
}
],"section2":[
{
"fieldCode":"",
"fieldName":"TRANSACTION CODE",
"fieldFormat":"4N",
"helpText":"Transaction code for this payment."
}
],"section3":[
{
"fieldCode":"",
"fieldName":"BUSINESS UNIT",
"fieldFormat":"3N",
"helpText":"Identification number of the business unit associated with this account."
}
,{
"fieldCode":"",
"fieldName":"PRODUCT",
"fieldFormat":"3N",
"helpText":"Identification number of the product associated with this account."
}
,{
"fieldCode":"",
"fieldName":"STORE NUMBER",
"fieldFormat":"9N",
"helpText":"Store number used when assessing membership fees."
}
,{
"fieldCode":"",
"fieldName":"PLAN NUMBER",
"fieldFormat":"5N",
"helpText":"Identification number of the Credit Plan Master associated with this General Ledger record."
}
,{
"fieldCode":"",
"fieldName":"BNPL CONFIGURATION TEMPLATE",
"fieldFormat":"10C",
"helpText":"Field that indicates the default BNPL templates to use when no template qualifies for BNPL processing at logo-level. The value that you enter must be a valid BNPL template. The default is spaces when no BNPL template is defined."
}
,{
"fieldCode":"",
"fieldName":"CURRENCY CODE",
"fieldFormat":"3C",
"helpText":"ISO Standard Currency code that identifies the unit of currency as foreign for this plan when using the single account dual currency <br/>feature.<br/>This is a display-only field and cannot be modified."
}
],"section4":[
{
"fieldCode":"",
"fieldName":"TRANSACTION CODE",
"fieldFormat":"4N",
"helpText":"Transaction code for this payment."
}
,{
"fieldCode":"",
"fieldName":"TRANSACTION TYPE",
"fieldFormat":"1C",
"helpText":"This field indicates whether a transaction is a debit, credit, or memo."
}
],"section5":[
],"section6":[
{
"fieldCode":"",
"fieldName":"NUMBER OF TRANSACTIONS",
"fieldFormat":"5N",
"helpText":"Code that indicates the number of transactions done."
}
],"section7":[
],"section8":[
{
"fieldCode":"",
"fieldName":"BUSINESS UNIT",
"fieldFormat":"3N",
"helpText":"Identification number of the business unit associated with this account."
}
,{
"fieldCode":"",
"fieldName":"PRODUCT",
"fieldFormat":"3N",
"helpText":"Identification number of the product associated with this account."
}
,{
"fieldCode":"",
"fieldName":"STORE NUMBER",
"fieldFormat":"9N",
"helpText":"Store number used when assessing membership fees."
}
,{
"fieldCode":"",
"fieldName":"PLAN NUMBER",
"fieldFormat":"5N",
"helpText":"Identification number of the Credit Plan Master associated with this General Ledger record."
}
,{
"fieldCode":"",
"fieldName":"BNPL CONFIGURATION TEMPLATE",
"fieldFormat":"10C",
"helpText":"Field that indicates the default BNPL templates to use when no template qualifies for BNPL processing at logo-level. The value that you enter must be a valid BNPL template. The default is spaces when no BNPL template is defined."
}
,{
"fieldCode":"",
"fieldName":"CURRENCY CODE",
"fieldFormat":"3C",
"helpText":"ISO Standard Currency code that identifies the unit of currency as foreign for this plan when using the single account dual currency <br/>feature.<br/>This is a display-only field and cannot be modified."
}
],"section9":[
{
"fieldCode":"",
"fieldName":"TRANSACTION CODE",
"fieldFormat":"4N",
"helpText":"Transaction code for this payment."
}
,{
"fieldCode":"",
"fieldName":"RECORD STATUS",
"fieldFormat":"1N",
"helpText":"Status to determine the record status. The values are:<br/> 0 = Inactive<br/> 1 = Active<br/> 9 = Purged."
}
],"section10":[
{
"fieldCode":"",
"fieldName":"OPERATOR LAST MAINTAINANCE",
"fieldFormat":"1N",
"helpText":"Operator who has last updated the record."
}
]},"sections": {
"section0":""
,
"section1":"ACTIVITY RECAP"
,
"section2":"TRANSACTION PREFIX"
,
"section3":"ACTIVITY RECAP - 01-ACTIVITY RECAP"
,
"section4":"TRANSACTION PREFIX"
,
"section5":"REPORT ID"
,
"section6":"GL CONTROL FLAG"
,
"section7":"TOTAL TRANSACTION AMOUNT"
,
"section8":"ACTIVITY RECAP - 99-STATUS & ACTIVITY INFORMATION"
,
"section9":"TRANSACTION PREFIX"
,
"section10":"LAST MAINTENANCE DATE"
}}
