{"data":{
"section0":[
],"section1":[
{
"fieldCode":"4001",
"fieldName":"BUSINESS UNIT",
"fieldFormat":"3N",
"helpText":"Identification number of the business unit associated with the account."
}
,{
"fieldCode":"4002",
"fieldName":"ACCOUNT NUMBER",
"fieldFormat":"19C",
"helpText":"Identification number of the Account Base Segment record."
}
,{
"fieldCode":"4003",
"fieldName":"EMBOSSER BUSINESS UNIT",
"fieldFormat":"3N",
"helpText":"Identification number of the business unit associated with the Embosser record."
}
,{
"fieldCode":"4004",
"fieldName":"EMBOSSER CARD NUMBER",
"fieldFormat":"19C",
"helpText":"Number that is embossed on the plastic card."
}
,{
"fieldCode":"4005",
"fieldName":"EMBOSSER CARD SEQUENCE",
"fieldFormat":"4N",
"helpText":"Identification number assigned to an Embosser record to distinguish between multiple cards issued with the same card number."
}
],"section2":[
{
"fieldCode":"4001",
"fieldName":"BUSINESS UNIT",
"fieldFormat":"3N",
"helpText":"Identification number of the business unit associated with the account."
}
,{
"fieldCode":"4002",
"fieldName":"ACCOUNT NUMBER",
"fieldFormat":"19C",
"helpText":"Identification number of the Account Base Segment record."
}
,{
"fieldCode":"4003",
"fieldName":"EMBOSSER BUSINESS UNIT",
"fieldFormat":"3N",
"helpText":"Identification number of the business unit associated with the Embosser record."
}
,{
"fieldCode":"4004",
"fieldName":"EMBOSSER CARD NUMBER",
"fieldFormat":"19C",
"helpText":"Number that is embossed on the plastic card."
}
,{
"fieldCode":"4005",
"fieldName":"EMBOSSER CARD SEQUENCE",
"fieldFormat":"4N",
"helpText":"Identification number assigned to an Embosser record to distinguish between multiple cards issued with the same card number."
}
,{
"fieldCode":"4010",
"fieldName":"NUMBER OF CARDS",
"fieldFormat":"2N",
"helpText":"Number of cards associated with a particualar account."
}
,{
"fieldCode":"4011",
"fieldName":"BLOCK CODE",
"fieldFormat":"1C",
"helpText":"This field indicates the block code assigned to this account. Valid block codes are A-Z and a blank (or space)."
}
,{
"fieldCode":"4012",
"fieldName":"DATE BLOCK",
"fieldFormat":"",
"helpText":"Effective date of the block code."
}
,{
"fieldCode":"4013",
"fieldName":"CARD HOLDER TYPE",
"fieldFormat":"1N",
"helpText":"Code that indicates whether the cardholder is the primary cardholder or an additional cardholder associated with the account. The value for this field is set in the card-adding process with the first cardholder designated as the primary cardholder and the other cardholders as additional cardholders. The values are:<br/>0 = Additional cardholder<br/>1 = Primary cardholder."
}
,{
"fieldCode":"4014",
"fieldName":"DATE OPENED",
"fieldFormat":"",
"helpText":"Date on which credit plan segment was opened."
}
],"section3":[
{
"fieldCode":"4001",
"fieldName":"BUSINESS UNIT",
"fieldFormat":"3N",
"helpText":"Identification number of the business unit associated with the account."
}
,{
"fieldCode":"4002",
"fieldName":"ACCOUNT NUMBER",
"fieldFormat":"19C",
"helpText":"Identification number of the Account Base Segment record."
}
,{
"fieldCode":"4003",
"fieldName":"EMBOSSER BUSINESS UNIT",
"fieldFormat":"3N",
"helpText":"Identification number of the business unit associated with the Embosser record."
}
,{
"fieldCode":"4004",
"fieldName":"EMBOSSER CARD NUMBER",
"fieldFormat":"19C",
"helpText":"Number that is embossed on the plastic card."
}
,{
"fieldCode":"4005",
"fieldName":"EMBOSSER CARD SEQUENCE",
"fieldFormat":"4N",
"helpText":"Identification number assigned to an Embosser record to distinguish between multiple cards issued with the same card number."
}
,{
"fieldCode":"9948",
"fieldName":"CARD ACTIVATED DATE",
"fieldFormat":"",
"helpText":"Date on which the card is activated. This date is systemgenerated; you cannot change it.<br/>NOTE: CMS updates this field with the next processing date (DATE NEXT PROCESS on Business Units ->02-System Processing Calendar) when the card is activated (CURRENT CARD NEED ACTIVATION field is changed from Y to N) and resets this field to zeros when a new card is issued."
}
],"section4":[
{
"fieldCode":"4001",
"fieldName":"BUSINESS UNIT",
"fieldFormat":"3N",
"helpText":"Identification number of the business unit associated with the account."
}
,{
"fieldCode":"4002",
"fieldName":"ACCOUNT NUMBER",
"fieldFormat":"19C",
"helpText":"Identification number of the Account Base Segment record."
}
,{
"fieldCode":"4003",
"fieldName":"EMBOSSER BUSINESS UNIT",
"fieldFormat":"3N",
"helpText":"Identification number of the business unit associated with the Embosser record."
}
,{
"fieldCode":"4004",
"fieldName":"EMBOSSER CARD NUMBER",
"fieldFormat":"19C",
"helpText":"Number that is embossed on the plastic card."
}
,{
"fieldCode":"4005",
"fieldName":"EMBOSSER CARD SEQUENCE",
"fieldFormat":"4N",
"helpText":"Identification number assigned to an Embosser record to distinguish between multiple cards issued with the same card number."
}
,{
"fieldCode":"4009",
"fieldName":"RECORD STATUS",
"fieldFormat":"1C",
"helpText":"Code that indicates the status of the record. The values are:<br/>0,1 = Active<br/>2 = Inactive<br/>P = Purged."
}
]},"sections": {
"section0":""
,
"section1":"ACCOUNT TO CARD CROSS REFERENCE"
,
"section2":"ACCOUNT TO CARD CROSS REFERENCE - 01-ACCOUNT RELATED FIELDS"
,
"section3":"ACCOUNT TO CARD CROSS REFERENCE - 01-CARD RELATED FIELDS"
,
"section4":"ACCOUNT TO CARD CROSS REFERENCE - 99-STATUS & ACTIVITY INFORMATION"
}}
