{"data":{
"section0":[
],"section1":[
{
"fieldCode":"4001",
"fieldName":"BUSINESS UNIT",
"fieldFormat":"3N",
"helpText":"Identification number of the business unit associated with the Bar Code record. The values are 001-998."
}
,{
"fieldCode":"4002",
"fieldName":"PRODUCT",
"fieldFormat":"3N",
"helpText":"Identification number of the product associated with the Bar Code record. This product number must identify a valid product within the business unit. The values are 001-998."
}
,{
"fieldCode":"4003",
"fieldName":"INSERT NUMBER",
"fieldFormat":"2N",
"helpText":"Identification number of the insert. The values are 10-99. The first position is the insert number and the values are 1-9. The second position is the selection set and the values are 0-9."
}
],"section2":[
{
"fieldCode":"4001",
"fieldName":"BUSINESS UNIT",
"fieldFormat":"3N",
"helpText":"Identification number of the business unit associated with the Bar Code record. The values are 001-998."
}
,{
"fieldCode":"4002",
"fieldName":"PRODUCT",
"fieldFormat":"3N",
"helpText":"Identification number of the product associated with the Bar Code record. This product number must identify a valid product within the business unit. The values are 001-998."
}
,{
"fieldCode":"4003",
"fieldName":"INSERT NBR",
"fieldFormat":"2N",
"helpText":"Identification number of the insert. The values are 10-99. The first position is the insert number and the values are 1-9. The second position is the selection set and the values are 0-9."
}
,{
"fieldCode":"0101",
"fieldName":"ACCOUNT OPENED METHOD",
"fieldFormat":"2C",
"helpText":"The first part of this field uses two codes that determine how to select accounts based on the date opened. The values for the first code are:<br/>D = Do not select accounts based on the date the account was opened (Default)<br/>I = Include all selected accounts using the date the account was opened<br/>E = Exclude all selected accounts using the date the account was opened.<br/>The values for the second code are:<br/>Blank = Valid only when the first code is D. (Default)<br/>R = Range. Select all accounts opened within the range specified by the first date and the second date, inclusive.<br/>G = Greater. Select all accounts opened on the same date or a greater date (later) than the first date.<br/>L = Lesser. Select all accounts opened on the same date or a lesser date (earlier) than the first date.<br/>Examples: Type IR to include all accounts opened within the range specified by the first date and second date. Type IG to include all accounts opened on the first date or a date greater than (later) the first date. Type IL to include all accounts opened on the first date or a date less than (earlier) than the first date."
}
,{
"fieldCode":"0102",
"fieldName":"ACCOUNT OPEN BEGIN DATE",
"fieldFormat":"DATE",
"helpText":"It is the beginning date to be used for selecting accounts. This date is required for all selection criteria codes except D. If you enter D as the selection criteria code, you must enter zeros in this field."
}
,{
"fieldCode":"0103",
"fieldName":"ACCOUNT OPEN END DATE",
"fieldFormat":"DATE",
"helpText":"It is the ending date to use for selecting accounts. This date is required when you enter R (range) for the second selection criteria code and must be later than the beginning date. If you enter G (greater) or L (lesser) for the second selection criteria code, do not enter an ending date."
}
,{
"fieldCode":"0104",
"fieldName":"OPEN-TO-BUY-SELECTION",
"fieldFormat":"2C",
"helpText":"The first part of this field uses two codes that determine how to select accounts based on the open-to-buy amount. The values for the first code are:<br/>D = Do not select accounts based on the open-to-buy amount (Default)<br/>E = Exclude all accounts selected based on the open-to-buy amount<br/>I = Include all accounts selected using the open-to-buy amount<br/>The values for the second code are:<br/>Blank = No action. Valid only when the first code is D. (Default)<br/>G = Greater. Select all accounts with an open-to-buy amount equal to or greater than the amount specified in the second part of this field.<br/>L = Lesser. Select all accounts with an open-to-buy amount equal to or less than the amount specified in the second part of this field."
}
,{
"fieldCode":"0105",
"fieldName":"OPEN-TO-BUY-AMOUNT",
"fieldFormat":"15N/2D",
"helpText":"This field indicates the open-to-buy amount used to select accounts. If you enter D as the selection criteria code, you must enter zeros in this field. This amount is in whole monetary units."
}
,{
"fieldCode":"0106",
"fieldName":"LAST ACCOUNT ACTIVITY SELECTION",
"fieldFormat":"2C",
"helpText":"The first part of this field uses two codes that determine how to select accounts based on the date of last activity. The values for the first code are:<br/>D = Do not select accounts using the date of last activity (Default)<br/>E = Exclude all accounts selected using the date of last activity<br/>I = Include all accounts selected using the date of last activity.<br/>The values for the second code are:<br/>Blank = Valid only when the first code is D. (Default)<br/>G = Greater. Select all accounts with the date of last activity on the same date or a greater date (later) than the first date.<br/>L = Lesser. Select all accounts with the date of last activity on the same date or a lesser date (earlier) than the first date.<br/>R = Range. Select all accounts with the date of last activity within the range specified by the first date and the second date."
}
,{
"fieldCode":"0107",
"fieldName":"LAST ACCOUNT BEGIN DATE",
"fieldFormat":"DATE",
"helpText":"This field is the beginning date to use for selecting accounts. This date is required for all selection criteria codes except D. If you enter D as the selection criteria code, you must enter zeros in this field."
}
,{
"fieldCode":"0108",
"fieldName":"LAST ACCOUNT END DATE",
"fieldFormat":"DATE",
"helpText":"This field is the ending date to use for selecting accounts. This date is required when you enter R (range) for the second selection criteria code and must be later than the beginning date. If you enter G (greater) or L (lesser) for the second selection criteria code, do not enter an ending date."
}
,{
"fieldCode":"0109",
"fieldName":"OVERLIMIT SELECTION",
"fieldFormat":"1C",
"helpText":"Option that enables you to select accounts based on whether the account is over limit. The values are:<br/>D = Do not select accounts based on overlimit (Default)<br/>E = Exclude accounts that are overlimit<br/>I = Include accounts that are overlimit."
}
,{
"fieldCode":"0110",
"fieldName":"CURRENT BALANCE SELECTION",
"fieldFormat":"2C",
"helpText":"This field uses two codes that determine how to select accounts based on the current balance. The values for the first code are:<br/>D = Do not select accounts using the current balance (Default)<br/>I = Include all accounts selected using the current balance<br/>E = Exclude all accounts selected using the current balance.<br/>The values for the second code are:<br/>Blank = Valid only when the first code is D. (Default)<br/>R = Range. Select all accounts with a current balance within the range specified by the beginning and ending current balance.<br/>G = Greater. Select all accounts with a current balance equal to and greater than the beginning current balance.<br/>L = Lesser. Select all accounts with a current balance equal to or less than the beginning current balance."
}
,{
"fieldCode":"0111",
"fieldName":"CURRENT BALANCE START RANGE",
"fieldFormat":"15N/2D",
"helpText":"This field is the beginning current balance to use as selection criteria. This field is required for all selection criteria codes except D. If you enter D as the selection criteria code, you must enter zeros in this field."
}
,{
"fieldCode":"0112",
"fieldName":"CURRENT BALANCE END RANGE",
"fieldFormat":"15N/2D",
"helpText":"This field is the ending current balance to use for selecting accounts. This field is required when you enter R (range) for the second selection criteria code and must be greater than the beginning current balance if you enter G (greater) or L (lesser) for the second selection criteria code, do not enter an ending current balance."
}
,{
"fieldCode":"0113",
"fieldName":"CREDIT BALANCE SELECTION",
"fieldFormat":"1C",
"helpText":"Option that enables you to select accounts based on whether they have a credit balance. The values are:<br/>D = Do not select accounts based on credit balance (Default)<br/>E = Exclude accounts with a credit balance<br/>I = Include accounts with a credit balance."
}
,{
"fieldCode":"0114",
"fieldName":"CREDIT LIMIT SELECTION",
"fieldFormat":"2C",
"helpText":"This field uses two codes that determine how to select accounts based on the credit limit. The values for the first code are:<br/>D = Do not select accounts using the credit limit (Default)<br/>I = Include all accounts selected using the credit limit<br/>E = Exclude all accounts selected using the credit limit.<br/>The values for the second code are:<br/>Blank = Valid only when the first code is D. (Default)<br/>R = Range. Select all accounts with a credit limit within the range specified by the beginning and ending credit limit, inclusive.<br/>G = Greater. Select all accounts with a credit limit equal to and greater than the beginning credit limit.<br/>L = Lesser. Select all accounts with a credit limit equal to and less than the beginning credit limit."
}
,{
"fieldCode":"0115",
"fieldName":"CREDIT LIMIT START RANGE",
"fieldFormat":"15N/2D",
"helpText":"This field is the beginning credit limit to use for selecting accounts. This field is required for all selection criteria codes except D. If you enter D as the selection criteria code, you must enter zeros in this field."
}
,{
"fieldCode":"0116",
"fieldName":"CREDIT LIMIT END RANGE",
"fieldFormat":"15N/2D",
"helpText":"This field is the ending credit limit to use for selecting accounts. This field is required when you enter R (range) for the second selection criteria code and must be greater than the beginning credit limit. If you enter G (greater) or L (lesser) for the second selection criteria code, do not enter an ending credit limit."
}
,{
"fieldCode":"0117",
"fieldName":"CREDIT LIMIT USED SELECTION",
"fieldFormat":"2C",
"helpText":"This field uses two codes that determine how to select accounts based on the percentage of the credit limit currently in use. The values for the first code are:<br/>D = Do not select accounts based on the credit limit percentage (Default)<br/>I = Include all accounts selected based on the credit limit percentage<br/>E = Exclude all accounts selected based on the credit limit percentage.<br/>The values for the second code are:<br/>Blank = No action. Valid only when the first code is D. (Default)<br/>G = Greater. Select all accounts with a percentage of the credit limit in use equal to or greater than the percentage specified in the second part of this field<br/>L = Lesser. Select all accounts with a percentage of the credit limit in use equal to or less than the percentage specified in the second part of this field."
}
,{
"fieldCode":"0118",
"fieldName":"CREDIT LIMIT USAGE PERCENTAGE",
"fieldFormat":"3N",
"helpText":"This field indicates the percentage of the credit limit in use. If you enter D as the selection criteria code, you must enter zero in this field.<br/>Examples: The following entry in the CREDIT LIMIT USAGE PERCENTAGE field includes accounts with a percentage of the credit limit in use equal to 50% or higher:<br/><br/>The following entry in the CREDIT LIMIT USAGE PERCENTAGE field excludes accounts with a percentage of the credit limit in use equal to 75% or less:<br/>The following entry in the CREDIT LIMIT USAGE PERCENTAGE field indicates the percentage of the credit limit in use is not used as selection criteria for accounts."
}
,{
"fieldCode":"0119",
"fieldName":"PROMOTION CODE SELECTION",
"fieldFormat":"2C",
"helpText":"This field uses two codes that determine how to select accounts based on the promotion code. The values for the first code are:<br/>D = Do not select accounts using the promotion code (Default)<br/>E = Exclude all accounts selected using the promotion code<br/>I = Include all accounts selected using the promotion code.<br/>The values for the second code are:<br/>Blank = Valid only when the first code is D. (Default)<br/>E = Equal. Select all accounts with a promotion code equal to the first and second promotion codes only.<br/>R = Range. Select all accounts with a promotion code within the range specified by the first promotion code and the second promotion code."
}
,{
"fieldCode":"0120",
"fieldName":"PROMOTION CODE START RANGE",
"fieldFormat":"3C",
"helpText":"This field is the beginning promotion code to use for selecting accounts. This field is required for all selection criteria codes except D. If you enter D as the selection criteria code, you must enter zeros in this field."
}
,{
"fieldCode":"0121",
"fieldName":"PROMOTION CODE END RANGE",
"fieldFormat":"3C",
"helpText":"This field is the ending promotion code to use for selecting accounts. This field is required when you enter R (range) for the second selection criteria code and must be greater than the beginning promotion code. If you enter E (equal) for the second selection criteria code, an ending promotion code is optional."
}
,{
"fieldCode":"0122",
"fieldName":"RECENCY DELINQUENCY SELECTION",
"fieldFormat":"2C",
"helpText":"This field uses two codes that determine how to select accounts based on the recency delinquency level. The values for the first code are:<br/>D = Do not select accounts based on recency delinquency level (Default)<br/>I = Include all accounts selected using the recency delinquency level<br/>E = Exclude all accounts selected using the recency delinquency level.<br/>The values for the second code are:<br/>Blank = No action. Valid only when the first code is D. (Default)<br/>G = Greater. Select all accounts with a recency delinquency level equal to or greater than the level specified in the second part of this field<br/>L = Lesser. Select all accounts with a recency delinquency level equal to or less than the level specified in the second part of this field."
}
,{
"fieldCode":"0123",
"fieldName":"RECENCY DELINQUENCY LEVEL",
"fieldFormat":"1N",
"helpText":"This field indicates the recency delinquency level to be used as selection criteria. If you enter D as the selection criteria code, you must enter zero in this field. The values are 0-9."
}
,{
"fieldCode":"0124",
"fieldName":"BLOCK CODE 1 SELECTION",
"fieldFormat":"1C",
"helpText":"This field determines how to select accounts based on the value of block code 1. The values are:<br/>D = Do not select accounts based on block code 1 (Default)<br/>E = Exclude accounts with a block code 1 that matches the values entered in the second part of this field<br/>I = Include accounts with a block code 1 that matches the values entered in the second part of this field."
}
,{
"fieldCode":"0125",
"fieldName":"BLOCK CODE",
"fieldFormat":"27C",
"helpText":"This field indicates the value of block code 1 to use as selection criteria. Valid block codes are the letters A-Z and a blank (or space). You can enter any or all block codes as needed. However, if you enter D as the selection criteria code, this field must be blank."
}
,{
"fieldCode":"0126",
"fieldName":"CONTRACTUAL DELINQUENCY SELECTION",
"fieldFormat":"2C",
"helpText":"The first part of this field uses two codes that determine how to select accounts based on the contractual delinquency level. The values for the first code are:<br/>D = Do not select accounts based on contractual delinquency level (Default)<br/>E = Exclude all accounts selected using the contractual delinquency level<br/>I = Include all accounts selected using the contractual delinquency level.<br/><br/>The values for the second code are:<br/>Blank = No action. Valid only when the first code is D. (Default)<br/>G = Greater. Select all accounts with a contractual delinquency level equal to or greater than the level specified in the second part of this field<br/>L = Lesser. Select all accounts with a contractual delinquency level equal to or less than the level specified in the second part of this field."
}
,{
"fieldCode":"0127",
"fieldName":"CONTRACTUAL DELINQUENCY LEVEL",
"fieldFormat":"1N",
"helpText":"This field indicates the contractual delinquency level to be used as selection criteria. If you enter D as the selection criteria code, you must enter zero in this field. The values are 0-9."
}
,{
"fieldCode":"0128",
"fieldName":"BLOCK CODE 2 SELECTION",
"fieldFormat":"1C",
"helpText":"This field used to enter selection criteria for accounts based on the current block code 2 assigned to an account."
}
,{
"fieldCode":"0129",
"fieldName":"BLOCK CODE",
"fieldFormat":"27C",
"helpText":"This field indicates the value of block code 1 to use as selection criteria."
}
,{
"fieldCode":"0130",
"fieldName":"DISPUTE OUTSTANDING SELECTION",
"fieldFormat":"1C",
"helpText":"Option that enables you to select accounts based on whether they have disputed items currently outstanding. The values are:<br/>D = Do not select accounts based on outstanding disputed items (Default)<br/>E = Exclude accounts with outstanding disputed items.<br/>I = Include accounts with outstanding disputed items."
}
,{
"fieldCode":"0141",
"fieldName":"DESCRIPTION",
"fieldFormat":"40C",
"helpText":"Description of the Bar Code record."
}
],"section3":[
{
"fieldCode":"4001",
"fieldName":"BUSINESS UNIT",
"fieldFormat":"3N",
"helpText":"Identification number of the business unit associated with the Bar Code record. The values are 001-998."
}
,{
"fieldCode":"4002",
"fieldName":"PRODUCT",
"fieldFormat":"3N",
"helpText":"Identification number of the product associated with the Bar Code record. This product number must identify a valid product within the business unit. The values are 001-998."
}
,{
"fieldCode":"4003",
"fieldName":"INSERT NBR",
"fieldFormat":"2N",
"helpText":"Identification number of the insert number taken from home page."
}
,{
"fieldCode":"0131",
"fieldName":"BILLING CYCLE SELECTION",
"fieldFormat":"1C",
"helpText":"This field determines how to select accounts based on the cycle code. The values are:<br/>D = Do not select accounts based on the cycle code (Default)<br/>E = Exclude accounts with a cycle code that matches the values entered in the second part of this field.<br/>I = Include accounts with a cycle code that matches the values entered in the second part of this field."
}
,{
"fieldCode":"0132",
"fieldName":"STATEMENT CYCLES",
"fieldFormat":"",
"helpText":"This field indicates the cycle codes to use as selection criteria. You can enter up to 18 different cycle codes. The values are 01-31."
}
],"section4":[
{
"fieldCode":"4001",
"fieldName":"BUSINESS UNIT",
"fieldFormat":"3N",
"helpText":"Identification number of the business unit associated with the Bar Code record. The values are 001-998."
}
,{
"fieldCode":"4002",
"fieldName":"PRODUCT",
"fieldFormat":"3N",
"helpText":"Identification number of the product associated with the Bar Code record. This product number must identify a valid product within the business unit. The values are 001-998."
}
,{
"fieldCode":"4003",
"fieldName":"INSERT NBR",
"fieldFormat":"2N",
"helpText":"Identification number of the insert number taken from home page."
}
,{
"fieldCode":"0133",
"fieldName":"CREDIT CLASS SELECTION",
"fieldFormat":"1C",
"helpText":"The first part of this field determines how to select accounts based on the credit class. The values are:<br/>D = Do not select accounts based on the credit class (Default)<br/>E = Exclude all accounts selected based on the credit class<br/>I = Include all accounts selected based on the credit class."
}
,{
"fieldCode":"0134",
"fieldName":"CREDIT CLASSES",
"fieldFormat":"2C",
"helpText":"This field indicates the credit classes to use as selection criteria. You can enter up to 18 credit classes. Each credit class is a two-character field; the first character is the credit class code, and the second character is the performance index fields. The values for the credit class code in the first position are:<br/>E = Established<br/>I = Intermediate<br/>M = Marginal<br/>N = New.<br/>The values for the performance index in the second position are 1-6. For example, M1 can represent the marginal credit class, performance index 1."
}
],"section5":[
{
"fieldCode":"4001",
"fieldName":"BUSINESS UNIT",
"fieldFormat":"3N",
"helpText":"Identification number of the business unit associated with the Bar Code record. The values are 001-998."
}
,{
"fieldCode":"4002",
"fieldName":"PRODUCT",
"fieldFormat":"3N",
"helpText":"Identification number of the product associated with the Bar Code record. This product number must identify a valid product within the business unit. The values are 001-998."
}
,{
"fieldCode":"4003",
"fieldName":"INSERT NBR",
"fieldFormat":"2N",
"helpText":"Identification number of the insert number taken from home page."
}
,{
"fieldCode":"0135",
"fieldName":"DELINQUENCY NUMBER SELECTION",
"fieldFormat":"2C",
"helpText":"Two-part field that indicates whether to select accounts based on the number of times an account has been contractually delinquent since it was opened (or converted from another system).<br/>The values for the first part are:<br/>D = Do not select accounts based on the number of contractual delinquency occurrences (Default)<br/>I = Include all accounts selected based on the number of contractual delinquency occurrences<br/>E = Exclude all accounts selected based on the number of contractual delinquency occurrences.<br/>The values for the second part are:<br/>Blank = No action. Valid only when the first part is D. (Default)<br/>G = Greater. Select all accounts where the number of contractual delinquency occurrences is equal to or greater than the number specified in the delinquency counter fields (30 to 210)<br/>L = Lesser. Select all accounts where the number of contractual delinquency occurrences is equal to or less than the number specified in the delinquency counter fields (30 to 210).<br/>NOTE:  If the DELINQUENCY NUMBER SELECTION field contains a valid two-character selection code (IG, IL, EG, or EL), you must complete the contractual delinquency counter fields (30, 60, 90, 120, 150, 180, and 210). However, if the DELINQUENCY NUMBER SELECTION field is D, the NUMBER OF TIMES DELINQUENT fields must be zero."
}
,{
"fieldCode":"0136",
"fieldName":"NUMBER OF TIMES DELINQUENCY 30 DAYS",
"fieldFormat":"2N",
"helpText":"Counter field used to select accounts based on the number of times an account is contractually delinquent from 30 to 59 days. The values are:<br/>00-98 = Number of delinquency occurrences<br/>99 = Do not use this counter."
}
,{
"fieldCode":"0136",
"fieldName":"NUMBER OF TIMES DELINQUENCY 60 DAYS",
"fieldFormat":"2N",
"helpText":"Counter field used to select accounts based on the number of times an account is contractually delinquent from 60 to 89 days. The values are:<br/>00-98 = Number of delinquency occurrences<br/>99 = Do not use this counter."
}
,{
"fieldCode":"0136",
"fieldName":"NUMBER OF TIMES DELINQUENCY 90 DAYS",
"fieldFormat":"2N",
"helpText":"Counter field used to select accounts based on the number of times an account is contractually delinquent from 90 to 119 days. The values are:<br/>00-98 = Number of delinquency occurrences<br/>99 = Do not use this counter."
}
,{
"fieldCode":"0136",
"fieldName":"NUMBER OF TIMES DELINQUENCY 120 DAYS",
"fieldFormat":"2N",
"helpText":"Counter field used to select accounts based on the number of times an account is contractually delinquent from 120 to 149 days. The values are:<br/>00-98 = Number of delinquency occurrences<br/>99 = Do not use this counter."
}
,{
"fieldCode":"0136",
"fieldName":"NUMBER OF TIMES DELINQUENCY 150 DAYS",
"fieldFormat":"2N",
"helpText":"Counter field used to select accounts based on the number of times an account is contractually delinquent from 150 to 179 days. The values are:<br/>00-98 = Number of delinquency occurrences<br/>99 = Do not use this counter."
}
,{
"fieldCode":"0136",
"fieldName":"NUMBER OF TIMES DELINQUENCY 180 DAYS",
"fieldFormat":"2N",
"helpText":"Counter field used to select accounts based on the number of times an account is contractually delinquent from 180 to 209 days. The values are:<br/>00-98 = Number of delinquency occurrences<br/>99 = Do not use this counter."
}
,{
"fieldCode":"0136",
"fieldName":"NUMBER OF TIMES DELINQUENCY 210 DAYS",
"fieldFormat":"2N",
"helpText":"Counter field used to select accounts based on the number of times an account is contractually delinquent 210 or more days. The values are:<br/>00-98 = Number of delinquency occurrences<br/>99 = Do not use this counter."
}
],"section6":[
{
"fieldCode":"4001",
"fieldName":"BUSINESS UNIT",
"fieldFormat":"3N",
"helpText":"Identification number of the business unit associated with the Bar Code record. The values are 001-998."
}
,{
"fieldCode":"4002",
"fieldName":"PRODUCT",
"fieldFormat":"3N",
"helpText":"Identification number of the product associated with the Bar Code record. This product number must identify a valid product within the business unit. The values are 001-998."
}
,{
"fieldCode":"4003",
"fieldName":"INSERT NBR",
"fieldFormat":"2N",
"helpText":"Identification number of the insert number taken from home page."
}
,{
"fieldCode":"0201",
"fieldName":"POSTAL CODE SELECTION",
"fieldFormat":"1C",
"helpText":"This field is a code that indicates whether to include or exclude accounts with matching postal codes. The values are:<br/>D = Do not select accounts using postal codes (Default)<br/>E = Exclude all accounts selected using postal codes<br/>I = Include all accounts selected using postal codes."
}
,{
"fieldCode":"0202",
"fieldName":"POSTAL CODE TEST",
"fieldFormat":"1C",
"helpText":"This field indicates whether to treat postal codes as ranges or exact matches. You can enter up to 20 codes. The values are:<br/>D = Do not select accounts using the postal code (Default)<br/>E = Exact match. Select all accounts with a postal code exactly matches the postal code entered as selection criteria<br/>R = Range. Select all accounts with a postal code within the range specified, inclusive."
}
,{
"fieldCode":"0203",
"fieldName":"POSTAL CODE",
"fieldFormat":"10C",
"helpText":"This field identifies the postal codes to use as selection criteria. You can enter up to 20 postal codes. You can enter a five-digit primary postal code followed by a four-digit secondary code. If you enter the five-digit primary code and leave the four-digit secondary code blank, the search is based on the primary postal code only.<br/>NOTE:  Postal codes in the United States consist of a five-digit ZIP code and a four-digit +4 code."
}
],"section7":[
{
"fieldCode":"4001",
"fieldName":"BUSINESS UNIT",
"fieldFormat":"3N",
"helpText":"Identification number of the business unit associated with the Bar Code record taken from home page."
}
,{
"fieldCode":"4002",
"fieldName":"PRODUCT",
"fieldFormat":"3N",
"helpText":"Identification number of the product associated with the Bar Code record taken from home page."
}
,{
"fieldCode":"4003",
"fieldName":"INSERT NBR",
"fieldFormat":"2N",
"helpText":"Identification number of the insert number taken from home page."
}
,{
"fieldCode":"0140",
"fieldName":"BAR CODE STATUS",
"fieldFormat":"1N",
"helpText":"Status of the Bar Code record. The values are:<br/>0 = Inactive<br/>1 = Active (Default)<br/>9 = to be purged.<br/>When you add a new record, CMS initially sets this field to 0. After you enter data, CMS automatically changes this field to 1."
}
,{
"fieldCode":"0199",
"fieldName":"DATE LAST MAINTENANCE",
"fieldFormat":"DATE",
"helpText":"Date of the last maintenance on this Bar Code record. This date is system-generated; you cannot change it."
}
]},"sections": {
"section0":""
,
"section1":"Bar Code Selection Variables-ARMK/ARQK"
,
"section2":"Bar Code Selection Variables-ARMK/ARQK-01-Selection Criteria"
,
"section3":"Bar Code Selection Variables-ARMK/ARQK-02-Billing Cycle Criteria"
,
"section4":"Bar Code Selection Variables-ARMK/ARQK-03-Credit Class Criteria"
,
"section5":"Bar Code Selection Variables-ARMK/ARQK-04-Times Delinquent Criteria"
,
"section6":"Bar Code Selection Variables-ARMK/ARQK-05-Postal Code Criteria"
,
"section7":"Bar Code Selection Variables-ARMK/ARQK-99-Status and Activity Information"
}}
