{"data":{
"section0":[
],"section1":[
{
"fieldCode":"4001",
"fieldName":"CUSTOMER BUSINESS UNIT",
"fieldFormat":"3N",
"helpText":"Identification number of the organization associated with the account entered on the Locate screen."
}
,{
"fieldCode":"4002",
"fieldName":"CUSTOMER ACCOUNT NUMBER",
"fieldFormat":"19C",
"helpText":"Identification number of the Customer Name/Address record associated with the account."
}
,{
"fieldCode":"4003",
"fieldName":"BUSINESS UNIT",
"fieldFormat":"3N",
"helpText":"Identification number of the business unit associated with the account. The values are 001�998."
}
,{
"fieldCode":"4004",
"fieldName":"ACCOUNT NUMBER",
"fieldFormat":"19C",
"helpText":"Identification number of the account entered on the Locate screen. The screen displays Customer Name/Address records associated with this account."
}
,{
"fieldCode":"4005",
"fieldName":"ASSOCIATION TYPE",
"fieldFormat":"1N",
"helpText":"Code that indicates the type of association between the Customer Name/Address record and the account. The values are:<br/>C = Customer (owner or co-owner)<br/>A = Alternate customer<br/>I = Third-party insured<br/>1 = Guarantor<br/>2 = Cosigner<br/>3 = Authorized signer<br/>5�9 = User-defined.<br/>Note: When entering a Customer Name/Address record for a customer that is not an owner or co-owner of the account, use only the owner screens (ARMN03 to ARMN05).<br/>"
}
]},"sections": {
"section0":""
,
"section1":"Customer To Account Cross Reference"
}}
