{"data":{
"section0":[
],"section1":[
{
"fieldCode":"4001",
"fieldName":"BUSINESS UNIT",
"fieldFormat":"3N",
"helpText":"Identification number of the business unit associated with this Card Activation Selection Criteria table. The values are 001-998."
}
,{
"fieldCode":"4002",
"fieldName":"TABLE NUMBER",
"fieldFormat":"5N",
"helpText":"Identification number of the Card Activation Selection Criteria table. The values are 00001-99998."
}
],"section2":[
{
"fieldCode":"0102",
"fieldName":"DATE OPENED CRITERIA 1",
"fieldFormat":"1C",
"helpText":"This field is used to enter selection criteria based on the date the account was opened.<br/>The values for the field are:<br/>D = Do not select accounts using the date the account was opened (Default)<br/>E = Exclude all selected accounts using the date the account was opened<br/>I = Include all selected accounts using the date the account was opened."
}
,{
"fieldCode":"4004",
"fieldName":"DATE OPENED CRITERIA 2",
"fieldFormat":"1C",
"helpText":"This field is used to enter selection criteria based on the date the account was opened.<br/>The values for the field are:<br/>Blank = Valid only when the DATE OPEN CRITERIA 1 is D (Default)<br/>G = Greater. Select all accounts opened on the same date or a greater date (later) than the first date (DATE OPENED: DATE1)<br/>L = Lesser. Select all accounts opened on the same date or a lesser date (earlier) than the first date (DATE OPENED: DATE1)<br/>R = Range. Select all accounts opened within the range specified by the first date (DATE OPENED: DATE1) and the second date (DATE OPENED: DATE2)."
}
,{
"fieldCode":"0103",
"fieldName":"DATE OPENED: DATE 1",
"fieldFormat":"",
"helpText":"The date on which the account was opened. It is the beginning date to use for selecting accounts. This date is required for all selection criteria entries except D. If you select D in the DATE OPENED CRITERIA 1, you must enter all zeros in this field."
}
,{
"fieldCode":"0104",
"fieldName":"DATE OPENED: DATE 2",
"fieldFormat":"",
"helpText":"The date on which the account was opened. It is the ending date to use for selecting accounts. This date is required when you Select R for DATE OPENED CRITERIA 2 and must be later than the beginning date (DATE OPENED: DATE1). If you select G or L for DATE OPENED CRITERIA 2, do not enter an ending date (DATE OPENED: DATE2).<br/>Examples: Select I (DATE OPENED CRITERIA 1) R (DATE OPENED CRITERIA 2) to include all accounts opened within the range specified by the first date (DATE OPENED: DATE1) and second date (DATE OPENED: DATE2). Select I (DATE OPENED CRITERIA 1) G (DATE OPENED CRITERIA 2) to include all accounts opened on the first date (DATE OPENED: DATE1) or a date greater than (later) the first date. Select I (DATE OPENED CRITERIA 1) L (DATE OPENED CRITERIA 2) to include all accounts opened on the first date (DATE OPENED: DATE1) or a date less than (earlier) than the first date (DATE OPENED: DATE1).<br/>Examples: The following entry in the DATE OPEN field includes accounts opened from Jan. 1, 1999, through Jan. 31, 1999:<br/>The following entry in the DATE OPEN field includes accounts opened on or after Jan. 1, 1999:"
}
,{
"fieldCode":"0105",
"fieldName":"LAST ACTIVITY DATE CRITERIA 1",
"fieldFormat":"1C",
"helpText":"This field is used to enter selection criteria based on the date of the last customer-initiated debit activity on the account. The values for the field are:<br/>D = Do not select accounts using the date of last debit activity (Default)<br/>E = Exclude all selected accounts using the date of last debit activity<br/>I = Include all selected accounts using the date of last debit activity."
}
,{
"fieldCode":"4005",
"fieldName":"LAST ACTIVITY DATE CRITERIA 2",
"fieldFormat":"1C",
"helpText":"This field is used to enter selection criteria based on the date of the last customer-initiated debit activity on the account. The values for the field are:<br/>D = Do not select accounts using the date of last debit activity (Default)<br/>E = Exclude all selected accounts using the date of last debit activity<br/>I = Include all selected accounts using the date of last debit activity."
}
,{
"fieldCode":"0106",
"fieldName":"LAST ACTIVITY DATE 1",
"fieldFormat":"",
"helpText":"This field is required when you select R for LAST ACTIVITY DATE CRITERIA 2 and must be later than the beginning date (LAST ACTIVITY DATE 1). If you select G or L for the LAST ACTIVITY DATE CRITERIA 2, do not enter an ending date (LAST ACTIVITY DATE 2)."
}
,{
"fieldCode":"0107",
"fieldName":"LAST ACTIVITY DATE 2",
"fieldFormat":"",
"helpText":"These fields are required when you select R for LAST ACTIVITY DATE CRITERIA 1 and must be later than the beginning date (LAST ACTIVITY DATE 1). If you select G or L for the LAST ACTIVITY DATE CRITERIA 2, do not enter an ending date (LAST ACTIVITY DATE 2).<br/>Examples: The following entry in the LAST ACTIVITY DATE field includes accounts with a last debit activity date from Jan. 1, 1999, through Jan. 31, 1999:"
}
,{
"fieldCode":"0108",
"fieldName":"CURRENT BALANCE CRITERIA 1",
"fieldFormat":"1C",
"helpText":"This field is used to enter selection criteria based on the current balance of the account in whole monetary units. The values for the field are:<br/>D = Do not select accounts using the current balance (Default)<br/>E = Exclude all selected accounts using the current balance<br/>I = Include all selected accounts using the current balance."
}
,{
"fieldCode":"4006",
"fieldName":"CURRENT BALANCE CRITERIA 2",
"fieldFormat":"1C",
"helpText":"This field is used to enter selection criteria based on the current balance of the account in whole monetary units. The values for the field are:<br/>Blank = Valid only when the CURRENT BALANCE CRITERIA 1 is D. (Default)<br/>G = Greater. Select all accounts with a current balance equal to or greater than the first balance (CURRENT BALANCE: VALUE1).<br/>L = Lesser. Select all accounts with a current balance equal to or less than the first balance (CURRENT BALANCE: VALUE1).<br/>R = Range. Select all accounts with a current balance within the range specified by the first balance (CURRENT BALANCE: VALUE1) and the second balance (CURRENT BALANCE: VALUE2).<br/>Examples: Select I (CURRENT BALANCE CRITERIA 1) R (CURRENT BALANCE CRITERIA 2) to include all accounts with a current balance within the range specified by the first balance (CURRENT BALANCE: VALUE1).and second balance (CURRENT BALANCE: VALUE2). Select I (CURRENT BALANCE CRITERIA 1) G (CURRENT BALANCE CRITERIA 2) to include all accounts with a current balance equal to or greater than the first balance (CURRENT BALANCE: VALUE1). Select I (CURRENT BALANCE CRITERIA 1) L (CURRENT BALANCE CRITERIA 2) to include all accounts with a current balance equal to or less than the first balance (CURRENT BALANCE: VALUE1)."
}
,{
"fieldCode":"0109",
"fieldName":"CURRENT BALANCE: VALUE 1",
"fieldFormat":"15N/2D",
"helpText":"The field is the beginning balance to use for selecting accounts. This balance is required for all selection criteria entries except D. If you select D in the CURRENT BALANCE CRITERIA 1, you must enter all zeros in this field."
}
,{
"fieldCode":"0110",
"fieldName":"CURRENT BALANCE: VALUE 2",
"fieldFormat":"15N/2D",
"helpText":"The field is the ending balance to use for selecting accounts. This balance is required when you select R for the CURRENT BALANCE CRITERIA 2 and must be greater than the beginning balance (CURRENT BALANCE: VALUE1). If you select G or L for the CURRENT BALANCE CRITERIA 2, do not enter an ending balance. (CURRENT BALANCE: VALUE2)<br/>Examples: The following entry in the CURRENT BALANCE field includes accounts with a current balance from 5,000 to 99,999 monetary units:"
}
,{
"fieldCode":"0111",
"fieldName":"CREDIT LIMIT CRITERIA 1",
"fieldFormat":"1C",
"helpText":"This field is used to enter selection criteria based on the current credit limit of the account in whole monetary units. The values are:<br/>D = Do not select accounts using the current credit limit (Default)<br/>E = Exclude all selected accounts using the current credit limit.<br/>I = Include all selected accounts using the current credit limit."
}
,{
"fieldCode":"4007",
"fieldName":"CREDIT LIMIT CRITERIA 2",
"fieldFormat":"1C",
"helpText":"This field is used to enter selection criteria based on the current credit limit of the account in whole monetary units. The values are:<br/>Blank = Valid only when the CREDIT LIMIT CRITERIA 1 is D. (Default)<br/>G = Greater. Select all accounts with a current credit limit equal to or greater than the first credit limit (CREDIT LIMIT: VALUE 1).<br/>L = Lesser. Select all accounts with a current credit limit equal to or less than the first credit limit (CREDIT LIMIT: VALUE 1).<br/>R = Range. Select all accounts with a current credit limit within the range specified by the first credit limit (CREDIT LIMIT: VALUE 1) and the second credit limit (CREDIT LIMIT: VALUE 2). <br/>Examples: Select I (CREDIT LIMIT CRITERIA 1) R (CREDIT LIMIT CRITERIA 2) to include all accounts with a current credit limit within the range specified by the first credit limit (CREDIT LIMIT: VALUE 1) and second credit limit (CREDIT LIMIT: VALUE 2). Select I (CREDIT LIMIT CRITERIA 1) G (CREDIT LIMIT CRITERIA 2) to include all accounts with a current credit limit equal to or greater than the first credit limit (CREDIT LIMIT: VALUE 1). Select I (CREDIT LIMIT CRITERIA 1) L (CREDIT LIMIT CRITERIA 2) to include all accounts with a current credit limit equal to or less than the first credit limit (CREDIT LIMIT: VALUE 1)."
}
,{
"fieldCode":"0112",
"fieldName":"CREDIT LIMIT: VALUE 1",
"fieldFormat":"15N/2D",
"helpText":"This field is the beginning credit limit to use for selecting accounts. This credit limit is required for all selection criteria entries except D. If you select D in the CREDIT LIMIT CRITERIA 1, you must enter all zeros in this CREDIT LIMIT: VALUE 1."
}
,{
"fieldCode":"0113",
"fieldName":"CREDIT LIMIT: VALUE 2",
"fieldFormat":"15N/2D",
"helpText":"This field is the ending credit limit to use for selecting accounts. This credit limit is required when you select R for the CREDIT LIMIT CRITERIA 2 and must be greater than the beginning credit limit (CREDIT LIMIT: VALUE 1). If you select G or L for the CREDIT LIMIT CRITERIA 2, do not enter an ending credit limit (CREDIT LIMIT: VALUE 2).<br/>Examples: The following entry in the CREDIT LIMIT field includes accounts with a current credit limit from 5,000 to 99,999 monetary units:"
}
,{
"fieldCode":"0114",
"fieldName":"BLOCK CODE 1 INCLUDE/EXCLUDE INDICATOR",
"fieldFormat":"1C",
"helpText":"The field is a code that indicates the selection criteria used. The values are:<br/>D = Do not select accounts using block code 1 (Default)<br/>E = Exclude accounts if block code 1 matches any of the ten block codes listed<br/>I = Include accounts if block code 1 matches any of the ten block codes listed."
}
,{
"fieldCode":"0116",
"fieldName":"BLOCK CODE 2 INCLUDE/EXCLUDE INDICATOR",
"fieldFormat":"1C",
"helpText":"The field is a code that indicates the selection criteria used. The values are:<br/>D = Do not select accounts using block code 1 (Default)<br/>E = Exclude accounts if block code 1 matches any of the ten block codes listed<br/>I = Include accounts if block code 1 matches any of the ten block codes listed."
}
,{
"fieldCode":"0120",
"fieldName":"DESCRIPTION",
"fieldFormat":"40C",
"helpText":"Description of the Card Activation Selection Criteria table."
}
,{
"fieldCode":"0115",
"fieldName":"BLOCK CODES 1",
"fieldFormat":"1C",
"helpText":"This is a table with a set of ten fields used to enter block codes. Valid block codes are A–Z and blank (or space)."
}
,{
"fieldCode":"0117",
"fieldName":"BLOCK CODES 2",
"fieldFormat":"1C",
"helpText":"This is a table with a set of ten fields used to enter block codes. Valid block codes are A–Z and blank (or space).<br/>Example: The following entries in the BLOCK CODE field indicate that accounts assigned A, B, or C in block code 1 is included. Notice the asterisk after the last block code entered."
}
],"section3":[
{
"fieldCode":"0201",
"fieldName":"POSTAL CODE INCLUDE/EXCLUDE INDICATOR",
"fieldFormat":"1C",
"helpText":"This field is a code that determines how CMS selects accounts using postal codes. The values are:<br/>D = Do not select accounts using postal codes (Default)<br/>E = Exclude accounts with matching postal codes<br/>I = Include accounts with matching postal codes."
}
,{
"fieldCode":"0203",
"fieldName":"POSTAL CODE RANGE INCLUDE/EXCLUDE INDICATOR",
"fieldFormat":"1C",
"helpText":"This field is a code that determines how to select accounts using ranges of postal codes. The values are:<br/>D = Do not select accounts using postal code ranges (Default)<br/>E = Exclude accounts with postal codes within the specified range<br/>I = Include accounts with postal codes within the specified range."
}
,{
"fieldCode":"0202",
"fieldName":"POSTAL CODE 28",
"fieldFormat":"10C",
"helpText":"Field that identifies the postal codes to include or exclude."
}
,{
"fieldCode":"0204",
"fieldName":"RANGE LOW 18",
"fieldFormat":"10C",
"helpText":"Field that identifies the postal codes lower range."
}
,{
"fieldCode":"0205",
"fieldName":"RANGE HIGH 18",
"fieldFormat":"10C",
"helpText":"Field that identifies the postal codes higher range."
}
],"section4":[
{
"fieldCode":"0301",
"fieldName":"STORES INCLUDE/EXCLUDE INDICATOR",
"fieldFormat":"1C",
"helpText":"This is a code field that determines how to select accounts. The values are:<br/>D = Do not select accounts using store or branch numbers (Default)<br/>E = Exclude accounts with matching store or branch numbers<br/>I = Include accounts with matching store or branch numbers."
}
,{
"fieldCode":"0302",
"fieldName":"STORE",
"fieldFormat":"9N",
"helpText":"Field that identifies the store numbers or branch numbers to include or exclude.<br/>Note: If MBS is installed, the store number must be on file in the MBS business unit defined in the Store-Org User Exit. If the store is not defined in the user exit, the business unit number of the current CMS master record will be used as a default. If MBS is installed, only a store status of 1 (active) or 6 (closed) is valid. A store entry is considered invalid for the following status conditions: 0 (incomplete), 2 (inactive), 3 (model), 7 (pending purge), 8 (purging), and 9 (purged). For accounts processed by a revolving/retail product, these entries are based on the owning store number assigned in the Account Base Segment record (OWNING STORE NUMBER on Account Details->08-Statement Message, Promotion). For accounts processed by a bankcard product, these entries are based on the owning branch number assigned to the Account Base Segment record (OWNING BRANCH NUMBER on Account Details->08-Statement Message, Promotion)."
}
],"section5":[
{
"fieldCode":"0118",
"fieldName":"COUNTRY CODE INCLUDE/EXCLUDE INDICATOR",
"fieldFormat":"1C",
"helpText":"This field is a code that determines how CMS selects accounts using country codes. The values are:<br/>D = Do not select accounts using country codes (Default)<br/>E = Exclude accounts with matching country codes<br/>I = Include accounts with matching country codes."
}
],"section6":[
{
"fieldCode":"0101",
"fieldName":"STATUS",
"fieldFormat":"1N",
"helpText":"Code that indicates the status of the Card Activation Criteria table. The values are:<br/>0 = Table is inactive (Default)<br/>1 = Table is active<br/>9 = Table is to be purged.<br/>When you add a new table, CMS initially sets this field to 0. After you enter data, CMS automatically changes this field to 1."
}
,{
"fieldCode":"0199",
"fieldName":"LAST MAINTENANCE DATE",
"fieldFormat":"",
"helpText":"Date of the last maintenance for this table. The date in this field is system-generated; you cannot change it."
}
],"section7":[
{
"fieldCode":"",
"fieldName":"COPY FROM",
"fieldFormat":"3N",
"helpText":"Key field which contain business unit and rule set."
}
,{
"fieldCode":"",
"fieldName":"COPY TO",
"fieldFormat":"3N",
"helpText":"Key field which contain business unit and rule set."
}
],"section8":[
{
"fieldCode":"5191",
"fieldName":"DISPATCH METHOD ACTION",
"fieldFormat":"3N",
"helpText":"Set of fields that are used to enter the dispatch methods. The values are:<br/>000 = Regular mail (Default)<br/>001 = First-class mail<br/>002 = Registered mail<br/>003 = Internal delivery mail<br/>004–999 = User-defined."
}
,{
"fieldCode":"5201",
"fieldName":"SOURCE CODE ACTION",
"fieldFormat":"1C",
"helpText":"Field that indicates the restriction criteria used. The values are:<br/>D = Do not restrict the accounts by source code (Default)<br/>E = Exclude the account from card activation restriction if the source code matches any of the source codes listed<br/>I = Include the account for card activation restriction if the source code matches any of the source codes listed."
}
,{
"fieldCode":"5192",
"fieldName":"DELIVERY OPTION",
"fieldFormat":"3N",
"helpText":"Code that indicates the card delivery option for this account. This value defaults from the DELIVERY OPTION field on the Logo record (AZML01). This value defaults to the 1ST ISSUE DELIVERY and REISSUE DELIVERY fields on the Embosser record (ARME03) for non-HCS accounts. The values are:<br/>000 = Regular mail (Default)<br/>001 = First-class mail<br/>002 = Registered mail<br/>003 = Internal delivery mail<br/>004–999 = User-defined."
}
,{
"fieldCode":"5202",
"fieldName":"SOURCE CODE LIST",
"fieldFormat":"2C",
"helpText":"Set of 150 fields that are used to enter the source codes."
}
]},"sections": {
"section0":""
,
"section1":"Card Activation Criteria-ARBM/ARBQ/ARBA"
,
"section2":"Card Activation Criteria-ARBM/ARBQ/ARBA - 01-Card Activation Primary Controls"
,
"section3":"Card Activation Criteria-ARBM/ARBQ/ARBA - 02-Postal Code Activation Criteria"
,
"section4":"Card Activation Criteria-ARBM/ARBQ/ARBA - 03-Store Activation Criteria"
,
"section5":"Card Activation Criteria-ARBM/ARBQ/ARBA-04-Country Codes Activation Criteria"
,
"section6":"Card Activation Criteria-ARBM/ARBQ/ARBA-99-Status and Activity Information"
,
"section7":"Card Activation Criteria-ARBM/ARBQ/ARBA - COPY"
,
"section8":"Card Activation Criteria-ARBM/ARBQ/ARBA - Z1-Card Activation Selection"
}}
