{"data":{
"section0":[
],"section1":[
{
"fieldCode":"4001",
"fieldName":"BUSINESS UNIT",
"fieldFormat":"3N",
"helpText":"Identification number of the Business Unit associated with this Smart card program ID."
}
,{
"fieldCode":"4002",
"fieldName":"SMART CARD PROGRAM ID",
"fieldFormat":"8N",
"helpText":"This is the identification number of the Smart card program ID."
}
],"section2":[
{
"fieldCode":"4001",
"fieldName":"BUSINESS UNIT",
"fieldFormat":"3N",
"helpText":"Identification number of the Business Unit associated with this Smart card program ID."
}
,{
"fieldCode":"4002",
"fieldName":"SMART CARD PROGRAM ID",
"fieldFormat":"8N",
"helpText":"This is the identification number of the Smart card program ID."
}
,{
"fieldCode":"0102",
"fieldName":"PIN ATTEMPT LIMIT",
"fieldFormat":"2N",
"helpText":"Number of offline PIN attempts that the cardholder is allowed when using the card in an offline environment at a POS device."
}
,{
"fieldCode":"0105",
"fieldName":"LANGUAGE PREFERENCE 01",
"fieldFormat":"2C",
"helpText":"This is the code that indicates the language preferences for this account. CMS edits the values in these fields against a list of valid language preferences (SS40WS)."
}
,{
"fieldCode":"0105",
"fieldName":"LANGUAGE PREFERENCE 02",
"fieldFormat":"2C",
"helpText":"This is he code that indicates the language preferences for this account. CMS edits the values in these fields against a list of valid language preferences (SS40WS)."
}
,{
"fieldCode":"0105",
"fieldName":"LANGUAGE PREFERENCE 03",
"fieldFormat":"2C",
"helpText":"This is the code that indicates the language preferences for this account. CMS edits the values in these fields against a list of valid language preferences (SS40WS)."
}
,{
"fieldCode":"0105",
"fieldName":"LANGUAGE PREFERENCE 04",
"fieldFormat":"2C",
"helpText":"This is the code that indicates the language preferences for this account. CMS edits the values in these fields against a list of valid language preferences (SS40WS)."
}
,{
"fieldCode":"0106",
"fieldName":"APPROVED SCRIPT ID",
"fieldFormat":"8C",
"helpText":"Code that identifies the script to be sent to the card or the chip card program that the card migrates to from this program when the maximum number of consecutive approved transactions has occurred for the card. The script command or chip card program migration is performed via the real-time risk assessment and scripting functionality provided by the Financial Authorization System (FAS), the EMV Scripting System (ESS), and the Remote Interface System (RIS). The functionality enables script delivery based on the level of risk. Once the script delivery is complete, CMS processes the card with the new parameter(s). <br/>This field must identify an existing script in ESS or an existing chip card program in CMS. The field is used in conjunction with the APPROVED PROGRAM COUNTER field. Maintenance to this field is not retained unless RIS is installed."
}
,{
"fieldCode":"0107",
"fieldName":"APPROVED PROGRAM COUNTER",
"fieldFormat":"2N",
"helpText":"Maximum number of consecutive approved transactions that can occur for a card processed with this chip card program before the script in the APPROVED SCRIPT ID field is sent."
}
,{
"fieldCode":"0108",
"fieldName":"DECLINED SCRIPT ID",
"fieldFormat":"8C",
"helpText":"Code that identifies the script to be sent to the card or the chip card program that the card migrates to from this program when the maximum number of declined authorizations has occurred for the card. The migration is performed via the real-time risk assessment and scripting functionality provided by the Financial Authorization System (FAS), the EMV Scripting System (ESS), and the Remote Interface System (RIS). The functionality enables script delivery based on the level of risk. Once the script delivery is complete, CMS processes the card with the new parameter(s). <br/>This field must identify an existing script in ESS or an existing chip card program in CMS. The field is used in conjunction with the DECLINED PROGRAM COUNTER field. Maintenance to this field is not retained unless RIS is installed."
}
,{
"fieldCode":"0109",
"fieldName":"DECLINED PROGRAM COUNTER",
"fieldFormat":"2N",
"helpText":"Maximum number of declined authorizations that can occur for a card processed by this chip card program before the script defined in the DECLINED SCRIPT ID field is sent."
}
,{
"fieldCode":"0110",
"fieldName":"REFERRED SCRIPT ID",
"fieldFormat":"8C",
"helpText":"This is the code that identifies the script to be sent to the card or the chip card program that the card migrates to from this program when the maximum number of referred authorizations has occurred for the card. The script command or chip card program migration is performed via the real-time risk assessment and scripting functionality provided by the Financial Authorization System (FAS), the EMV Scripting System (ESS), and the Remote Interface System (RIS). The functionality enables script delivery based on the level of risk. Once the script delivery is complete, CMS processes the card with the new parameter(s). This field must identify an existing script in ESS or an existing chip card program in CMS. The field is used in conjunction with the REFERRED PROGRAM COUNTER field. Maintenance to this field is not retained unless RIS is installed."
}
,{
"fieldCode":"0111",
"fieldName":"REFERRED PROGRAM COUNTER",
"fieldFormat":"2N",
"helpText":"Maximum number of referred authorizations that can occur for a card processed by this chip card program before the script in the REFERRED SCRIPT ID field is sent."
}
,{
"fieldCode":"0112",
"fieldName":"CRITICAL EXCEPTION SCRIPT ID",
"fieldFormat":"8C",
"helpText":"This is the code that identifies the script to be sent to the card or the chip card program that the card migrates to from this program when a critical exception is encountered during the authorization process. Critical exceptions are defined on the Processing Parameters - Products Page in FAS.<br/>This field must identify an existing script in ESS or an existing chip card program in CMS."
}
,{
"fieldCode":"0113",
"fieldName":"EXCEPTION SCRIPT ID",
"fieldFormat":"8C",
"helpText":"This is the code that identifies the script that is sent to the card or the chip card program that the card migrates to from this program when a non-critical exception is encountered during the authorization process. Exceptions are defined on the Processing Parameters Products Page in FAS.<br/>This field must identify an existing script in ESS or an existing chip card program in CMS."
}
,{
"fieldCode":"0114",
"fieldName":"CRITICAL EXCEPTION OVERRIDE",
"fieldFormat":"1N",
"helpText":"Code that determines whether a critical exception encountered during the authorization process overrides a higher priority script (such as a PIN change request). The values are:<br/>0 = No. Critical exceptions do not override higher priority scripts.<br/>1 = Yes. Critical exceptions override higher priority scripts. <br/>NOTE:  If this field is 1, the CRITICAL EXCEPTION SCRIPT ID field must identify an existing script in ESS or an existing chip card program in CMS."
}
,{
"fieldCode":"0115",
"fieldName":"DESCRIPTION",
"fieldFormat":"40C",
"helpText":"This is the description of the Smart card program ID."
}
,{
"fieldCode":"0116",
"fieldName":"CHIP LEVEL OVERRIDE SWITCH",
"fieldFormat":"1C",
"helpText":"This field indicates the chip level override switch. The values are:<br/>N – Chip level override is off. (Default). All subsequent reissues of chip belonging to this program ID will default values from ARTM<br/>Y – Chip level override is on. All subsequent reissues of chip belonging to this program ID will default values from ARTM. Settings which are having permanent override set will be carried over to new chip along with permanent overrides."
}
],"section3":[
],"section4":[
{
"fieldCode":"0207",
"fieldName":"APPLICATION VERSION NUMBER",
"fieldFormat":"3N",
"helpText":"Smart card application version number (AVN) for Visa. The values are:<br/>132 = VIS 1.3.2<br/>140 = VIS 1.4<br/>150 = VIS 1.5.<br/>This value defaults to the Smart Card Embosser Detail record (Smart Card Embosser Detail VISA Service) and cannot be modified."
}
,{
"fieldCode":"0211",
"fieldName":"CRYPTOGRAM KEY INDEX",
"fieldFormat":"2N",
"helpText":"User-defined number that uniquely identifies the set of keys used for the card. Modification of this parameter is the responsibility of the user. CMS does not automatically update this field."
}
,{
"fieldCode":"0212",
"fieldName":"CRYPTOGRAM VERSION NUMBER",
"fieldFormat":"2N",
"helpText":"Version number of the cryptogram. Modification of this parameter is the responsibility of the user. CMS does not automatically update this field."
}
,{
"fieldCode":"0213",
"fieldName":"MAC KEY INDEX",
"fieldFormat":"2N",
"helpText":"User-defined number that uniquely identifies the set of keys used for the generation and validation of a MAC UDK (Message Authentication Code Unique Derivation Key). Modification of this parameter is the responsibility of the user. CMS does not automatically update this field."
}
,{
"fieldCode":"0214",
"fieldName":"PIN KEY INDEX",
"fieldFormat":"2N",
"helpText":"User-defined number that uniquely identifies the set of keys used for the generation and validation of an offline PIN UDK (Personal Identification Code Unique Derivation Key). Modification of this parameter is the responsibility of the user.  CMS does not automatically update this field."
}
,{
"fieldCode":"0215",
"fieldName":"SUPPORT OFFLINE PIN PROCESSING",
"fieldFormat":"1N",
"helpText":"Flag that indicates whether the card supports offline PIN processing. The values are:<br/>0 = No, offline PIN is not supported (Default)<br/>1 = Yes, offline PIN is supported."
}
,{
"fieldCode":"0218",
"fieldName":"PREFERRED CARDHOLDER VERIFICATION METHOD",
"fieldFormat":"1N",
"helpText":"Preferred cardholder verification method for EMV and VIS-compliant chip cards. CMS defaults this value to the Smart Card Embosser Detail record (PREF CARDHOLDER VERF field on Smart Card Embosser Detail VISA->03-Requested Details Page). The values are:<br/>1 = Online or offline PIN (Default)<br/>2 = Signature<br/>3 = Offline PIN and signature<br/>4 = No cardholder verification method."
}
,{
"fieldCode":"0216",
"fieldName":"LOW CONSECUTIVE OFFLINE LIMIT",
"fieldFormat":"3N",
"helpText":"Lower consecutive offline limit specified by the issuer for the maximum number of consecutive offline transactions allowed for a given chip card at a terminal with online capabilities.<br/>Note: Effective with the VIS 1.5 specifications, the Visa field that corresponds to LOW CONSECUTIVE OFFLINE LIMIT will be renamed to CONSECUTIVE TRANSACTION COUNTER LIMIT (CTCL). Because the Visa 1.3.2 and 1.4 specifications are still in effect, the current VisionPLUS field name will remain unchanged."
}
,{
"fieldCode":"0217",
"fieldName":"HIGH CONSECUTIVE OFFLINE LIMIT",
"fieldFormat":"3N",
"helpText":"Upper consecutive offline limit specified by the issuer for the maximum number of consecutive offline transactions that are allowed for a chip card before the transaction must go online.<br/>Note: Effective with the VIS 1.5 specifications, the Visa field that corresponds to UPPER CONS OFFLINE LIMIT will be renamed to CONSECUTIVE TRANSACTION COUNTER UPPER LIMIT (CTCUL). Because the Visa 1.3.2 and 1.4 specifications are still in effect, the current VisionPLUS field name will remain unchanged."
}
,{
"fieldCode":"0201",
"fieldName":"CURRENCY CONVERSION FACTOR",
"fieldFormat":"8N",
"helpText":"Decimal value CMS uses in an algorithm when converting the currency indicated by the SECONDARY APPL CURRENCY CODE to the cards domestic application currency."
}
,{
"fieldCode":"0202",
"fieldName":"SECONDARY APPL CURRENCY CODE",
"fieldFormat":"3N",
"helpText":"Secondary application currency code used during offline authorization of international transactions and to update the card with offline activity. This code may be the same as or different from the designated (account) currency and must be in ISO format."
}
,{
"fieldCode":"0203",
"fieldName":"MAXIMUM CONSECUTIVE CURRENCY OFFLINE TRANSACTION",
"fieldFormat":"3N",
"helpText":"Maximum consecutive currency transaction limit (international currency) that specifies the maximum number of offline international transactions allowed before an online authorization is required. An international transaction is defined as one in which the cards currency code is different from the terminals currency code.<br/>Note: Effective with the VIS 1.5 specifications, the Visa field that corresponds to Maximum CONSECUTIVE CURRENCY OFFLINE TRANSACTION will be renamed to CONSECUTIVE TRANSACTION COUNTER INTERNATIONAL LIMIT (CTCIL) and CONSECUTIVE TRANSACTION COUNTER INTERNATIONAL UPPER LIMIT (CTCIUL). Because the Visa 1.3.2 and 1.4 specifications are still in effect, the current VisionPLUS field name will remain unchanged."
}
,{
"fieldCode":"0204",
"fieldName":"MAXIMUM CONSECUTIVE COUNTRY OFFLINE TRANSACTION",
"fieldFormat":"3N",
"helpText":"Maximum consecutive country transaction limit (international country) that specifies the maximum number of offline international transactions (those not in the country of issue) allowed for the card before the transaction goes online.<br/>Note: Effective with the VIS 1.5 specifications, the Visa field that corresponds to MAXIMUM CONSECUTIVE COUNTRY OFFLINE TRANSACTION will be renamed to CONSECUTIVE TRANSACTION COUNTER INTERNATIONAL COUNTRY LIMIT (CTCICL). Because the Visa 1.3.2 and 1.4 specifications are still in effect, the current VisionPLUS field name will remain unchanged."
}
,{
"fieldCode":"0205",
"fieldName":"MAXIMUM AMOUNT OFFLINE BY CURRENCY",
"fieldFormat":"11N/2D",
"helpText":"Maximum amount Offline by currency. This value specifies the upper limit of the total amount of offline transactions in the designated currency allowed for the card before a transaction is forced to go online. The limit is in the designated currency for the card.<br/>Note: Effective with the VIS 1.5 specifications, the Visa field that corresponds to MAXIMUM AMOUNT OFFLINE BY CURRENCY will be renamed to CUMULATIVE TOTAL TRANSACTION AMOUNT LIMIT (CTTAL). Because the Visa 1.3.2 and 1.4 specifications are still in effect, the current VisionPLUS field name will remain unchanged."
}
,{
"fieldCode":"0206",
"fieldName":"TRANSACTION AMOUNT DUAL CURRENCY",
"fieldFormat":"11N/2D",
"helpText":"Cumulative total transaction upper limit. This value specifies the total amount of approved offline transactions allowed for the card in the designated (account) currency plus the secondary application currency (converted to the designated currency) before a transaction is forced to go online.<br/>Note: Effective with the VIS 1.5 specifications, the Visa field that corresponds to TRANSACTION AMOUNT DUAL CURRENCY will be renamed to CUMULATIVE TOTAL TRANSACTION AMOUNT UPPER LIMIT (CTTAUL). Because the Visa 1.3.2 and 1.4 specifications are still in effect, the current VisionPLUS field name will remain unchanged."
}
,{
"fieldCode":"0219",
"fieldName":"LOW CONSECUTIVE CONTACTLESS OFFLINE LIMIT",
"fieldFormat":"3N",
"helpText":"Lower consecutive Contactless offline limit specified by the issuer for the maximum number of consecutive contactless offline transactions allowed for a given chip card at a terminal with online capabilities."
}
,{
"fieldCode":"0220",
"fieldName":"HIGH CONSECUTIVE CONTACTLESS OFFLINE LIMIT",
"fieldFormat":"3N",
"helpText":"Upper consecutive offline limit specified by the issuer for the maximum number of consecutive contactless offline transactions allowed before the card requests contact chip or online processing for the transaction (and the transaction is declined if neither is supported)."
}
,{
"fieldCode":"0221",
"fieldName":"VISA LOW PAYMENT (VLP) RESET THRESHOLD",
"fieldFormat":"13N",
"helpText":"Minimum value specified by the issuer that the Visa Low-value Payment (VLP) available funds can be lowered to before the card requests online processing for the transaction."
}
,{
"fieldCode":"0222",
"fieldName":"VISA LOW PAYMENT (VLP) FUNDS LIMIT",
"fieldFormat":"13N",
"helpText":"Limit specified by the issuer for the Visa Low-value Payment (VLP) available funds accumulator. This is the amount used to reset the VLP available funds on the card after an approved online transaction."
}
,{
"fieldCode":"0223",
"fieldName":"VLP SINGLE CONTACTLESS OFFLINE LIMIT",
"fieldFormat":"11N/2D",
"helpText":"Maximum VLP amount specified by the issuer that is allowed for a single contactless offline transaction."
}
],"section5":[
],"section6":[
{
"fieldCode":"0305",
"fieldName":"APPLICATION VERSION NUMBER",
"fieldFormat":"3N",
"helpText":"Smart card application version number (AVN) for MasterCard. The values are:<br/>021 = M/Chip 2.1 Lite<br/>022 = M/Chip 2.1 Select<br/>041 = M/Chip 4.0 Lite<br/>042 = M/Chip 4.0 Select<br/>043 = M/Chip 4.0 on Advance<br/>050 = M/Chip Advance.<br/>This value defaults to the Smart Card Embosser Detail record (Smart Card Embosser Detail MC Service) and cannot be modified."
}
,{
"fieldCode":"0311",
"fieldName":"CRYPTOGRAM KEY INDEX",
"fieldFormat":"2N",
"helpText":"This is the user-defined number that uniquely identifies the set of keys used for the card. Modification of this parameter is the responsibility of the user. CMS does not automatically update this field."
}
,{
"fieldCode":"0312",
"fieldName":"CRYPTOGRAM VERSION NUMBER",
"fieldFormat":"2N",
"helpText":"This is the Version number of the cryptogram. Modification of this parameter is the responsibility of the user. CMS does not automatically update this field."
}
,{
"fieldCode":"0313",
"fieldName":"MAC KEY INDEX",
"fieldFormat":"2N",
"helpText":"User-defined number that uniquely identifies the set of keys used for the generation and validation of a MAC UDK (Message Authentication Code Unique Derivation Key). Modification of this parameter is the responsibility of the user. CMS does not automatically update this field."
}
,{
"fieldCode":"0314",
"fieldName":"PIN KEY INDEX",
"fieldFormat":"2N",
"helpText":"User-defined number that uniquely identifies the set of keys used for the generation and validation of an offline PIN UDK (Personal Identification Code Unique Derivation Key). Modification of this parameter is the responsibility of the user. CMS does not automatically update this field."
}
,{
"fieldCode":"0315",
"fieldName":"SUPPORT OFFLINE PIN PROCESSING",
"fieldFormat":"1N",
"helpText":"Flag that indicates whether the card supports offline PIN processing. The values are:<br/>0 = No, offline PIN is not supported (Default)<br/>1 = Yes, offline PIN is supported."
}
,{
"fieldCode":"0316",
"fieldName":"COUNTER 1 LOWER LIMIT",
"fieldFormat":"3N",
"helpText":"Number of consecutive offline transactions allowed for the card prior to the cards requesting transactions to be performed online. If the terminal is not capable of going online, the card can still approve the transaction."
}
,{
"fieldCode":"0317",
"fieldName":"COUNTER 1 UPPER LIMIT",
"fieldFormat":"3N",
"helpText":"Cumulative count of transactions allowed for the card prior to the cards requesting transactions to be performed online. If the terminal is not capable of going online, the card will decline the transaction."
}
,{
"fieldCode":"0301",
"fieldName":"NON-DOMESTIC RISK CONTROL",
"fieldFormat":"3N",
"helpText":"Non-domestic control factor that adjusts the risk for non-domestic transactions so that such transactions will go online more frequently than domestic transactions."
}
,{
"fieldCode":"0302",
"fieldName":"ACCUMULATOR 1 LOWER LIMIT",
"fieldFormat":"11N/2D",
"helpText":"Cumulative amount of transactions allowed for the card prior to the cards requesting the transaction to be performed online. If the terminal is not capable of going online, the card can still approve the transaction."
}
,{
"fieldCode":"0303",
"fieldName":"ACCUMULATOR 1 UPPER LIMIT",
"fieldFormat":"11N/2D",
"helpText":"Cumulative amount of transactions allowed for the card prior to the cards requesting the transaction to be performed online. If the terminal is not capable of going online, the card will decline the transaction."
}
,{
"fieldCode":"0304",
"fieldName":"MAXIMUM OFFLINE TRANSACTION AMOUNT",
"fieldFormat":"11N/2D",
"helpText":"Maximum offline transaction amount. This value is an issuer-specified parameter that indicates the maximum offline transaction amount. If this value is exceeded, the transaction will seek online authorization, subject to the correct card issuer action code setting."
}
,{
"fieldCode":"0318",
"fieldName":"ACCUMULATOR 2 LOWER LIMIT",
"fieldFormat":"13N",
"helpText":"Cumulative amount of transactions allowed for the card prior to the cards requesting the transaction to be performed online. If the terminal is not capable of going online, the card can still approve the transaction."
}
,{
"fieldCode":"0319",
"fieldName":"ACCUMULATOR 2 UPPER LIMIT",
"fieldFormat":"13N",
"helpText":"Cumulative amount of transactions allowed for the card prior to the cards requesting the transaction to be performed online. If the terminal is not capable of going online, the card will decline the transaction."
}
,{
"fieldCode":"0320",
"fieldName":"COUNTER 2 LOWER LIMIT",
"fieldFormat":"3N",
"helpText":"Cumulative count of transactions allowed for the card prior to the cards requesting transactions to be performed online. If the terminal is not capable of going online, the card can still approve the transaction."
}
,{
"fieldCode":"0321",
"fieldName":"COUNTER 2 UPPER LIMIT",
"fieldFormat":"3N",
"helpText":"Cumulative count of transactions allowed for the card prior to the cards requesting transactions to be performed online. If the terminal is not capable of going online, the card will decline the transaction."
}
,{
"fieldCode":"0322",
"fieldName":"INTERFACE ENABLING INDICATOR",
"fieldFormat":"1N",
"helpText":"Flag that indicates whether one of the interfaces in a dual- interface card is disabled. The values are:<br/>0 = Contact and contactless interfaces enabled (Default)<br/>1 = Contactless interface disabled<br/>2 = Contact interface disabled.<br/>You can use this option to increase security when shipping a card to the cardholder. Disabling the contactless interface helps prevent skimming of card data while the card is in transit. When the card is received, the disabled interface can be enabled via a command script to update the data element corresponding to the interface enabling switch on the card chip."
}
,{
"fieldCode":"0323",
"fieldName":"MTA CVM CONTACT",
"fieldFormat":"13N",
"helpText":"Maximum transaction amount allowed for the card for a contact transaction with cardholder verification method (CVM) (online PIN, successful offline PIN, or signature)."
}
,{
"fieldCode":"0324",
"fieldName":"MTA NO CVM CONTACT",
"fieldFormat":"13N",
"helpText":"Maximum transaction amount allowed for the card for a contact transaction without CVM (anything other than online PIN, successful offline PIN, or signature)."
}
,{
"fieldCode":"0325",
"fieldName":"MTA CVM CONTACTLESS",
"fieldFormat":"13N",
"helpText":"Maximum transaction amount allowed for the card for a contactless transaction with CVM (online PIN, successful offline PIN, or signature)."
}
,{
"fieldCode":"0326",
"fieldName":"MTA NO CVM CONTACTLESS",
"fieldFormat":"13N",
"helpText":"Maximum transaction amount allowed for the card for a contactless transaction without CVM (anything other than online PIN, successful offline PIN, or signature)."
}
,{
"fieldCode":"0327",
"fieldName":"NUMER OF DAYS OFFLINE LIMIT",
"fieldFormat":"3N",
"helpText":"Maximum number of days the card is allowed to operate in an offline environment before being forced to go online."
}
,{
"fieldCode":"0328",
"fieldName":"PARTIAL AUTHORIZATIONS",
"fieldFormat":"1N",
"helpText":"Flag that indicates whether the card supports partial authorizations. The values are:<br/>0 = Card does not support partial authorizations (Default)<br/>1 = Card supports partial authorizations."
}
,{
"fieldCode":"0329",
"fieldName":"SCA COMPL",
"fieldFormat":"1N",
"helpText":"Code that indicates whether the chip has inbuilt SCA capability. The values are:<br/>0 = Chip does not have SCA capability<br/>1 = Chip has inbuilt SCA capability."
}
],"section7":[
],"section8":[
{
"fieldCode":"0401",
"fieldName":"JCB SMART VERSION NUMBER",
"fieldFormat":"4N",
"helpText":"JCB Smart Card application version number (AVN). The first three positions of this field are:<br/>012 = J/Smart 1.2<br/>020 = J/Smart 2.0.<br/>The fourth position is a user-defined numeric value. This field defaults to the Smart Card Embosser Detail record (Smart Card Embosser Detail JCB Service) and cannot be modified."
}
,{
"fieldCode":"0411",
"fieldName":"CRYPTOGRAM KEY INDEX",
"fieldFormat":"2N",
"helpText":"User-defined number that uniquely identifies the set of keys used for the card. Modification of this parameter is the responsibility of the user. CMS does not automatically update this field."
}
,{
"fieldCode":"0412",
"fieldName":"CRYPTOGRAM VERSION NUMBER",
"fieldFormat":"2N",
"helpText":"Version number of the cryptogram. Modification of this parameter is the responsibility of the user. CMS does not automatically update this field."
}
,{
"fieldCode":"0413",
"fieldName":"MAC KEY INDEX",
"fieldFormat":"2N",
"helpText":"User-defined number that uniquely identifies the set of keys used for generation and validation of a MAC UDK (Message Authentication Code Unique Derivation Key). Modification of this parameter is the responsibility of the user. CMS does not automatically update this field."
}
,{
"fieldCode":"0414",
"fieldName":"PIN KEY INDEX",
"fieldFormat":"2N",
"helpText":"User-defined number that uniquely identifies the set of keys used for generation and validation of an offline PIN UDK (Personal Identification Code Unique Derivation Key). Modification of this parameter is the responsibility of the user. CMS does not automatically update this field."
}
,{
"fieldCode":"0415",
"fieldName":"SUPPORT OFFLINE PIN PROCESSING",
"fieldFormat":"1N",
"helpText":"Code that indicates if the card supports offline PIN processing. The values are:<br/>0 = No, offline PIN is not supported.<br/>1 = Yes, offline PIN is supported."
}
,{
"fieldCode":"0416",
"fieldName":"LOW CONSECUTIVE OFFLINE LIMIT",
"fieldFormat":"3N",
"helpText":"Lower consecutive offline limit specified by the issuer for the maximum number of consecutive offline transactions allowed for a given chip card at a terminal with online capabilities."
}
,{
"fieldCode":"0417",
"fieldName":"HIGH CONSECUTIVE OFFLINE LIMIT",
"fieldFormat":"3N",
"helpText":"Upper consecutive offline limit specified by the issuer for the maximum number of consecutive offline transactions that are allowed for a chip card before the transaction must go online."
}
,{
"fieldCode":"0403",
"fieldName":"TOTAL TRANSACTION AMOUNT LIMIT",
"fieldFormat":"11N/2D",
"helpText":"Total Transaction Amount Limit. This value specifies the total amount limit of offline transactions allowed for this card before a transaction is forced to go online."
}
,{
"fieldCode":"0404",
"fieldName":"TOTAL TRANSACTION UPPER LIMIT",
"fieldFormat":"11N/2D",
"helpText":"Total Transaction Upper Limit. This value specifies the upper limit of the total amount of offline transactions allowed for this card before a transaction is forced to go online."
}
,{
"fieldCode":"0405",
"fieldName":"LOW CONSECUTIVE DOMESTIC LIMIT",
"fieldFormat":"3N",
"helpText":"Lower consecutive domestic offline limit. This value specifies the lower limit of consecutive offline domestic transactions allowed for the card before the transaction goes online."
}
,{
"fieldCode":"0406",
"fieldName":"HIGH CONSECUTIVE DOMESTIC LIMIT",
"fieldFormat":"3N",
"helpText":"Upper consecutive domestic offline limit. This value specifies the upper limit of consecutive offline domestic transactions allowed for the card before the transaction goes online."
}
,{
"fieldCode":"0407",
"fieldName":"LOW CONSECUTIVE INTERNATIONAL LIMIT",
"fieldFormat":"3N",
"helpText":"Lower consecutive international offline limit. This value specifies the lower limit of consecutive offline international transactions allowed for the card before the transaction goes online."
}
,{
"fieldCode":"0408",
"fieldName":"HIGH CONSECUTIVE INTERNATIONAL LIMIT",
"fieldFormat":"3N",
"helpText":"Upper consecutive international offline limit. This value specifies the upper limit of consecutive offline international transactions allowed for the card before the transaction goes online."
}
,{
"fieldCode":"0409",
"fieldName":"MAXIMUM DOMESTIC TRANSACTION AMOUNT",
"fieldFormat":"11N/2D",
"helpText":"Maximum domestic offline transaction amount. This value specifies the maximum amount of domestic offline transactions allowed for the card before the transaction goes online."
}
,{
"fieldCode":"0410",
"fieldName":"TRANSACTION CURRENCY CONVERSION TABLE",
"fieldFormat":"24C",
"helpText":"Transaction currency conversion table. This value specifies the currency conversion table used for the transaction."
}
],"section9":[
],"section10":[
{
"fieldCode":"5201",
"fieldName":"AMEX VERSION",
"fieldFormat":"4N",
"helpText":"AMEX Smart Card application version number (AVN). The first three positions of this field are:<br/>410 = AE41<br/>420 = AE42.<br/>The fourth position is a user-defined numeric value. This field defaults to the Smart Card Embosser Detail record (Smart Card Embosser Detail Amex Service) and cannot be modified."
}
,{
"fieldCode":"5203",
"fieldName":"CRYPTOGRAM KEY INDEX",
"fieldFormat":"2N",
"helpText":"User-defined number that uniquely identifies the set of keys used for the card. Modification of this parameter is the responsibility of the user. CMS does not automatically update this field."
}
,{
"fieldCode":"5202",
"fieldName":"CRYPTOGRAM VERSION",
"fieldFormat":"2N",
"helpText":"Version number of the cryptogram. Modification of this parameter is the responsibility of the user. CMS does not automatically update this field."
}
,{
"fieldCode":"5204",
"fieldName":"MAC KEY INDEX",
"fieldFormat":"2N",
"helpText":"User-defined number that uniquely identifies the set of keys used for generation and validation of a MAC UDK (Message Authentication Code Unique Derivation Key). Modification of this parameter is the responsibility of the user. CMS does not automatically update this field."
}
,{
"fieldCode":"5205",
"fieldName":"ENC KEY INDEX",
"fieldFormat":"2N",
"helpText":"User-defined number that uniquely identifies the set of keys used for generation and validation of an offline PIN UDK (Personal Identification Code Unique Derivation Key). Modification of this parameter is the responsibility of the user. CMS does not automatically update this field."
}
,{
"fieldCode":"5208",
"fieldName":"OFFLINE PIN",
"fieldFormat":"1N",
"helpText":"Code that indicates if the card supports offline PIN processing. The values are:<br/>0 = No, offline PIN is not supported.<br/>1 = Yes, offline PIN is supported."
}
,{
"fieldCode":"5206",
"fieldName":"LOWER CONS OFFLINE LIMIT",
"fieldFormat":"3N",
"helpText":"Lower consecutive offline limit specified by the issuer for the maximum number of consecutive offline transactions allowed for a given chip card at a terminal with online capabilities."
}
,{
"fieldCode":"5207",
"fieldName":"UPPER CONS OFFLINE LIMIT",
"fieldFormat":"3N",
"helpText":"Upper consecutive offline limit specified by the issuer for the maximum number of consecutive offline transactions that are allowed for a chip card before the transaction must go online."
}
,{
"fieldCode":"5209",
"fieldName":"NON-DOMESTIC CONS TRANS LIMIT",
"fieldFormat":"3N",
"helpText":"Consecutive non domestic offline limit. This value specifies the lower limit of consecutive offline international transactions allowed for the card before the transaction goes online."
}
,{
"fieldCode":"5210",
"fieldName":"CUMULATIVE TOTAL TRANSACTION AMT",
"fieldFormat":"13N",
"helpText":"Total Transaction Amount Limit. This value specifies the total amount limit of offline transactions allowed for this card before a transaction is forced to go online."
}
,{
"fieldCode":"5212",
"fieldName":"CUMULATIVE TOT TXN AMT UPPER LIM",
"fieldFormat":"13N",
"helpText":"Total Transaction Upper Limit. This value specifies the upper limit of the total amount of offline transactions allowed for this card before a transaction is forced to go online."
}
,{
"fieldCode":"5213",
"fieldName":"CTLS CUM TOT TXN AMT LOWER LMT",
"fieldFormat":"13N",
"helpText":"Cumulative total transaction amount lower limit. This value specifies the lower limit of the total amount of offline transactions allowed for this card before a transaction is forced<br/>to go online. Total Transaction Upper Limit"
}
,{
"fieldCode":"5214",
"fieldName":"CTLS CUM TOT TXN AMT UPPER LMT",
"fieldFormat":"13N",
"helpText":"Total Transaction Upper Limit. This value specifies the upper limit of the total amount of offline transactions allowed for this card before a transaction is forced to go online."
}
,{
"fieldCode":"5215",
"fieldName":"CTLS NON-DOMESTIC CONS TXN LIM",
"fieldFormat":"3N",
"helpText":"Consecutive non domestic offline limit. This value specifies the lower limit of consecutive offline international transactions allowed for the card before the transaction goes online."
}
,{
"fieldCode":"5216",
"fieldName":"CTLS SINGLE TXN VALUE UPPRLMT",
"fieldFormat":"13N",
"helpText":"Maximum domestic single offline transaction amount limit. This value specifies the maximum amount of single domestic offline transactions allowed for the card before the transaction goes online."
}
,{
"fieldCode":"5217",
"fieldName":"CTLS SINGLE TXN VALUE UPPER LMT-DC",
"fieldFormat":"13N",
"helpText":"Maximum domestic single offline transaction amount limit. This value specifies the maximum amount of single domestic offline transactions allowed for the card before the transaction goes online."
}
,{
"fieldCode":"5218",
"fieldName":"SINGLE TXN VALUE LMT CHK-DUAL CURR CD",
"fieldFormat":"3N",
"helpText":"Cumulative total transaction upper limit. This value specifies the total amount of approved offline transactions allowed for the card in the designated (account) currency plus the secondary application currency (converted to the designated currency) before a transaction is forced to go online."
}
],"section11":[
{
"fieldCode":"4001",
"fieldName":"BUSINESS UNIT",
"fieldFormat":"3N",
"helpText":"This field is the identification number of the Business Unit associated with this Account Details record. The values are 001-998."
}
,{
"fieldCode":"4002",
"fieldName":"SMART CARD PROGRAM ID",
"fieldFormat":"3N",
"helpText":"Identification number of the Smart card program ID."
}
,{
"fieldCode":"0199",
"fieldName":"DATE LAST MAINTENANCE",
"fieldFormat":"",
"helpText":"Date of the last maintenance for this record. The date in this field is system-generated; you cannot change it."
}
,{
"fieldCode":"0198",
"fieldName":"OPERATOR",
"fieldFormat":"3C",
"helpText":"This field is the Operator id of the operator who last maintains this record. This field is system-generated; you cannot change it."
}
,{
"fieldCode":"0101",
"fieldName":"STATUS",
"fieldFormat":"1N",
"helpText":"This is the Status of the record. The value in this field is system-generated; you cannot change it. Varied values of status of a record are:-<br/>1 = Active record.<br/>9 = Purged record."
}
],"section12":[
{
"fieldCode":"",
"fieldName":"COPY FROM",
"fieldFormat":"3N",
"helpText":"Key field which contain business unit and rule set."
}
,{
"fieldCode":"",
"fieldName":"COPY TO",
"fieldFormat":"3N",
"helpText":"Key field which contain business unit and rule set."
}
],"section13":[
{
"fieldCode":"5111",
"fieldName":"2FA INDICATOR",
"fieldFormat":"1C",
"helpText":"Code that indicates whether two-factor-authentication is used for a smart card. This value defaults from the Logo record. The values are:<br/>0 = Authentication is disabled<br/>C = Card is issued with CAP functionality<br/>D = Card is issued with DPA functionality."
}
]},"sections": {
"section0":""
,
"section1":""
,
"section2":"Chip Card Program-01-Smart Card Program Controls"
,
"section3":"Chip Card Program-02-Visa Chip Program Controls"
,
"section4":"VISA SPECIFIC FIELDS"
,
"section5":"Chip Card Program-03-MasterCard Chip Program Controls"
,
"section6":"MASTERCARD SPECIFIC FIELDS"
,
"section7":"Chip Card Program-04-JCB Chip Program Controls"
,
"section8":"J/SMART SPECIFIC FIELDS"
,
"section9":"Chip Card Program-06-AMEX Chip Program Controls"
,
"section10":"AMEX SPECIFIC FIELDS"
,
"section11":"Chip Card Program-99-Status & Activity Information"
,
"section12":"Chip Card Program - ARTM/ARTQ/ARTA - COPY"
,
"section13":"Chip Card Program - ARTM/ARTQ/ARTA - Z1-Smart Card Data"
}}
