{"data":{
"section0":[
],"section1":[
{
"fieldCode":"4001",
"fieldName":"BUSINESS UNIT",
"fieldFormat":"3N",
"helpText":"Identification number of the business unit associated with this Authorization Criteria table. The values are 001-998."
}
,{
"fieldCode":"4002",
"fieldName":"AUTHORIZATION TABLE PRODUCT",
"fieldFormat":"3N",
"helpText":"This is the type of product associated with authorization table."
}
,{
"fieldCode":"4002",
"fieldName":"AUTHORIZATION TABLE NUMBER",
"fieldFormat":"3C",
"helpText":"Identification number of the Authorization Criteria table. Table numbers are a combination of the letters A-Z and numbers 0-9. The default is AAA. For a new table, CMS assigns the next number in sequence to the Authorization Criteria table."
}
,{
"fieldCode":"4004",
"fieldName":"SPEND CATEGORY DESCRIPTION",
"fieldFormat":"2C",
"helpText":"Code that identifies the type of spending categories defined on this Authorization Criteria table. The values are:01-34, A, C, F, H, O, P, R, T, U, X, Z"
}
,{
"fieldCode":"4005",
"fieldName":"CATEGORY SCHEME",
"fieldFormat":"1C",
"helpText":"Code that identifies the type of spending categories defined on this Authorization Criteria table. The values are:<br/> Visa (V)<br/> Mastercard (M)<br/> JCB (J)<br/> AMEX (A)<br/>CMS supports MasterCard purchasing only with the Hierarchy Company System (HCS). The CATEGORY SCHEME field cannot be M unless HCS is active (COMMERCIAL CARD MANAGEMENT on System Control 04->System Level switch Page is 1) and the Business unit allows HCS commercial cards (COMMERCIAL CARD ALLOWED on Business Units ->11-Relationship & Tax Controls Page is 2)."
}
],"section2":[
{
"fieldCode":"0201",
"fieldName":"RECORD STATUS",
"fieldFormat":"1N",
"helpText":"Code that identifies the status of the Visa spending category and indicates whether additional authorization criteria has been entered. The values are:<br/>Inactive (0)<br/>Active Regardless (1)<br/>Active Conditional (2)"
}
,{
"fieldCode":"0202",
"fieldName":"PREFERRED VENDORS",
"fieldFormat":"1N",
"helpText":"Code that indicates whether preferred vendors exist for this spending category. The values are:<br/>No Vendors (0)<br/>Vendor (1)"
}
,{
"fieldCode":"0210",
"fieldName":"INCLUDE/EXCLUDE INDICATOR",
"fieldFormat":"1C",
"helpText":"Appears 30 times. Include or exclude indicator that enables the spending category, as defined for individual MCCs on the Category Code Master file (SMCA), to be overridden. <br/>A spending category within the Authorization Criteria table can be either included in or excluded from the authorization check. Blank Merchant Category Code ranges indicated with an I (include) cause the entire spending category to be declined. <br/>Include/exclude functionality is mutually exclusive in that the user cannot mix the two options, include or exclude ranges, within the same spending group category.<br/>For excluded MCC ranges, the COUNTRY CODE, POSTAL CODE, and SINGLE TRANSACTION LIMIT are not applicable.<br/>If a value is not specified in the I/E field on the first row, FAS bypasses MCC range checking and proceeds to check the COUNTRY, POSTAL CODE, and SINGLE TRANSACTION LIMIT criteria during the authorization process.<br/>Note:  When exclude functionality is active and the merchant type of the authorization request falls within an excluded range of MCCs, the FAS response decision is made according to parameters on the FAS Processing Parameters Page (Processing Parameters Business Unit  10-MCC Parameters).<br/>Note:  When include functionality is active and the merchant type of the authorization request does not fall within an included range of MCCs, the FAS response decision is made according to parameters on the FAS Processing Parameters Page (Processing Parameters Business Unit  10-MCC Parameters).<br/>Note:  When include functionality is active and the merchant type of the authorization request falls within an included range of MCCs, FAS checks the COUNTRY, POSTAL CODE, and SINGLE TRANSACTION LIMIT criteria during the authorization process."
}
,{
"fieldCode":"0203",
"fieldName":"MCC FROM",
"fieldFormat":"4N",
"helpText":"Appears 30 times. The field is used to enter up to ten ranges of Merchant Category Codes (MCC). Each range identifies MCCs to include in the Authorization Criteria table for the spending category selected. All other MCCs from this spending category are excluded from the table.<br/>Caution:  All MCCs defined within these MCC fields must be valid for the spending category selected. When entering your MCC ranges, be sure that you do not include any codes that are invalid for the current spending category. Invalid entries are highlighted."
}
,{
"fieldCode":"0204",
"fieldName":"MCC TO",
"fieldFormat":"4N",
"helpText":"Appears 30 times. Two-part field used to enter up to ten ranges of Merchant Category Codes (MCC). Each range identifies MCCs to include in the Authorization Criteria table for the spending category selected. All other MCCs from this spending category are excluded from the table."
}
,{
"fieldCode":"0205",
"fieldName":"COUNTRY CODE",
"fieldFormat":"3C",
"helpText":"Appears 30 times. Country codes in which purchases are allowed. Entering country codes in these fields excludes all other countries."
}
,{
"fieldCode":"0206",
"fieldName":"POSTAL CODE",
"fieldFormat":"10C",
"helpText":"Appears 30 times. Postal codes in which purchases are allowed. Entering postal codes in these fields excludes all other postal codes."
}
,{
"fieldCode":"0207",
"fieldName":"SINGLE TRANSACTION LIMIT",
"fieldFormat":"15N/2D",
"helpText":"Appears 30 times. Amount, in monetary units and subunits that indicate the maximum limit of a single transaction for an MCC or an MCC range. You can enter an amount on the first line without an MCC or MCC range that applies to all valid MCCs or MCC ranges for a spending category."
}
,{
"fieldCode":"0301",
"fieldName":"VENDOR ID 1",
"fieldFormat":"15C",
"helpText":"Appears 30 times. The field that identifies the Card Acceptor Identification Code within a Merchant Category Code (MCC). This is the Card Acceptor Identification Code in the authorization request message."
}
,{
"fieldCode":"0302",
"fieldName":"VENDOR NAME 1",
"fieldFormat":"25C",
"helpText":"Appears 30 times. This field is the Card Acceptor Name/Location in the authorization request message."
}
,{
"fieldCode":"0303",
"fieldName":"VENDOR ID 2",
"fieldFormat":"15C",
"helpText":"Appears 30 times. The field that identifies the Card Acceptor Identification Code within a Merchant Category Code (MCC). This is the Card Acceptor Identification Code in the authorization request message."
}
,{
"fieldCode":"0304",
"fieldName":"VENDOR NAME 2",
"fieldFormat":"25C",
"helpText":"Appears 30 times. This field is the Card Acceptor Name/Location in the authorization request message."
}
,{
"fieldCode":"0305",
"fieldName":"VENDOR ID 3",
"fieldFormat":"15C",
"helpText":"Appears 30 times. The field that identifies the Card Acceptor Identification Code within a Merchant Category Code (MCC). This is the Card Acceptor Identification Code in the authorization request message."
}
,{
"fieldCode":"0306",
"fieldName":"VENDOR NAME 3",
"fieldFormat":"25C",
"helpText":"Appears 30 times. This field is the Card Acceptor Name/Location in the authorization request message."
}
,{
"fieldCode":"0307",
"fieldName":"VENDOR ID 4",
"fieldFormat":"15C",
"helpText":"Appears 30 times. The field that identifies the Card Acceptor Identification Code within a Merchant Category Code (MCC). This is the Card Acceptor Identification Code in the authorization request message."
}
,{
"fieldCode":"0308",
"fieldName":"VENDOR NAME 4",
"fieldFormat":"25C",
"helpText":"Appears 30 times. This field is the Card Acceptor Name/Location in the authorization request message."
}
,{
"fieldCode":"0309",
"fieldName":"VENDOR ID 5",
"fieldFormat":"15C",
"helpText":"Appears 30 times. The field that identifies the Card Acceptor Identification Code within a Merchant Category Code (MCC). This is the Card Acceptor Identification Code in the authorization request message."
}
,{
"fieldCode":"0310",
"fieldName":"Vendor Name 5",
"fieldFormat":"25C",
"helpText":"Appears 30 times. This field is the Card Acceptor Name/Location in the authorization request message."
}
,{
"fieldCode":"0311",
"fieldName":"VENDOR ID 6",
"fieldFormat":"15C",
"helpText":"Appears 30 times. The field that identifies the Card Acceptor Identification Code and Card Acceptor Name/Location for up to six preferred vendors within a Merchant Category Code (MCC). This is the Card Acceptor Identification Code in the authorization request message."
}
,{
"fieldCode":"0312",
"fieldName":"VENDOR NAME 6",
"fieldFormat":"25C",
"helpText":"Appears 30 times. This field is the Card Acceptor Name/Location in the authorization request message."
}
],"section3":[
{
"fieldCode":"0208",
"fieldName":"VALID FROM HOURS",
"fieldFormat":"",
"helpText":"This is a table containing 2 fields provided in the columns of the table, each fields has 7 occurrences or given fixed labels provided as the rows of the table. E.g. for VALID FROM HOURS field, the first occurrence is the SUNDAY level and the second occurrence is MONDAY label and so on for all the given fields."
}
,{
"fieldCode":"0208",
"fieldName":"SUNDAY",
"fieldFormat":"4N",
"helpText":"Starting time for Sunday that an authorization request is allowed. Entries are based on a 24-hour time scale. VALID FROM HOURS left as zeros indicate that the day does not have a time limitation.<br/>Example:<br/>To specify a time range of 8:00 a.m. to 6:00 p.m. for Sunday, enter 0800 in the VALID FROM HOURS field and 1800 in the VALID TO HOURS field for Sunday.<br/>CMS applies the time-of-day test before other controls on this table. If an authorization fails the time requirement, the authorization is declined. Time-of-day checking is supported with local time, not the authorization transactions actual time of origination in Greenwich Mean Time (GMT)."
}
,{
"fieldCode":"0208",
"fieldName":"MONDAY",
"fieldFormat":"4N",
"helpText":"Starting time for Monday that an authorization request is allowed. Entries are based on a 24-hour time scale. VALID FROM HOURS left as zeros indicate that the day does not have a time limitation."
}
,{
"fieldCode":"0208",
"fieldName":"TUESDAY",
"fieldFormat":"4N",
"helpText":"Starting time for Monday that an authorization request is allowed. Entries are based on a 24-hour time scale. VALID FROM HOURS left as zeros indicate that the day does not have a time limitation."
}
,{
"fieldCode":"0208",
"fieldName":"WEDNESDAY",
"fieldFormat":"4N",
"helpText":"Starting time for Monday that an authorization request is allowed. Entries are based on a 24-hour time scale. VALID FROM HOURS left as zeros indicate that the day does not have a time limitation."
}
,{
"fieldCode":"0208",
"fieldName":"THURSDAY",
"fieldFormat":"4N",
"helpText":"Starting time for Monday that an authorization request is allowed. Entries are based on a 24-hour time scale. VALID FROM HOURS left as zeros indicate that the day does not have a time limitation."
}
,{
"fieldCode":"0208",
"fieldName":"FRIDAY",
"fieldFormat":"4N",
"helpText":"Starting time for Monday that an authorization request is allowed. Entries are based on a 24-hour time scale. VALID FROM HOURS left as zeros indicate that the day does not have a time limitation."
}
,{
"fieldCode":"0208",
"fieldName":"SATURDAY",
"fieldFormat":"4N",
"helpText":"Starting time for Monday that an authorization request is allowed. Entries are based on a 24-hour time scale. VALID FROM HOURS left as zeros indicate that the day does not have a time limitation."
}
,{
"fieldCode":"0209",
"fieldName":"VALID TO HOURS",
"fieldFormat":"",
"helpText":"This is a table containing 2 fields provided in the columns of the table, each field has 7 occurrences or given fixed labels provided as the rows of the table. E.g. for VALID TO HOURS field, the first occurrence is the SUNDAY level and the second occurrence is MONDAY label and so on for all the given fields."
}
,{
"fieldCode":"0209",
"fieldName":"SUNDAY",
"fieldFormat":"4N",
"helpText":"Ending time for Sunday that an authorization request is allowed. Entries are based on a 24-hour time scale. VALID TO HOURS left as zeros indicate that the day does not have a time limitation.<br/>Example:<br/>To specify a time range of 8:00 a.m. to 6:00 p.m. for Sunday, enter 0800 in the VALID FROM HOURS field and 1800 in the VALID TO HOURS field for Sunday.<br/>CMS applies the time-of-day test before other controls on this table. If an authorization fails the time requirement, the authorization is declined. Time-of-day checking is supported with local time, not the authorization transactions actual time of origination in Greenwich Mean Time (GMT)."
}
,{
"fieldCode":"0209",
"fieldName":"MONDAY",
"fieldFormat":"4N",
"helpText":"Ending time for Monday that an authorization request is allowed. Entries are based on a 24-hour time scale. VALID TO HOURS left as zeros indicate that the day does not have a time limitation."
}
,{
"fieldCode":"0209",
"fieldName":"TUESDAY",
"fieldFormat":"4N",
"helpText":"Ending time for Monday that an authorization request is allowed. Entries are based on a 24-hour time scale. VALID TO HOURS left as zeros indicate that the day does not have a time limitation."
}
,{
"fieldCode":"0209",
"fieldName":"WEDNESDAY",
"fieldFormat":"4N",
"helpText":"Ending time for Monday that an authorization request is allowed. Entries are based on a 24-hour time scale. VALID TO HOURS left as zeros indicate that the day does not have a time limitation."
}
,{
"fieldCode":"0209",
"fieldName":"THURSDAY",
"fieldFormat":"4N",
"helpText":"Ending time for Monday that an authorization request is allowed. Entries are based on a 24-hour time scale. VALID TO HOURS left as zeros indicate that the day does not have a time limitation."
}
,{
"fieldCode":"0209",
"fieldName":"FRIDAY",
"fieldFormat":"4N",
"helpText":"Ending time for Monday that an authorization request is allowed. Entries are based on a 24-hour time scale. VALID TO HOURS left as zeros indicate that the day does not have a time limitation."
}
,{
"fieldCode":"0209",
"fieldName":"SATURDAY",
"fieldFormat":"4N",
"helpText":"Ending time for Monday that an authorization request is allowed. Entries are based on a 24-hour time scale. VALID TO HOURS left as zeros indicate that the day does not have a time limitation."
}
],"section4":[
{
"fieldCode":"0299",
"fieldName":"REC STATUS",
"fieldFormat":"1N",
"helpText":"Code that identifies the status of the record."
}
,{
"fieldCode":"0198",
"fieldName":"LAST MAINTENANCE OPERATOR",
"fieldFormat":"3C",
"helpText":"Operator of the last maintenance for this record. This field is system-generated; you cannot change it."
}
],"section5":[
{
"fieldCode":"9901",
"fieldName":"INCLUDE/EXCLUDE INDICATOR",
"fieldFormat":"1C",
"helpText":"Include/exclude indicator for the merchant category codes specified in the FROM and TO range. The values are:<br/>I = Include the specified MCCs in the authorization processing parameters specified on this screen<br/>E = Exclude these MCCs; FAS will use the authorization processing parameters defined in the EXCLUDED MCC field on OFMP29 for any authorization request made for excluded MCCs."
}
,{
"fieldCode":"9902",
"fieldName":"MERCHANT ID",
"fieldFormat":"15N",
"helpText":"Identification of the merchant corresponding to the acquirer BIN or ICA."
}
,{
"fieldCode":"9903",
"fieldName":"ACQUIRER ID",
"fieldFormat":"6N",
"helpText":"Number that identifies the acquiring bank or the merchant bank.<br/>Note: This field cannot be set to zeros when the DOMESTIC ON-US ATM field is set to 1."
}
],"section6":[
{
"fieldCode":"",
"fieldName":"COPY FROM",
"fieldFormat":"3N",
"helpText":"Key field which contain business unit and rule set."
}
,{
"fieldCode":"",
"fieldName":"COPY TO",
"fieldFormat":"3N",
"helpText":"Key field which contain business unit and rule set."
}
]},"sections": {
"section0":""
,
"section1":"Authorization Criteria - ARLM/ARLQ/ARLA"
,
"section2":"Authorization Criteria - ARLM/ARLQ/ARLA - 01-Authorization Criteria"
,
"section3":"Authorization Criteria - ARLM/ARLQ/ARLA - 02-Authorization Allowed Time"
,
"section4":"Authorization Criteria - ARLM/ARLQ/ARLA - 99-Status & Activity Information"
,
"section5":"Authorization Criteria - ARLM/ARLQ/ARLA - Z01-Valid MID AID Combo Details"
,
"section6":"Authorization Criteria - ARLM/ARLQ/ARLA - COPY"
}}
