{"data":{
"section0":[
],"section1":[
{
"fieldCode":"0693",
"fieldName":"BUSINESS UNIT",
"fieldFormat":"3N",
"helpText":"Identification number of the organization associated with this Logo record."
}
,{
"fieldCode":"0694",
"fieldName":"PRODUCT",
"fieldFormat":"3N",
"helpText":"This field is the Identification number of the Logo record."
}
,{
"fieldCode":"0695",
"fieldName":"RECORD NUMBER",
"fieldFormat":"2N",
"helpText":"This field identifies the record number associated with the product classification record. The default value for this field is 4<br/>and it is not maintainable."
}
],"section2":[
{
"fieldCode":"0693",
"fieldName":"BUSINESS UNIT",
"fieldFormat":"3N",
"helpText":"Identification number of the organization associated with this Logo record."
}
,{
"fieldCode":"0694",
"fieldName":"PRODUCT",
"fieldFormat":"3N",
"helpText":"This field is the Identification number of the Logo record."
}
,{
"fieldCode":"2502",
"fieldName":"REVIEW MONTHS",
"fieldFormat":"2N",
"helpText":"Number of months the account remains in this classification before migrating to intermediate. An account migrates from new to intermediate only if the account is current. If the account is delinquent at review time, CMS defers migration until the account is current."
}
,{
"fieldCode":"2503",
"fieldName":"CREDIT SCORE",
"fieldFormat":"5N",
"helpText":"Combined credit score required for CMS to assign an account to each performance index level. The credit scores must be entered in descending order where CREDIT SCORE 1 is the highest credit score and CREDIT SCORE 6 is the lowest credit score. CMS determines the combined credit score of an account by adding the credit bureau, in-house, and miscellaneous credit scores in the Account Base Segment record (SCORES on ARMB02)."
}
,{
"fieldCode":"2504",
"fieldName":"DOWNGRADE",
"fieldFormat":"1N",
"helpText":"Number of consecutive missed payments at which CMS downgrades an account to a marginal credit classification."
}
,{
"fieldCode":"2801-2806",
"fieldName":"DOWNGRADE CONTROL 1-6",
"fieldFormat":"1C",
"helpText":"Number of consecutive missed payments at which CMS downgrades an account to a marginal credit classification.<br/>N = Not Allowed<br/>Z = Zero Credit Limit<br/>B = Change Limit To Account Balance<br/>U = Do Not Change Limit"
}
,{
"fieldCode":"2505",
"fieldName":"PAID OUT",
"fieldFormat":"1N",
"helpText":"This is the number of times an account must be paid out (pay the balance to zero) within the review period to automatically<br/>migrate the account to the intermediate level. This field overrides REVIEW MONTHS."
}
],"section3":[
{
"fieldCode":"0693",
"fieldName":"BUSINESS UNIT",
"fieldFormat":"3N",
"helpText":"Identification number of the organization associated with this Logo record."
}
,{
"fieldCode":"0694",
"fieldName":"PRODUCT",
"fieldFormat":"3N",
"helpText":"This field is the Identification number of the Logo record."
}
,{
"fieldCode":"2512",
"fieldName":"REVIEW MONTHS",
"fieldFormat":"2N",
"helpText":"Number of months the account remains in this classification before migrating to intermediate. An account migrates from new to intermediate only if the account is current. If the account is delinquent at review time, CMS defers migration until the account is current."
}
,{
"fieldCode":"2513",
"fieldName":"PERFORM RATIO",
"fieldFormat":"5N",
"helpText":"Ratio of payments made versus payments requested. The formula for this ratio is user-defined. The ratio must be in<br/>descending order. The percentage NOD does not apply to this field; the location of the decimal is indicated by the example.<br/>Example: Enter 2.5% as 0250.<br/>Note: For more information on the calculation of performance ratios, see the Logo Record Controls chapter in the CMS User Operations and Concepts Guide."
}
,{
"fieldCode":"2514",
"fieldName":"DOWNGRADE",
"fieldFormat":"1N",
"helpText":"Number of consecutive missed payments at which CMS downgrades an account to a marginal credit classification."
}
,{
"fieldCode":"2813-2818",
"fieldName":"DOWNGRADE CONTROL 1-6",
"fieldFormat":"1C",
"helpText":"Number of consecutive missed payments at which CMS downgrades an account to a marginal credit classification.<br/>N = Not Allowed<br/>Z = Zero Credit Limit<br/>B = Change Limit To Account Balance<br/>U = Do Not Change Limit"
}
],"section4":[
{
"fieldCode":"0693",
"fieldName":"BUSINESS UNIT",
"fieldFormat":"3N",
"helpText":"Identification number of the organization associated with this Logo record."
}
,{
"fieldCode":"0694",
"fieldName":"PRODUCT",
"fieldFormat":"3N",
"helpText":"This field is the Identification number of the Logo record."
}
,{
"fieldCode":"2507",
"fieldName":"REVIEW MONTHS",
"fieldFormat":"2N",
"helpText":"Number of months the account remains in this classification before migrating to intermediate. An account migrates from new to intermediate only if the account is current. If the account is delinquent at review time, CMS defers migration until the account is current."
}
,{
"fieldCode":"2508",
"fieldName":"PERFORM RATIO",
"fieldFormat":"5N",
"helpText":"Ratio of payments made versus payments requested. The formula for this ratio is user-defined. The ratio must be in<br/>descending order. The percentage NOD does not apply to this field; the location of the decimal is indicated by the example.<br/>Example: Enter 2.5% as 0250.<br/>Note: For more information on the calculation of performance ratios, see the Logo Record Controls chapter in the CMS User Operations and Concepts Guide."
}
,{
"fieldCode":"2509",
"fieldName":"DOWNGRADE",
"fieldFormat":"1N",
"helpText":"Number of consecutive missed payments at which CMS downgrades an account to a marginal credit classification."
}
,{
"fieldCode":"2807-2812",
"fieldName":"DOWNGRADE CONTROL 1-6",
"fieldFormat":"1C",
"helpText":"Number of consecutive missed payments at which CMS downgrades an account to a marginal credit classification.<br/>N = Not Allowed<br/>Z = Zero Credit Limit<br/>B = Change Limit To Account Balance<br/>U = Do Not Change Limit"
}
,{
"fieldCode":"2510",
"fieldName":"PAID OUT",
"fieldFormat":"1N",
"helpText":"This is the number of times an account must be paid out (pay the balance to zero) within the review period to automatically<br/>migrate the account to the intermediate level. This field overrides REVIEW MONTHS."
}
],"section5":[
{
"fieldCode":"0693",
"fieldName":"BUSINESS UNIT",
"fieldFormat":"3N",
"helpText":"Identification number of the organization associated with this Logo record."
}
,{
"fieldCode":"0694",
"fieldName":"PRODUCT",
"fieldFormat":"3N",
"helpText":"This field is the Identification number of the Logo record."
}
,{
"fieldCode":"2516",
"fieldName":"REVIEW MONTHS",
"fieldFormat":"2N",
"helpText":"Number of months the account remains in this classification before migrating to intermediate. An account migrates from new to intermediate only if the account is current. If the account is delinquent at review time, CMS defers migration until the account is current."
}
,{
"fieldCode":"2517",
"fieldName":"CONSECUTIVE PAYMENTS",
"fieldFormat":"2N",
"helpText":"Number of consecutive missed payments that result in this performance index."
}
,{
"fieldCode":"2518",
"fieldName":"CONTRACTUAL DELINQUENCY",
"fieldFormat":"2N",
"helpText":"Degree of contractual delinquency, stated in cycles, that results in the account receiving this performance index."
}
,{
"fieldCode":"2901-2906",
"fieldName":"DOWNGRADE CONTROL 1-6",
"fieldFormat":"1C",
"helpText":"Number of consecutive missed payments at which CMS downgrades an account to a marginal credit classification.<br/>N = Not Allowed<br/>Z = Zero Credit Limit<br/>B = Change Limit To Account Balance<br/>U = Do Not Change Limit"
}
],"section6":[
{
"fieldCode":"0693",
"fieldName":"BUSINESS UNIT",
"fieldFormat":"3N",
"helpText":"Identification number of the organization associated with this Logo record."
}
,{
"fieldCode":"0694",
"fieldName":"PRODUCT",
"fieldFormat":"3N",
"helpText":"This field is the Identification number of the Logo record."
}
,{
"fieldCode":"2629",
"fieldName":"USE THIS TABLE - INTERMEDIATE",
"fieldFormat":"1C",
"helpText":"This flag indicates whether CMS uses the table to automatically increase the credit limit for intermediate accounts. The values are:<br/>No (N) = Do not use the table (Default)<br/>Yes (Y) = Use the table."
}
,{
"fieldCode":"2607",
"fieldName":"LOW LIMIT",
"fieldFormat":"15N/2D",
"helpText":"Low limit of the range for which the credit limit increase applies. Enter the amount in whole monetary units. This amount<br/>must be less than or equal to the corresponding HIGH LIMIT and cannot fall within any range specified by other LOW LIMIT and HIGH LIMIT fields."
}
,{
"fieldCode":"2608",
"fieldName":"HIGH LIMIT",
"fieldFormat":"15N/2D",
"helpText":"High limit of the range for which the credit limit increase applies. Enter the amount in whole monetary units. This amount<br/>must be greater than or equal to the corresponding LOW LIMIT and cannot fall within any range specified by other LOW LIMIT and HIGH LIMIT fields."
}
,{
"fieldCode":"2601",
"fieldName":"LIMIT 1",
"fieldFormat":"15N/2D",
"helpText":"Amount to be added to the accounts credit limit. Enter the amount in whole monetary units."
}
,{
"fieldCode":"2602",
"fieldName":"LIMIT 2",
"fieldFormat":"15N/2D",
"helpText":"Amount to be added to the accounts credit limit. Enter the amount in whole monetary units."
}
,{
"fieldCode":"2603",
"fieldName":"LIMIT 3",
"fieldFormat":"15N/2D",
"helpText":"Amount to be added to the accounts credit limit. Enter the amount in whole monetary units."
}
,{
"fieldCode":"2604",
"fieldName":"LIMIT 4",
"fieldFormat":"15N/2D",
"helpText":"Amount to be added to the accounts credit limit. Enter the amount in whole monetary units."
}
,{
"fieldCode":"2605",
"fieldName":"LIMIT 5",
"fieldFormat":"15N/2D",
"helpText":"Amount to be added to the accounts credit limit. Enter the amount in whole monetary units."
}
,{
"fieldCode":"2606",
"fieldName":"LIMIT 6",
"fieldFormat":"15N/2D",
"helpText":"Amount to be added to the accounts credit limit. Enter the amount in whole monetary units."
}
],"section7":[
{
"fieldCode":"0693",
"fieldName":"BUSINESS UNIT",
"fieldFormat":"3N",
"helpText":"Identification number of the organization associated with this Logo record."
}
,{
"fieldCode":"0694",
"fieldName":"PRODUCT",
"fieldFormat":"3N",
"helpText":"This field is the Identification number of the Logo record."
}
,{
"fieldCode":"2729",
"fieldName":"USE THIS TABLE - ESTABLISHED",
"fieldFormat":"1C",
"helpText":"This flag indicates whether CMS uses the table to automatically increase the credit limit for intermediate accounts. The values are:<br/>No (N) = Do not use the table (Default)<br/>Yes (Y) = Use the table."
}
,{
"fieldCode":"2707",
"fieldName":"LOW LIMIT",
"fieldFormat":"15N/2D",
"helpText":"Low limit of the range for which the credit limit increase applies. Enter the amount in whole monetary units. This amount<br/>must be less than or equal to the corresponding HIGH LIMIT and cannot fall within any range specified by other LOW LIMIT and HIGH LIMIT fields."
}
,{
"fieldCode":"2708",
"fieldName":"HIGH LIMIT",
"fieldFormat":"15N/2D",
"helpText":"High limit of the range for which the credit limit increase applies. Enter the amount in whole monetary units. This amount<br/>must be greater than or equal to the corresponding LOW LIMIT and cannot fall within any range specified by other LOW LIMIT and HIGH LIMIT fields."
}
,{
"fieldCode":"2701",
"fieldName":"LIMIT 1",
"fieldFormat":"15N/2D",
"helpText":"Amount to be added to the accounts credit limit. Enter the amount in whole monetary units."
}
,{
"fieldCode":"2702",
"fieldName":"LIMIT 2",
"fieldFormat":"15N/2D",
"helpText":"Amount to be added to the accounts credit limit. Enter the amount in whole monetary units."
}
,{
"fieldCode":"2703",
"fieldName":"LIMIT 3",
"fieldFormat":"15N/2D",
"helpText":"Amount to be added to the accounts credit limit. Enter the amount in whole monetary units."
}
,{
"fieldCode":"2704",
"fieldName":"LIMIT 4",
"fieldFormat":"15N/2D",
"helpText":"Amount to be added to the accounts credit limit. Enter the amount in whole monetary units."
}
,{
"fieldCode":"2705",
"fieldName":"LIMIT 5",
"fieldFormat":"15N/2D",
"helpText":"Amount to be added to the accounts credit limit. Enter the amount in whole monetary units."
}
,{
"fieldCode":"2706",
"fieldName":"LIMIT 6",
"fieldFormat":"15N/2D",
"helpText":"Amount to be added to the accounts credit limit. Enter the amount in whole monetary units."
}
],"section8":[
{
"fieldCode":"0693",
"fieldName":"BUSINESS UNIT",
"fieldFormat":"3N",
"helpText":"Identification number of the organization associated with this Logo record."
}
,{
"fieldCode":"0694",
"fieldName":"PRODUCT",
"fieldFormat":"3N",
"helpText":"This field is the Identification number of the Logo record."
}
],"section9":[
{
"fieldCode":"9802",
"fieldName":"NACL SCORES",
"fieldFormat":"5N",
"helpText":"Appears 6 times. This is combined credit scores for up to six levels. CMS uses these scores in conjunction with the annual income ranges to<br/>assign credit limits to new accounts.<br/>Note: The credit scores must be entered in ascending order, with the lowest value in field 1 and the highest value in field 6."
}
],"section10":[
{
"fieldCode":"9803",
"fieldName":"INCOME LOW",
"fieldFormat":"15N/2D",
"helpText":"Appears 28 times. This field defines low amounts of an annual income range in thousands of monetary units. The LOW field is the lowest<br/>amount of annual income"
}
,{
"fieldCode":"9804",
"fieldName":"INCOME HIGH",
"fieldFormat":"15N/2D",
"helpText":"Appears 28 times. This field defines high amounts of an annual income range in thousands of monetary units. The LOW field is the lowest<br/>amount of annual income."
}
,{
"fieldCode":"9805",
"fieldName":"LIMIT 1",
"fieldFormat":"15N/2D",
"helpText":"Appears 28 times. This is the credit limits, in tens of monetary units, that CMS assigns to new accounts based on the credit score and annual<br/>income range. This is identified by a number from 1 to 6 that corresponds to the NACL SCORES."
}
,{
"fieldCode":"9806",
"fieldName":"LIMIT 2",
"fieldFormat":"15N/2D",
"helpText":"Appears 28 times. This is the credit limits, in tens of monetary units, that CMS assigns to new accounts based on the credit score and annual<br/>income range. This is identified by a number from 1 to 6 that corresponds to the NACL SCORES."
}
,{
"fieldCode":"9807",
"fieldName":"LIMIT 3",
"fieldFormat":"15N/2D",
"helpText":"Appears 28 times. This is the credit limits, in tens of monetary units, that CMS assigns to new accounts based on the credit score and annual<br/>income range. This is identified by a number from 1 to 6 that corresponds to the NACL SCORES."
}
,{
"fieldCode":"9808",
"fieldName":"LIMIT 4",
"fieldFormat":"15N/2D",
"helpText":"Appears 28 times. This is the credit limits, in tens of monetary units, that CMS assigns to new accounts based on the credit score and annual<br/>income range. This is identified by a number from 1 to 6 that corresponds to the NACL SCORES."
}
,{
"fieldCode":"9809",
"fieldName":"LIMIT 5",
"fieldFormat":"15N/2D",
"helpText":"Appears 28 times. This is the credit limits, in tens of monetary units, that CMS assigns to new accounts based on the credit score and annual<br/>income range. This is identified by a number from 1 to 6 that corresponds to the NACL SCORES."
}
,{
"fieldCode":"9810",
"fieldName":"LIMIT 6",
"fieldFormat":"15N/2D",
"helpText":"Appears 28 times. This is the credit limits, in tens of monetary units, that CMS assigns to new accounts based on the credit score and annual<br/>income range. This is identified by a number from 1 to 6 that corresponds to the NACL SCORES."
}
,{
"fieldCode":"9811",
"fieldName":"PRE-APPROVED",
"fieldFormat":"",
"helpText":""
}
],"section11":[
{
"fieldCode":"0693",
"fieldName":"BUSINESS UNIT",
"fieldFormat":"3N",
"helpText":"Identification number of the organization associated with this Logo record."
}
,{
"fieldCode":"0694",
"fieldName":"PRODUCT",
"fieldFormat":"3N",
"helpText":"This field is the Identification number of the Logo record."
}
,{
"fieldCode":"0897",
"fieldName":"RECORD STATUS",
"fieldFormat":"1N",
"helpText":"This is the Status of the record. The value in this field is systemgenerated; you cannot change it. Varied values of status of a<br/>record are:-<br/>1 = Active record.<br/>9 = Purged record."
}
,{
"fieldCode":"0198",
"fieldName":"LAST MAINTENANCE OPERATOR",
"fieldFormat":"3C",
"helpText":"This field is the Operator id of the operator who last maintains this record. This field is system-generated; you cannot change it."
}
,{
"fieldCode":"0199",
"fieldName":"LAST MAINTENANCE DATE",
"fieldFormat":"DATE",
"helpText":"Date of the last maintenance for this record. The date in this field is system-generated; you cannot change it."
}
],"section12":[
{
"fieldCode":"0693",
"fieldName":"BUSINESS UNIT",
"fieldFormat":"3N",
"helpText":"Identification number of the organization associated with this Logo record."
}
,{
"fieldCode":"0694",
"fieldName":"PRODUCT",
"fieldFormat":"3N",
"helpText":"This field is the Identification number of the Logo record."
}
,{
"fieldCode":"0970",
"fieldName":"BEGINNING BALANCE",
"fieldFormat":"15N/2D",
"helpText":"Beginning balance of the Credit Plan Segment record for the current billing cycle. For non-prepaid card accounts, a minus sign (-) after this amount indicates a credit balance."
}
,{
"fieldCode":"0971",
"fieldName":"NUMBER OF DEBITS",
"fieldFormat":"",
"helpText":""
}
,{
"fieldCode":"0971",
"fieldName":"AMOUNT DEBITED",
"fieldFormat":"17N",
"helpText":"Amount of debits in the last billing cycle for the relationship. This field displays the sum of the debits for all consolidated<br/>subordinate accounts within the relationship."
}
,{
"fieldCode":"0973",
"fieldName":"NUMBER OF CREDITS",
"fieldFormat":"",
"helpText":""
}
,{
"fieldCode":"0974",
"fieldName":"AMOUNT CREDITED",
"fieldFormat":"17N",
"helpText":"Amount of credits in the last billing cycle for the relationship. This field displays the sum of the credits for all consolidated<br/>subordinate accounts within the relationship."
}
,{
"fieldCode":"0975",
"fieldName":"ENDING BALANCE",
"fieldFormat":"15N/2D",
"helpText":"Balance on the loan at the end of the term for the payment number."
}
,{
"fieldCode":"0976",
"fieldName":"BALANCE IN",
"fieldFormat":"",
"helpText":""
}
,{
"fieldCode":"0977",
"fieldName":"BALANCE OUT",
"fieldFormat":"",
"helpText":""
}
,{
"fieldCode":"0978",
"fieldName":"TRANSFER IN NUMBER",
"fieldFormat":"",
"helpText":""
}
,{
"fieldCode":"0979",
"fieldName":"TRANSFER IN AMOUNT",
"fieldFormat":"",
"helpText":""
}
,{
"fieldCode":"0980",
"fieldName":"TRANSFER OUT NUMBER",
"fieldFormat":"",
"helpText":""
}
,{
"fieldCode":"0981",
"fieldName":"TRANSFER OUT AMOUNT",
"fieldFormat":"",
"helpText":""
}
],"section13":[
{
"fieldCode":"0693",
"fieldName":"BUSINESS UNIT",
"fieldFormat":"3N",
"helpText":"This field is the identification number of the business unit associated with this Product classification record. The values are 001-998."
}
,{
"fieldCode":"0694",
"fieldName":"PRODUCT",
"fieldFormat":"3N",
"helpText":"This field is the Identification number of the Product classification record."
}
],"section14":[
{
"fieldCode":"0693",
"fieldName":"BUSINESS UNIT",
"fieldFormat":"3N",
"helpText":"This field is the identification number of the business unit associated with this Product classification record. The values are 001-998."
}
,{
"fieldCode":"0694",
"fieldName":"PRODUCT",
"fieldFormat":"3N",
"helpText":"This field is the Identification number of the Product classification record."
}
],"section15":[
{
"fieldCode":"2502",
"fieldName":"REVIEW MONTHS",
"fieldFormat":"2N",
"helpText":"Appears 6 times. Number of months the account remains in this classification before migrating to intermediate. An account migrates from<br/>new to intermediate only if the account is current. If the account is delinquent at review time, CMS defers migration until the account is current."
}
,{
"fieldCode":"2503",
"fieldName":"CREDIT SCORE",
"fieldFormat":"5N",
"helpText":"Appears 6 times. Combined credit score required for CMS to assign an account to each performance index level. The credit scores must be<br/>entered in descending order where CREDIT SCORE 1 is the highest credit score and CREDIT SCORE 6 is the lowest credit<br/>score. CMS determines the combined credit score of an account by adding the credit bureau, in-house, and miscellaneous credit scores in the Account Base Segment record (SCORES on Account Details -> 02-Credit Scores & Associated Parties)."
}
,{
"fieldCode":"2504",
"fieldName":"DOWNGRADE",
"fieldFormat":"1N",
"helpText":"Appears 6 times. Number of consecutive missed payments at which CMS downgrades an account to a marginal credit classification."
}
,{
"fieldCode":"2505",
"fieldName":"PAID OUT",
"fieldFormat":"1N",
"helpText":"Appears 6 times. This is the number of times an account must be paid out (pay the balance to zero) within the review period to automatically migrate the account to the intermediate level. This field overrides REVIEW MONTHS."
}
,{
"fieldCode":"2801",
"fieldName":"DOWNGRADE CONTROL 1",
"fieldFormat":"1C",
"helpText":"Appears 6 times. Number of consecutive missed payments at which CMS downgrades an account to a marginal credit classification.<br/>N = Not Allowed<br/>Z = Zero Credit Limit<br/>B = Change Limit To Account Balance<br/>U = Do Not Change Limit"
}
,{
"fieldCode":"2802",
"fieldName":"DOWNGRADE CONTROL 2",
"fieldFormat":"1C",
"helpText":"Appears 6 times. Number of consecutive missed payments at which CMS downgrades an account to a marginal credit classification.<br/>N = Not Allowed<br/>Z = Zero Credit Limit<br/>B = Change Limit To Account Balance<br/>U = Do Not Change Limit"
}
,{
"fieldCode":"2803",
"fieldName":"DOWNGRADE CONTROL 3",
"fieldFormat":"1C",
"helpText":"Appears 6 times. Number of consecutive missed payments at which CMS downgrades an account to a marginal credit classification.<br/>N = Not Allowed<br/>Z = Zero Credit Limit<br/>B = Change Limit To Account Balance<br/>U = Do Not Change Limit"
}
,{
"fieldCode":"2804",
"fieldName":"DOWNGRADE CONTROL 4",
"fieldFormat":"1C",
"helpText":"Appears 6 times. Number of consecutive missed payments at which CMS downgrades an account to a marginal credit classification.<br/>N = Not Allowed<br/>Z = Zero Credit Limit<br/>B = Change Limit To Account Balance<br/>U = Do Not Change Limit"
}
,{
"fieldCode":"2805",
"fieldName":"DOWNGRADE CONTROL 5",
"fieldFormat":"1C",
"helpText":"Appears 6 times. Number of consecutive missed payments at which CMS downgrades an account to a marginal credit classification.<br/>N = Not Allowed<br/>Z = Zero Credit Limit<br/>B = Change Limit To Account Balance<br/>U = Do Not Change Limit"
}
,{
"fieldCode":"2806",
"fieldName":"DOWNGRADE CONTROL 6",
"fieldFormat":"1C",
"helpText":"Number of consecutive missed payments at which CMS downgrades an account to a marginal credit classification.<br/>N = Not Allowed<br/>Z = Zero Credit Limit<br/>B = Change Limit To Account Balance<br/>U = Do Not Change Limit"
}
],"section16":[
{
"fieldCode":"0693",
"fieldName":"BUSINESS UNIT",
"fieldFormat":"3N",
"helpText":"This field is the identification number of the business unit associated with this Product classification record. The values are 001-998."
}
,{
"fieldCode":"0694",
"fieldName":"PRODUCT",
"fieldFormat":"3N",
"helpText":"This field is the Identification number of the Product classification record."
}
],"section17":[
{
"fieldCode":"2512",
"fieldName":"REVIEW MONTHS",
"fieldFormat":"2N",
"helpText":"Appears 6 times. Number of months the account remains in a performance index before it is considered for reclassification."
}
,{
"fieldCode":"2513",
"fieldName":"PERFORM RATIO",
"fieldFormat":"5N",
"helpText":"Appears 6 times. Ratio of payments made versus payments requested. The formula for this ratio is user-defined. The ratio must be in<br/>descending order. The percentage NOD does not apply to this field; the location of the decimal is indicated by the example.<br/>Example: Enter 2.5% as 0250.<br/>Note: For more information on the calculation of performance ratios, see the Logo Record Controls chapter in the CMS User Operations and Concepts Guide."
}
,{
"fieldCode":"2514",
"fieldName":"DOWNGRADE",
"fieldFormat":"1N",
"helpText":"Appears 6 times. Number of consecutive missed payments those results in downgrading the account to a marginal credit classification."
}
,{
"fieldCode":"2813",
"fieldName":"DOWNGRADE CONTROL 1",
"fieldFormat":"1C",
"helpText":"Appears 6 times. Number of consecutive missed payments at which CMS downgrades an account to a marginal credit classification.<br/>N = Not Allowed<br/>Z = Zero Credit Limit<br/>B = Change Limit To Account Balance<br/>U = Do Not Change Limit"
}
,{
"fieldCode":"2814",
"fieldName":"DOWNGRADE CONTROL 2",
"fieldFormat":"1C",
"helpText":"Appears 6 times. Number of consecutive missed payments at which CMS downgrades an account to a marginal credit classification.<br/>N = Not Allowed<br/>Z = Zero Credit Limit<br/>B = Change Limit To Account Balance<br/>U = Do Not Change Limit"
}
,{
"fieldCode":"2815",
"fieldName":"DOWNGRADE CONTROL 3",
"fieldFormat":"1C",
"helpText":"Appears 6 times. Number of consecutive missed payments at which CMS downgrades an account to a marginal credit classification.<br/>N = Not Allowed<br/>Z = Zero Credit Limit<br/>B = Change Limit To Account Balance<br/>U = Do Not Change Limit"
}
,{
"fieldCode":"2816",
"fieldName":"DOWNGRADE CONTROL 4",
"fieldFormat":"1C",
"helpText":"Appears 6 times. Number of consecutive missed payments at which CMS downgrades an account to a marginal credit classification.<br/>N = Not Allowed<br/>Z = Zero Credit Limit<br/>B = Change Limit To Account Balance<br/>U = Do Not Change Limit"
}
,{
"fieldCode":"2817",
"fieldName":"DOWNGRADE CONTROL 5",
"fieldFormat":"1C",
"helpText":"Appears 6 times. Number of consecutive missed payments at which CMS downgrades an account to a marginal credit classification.<br/>N = Not Allowed<br/>Z = Zero Credit Limit<br/>B = Change Limit To Account Balance<br/>U = Do Not Change Limit"
}
,{
"fieldCode":"2818",
"fieldName":"DOWNGRADE CONTROL 6",
"fieldFormat":"1C",
"helpText":"Appears 6 times. Number of consecutive missed payments at which CMS downgrades an account to a marginal credit classification.<br/>N = Not Allowed<br/>Z = Zero Credit Limit<br/>B = Change Limit To Account Balance<br/>U = Do Not Change Limit"
}
],"section18":[
{
"fieldCode":"0693",
"fieldName":"BUSINESS UNIT",
"fieldFormat":"3N",
"helpText":"This field is the identification number of the business unit associated with this Product classification record. The values are 001-998."
}
,{
"fieldCode":"0694",
"fieldName":"PRODUCT",
"fieldFormat":"3N",
"helpText":"This field is the Identification number of the Product classification record."
}
],"section19":[
{
"fieldCode":"2507",
"fieldName":"REVIEW MONTHS",
"fieldFormat":"2N",
"helpText":"Appears 6 times. Number of months an account remains in this classification before migrating to the established classification. An account<br/>migrates from intermediate to establish only if the account is current. If the account is delinquent at review time, the<br/>migration is deferred until the account is current."
}
,{
"fieldCode":"2508",
"fieldName":"PERFORM RATIO",
"fieldFormat":"5N",
"helpText":"Appears 6 times. Ratio of payments made versus payments requested. This ratio must be in descending order. The percentage NOD does not apply to this field; the location of the decimal is indicated by the example.<br/>Example: Enter 2.5% as 0250.<br/>Note: For more information on the calculation of performance ratios, see the Logo Record Controls chapter in the CMS User Operations and Concepts Guide."
}
,{
"fieldCode":"2509",
"fieldName":"DOWN GRADE",
"fieldFormat":"1N",
"helpText":"Appears 6 times. Number of consecutive missed payments at which CMS downgrades the account to a marginal classification."
}
,{
"fieldCode":"2807",
"fieldName":"DOWNGRADE CONTROL 1",
"fieldFormat":"1C",
"helpText":"Appears 6 times. Number of consecutive missed payments at which CMS downgrades an account to a marginal credit classification.<br/>N = Not Allowed<br/>Z = Zero Credit Limit<br/>B = Change Limit To Account Balance<br/>U = Do Not Change Limit"
}
,{
"fieldCode":"2808",
"fieldName":"DOWNGRADE CONTROL 2",
"fieldFormat":"1C",
"helpText":"Appears 6 times. Number of consecutive missed payments at which CMS downgrades an account to a marginal credit classification.<br/>N = Not Allowed<br/>Z = Zero Credit Limit<br/>B = Change Limit To Account Balance<br/>U = Do Not Change Limit"
}
,{
"fieldCode":"2809",
"fieldName":"DOWNGRADE CONTROL 3",
"fieldFormat":"1C",
"helpText":"Appears 6 times. Number of consecutive missed payments at which CMS downgrades an account to a marginal credit classification.<br/>N = Not Allowed<br/>Z = Zero Credit Limit<br/>B = Change Limit To Account Balance<br/>U = Do Not Change Limit"
}
,{
"fieldCode":"2810",
"fieldName":"DOWNGRADE CONTROL 4",
"fieldFormat":"1C",
"helpText":"Appears 6 times. Number of consecutive missed payments at which CMS downgrades an account to a marginal credit classification.<br/>N = Not Allowed<br/>Z = Zero Credit Limit<br/>B = Change Limit To Account Balance<br/>U = Do Not Change Limit"
}
,{
"fieldCode":"2811",
"fieldName":"DOWNGRADE CONTROL 5",
"fieldFormat":"1C",
"helpText":"Appears 6 times. Number of consecutive missed payments at which CMS downgrades an account to a marginal credit classification.<br/>N = Not Allowed<br/>Z = Zero Credit Limit<br/>B = Change Limit To Account Balance<br/>U = Do Not Change Limit"
}
,{
"fieldCode":"2812",
"fieldName":"DOWNGRADE CONTROL 6",
"fieldFormat":"1C",
"helpText":"Appears 6 times. Number of consecutive missed payments at which CMS downgrades an account to a marginal credit classification.<br/>N = Not Allowed<br/>Z = Zero Credit Limit<br/>B = Change Limit To Account Balance<br/>U = Do Not Change Limit"
}
,{
"fieldCode":"2510",
"fieldName":"PAID OUT",
"fieldFormat":"1N",
"helpText":"Appears 6 times. Number of times an account must be paid out (pay the balance to zero) within the review period to automatically migrate the account to the established credit classification. This field overrides REVIEW MONTH."
}
],"section20":[
{
"fieldCode":"0693",
"fieldName":"BUSINESS UNIT",
"fieldFormat":"3N",
"helpText":"This field is the identification number of the business unit associated with this Product classification record. The values are 001-998."
}
,{
"fieldCode":"0694",
"fieldName":"PRODUCT",
"fieldFormat":"3N",
"helpText":"This field is the Identification number of the Product classification record."
}
],"section21":[
{
"fieldCode":"2516",
"fieldName":"REVIEW MONTHS",
"fieldFormat":"2N",
"helpText":"Appears 6 times. Number of consecutive months the account must remain current, after becoming current, before it is reclassified. CMS migrates the account to the established credit classification with<br/>a performance index based on the performance ratio at the time of reclassification."
}
,{
"fieldCode":"2517",
"fieldName":"CONSECUTIVE PAYMENTS",
"fieldFormat":"2N",
"helpText":"Appears 6 times. Number of consecutive missed payments that result in this performance index."
}
,{
"fieldCode":"2518",
"fieldName":"CONTRACTUAL DELINQUENCY",
"fieldFormat":"2N",
"helpText":"Appears 6 times. Degree of contractual delinquency, stated in cycles, that results in the account receiving this performance index."
}
,{
"fieldCode":"2901",
"fieldName":"DOWNGRADE CONTROL 1",
"fieldFormat":"1C",
"helpText":"Appears 6 times. Number of consecutive missed payments at which CMS downgrades an account to a marginal credit classification.<br/>N = Not Allowed<br/>Z = Zero Credit Limit<br/>B = Change Limit To Account Balance<br/>U = Do Not Change Limit"
}
,{
"fieldCode":"2902",
"fieldName":"DOWNGRADE CONTROL 2",
"fieldFormat":"1C",
"helpText":"Appears 6 times. Number of consecutive missed payments at which CMS downgrades an account to a marginal credit classification.<br/>N = Not Allowed<br/>Z = Zero Credit Limit<br/>B = Change Limit To Account Balance<br/>U = Do Not Change Limit"
}
,{
"fieldCode":"2903",
"fieldName":"DOWNGRADE CONTROL 3",
"fieldFormat":"1C",
"helpText":"Appears 6 times. Number of consecutive missed payments at which CMS downgrades an account to a marginal credit classification.<br/>N = Not Allowed<br/>Z = Zero Credit Limit<br/>B = Change Limit To Account Balance<br/>U = Do Not Change Limit"
}
,{
"fieldCode":"2904",
"fieldName":"DOWNGRADE CONTROL 4",
"fieldFormat":"1C",
"helpText":"Appears 6 times. Number of consecutive missed payments at which CMS downgrades an account to a marginal credit classification.<br/>N = Not Allowed<br/>Z = Zero Credit Limit<br/>B = Change Limit To Account Balance<br/>U = Do Not Change Limit"
}
,{
"fieldCode":"2905",
"fieldName":"DOWNGRADE CONTROL 5",
"fieldFormat":"1C",
"helpText":"Number Appears 6 times. of consecutive missed payments at which CMS downgrades an account to a marginal credit classification.<br/>N = Not Allowed<br/>Z = Zero Credit Limit<br/>B = Change Limit To Account Balance<br/>U = Do Not Change Limit"
}
,{
"fieldCode":"2906",
"fieldName":"DOWNGRADE CONTROL 6",
"fieldFormat":"1C",
"helpText":"Appears 6 times. Number of consecutive missed payments at which CMS downgrades an account to a marginal credit classification.<br/>N = Not Allowed<br/>Z = Zero Credit Limit<br/>B = Change Limit To Account Balance<br/>U = Do Not Change Limit"
}
],"section22":[
{
"fieldCode":"0693",
"fieldName":"BUSINESS UNIT",
"fieldFormat":"3N",
"helpText":"This field is the identification number of the business unit associated with this Product classification record. The values are 001-998."
}
,{
"fieldCode":"0694",
"fieldName":"PRODUCT",
"fieldFormat":"3N",
"helpText":"This field is the Identification number of the Product classification record."
}
,{
"fieldCode":"2629",
"fieldName":"USE THIS TABLEINTERMEDIATE",
"fieldFormat":"1C",
"helpText":"This flag indicates whether CMS uses the table to automatically increase the credit limit for intermediate accounts. The values are:<br/>N = Do not use the table (Default)<br/>Y = Use the table."
}
],"section23":[
{
"fieldCode":"2607",
"fieldName":"LOW LIMIT",
"fieldFormat":"15N/2D",
"helpText":"Appears 28 times. Low limit of the range for which the credit limit increase applies. Enter the amount in whole monetary units. This amount<br/>must be less than or equal to the corresponding HI LIMIT and cannot fall within any range specified by other LOW LIMIT and HI LIMIT fields."
}
,{
"fieldCode":"2608",
"fieldName":"HI LIMIT",
"fieldFormat":"15N/2D",
"helpText":"Appears 28 times. High limit of the range for which the credit limit increase applies. Enter the amount in whole monetary units. This amount<br/>must be greater than or equal to the corresponding LOW LIMIT and cannot fall within any range specified by other LOW LIMIT and HI LIMIT fields."
}
,{
"fieldCode":"2601",
"fieldName":"LIMIT 1",
"fieldFormat":"15N/2D",
"helpText":"Appears 28 times. Amount to be added to the accounts credit limit. Enter the amount in whole monetary units."
}
,{
"fieldCode":"2602",
"fieldName":"LIMIT 2",
"fieldFormat":"15N/2D",
"helpText":"Appears 28 times. Amount to be added to the accounts credit limit. Enter the amount in whole monetary units."
}
,{
"fieldCode":"2603",
"fieldName":"LIMIT 3",
"fieldFormat":"15N/2D",
"helpText":"Appears 28 times. Amount to be added to the accounts credit limit. Enter the amount in whole monetary units."
}
,{
"fieldCode":"2604",
"fieldName":"LIMIT 4",
"fieldFormat":"15N/2D",
"helpText":"Appears 28 times. Amount to be added to the accounts credit limit. Enter the amount in whole monetary units."
}
,{
"fieldCode":"2605",
"fieldName":"LIMIT 5",
"fieldFormat":"15N/2D",
"helpText":"Appears 28 times. Amount to be added to the accounts credit limit. Enter the amount in whole monetary units."
}
,{
"fieldCode":"2606",
"fieldName":"LIMIT 6",
"fieldFormat":"15N/2D",
"helpText":"Appears 28 times. Amount to be added to the accounts credit limit. Enter the amount in whole monetary units."
}
],"section24":[
{
"fieldCode":"0693",
"fieldName":"BUSINESS UNIT",
"fieldFormat":"3N",
"helpText":"This field is the identification number of the business unit associated with this Product classification record. The values are 001-998."
}
,{
"fieldCode":"0694",
"fieldName":"PRODUCT",
"fieldFormat":"3N",
"helpText":"This field is the Identification number of the Product classification record."
}
,{
"fieldCode":"2729",
"fieldName":"USE THIS TABLEINTERMEDIATE",
"fieldFormat":"1C",
"helpText":"This flag indicates whether CMS uses the table to automatically increase the credit limit for intermediate accounts. The values are:<br/>N = Do not use the table (Default)<br/>Y = Use the table."
}
],"section25":[
{
"fieldCode":"2707",
"fieldName":"LOW LIMIT",
"fieldFormat":"15N/2D",
"helpText":"Appears 28 times. Low limit of the range for which the credits limit increase applies. Enter the amount in whole monetary units. This amount<br/>must be less than or equal to the corresponding HI limit and cannot fall within any range specified by other LOW LIMIT and HI LIMIT fields."
}
,{
"fieldCode":"2708",
"fieldName":"HI LIMIT",
"fieldFormat":"15N/2D",
"helpText":"Appears 28 times. High limit of the range for which the credit limits increase applies. Enter the amount in whole monetary units. This amount<br/>must be greater than or equal to the corresponding LOW limit and cannot fall within any range specified by other LOW LIMIT and HI LIMIT fields."
}
,{
"fieldCode":"2701",
"fieldName":"LIMIT 1",
"fieldFormat":"15N/2D",
"helpText":"Appears 28 times. Amount to be added to the accounts credit limit. Enter the amount in whole monetary units."
}
,{
"fieldCode":"2702",
"fieldName":"LIMIT 2",
"fieldFormat":"15N/2D",
"helpText":"Appears 28 times. Amount to be added to the accounts credit limit. Enter the amount in whole monetary units."
}
,{
"fieldCode":"2703",
"fieldName":"LIMIT 3",
"fieldFormat":"15N/2D",
"helpText":"Appears 28 times. Amount to be added to the accounts credit limit. Enter the amount in whole monetary units."
}
,{
"fieldCode":"2704",
"fieldName":"LIMIT 4",
"fieldFormat":"15N/2D",
"helpText":"Appears 28 times. Amount to be added to the accounts credit limit. Enter the amount in whole monetary units."
}
,{
"fieldCode":"2705",
"fieldName":"LIMIT 5",
"fieldFormat":"15N/2D",
"helpText":"Appears 28 times. Amount to be added to the accounts credit limit. Enter the amount in whole monetary units."
}
,{
"fieldCode":"2706",
"fieldName":"LIMIT 6",
"fieldFormat":"15N/2D",
"helpText":"Appears 28 times. Amount to be added to the accounts credit limit. Enter the amount in whole monetary units."
}
],"section26":[
{
"fieldCode":"0693",
"fieldName":"BUSINESS UNIT",
"fieldFormat":"3N",
"helpText":"This field is the identification number of the business unit associated with this Product classification record. The values are 001-998."
}
,{
"fieldCode":"0694",
"fieldName":"PRODUCT",
"fieldFormat":"3N",
"helpText":"This field is the Identification number of the Product classification record."
}
,{
"fieldCode":"9801",
"fieldName":"USE THIS TABLEINTERMEDIATE",
"fieldFormat":"1C",
"helpText":"This flag indicates whether CMS uses the table to automatically increase the credit limit for intermediate accounts. The values are:<br/>N = Do not use the table (Default)<br/>Y = Use the table."
}
],"section27":[
{
"fieldCode":"9802",
"fieldName":"NACL SCORES",
"fieldFormat":"5N",
"helpText":"Appears 6 times. This is combined credit scores for up to six levels. CMS uses these scores in conjunction with the annual income ranges to<br/>assign credit limits to new accounts.<br/>Note: The credit scores must be entered in ascending order, with the lowest value in field 1 and the highest value in field 6."
}
],"section28":[
{
"fieldCode":"9803",
"fieldName":"INCOME LOW",
"fieldFormat":"15N/2D",
"helpText":"Appears 28 times. This field defines low amounts of an annual income range in thousands of monetary units. The LOW field is the lowest<br/>amount of annual income"
}
,{
"fieldCode":"9804",
"fieldName":"INCOME HIGH",
"fieldFormat":"15N/2D",
"helpText":"Appears 28 times. This field defines high amounts of an annual income range in thousands of monetary units. The LOW field is the lowest<br/>amount of annual income."
}
,{
"fieldCode":"9805",
"fieldName":"LIMIT 1",
"fieldFormat":"15N/2D",
"helpText":"Appears 28 times. This is the credit limits, in tens of monetary units, that CMS assigns to new accounts based on the credit score and annual<br/>income range. This is identified by a number from 1 to 6 that corresponds to the NACL SCORES."
}
,{
"fieldCode":"9806",
"fieldName":"LIMIT 2",
"fieldFormat":"15N/2D",
"helpText":"Appears 28 times. This is the credit limits, in tens of monetary units, that CMS assigns to new accounts based on the credit score and annual<br/>income range. This is identified by a number from 1 to 6 that corresponds to the NACL SCORES."
}
,{
"fieldCode":"9807",
"fieldName":"LIMIT 3",
"fieldFormat":"15N/2D",
"helpText":"Appears 28 times. This is the credit limits, in tens of monetary units, that CMS assigns to new accounts based on the credit score and annual<br/>income range. This is identified by a number from 1 to 6 that corresponds to the NACL SCORES."
}
,{
"fieldCode":"9808",
"fieldName":"LIMIT 4",
"fieldFormat":"15N/2D",
"helpText":"Appears 28 times. This is the credit limits, in tens of monetary units, that CMS assigns to new accounts based on the credit score and annual<br/>income range. This is identified by a number from 1 to 6 that corresponds to the NACL SCORES."
}
,{
"fieldCode":"9809",
"fieldName":"LIMIT 5",
"fieldFormat":"15N/2D",
"helpText":"Appears 28 times. This is the credit limits, in tens of monetary units, that CMS assigns to new accounts based on the credit score and annual<br/>income range. This is identified by a number from 1 to 6 that corresponds to the NACL SCORES."
}
,{
"fieldCode":"9810",
"fieldName":"LIMIT 6",
"fieldFormat":"15N/2D",
"helpText":"Appears 28 times. This is the credit limits, in tens of monetary units, that CMS assigns to new accounts based on the credit score and annual<br/>income range. This is identified by a number from 1 to 6 that corresponds to the NACL SCORES."
}
,{
"fieldCode":"9811",
"fieldName":"PRE-APPROVED",
"fieldFormat":"15N/2D",
"helpText":"Appears 28 times. This is the pre-approved credit limits, in tens of monetary units, that CMS assigns to new accounts based on the credit score and annual income range."
}
],"section29":[
{
"fieldCode":"0693",
"fieldName":"BUSINESS UNIT",
"fieldFormat":"3N",
"helpText":"This field is the identification number of the business unit associated with this Product classification record. The values are 001-998."
}
,{
"fieldCode":"0694",
"fieldName":"PRODUCT",
"fieldFormat":"3N",
"helpText":"This field is the Identification number of the Product classification record."
}
,{
"fieldCode":"0897",
"fieldName":"RECORD STATUS",
"fieldFormat":"1N",
"helpText":"This is the Status of the record. The value in this field is systemgenerated; you cannot change it. Varied values of status of a record are:-<br/>1 = Active record.<br/>9 = Purged record."
}
,{
"fieldCode":"0198",
"fieldName":"LAST MAINTENANCE OPERATOR",
"fieldFormat":"3C",
"helpText":"This field is the Operator id of the operator who last maintains this record. This field is system-generated; you cannot change it."
}
,{
"fieldCode":"0199",
"fieldName":"LAST MAINTENANCE DATE",
"fieldFormat":"DATE",
"helpText":"Date of the last maintenance for this record. The date in this field is system-generated; you cannot change it."
}
]},"sections": {
"section0":""
,
"section1":"Prod Credit Class - ARML25-28/ARQL/ARJM"
,
"section2":"Prod Credit Class - ARML25-28/ARQL/ARJM - 01-New Account Credit Class & Migration"
,
"section3":"Prod Credit Class - ARML25-28/ARQL/ARJM - 02-Established Credit Class & Migration"
,
"section4":"Prod Credit Class - ARML25-28/ARQL/ARJM - 03-Intermediate Credit Class & Migration"
,
"section5":"Prod Credit Class - ARML25-28/ARQL/ARJM - 04-Marginal Credit Class & Migration"
,
"section6":"Prod Credit Class - ARML25-28/ARQL/ARJM - 05-Intermediate Accounts Credit Limit Matrix"
,
"section7":"Prod Credit Class - ARML25-28/ARQL/ARJM - 06-Established Accounts Credit Limit Matrix"
,
"section8":"Prod Credit Class - ARML25-28/ARQL/ARJM - 07-New Account Credit Limit Assignment"
,
"section9":"NA SCORES"
,
"section10":"NACL MATRIX"
,
"section11":"Prod Credit Class - ARML25-28/ARQL/ARJM - 99-Status and Activity Information"
,
"section12":"Prod Credit Class - ARML25-28/ARQL/ARJM - Z01-Rupay Offline Contactless"
,
"section13":"Prod Credit Class - ARML25-28/ARQL/ARJM"
,
"section14":"Prod Credit Class - ARML25-28/ARQL/ARJM-01-New Account Credit Class & Migration"
,
"section15":"NEW ACCOUNT"
,
"section16":"Prod Credit Class - ARML25-28/ARQL/ARJM-02-Established Credit Class & Migration"
,
"section17":"ESTABLISHED ACCOUNTS"
,
"section18":"Prod Credit Class - ARML25-28/ARQL/ARJM-03- Intermediate Credit Class & Migration"
,
"section19":"INTERMEDIATE ACCOUNTS"
,
"section20":"Prod Credit Class - ARML25-28/ARQL/ARJM-04-Marginal Credit Class & Migration"
,
"section21":"MARGINAL ACCOUNTS"
,
"section22":"Prod Credit Class - ARML25-28/ARQL/ARJM-05-Intermediate Accounts Credit Limit Matrix"
,
"section23":"IA Matrix"
,
"section24":"Prod Credit Class - ARML25-28/ARQL/ARJM-06-Established Accounts Credit Limit Matrix"
,
"section25":"EA MATRIX"
,
"section26":"Prod Credit Class - ARML25-28/ARQL/ARJM-07-New Account Credit Limit Assignment"
,
"section27":"NA SCORES"
,
"section28":"NACL MATRIX"
,
"section29":"Prod Credit Class - ARML25-28/ARQL/ARJM-99-Status and Activity information"
}}
