{"data":{
"section0":[
],"section1":[
{
"fieldCode":"0170",
"fieldName":"BUSINESS UNIT",
"fieldFormat":"3N",
"helpText":"Identification of the business unit. This will always be 0 for system Record."
}
,{
"fieldCode":"0171",
"fieldName":"PRODUCT",
"fieldFormat":"3N",
"helpText":"Identification of the product. This will always be 0 for the System Record."
}
,{
"fieldCode":"0102",
"fieldName":"SYSTEM CALENDER WORK WEEK",
"fieldFormat":"7C",
"helpText":"Days of the week that the processing center processes CMS. Each position represents a day of the week in the following order:<br/>Position  Day of the week<br/>1 = Sunday<br/>2 = Monday<br/>3 = Tuesday<br/>4 = Wednesday<br/>5 = Thursday<br/>6 = Friday<br/>7 = Saturday.<br/>For each day of the week, indicate whether the processing center is open and processing or closed. The values are:<br/>C = Closed today<br/>X = Open and processing today.<br/>Example: Type CXXXXXC to indicate that the processing center is closed on Sunday, is open and processing Monday through Friday, and is closed on Saturday.<br/>NOTE: If you change a processing day in the System record from open to closed, you must manually set the same processing day to close in all Organization records (WORK WEEK on Business <br/>Unit ->02-System Processing Calendar)."
}
,{
"fieldCode":"0106",
"fieldName":"LAST PROCESSED DATE",
"fieldFormat":"DATE",
"helpText":"Date on which CMS last processed, or when a daily run occurred. The value in this field is system-generated; you cannot change it."
}
,{
"fieldCode":"0105",
"fieldName":"NEXT PROCESSING DATE",
"fieldFormat":"DATE",
"helpText":"Date on which processing will next occur. You can change this field only until the first CMS daily run. After the LAST PROCESSED DATE field contains a valid processing date, the date is system-generated; you cannot change it."
}
,{
"fieldCode":"0104",
"fieldName":"INTEREST ACCURED-THROUGH DATE",
"fieldFormat":"DATE",
"helpText":"Date through which interest for all accounts accrues. You can change this field only until the first CMS daily run. After the DATE LAST PROCESSED field contains a valid processing date, the date is system-generated; you cannot change it."
}
,{
"fieldCode":"0199",
"fieldName":"LAST MAINTENANCE DATE",
"fieldFormat":"DATE",
"helpText":"Date of the last maintenance on the System record. This date is system-generated; you cannot change it."
}
,{
"fieldCode":"0101",
"fieldName":"PROCESSING CENTER NAME",
"fieldFormat":"30C",
"helpText":"Name of the processing center."
}
,{
"fieldCode":"0183",
"fieldName":"DATE FORMAT",
"fieldFormat":"1N",
"helpText":"Flag that indicates the format CMS uses to display dates on page and printed reports. This is a display field; you cannot change the value. The values are:<br/>0 = U.S. format. All dates print in a MMDDYYYY format (Default)<br/>1 = International format. All dates print in a DDMMYYYY format.<br/>Example: For U.S. format, the date December 31, 2008, displays as 12312008. For international format, the same date displays as 31122008."
}
,{
"fieldCode":"0214",
"fieldName":"COUNTRY CODE",
"fieldFormat":"3C",
"helpText":"Code that identifies the country for which CMS is processing."
}
,{
"fieldCode":"0215",
"fieldName":"CURRENCY CODE",
"fieldFormat":"3N",
"helpText":"ISO Standard Currency Code that identifies the default unit of currency when no business unit currency code is available. The value that you enter must be a valid currency code previously defined via the Currency Codes service in the Security Subsystem and Common Routines (SSC) system.<br/>The currency code that you assign to the System record is used only to display the currency on system-level reports and to display values in the (FORMAT MESSAGE LINE) fields that use system-level tables. However, CMS always uses the business unit currency code for all processing."
}
],"section2":[
{
"fieldCode":"0103",
"fieldName":"HOLIDAYS DATE",
"fieldFormat":"DATE",
"helpText":"Appears 25 times. Dates on which holidays fall and the processing center is closed and does not process CMS. These holidays are non-processing days for both the processing center and all business units.<br/>You can enter holidays in any order. Leave fields blank that you do not use."
}
],"section3":[
{
"fieldCode":"0170",
"fieldName":"BUSINESS UNIT",
"fieldFormat":"3N",
"helpText":"Identification of the business unit. This will always be 0 for system Record."
}
,{
"fieldCode":"0171",
"fieldName":"PRODUCT",
"fieldFormat":"3N",
"helpText":"Identification of the product. This will always be 0 for the System Record."
}
,{
"fieldCode":"0203",
"fieldName":"ACCOUNT NUMBER FORMAT",
"fieldFormat":"1C",
"helpText":"Field that indicates whether the 19-character account number used to identify Account Base Segment records is numeric or alphanumeric. The values are:<br/>A = Alphanumeric<br/>N = Numeric. (Default)<br/>NOTE:  If ACCOUNT NUMBER FORMAT is A (alphanumeric), you cannot use the Auto Generation Table on Products->16- Account Generation tables to automatically generate account numbers."
}
,{
"fieldCode":"0202",
"fieldName":"SYSTEM TITLE(ONLINE/REPORTS)",
"fieldFormat":"30C",
"helpText":"Title that displays on the first line of each online page and prints at the top of reports. If you want this title to appear centered on page and reports, you must center the title in this field."
}
,{
"fieldCode":"0109",
"fieldName":"DESTINATION ROUTING NUMBER",
"fieldFormat":"9N",
"helpText":"Routing and transit number assigned to the destination institution. This field is mod-10 checked."
}
,{
"fieldCode":"0111",
"fieldName":"ORIGINATION ROUTING NUMBER",
"fieldFormat":"",
"helpText":"Routing and transit number assigned to the origination institution. This field is not mod-10 checked.<br/>NOTE:  If your processing center is not a financial institution, the ORIGINATION R/T should be the same as the DESTINATION ROUTING NUMBER."
}
,{
"fieldCode":"0113",
"fieldName":"TAX IDENTIFICATION NUMBER",
"fieldFormat":"15C",
"helpText":"Tax identification number assigned to the processing center, usually by a government agency."
}
,{
"fieldCode":"0112",
"fieldName":"PRENOTE  ACCOUNTS",
"fieldFormat":"1C",
"helpText":"ACH participation flag. The values are:<br/>N = Non-ACH, do not prenote accounts in CMS. (Default)<br/>X = System-generated. If PRENOTE is set to Y and the TAX IDENTIFICATIO NUMBER, DESTINATION ROUTING NUMBER, or ORIGINATION ROUTING NUMBER changes, CMS changes this field to X and generates a prenote for each participating ACH account. After prenoting, CMS resets PRENOTE ACCOUNTS from X to Y.<br/>Y = ACH participant, prenote accounts in CMS. If PRENOTE ACCOUNT is set to Y and the TAX IDENTIFICATION NUMBER, DESTINATION ROUTING NUMBER, OR ORIGINATION ROUTING NUMBER changes, CMS changes the PRENOTE ACCOUNTS field to X to prenote all accounts.<br/>NOTE: If PRENOTE ACCOUNTS is N on System Control -> 02-ACH; SDP & Misc Data, indicating that ACH participation is inactive for the system, then the ACH PRENOTE INDICATOR field on the Business Units -> 03-ACH & Report Processing must be N (on the add transaction) and cannot be changed. <br/>If PRENOTE ACCOUNTS is changed from Y to N or N to Y on the on System Control -> 02-ACH; SDP & Misc Data, ACH PRENOTE INDICATOR value on any existing organization record is not affected."
}
,{
"fieldCode":"0108",
"fieldName":"DESTINATION INSTITUTION",
"fieldFormat":"23C",
"helpText":"Name of the destination institution for ACH items."
}
,{
"fieldCode":"0110",
"fieldName":"ORIGINATION INSTITUTION",
"fieldFormat":"23C",
"helpText":"Name of the origination institution for ACH items."
}
,{
"fieldCode":"0114",
"fieldName":"PRENOTIFICATION DELAY DAYS",
"fieldFormat":"2N",
"helpText":"Number of days that must pass between the date the pre-notification is generated and the date when the monetary transactions are sent. This field is used for the initial pre-notification for an account. The values are 00 and 06-99.<br/>NOTE: This field is for informational purposes only and does not control the prenote process.<br/>NOTE:  At the business unit level PRENOTE DELAY DAYS on Business Units - 03-ACH & Report Processing ,you can assign a different number of days or indicate that the system-level number of days is to be used. If both the business unit-level and the system-level number of days are zero, the default number of days is 10 for the business unit."
}
,{
"fieldCode":"0115",
"fieldName":"MULTIPLE FILE IDENTIFIER",
"fieldFormat":"1C",
"helpText":"Identifier that enables you to distinguish among multiple files generated on the same day among the same participants."
}
,{
"fieldCode":"0212",
"fieldName":"USER-DEFINED SYSTEM ID",
"fieldFormat":"3C",
"helpText":"User-defined system identification."
}
,{
"fieldCode":"0117",
"fieldName":"PIN OR CARD IS WAREHOUSED FOR FILESET",
"fieldFormat":"1N",
"helpText":"Code that indicates whether the PIN or card warehousing functionality is available for this fileset. When the PIN or card is warehoused, the Batch Issue/Reissue program (ARU200) cannot store sensitive data on the outgoing embossing interface files. When the PIN or card is not warehoused, the Batch Issue/Reissue program (ARU200) displays this sensitive data as it displays on the system. The values are: <br/>0 = PIN or card is not warehoused for this fileset <br/>1 = PIN or card is warehoused for this fileset."
}
,{
"fieldCode":"0118",
"fieldName":"SDP CYCLE STATUS 1",
"fieldFormat":"1N",
"helpText":"Codes that indicate which of up to six SDP cycles are supported for the file-set identified in FSET. The values are:<br/>0 = Same-day processing cycle is not supported (Default)<br/>1 = Same-day processing cycle is supported but has not been run today<br/>2 = Same-day processing cycle is supported and is currently being run<br/>3 = Same-day processing cycle is supported and has been run today.<br/>You can only enter the value 0 or 1 in this field. When the SDP cycle starts, CMS updates the value in the corresponding cycle flag to 2 (in process). When the SDP cycle ends, CMS updates the value in the corresponding cycle flag to 3 (complete). When the standard batch cycle ends, CMS resets all cycle flags with value 3 to 1. <br/>NOTE:  The data center is responsible for setting up the scheduler to match the system-level parameters and for changing the surround and reporting jobs accordingly."
}
,{
"fieldCode":"0118",
"fieldName":"SDP CYCLE STATUS 2",
"fieldFormat":"1N",
"helpText":"Codes that indicate which of up to six SDP cycles are supported for the file-set identified in FSET. The values are:<br/>0 = Same-day processing cycle is not supported (Default)<br/>1 = Same-day processing cycle is supported but has not been run today<br/>2 = Same-day processing cycle is supported and is currently being run<br/>3 = Same-day processing cycle is supported and has been run today.<br/>You can only enter the value 0 or 1 in this field. When the SDP cycle starts, CMS updates the value in the corresponding cycle flag to 2 (in process). When the SDP cycle ends, CMS updates the value in the corresponding cycle flag to 3 (complete). When the standard batch cycle ends, CMS resets all cycle flags with value 3 to 1. <br/>NOTE:  The data center is responsible for setting up the scheduler to match the system-level parameters and for changing the surround and reporting jobs accordingly."
}
,{
"fieldCode":"0118",
"fieldName":"SDP CYCLE STATUS 3",
"fieldFormat":"1N",
"helpText":"Codes that indicate which of up to six SDP cycles are supported for the file-set identified in FSET. The values are:<br/>0 = Same-day processing cycle is not supported (Default)<br/>1 = Same-day processing cycle is supported but has not been run today<br/>2 = Same-day processing cycle is supported and is currently being run<br/>3 = Same-day processing cycle is supported and has been run today.<br/>You can only enter the value 0 or 1 in this field. When the SDP cycle starts, CMS updates the value in the corresponding cycle flag to 2 (in process). When the SDP cycle ends, CMS updates the value in the corresponding cycle flag to 3 (complete). When the standard batch cycle ends, CMS resets all cycle flags with value 3 to 1. <br/>NOTE: The data center is responsible for setting up the scheduler to match the system-level parameters and for changing the surround and reporting jobs accordingly."
}
,{
"fieldCode":"0118",
"fieldName":"SDP CYCLE STATUS 4",
"fieldFormat":"1N",
"helpText":"Codes that indicate which of up to six SDP cycles are supported for the file-set identified in FSET. The values are:<br/>0 = Same-day processing cycle is not supported (Default)<br/>1 = Same-day processing cycle is supported but has not been run today<br/>2 = Same-day processing cycle is supported and is currently being run<br/>3 = Same-day processing cycle is supported and has been run today.<br/>You can only enter the value 0 or 1 in this field. When the SDP cycle starts, CMS updates the value in the corresponding cycle flag to 2 (in process). When the SDP cycle ends, CMS updates the value in the corresponding cycle flag to 3 (complete). When the standard batch cycle ends, CMS resets all cycle flags with value 3 to 1. <br/>NOTE: The data center is responsible for setting up the scheduler to match the system-level parameters and for changing the surround and reporting jobs accordingly."
}
,{
"fieldCode":"0118",
"fieldName":"SDP CYCLE STATUS 5",
"fieldFormat":"1N",
"helpText":"Codes that indicate which of up to six SDP cycles are supported for the file-set identified in FSET. The values are:<br/>0 = Same-day processing cycle is not supported (Default)<br/>1 = Same-day processing cycle is supported but has not been run today<br/>2 = Same-day processing cycle is supported and is currently being run<br/>3 = Same-day processing cycle is supported and has been run today.<br/>You can only enter the value 0 or 1 in this field. When the SDP cycle starts, CMS updates the value in the corresponding cycle flag to 2 (in process). When the SDP cycle ends, CMS updates the value in the corresponding cycle flag to 3 (complete). When the standard batch cycle ends, CMS resets all cycle flags with value 3 to 1. <br/>NOTE:  The data center is responsible for setting up the scheduler to match the system-level parameters and for changing the surround and reporting jobs accordingly."
}
,{
"fieldCode":"0118",
"fieldName":"SDP CYCLE STATUS 6",
"fieldFormat":"1N",
"helpText":"Codes that indicate which of up to six SDP cycles are supported for the file-set identified in FSET. The values are:<br/>0 = Same-day processing cycle is not supported (Default)<br/>1 = Same-day processing cycle is supported but has not been run today<br/>2 = Same-day processing cycle is supported and is currently being run<br/>3 = Same-day processing cycle is supported and has been run today.<br/>You can only enter the value 0 or 1 in this field. When the SDP cycle starts, CMS updates the value in the corresponding cycle flag to 2 (in process). When the SDP cycle ends, CMS updates the value in the corresponding cycle flag to 3 (complete). When the standard batch cycle ends, CMS resets all cycle flags with value 3 to 1. <br/>NOTE: The data center is responsible for setting up the scheduler to match the system-level parameters and for changing the surround and reporting jobs accordingly."
}
,{
"fieldCode":"0119",
"fieldName":"SYSTEM LEVEL SDP CAP",
"fieldFormat":"5N",
"helpText":"Total number of same-day plastic requests allowed within a single SDP cycle."
}
,{
"fieldCode":"0120",
"fieldName":"CARD USE CAP",
"fieldFormat":"",
"helpText":""
}
,{
"fieldCode":"0286",
"fieldName":"SDP CAP USED",
"fieldFormat":"",
"helpText":""
}
],"section4":[
{
"fieldCode":"0170",
"fieldName":"BUSINESS UNIT",
"fieldFormat":"3N",
"helpText":"Identification of the business unit. This will always be 0 for system Record."
}
,{
"fieldCode":"0171",
"fieldName":"PRODUCT",
"fieldFormat":"3N",
"helpText":"Identification of the product. This will always be 0 for the System Record."
}
,{
"fieldCode":"0204",
"fieldName":"PRINTING FORM FOR REPORTS",
"fieldFormat":"2N",
"helpText":"Code that identifies the type of form (and its associated printer) on which these reports print. The values are 00-99. Default is 00."
}
,{
"fieldCode":"0205",
"fieldName":"ARCHIVAL IDENTIFIER",
"fieldFormat":"1N",
"helpText":"Flag that indicates the fiche file to which CMS sends system reports. The values are:<br/>0 = Do not send system reports to a fiche file (Default)<br/>1-9 = Fiche file to which CMS sends system reports."
}
,{
"fieldCode":"0206",
"fieldName":"PRINT LINES PER REPORT PAGE",
"fieldFormat":"2N",
"helpText":"Number of lines to print on each report page. The values are 40-98. Default is 60"
}
,{
"fieldCode":"0211",
"fieldName":"NUMBER OF ACCOUNT SEGMENTS",
"fieldFormat":"2C",
"helpText":"Number of segments into which CMS divides Account Base Segment key type files. The values are:<br/>0 = Segmentation is not used<br/>1-10 = Number of segments."
}
,{
"fieldCode":"0223",
"fieldName":"NUMBER RELATIONSHIP SEGMENTS",
"fieldFormat":"2C",
"helpText":"Number of segments into which CMS divides Relationship Master key type files. The values are:<br/>0 = Segmentation is not used<br/>1-10 = Number of segments."
}
,{
"fieldCode":"0224",
"fieldName":"CUSTOMER NAME/ADDRESS",
"fieldFormat":"2C",
"helpText":"Number of segments into which CMS divides Customer Name/Address key type files. The values are:<br/>0 = Segmentation is not used<br/>1-10 = Number of segments."
}
,{
"fieldCode":"0225",
"fieldName":"EMBOSSER DATA",
"fieldFormat":"2C",
"helpText":"Number of segments into which CMS divides Embosser Data key type files. The values are:<br/>0 = Segmentation is not used<br/>1-10 = Number of segments."
}
],"section5":[
{
"fieldCode":"0170",
"fieldName":"BUSINESS UNIT",
"fieldFormat":"3N",
"helpText":"Identification of the business unit. This will always be 0 for system Record."
}
,{
"fieldCode":"0171",
"fieldName":"PRODUCT",
"fieldFormat":"3N",
"helpText":"Identification of the product. This will always be 0 for the System Record."
}
,{
"fieldCode":"0207",
"fieldName":"MASTER FILE UPDATE METHOD",
"fieldFormat":"1C",
"helpText":"Field that determines how to process the master file during the Posting run (ARD140). The values are:<br/>D = Read a file and generate a new file (Default)<br/>U = Read and write to same file."
}
,{
"fieldCode":"0210",
"fieldName":"INACTIVE  ACTIVE INDICATOR",
"fieldFormat":"1C",
"helpText":"Flag that indicates whether CMS migrate dormant or transferred accounts to the inactive accounts file. The values are:<br/>N = No, do not migrate. (Default)<br/>P = Yes, migrate purge accounts to the inactive accounts file. When you select this option, an inactive account will migrate back to the active accounts file for any activity other than inquiry.<br/>Y = Yes, migrate accounts to the inactive accounts file. When you select this option, an inactive account will migrate back to the active accounts file for any activity, including inquiry.<br/>NOTE:  Selecting option D for the ACTIVE/INACTIVE field may affect billing for accounts if billing is based on the number of active accounts on file."
}
,{
"fieldCode":"0208",
"fieldName":"LETTER SYSTEM ACTIVE",
"fieldFormat":"1C",
"helpText":"Flag that indicates whether the Letter System (LTS) is installed. The values are:<br/>N = No (Default)<br/>Y = Yes."
}
,{
"fieldCode":"0213",
"fieldName":"EXCEPTION PROCESSING ACTIVE",
"fieldFormat":"1C",
"helpText":"Flag that indicates whether the Interchange Transaction System (ITS) is active. The values are:<br/>N = No (Default)<br/>Y = Yes.<br/>This field must be Y in order to select a transaction and perform an interchange function via the 01-Transaction Selection service."
}
,{
"fieldCode":"0216",
"fieldName":"DUAL CURRENCY ACTIVE",
"fieldFormat":"1N",
"helpText":"Flag that indicates whether the dual currency feature is active in CMS. The dual currency feature enables you to offer a single card that can accept both the local and foreign currency and provides the capability to bill the account in both currencies. The values are:<br/>0 = No, dual currency is not active (Default)<br/>1 = Yes, dual currency is active<br/>2 = Yes, SADC is active.<br/>If this field is 0 (dual currency is not active), the LOCAL/FOREIGN CURRENCY INDICATOR does not display on Business Units --> 01-Demographics and you cannot set the LOCAL/FOREIGN CURRENCY INDICATOR to active at the business unit. If this field is 1 (dual currency is active), you can set the dual currency feature to active or inactive at the business unit level Business Units --> 01-Demographics.<br/>In maintenance mode System Control - 04-System Level Switch, you can change this field from 0 (not active) to 1 (active). After you set this field to 1 and complete the record, however, you cannot change this field back to 0."
}
,{
"fieldCode":"0217",
"fieldName":"CUSTOMER SERVICE MANAGEMENT ACTIVE",
"fieldFormat":"1C",
"helpText":"Flag that indicates whether the Account Services Management (ASM) system is active. The values are:<br/>N = No (Default)<br/>Y = Yes.<br/>NOTE:  If ASM is installed, this field must be Y to transfer ASM history when an account is transferred in CMS via the Account Transfer functional Service. If ASM is installed and this field is N, ASM history is not transferred when an account is transferred in CMS via Account Transfer service."
}
,{
"fieldCode":"0116",
"fieldName":"USER DEBUG TRACKING",
"fieldFormat":"1C",
"helpText":"Flag that indicates if the debug tracking feature in the Posting program (ARD140) is active. The values are:<br/>0 = No, the tracking feature is not active (Default)<br/>1 = Yes, the tracking feature is active.<br/>NOTE:  For more information, refer to the description of the Posting program (ARD140) in the CMS Technical Guide."
}
,{
"fieldCode":"0218",
"fieldName":"NAME SEARCH MINIMUM CHARACTERS",
"fieldFormat":"1N",
"helpText":"Minimum number of characters that must be entered when performing a generic last name search with the Name Locate function (LAST NAME on Customer Number Lookup --> Customer Number Lookup). The values are 1-6. The default is 1. You can require a higher value at the business unit level (name search minimum characters on Business Units -> 05-Alpha Name Key Options."
}
,{
"fieldCode":"0222",
"fieldName":"PROCESS SMART CARDS",
"fieldFormat":"1C",
"helpText":"Flag that indicates whether this system is allowed to process smart cards. The values are:<br/>0 = No, smart cards are not allowed (Default)<br/>1 = Yes, smart cards are allowed."
}
,{
"fieldCode":"0226",
"fieldName":"DEBIT CARD FUNCTION ACTIVE",
"fieldFormat":"1C",
"helpText":"Flag that indicates whether debit card functionality is active. The values are:<br/>0 = Inactive (Default)<br/>1 = Active.<br/>This field is automatically set to 1 when debit card support is installed."
}
,{
"fieldCode":"0272",
"fieldName":"COMMERCIAL CARD MANAGEMENT",
"fieldFormat":"1N",
"helpText":"Flag that indicates whether the Hierarchy Company System (HCS) is active. The values are:<br/>0 = Inactive (Default)<br/>1 = Active.<br/>This field is system-generated and cannot be modified. CMS automatically changes this field to 1 when HCS is installed."
}
,{
"fieldCode":"0227",
"fieldName":"JCB ACTIVE",
"fieldFormat":"1N",
"helpText":"Flag that indicates whether JCB functionality is active. This field is system-generated and cannot be modified. The values are:<br/>0 = Inactive (Default)<br/>1 = Active.<br/>This field is automatically set to 1 (active) when JCB functionality is installed."
}
,{
"fieldCode":"0231",
"fieldName":"PREPAID CARD ACTIVE",
"fieldFormat":"1N",
"helpText":"Flag that indicates whether prepaid card functionality is active. The values are:<br/>0 = Inactive (Default)<br/>1 = Active.<br/>Once you change this field to 1 (active) and complete the record, you cannot change this field back to zero."
}
,{
"fieldCode":"0230",
"fieldName":"USE EXTENDED NAME FORMAT",
"fieldFormat":"1N",
"helpText":"Code that indicates whether the extended name format functionality is active. The values are:<br/>0 = No, the extended name format functionality is not active (Default)<br/>1 = Yes, the extended name format functionality is active."
}
,{
"fieldCode":"0299",
"fieldName":"LOYALTY MANAGEMENT ACTIVE",
"fieldFormat":"1C",
"helpText":"Flag that indicates whether the Loyalty Management System (LMS) is active. The values are:<br/>0 = Inactive (Default)<br/>1 = Active."
}
,{
"fieldCode":"0281",
"fieldName":"OFFER MANAGEMENT SYSTEM ACTIVE",
"fieldFormat":"1C",
"helpText":"Flag that indicates whether the Offer Management System (OMS) is active. The values are:<br/>0 = Inactive (Default)<br/>1 = Active.<br/>This field is automatically set to 1 when OMS is installed."
}
,{
"fieldCode":"0219",
"fieldName":"AMERICAN EXPRESS",
"fieldFormat":"1N",
"helpText":"Flag that indicates whether the system is set up to support American Express processing. This field is system-generated and cannot be modified. The values are:<br/>0 = Inactive (Default)<br/>1 = Active.<br/>This field is automatically set to 1 (active) when American Express processing is installed."
}
],"section6":[
{
"fieldCode":"0170",
"fieldName":"BUSINESS UNIT",
"fieldFormat":"3N",
"helpText":"Identification of the business unit. This will always be 0 for system Record."
}
,{
"fieldCode":"0171",
"fieldName":"PRODUCT",
"fieldFormat":"3N",
"helpText":"Identification of the product. This will always be 0 for the System Record."
}
],"section7":[
{
"fieldCode":"0201",
"fieldName":"CYCLE CODES",
"fieldFormat":"2N",
"helpText":"Appears 31 times. Codes that indicate whether each day of the month is a processing day for billing cycles. The values are:<br/>01-31 = Code that identifies days of the month on which CMS cycles accounts. These values are valid cycle codes that you can assign to accounts (BILLING CYCLE on Account Details - ->01-Account Base Segment.<br/>61-91 = Code that identifies days of the month on which CMS does not cycle accounts.<br/>Each code from 01 to 31 has a corresponding code from 61 to 91 that identifies a particular day of the month, as follows:<br/>01,61 = First day of the month <br/>02,62 = Second day of the month<br/>15,75 = Fifteenth day of the month<br/>28,88 = Twenty-eighth day of the month<br/>29,89 = Twenty-ninth day or end-of-month<br/>30,90 = Thirtieth day or end-of-month<br/>31,91 = Thirty-first day or end-of-month.<br/>Examples: To indicate that CMS cycles accounts on the first day of the month, type 01 in the first position of the VALID CYCLE CODE field. Or, to indicate that CMS does not cycle accounts on the first day of the month, type 61 instead.<br/>NOTE:  A valid cycle code (01-31) and its corresponding value (61-91) cannot reside in the table at the same time. For example, 01 and 61 cannot both reside in the table. If you enter 01 to indicate the first day of the month is a processing day, you can assign cycle code 01 to accounts. However, if you enter 61 to indicate the first day of the month is not a processing day, cycle code 01 is invalid; you cannot assign cycle code 01 to accounts."
}
],"section8":[
{
"fieldCode":"0170",
"fieldName":"BUSINESS UNIT",
"fieldFormat":"3N",
"helpText":"Identification of the business unit. This will always be 0 for system Record."
}
,{
"fieldCode":"0171",
"fieldName":"PRODUCT",
"fieldFormat":"3N",
"helpText":"Identification of the product. This will always be 0 for the System Record."
}
,{
"fieldCode":"0143",
"fieldName":"ACTIVATE NAME SEARCH",
"fieldFormat":"1N",
"helpText":"Code that indicates whether the customer search option is activated for the system. The values are:<br/>0 = Customer search option is not active (Default)<br/>1 = Customer search option is active. <br/>When this field is 0, the pending field for the corresponding customer search option PRIMARY SEARCH ON NAME option will not be open to input on the Organization record Business Units ->14-Customer Search-Primary. When this field is 1, the pending field for the corresponding customer search option will be open to input on the Organization record. <br/>NOTE:  If the search option is changed on the System record, it is not automatically modified on the Organization record."
}
,{
"fieldCode":"0302",
"fieldName":"MIN CHAR TO ENTER-NAME SEARCH",
"fieldFormat":"1N",
"helpText":"Minimum number of characters that must be entered for the search option on the Customer Number Lookup service. The country field is not open to input and is always 3. All other search option fields are open to input on this service and default to 2. The values are 2-6."
}
,{
"fieldCode":"0303",
"fieldName":"ACTIVATE ID NUMBER SEARCH",
"fieldFormat":"1N",
"helpText":"Code that indicates whether the customer search option is activated for the system. The values are:<br/>0 = Customer search option is not active (Default)<br/>1 = Customer search option is active. <br/>When this field is 0, the pending field for the corresponding customer search option PRIMARY SEARCH ON IDENTIFICATION NUMBER will not be open to input on the Organization record Business Units - ->14-Customer Search-Primary. When this field is 1, the pending field for the corresponding customer search option will be open to input on the Organization record. <br/>NOTE: If the search option is changed on the System record, it is not automatically modified on the Organization record."
}
,{
"fieldCode":"0304",
"fieldName":"MIN CHAR TO ENTER-ID NUMBER SEARCH",
"fieldFormat":"1N",
"helpText":"Minimum number of characters that must be entered for the search option on the Customer Number Lookup service. The country field is not open to input and is always 3. All other search option fields are open to input on this service and default to 2. The values are 0, 2-6."
}
,{
"fieldCode":"0305",
"fieldName":"ACTIVATE PHONE NUMBER SEARCH",
"fieldFormat":"1N",
"helpText":"Code that indicates whether the customer search option is activated for the system. The values are:<br/>0 = Customer search option is not active (Default)<br/>1 = Customer search option is active. <br/>When this field is 0, the pending field for the corresponding customer search option PRIMARY SEARCH ON PHONE NUMBER will not be open to input on the Organization record Business Units ->14-Customer Search-Primary. When this field is 1, the pending field for the corresponding customer search option will be open to input on the Organization record. <br/>NOTE:  If the search option is changed on the System record, it is not automatically modified on the Organization record."
}
,{
"fieldCode":"0306",
"fieldName":"MIN CHAR TO ENTER-PHONE NUMBER SEARCH",
"fieldFormat":"1N",
"helpText":"Minimum number of characters that must be entered for the search option on the Customer Number Lookup service. The country field is not open to input and is always 3. All other search option fields are open to input on this service and default to 2. The values are 0, 2-6."
}
,{
"fieldCode":"0307",
"fieldName":"ACTIVATE DATE OF BIRTH SEARCH",
"fieldFormat":"1N",
"helpText":"Code that indicates whether the customer search option is activated for the system. The values are:<br/>0 = Customer search option is not active (Default)<br/>1 = Customer search option is active. <br/>When this field is 0, the pending field for the corresponding customer search option OPTIONAL SEARCH ON DATE OF BIRTH will not be open to input on the Organization record Business Units - ->15-Customer Search - Optional. When this field is 1, the pending field for the corresponding customer search option will be open to input on the Organization record. <br/>NOTE:  If the search option is changed on the System record, it is not automatically modified on the Organization record."
}
,{
"fieldCode":"0308",
"fieldName":"MIN CHAR TO ENTER-DOB NBR SEARCH",
"fieldFormat":"1N",
"helpText":"Minimum number of characters that must be entered for the search option on the Customer Number Lookup service. The country field is not open to input and is always 3. All other search option fields are open to input on this service and default to 2. The values are 0, 2-6."
}
,{
"fieldCode":"0309",
"fieldName":"ACTIVATE TITLE SEARCH",
"fieldFormat":"1N",
"helpText":"Code that indicates whether the customer search option is activated for the system. The values are:<br/>0 = Customer search option is not active (Default)<br/>1 = Customer search option is active. <br/>When this field is 0, the pending field for the corresponding customer search option OPTIONAL SEARCH ON TITLE will not be open to input on the Organization record Business Units ->15-Customer Search- Optional. When this field is 1, the pending field for the corresponding customer search option will be open to input on the Organization record. <br/>NOTE:  If the search option is changed on the System record, it is not automatically modified on the Organization record."
}
,{
"fieldCode":"0310",
"fieldName":"MIN CHAR TO ENTER-TITLE SEARCH",
"fieldFormat":"1N",
"helpText":"Minimum number of characters that must be entered for the search option on the Customer Number Lookup service. The country field is not open to input and is always 3. All other search option fields are open to input on this service and default to 2. The values are 0, 2-6."
}
],"section9":[
{
"fieldCode":"0170",
"fieldName":"BUSINESS UNIT",
"fieldFormat":"3N",
"helpText":"Identification of the business unit. This will always be 0 for system Record."
}
,{
"fieldCode":"0171",
"fieldName":"PRODUCT",
"fieldFormat":"3N",
"helpText":"Identification of the product. This will always be 0 for the System Record."
}
,{
"fieldCode":"0311",
"fieldName":"ACTIVATE SUFFIX SEARCH",
"fieldFormat":"1N",
"helpText":"Code that indicates whether the customer search option is activated for the system. The values are:<br/>0 = Customer search option is not active (Default)<br/>1 = Customer search option is active. <br/>When this field is 0, the pending field for the corresponding search option OPTIONAL SEARCH ON SUFFIX will not be open to input on the Organization record Business Units - ->15-Customer Search- Optional. When this field is 1, the pending field for the corresponding customer search option will be open to input on the Organization record. <br/>NOTE: If the search option is changed on the System record, it is not automatically modified on the Organization record."
}
,{
"fieldCode":"0312",
"fieldName":"MIN CHAR TO ENTER-SUFFIX SEARCH",
"fieldFormat":"1N",
"helpText":"Minimum number of characters that must be entered for the search option on the Customer Number Lookup service. The country field is not open to input and is always 3. All other search option fields are open to input on this service and default to 2. The values are 0, 2-6."
}
,{
"fieldCode":"0313",
"fieldName":"ACTIVATE COUNTRY SEARCH",
"fieldFormat":"1N",
"helpText":"Code that indicates whether the customer search option is activated for the system. The values are:<br/>0 = Customer search option is not active (Default)<br/>1 = Customer search option is active. <br/>When this field is 0, the pending field for the corresponding search option OPTIONAL SEARCH ON COUNTRY will not be open to input on the Organization record Business Units ->15- Customer Search- Optional. When this field is 1, the pending field for the corresponding customer search option will be open to input on the Organization record. <br/>NOTE:  If the search option is changed on the System record, it is not automatically modified on the Organization record."
}
,{
"fieldCode":"0314",
"fieldName":"MIN CHAR TO ENTER-COUNTRY SEARCH",
"fieldFormat":"1N",
"helpText":"Minimum number of characters that must be entered for the search option on the Customer Number Lookup service. The country field is not open to input and is always 3. All other search option fields are open to input on this service and default to 2. The values are 0, 2-6."
}
,{
"fieldCode":"0315",
"fieldName":"ACTIVATE POSTAL CODE SEARCH",
"fieldFormat":"1N",
"helpText":"Code that indicates whether the customer search option is activated for the system. The values are:<br/>0 = Customer search option is not active (Default)<br/>1 = Customer search option is active. <br/>When this field is 0, the pending field for the corresponding customer search option PRIMARY SEARCH OPTION ON POSTAL CODE will not be open to input on the Organization record Business Units - ->14-Customer Search-Primary. When this field is 1, the pending field for the corresponding customer search option will be open to input on the Organization record. <br/>NOTE: If the search option is changed on the System record, it is not automatically modified on the Organization record."
}
,{
"fieldCode":"0316",
"fieldName":"MIN CHAR TO ENTER- POSTAL CODE SEARCH",
"fieldFormat":"1N",
"helpText":"Minimum number of characters that must be entered for the search option on the Customer Number Lookup service. The country field is not open to input and is always 3. All other search option fields are open to input on this service and default to 2. The values are 0, 2-6."
}
,{
"fieldCode":"0317",
"fieldName":"ACTIVATE USER 14 SEARCH",
"fieldFormat":"1N",
"helpText":"Code that indicates whether the customer search option is activated for the system. The values are:<br/>0 = Customer search option is not active (Default)<br/>1 = Customer search option is active. <br/>When this field is 0, the pending field for the corresponding customer search option OPERATIONAL SEARCH ON USER 14 will not be open to input on the Organization record Business Units - ->14-Customer Search-Optional. When this field is 1, the pending field for the corresponding customer search option will be open to input on the Organization record. <br/>NOTE:  If the search option is changed on the System record, it is not automatically modified on the Organization record."
}
,{
"fieldCode":"0318",
"fieldName":"MIN CHAR TO ENTER-USER 14 SEARCH",
"fieldFormat":"1N",
"helpText":"Minimum number of characters that must be entered for the search option on the Customer Number Lookup service. The country field is not open to input and is always 3. All other search option fields are open to input on this service and default to 2. The values are 0, 2-6."
}
,{
"fieldCode":"0319",
"fieldName":"ACTIVE USER 15 SEARCH",
"fieldFormat":"1N",
"helpText":"Code that indicates whether the customer search option is activated for the system. The values are:<br/>0 = Customer search option is not active (Default)<br/>1 = Customer search option is active. <br/>When this field is 0, the pending field for the corresponding customer search option OPERATIONAL SEARCH ON USER 15 will not be open to input on the Organization record Business Units - ->15-Customer Search-Optional. When this field is 1, the pending field for the corresponding customer search option will be open to input on the Organization record. <br/>NOTE:  If the search option is changed on the System record, it is not automatically modified on the Organization record."
}
,{
"fieldCode":"0320",
"fieldName":"MIN CHAR TO ENTER-USER 15 SEARCH",
"fieldFormat":"1N",
"helpText":"Minimum number of characters that must be entered for the search option on the Customer Number Lookup service. The country field is not open to input and is always 3. All other search option fields are open to input on this service and default to 2. The values are 0, 2-6."
}
],"section10":[
{
"fieldCode":"0170",
"fieldName":"BUSINESS UNIT",
"fieldFormat":"3N",
"helpText":"Identification of the business unit. This will always be 0 for system Record."
}
,{
"fieldCode":"0171",
"fieldName":"PRODUCT",
"fieldFormat":"3N",
"helpText":"Identification of the product. This will always be 0 for the System Record."
}
,{
"fieldCode":"0282",
"fieldName":"FALCON 6 ACTIVE",
"fieldFormat":"1N",
"helpText":"Code that indicates whether the Falcon 6 interface is active for this system. The values are:<br/>0 = No, the Falcon 6 interface is not active (Default)<br/>1 = Yes, the Falcon 6 interface is active.<br/>This field is system-generated and cannot be modified. CMS automatically sets this field to 1 when the Falcon 6 interface is installed."
}
,{
"fieldCode":"0401",
"fieldName":"OFFSET INDICATOR",
"fieldFormat":"1C",
"helpText":"A field that indicates the offset of the processing center local time to Greenwich Mean Time (GMT).<br/>The field has valid value as the plus sign (+) or minus sign (-) for the offset. The plus sign indicates that the local time is ahead of GMT. The minus sign indicates that the local time is behind GMT."
}
,{
"fieldCode":"0402",
"fieldName":"HOURS",
"fieldFormat":"2N",
"helpText":"This field defines the number of hours in the offset. The values are 00-12."
}
,{
"fieldCode":"0403",
"fieldName":"MINUTES",
"fieldFormat":"2N",
"helpText":"This field part defines the number of minutes in the offset. The values are 00-59."
}
,{
"fieldCode":"0229",
"fieldName":"FRAUD ACTIVE SWITCH",
"fieldFormat":"1C",
"helpText":"Code that indicates whether the fraud interface is active for this system. The values are:<br/>0 = No, the fraud interface is not active (Default)<br/>1 = Yes, the fraud 6 interface is active.<br/>This field is system-generated and cannot be modified. CMS auto"
}
]},"sections": {
"section0":""
,
"section1":"System Control-01-System Processing Calendar"
,
"section2":"HOLIDAY TABLE:"
,
"section3":"System Control-02-ACH; SDP & Misc Data"
,
"section4":"System Control-03-System Reports &Segmentation"
,
"section5":"System Control-04-System Level Switch"
,
"section6":"System Control-05 - Valid Cycle codes"
,
"section7":"VALID CYCLES:"
,
"section8":"System Control-06-Customer Search - Primary"
,
"section9":"System Control-07 - Customer Search - Optional"
,
"section10":"System Control-08 - Falcon & VTS Switch"
}}
