{"data":{
"section0":[
],"section1":[
{
"fieldCode":"0671",
"fieldName":"BUSINESS UNIT",
"fieldFormat":"3N",
"helpText":"Identification number of the organization associated with this Logo record."
}
,{
"fieldCode":"0672",
"fieldName":"PRODUCT",
"fieldFormat":"3N",
"helpText":"This field is the Identification number of the Logo record."
}
,{
"fieldCode":"0673",
"fieldName":"RECORD NUMBER",
"fieldFormat":"2N",
"helpText":"This field identifies the record number associated with the product classification record. The default value for this field is 4<br/>and it is not maintainable."
}
],"section2":[
{
"fieldCode":"0671",
"fieldName":"BUSINESS UNIT",
"fieldFormat":"3N",
"helpText":"Identification number of the organization associated with this Logo record."
}
,{
"fieldCode":"0672",
"fieldName":"PRODUCT",
"fieldFormat":"3N",
"helpText":"This field is the Identification number of the Logo record."
}
,{
"fieldCode":"1701",
"fieldName":"DAILY NBR",
"fieldFormat":"8C",
"helpText":"Appears 50 times. Identification code assigned to each daily report. This field is required if you complete the DAILY DESC field. The DAILY NBR<br/>value prints in positions 1-8 on the first line of each report page."
}
,{
"fieldCode":"1702",
"fieldName":"DAILY DESC",
"fieldFormat":"30C",
"helpText":"Appears 50 times.This is the title or description of each daily report. If you want the report title centered on reports, you must center the title in this field. This field is required if you complete the ID field. The DAILY DESC value prints on the second line of each report page."
}
],"section3":[
{
"fieldCode":"0671",
"fieldName":"BUSINESS UNIT",
"fieldFormat":"3N",
"helpText":"Identification number of the organization associated with this Logo record."
}
,{
"fieldCode":"0672",
"fieldName":"PRODUCT",
"fieldFormat":"3N",
"helpText":"This field is the Identification number of the Logo record."
}
,{
"fieldCode":"1901",
"fieldName":"OPTIONAL NBR",
"fieldFormat":"8C",
"helpText":"Appears 99 times.Identification code assigned to each optional report. This field is required if you complete the OPTIONAL DESC field. The<br/>OPTIONAL NBR prints in positions 1-8 on the first line of each report page."
}
,{
"fieldCode":"1902",
"fieldName":"OPTIONAL DESC",
"fieldFormat":"30C",
"helpText":"Appears 99 times.IThis is the title or description of each optional report. If you want the report title centered on reports, you must center the<br/>title in this field. This field is required if you complete the ID field. The OPTIONAL DESC prints on the second line of each<br/>report page."
}
],"section4":[
{
"fieldCode":"0671",
"fieldName":"BUSINESS UNIT",
"fieldFormat":"3N",
"helpText":"Identification number of the organization associated with this Logo record."
}
,{
"fieldCode":"0672",
"fieldName":"PRODUCT",
"fieldFormat":"3N",
"helpText":"This field is the Identification number of the Logo record."
}
,{
"fieldCode":"3401",
"fieldName":"REPORT ID",
"fieldFormat":"8C",
"helpText":"Appears 16 times. Identification code assigned to each user-defined report. This field is required if you complete the USER REPORT TITLE field."
}
,{
"fieldCode":"3402",
"fieldName":"REPORT TITLE",
"fieldFormat":"30C",
"helpText":"Appears 16 times. This is the title of each user-defined report. If you want the report title centered on reports, you must center the title in this<br/>field. This field is required if you complete the REPORT ID field."
}
],"section5":[
{
"fieldCode":"0671",
"fieldName":"BUSINESS UNIT",
"fieldFormat":"3N",
"helpText":"Identification number of the organization associated with this Logo record."
}
,{
"fieldCode":"0672",
"fieldName":"PRODUCT",
"fieldFormat":"3N",
"helpText":"This field is the Identification number of the Logo record."
}
,{
"fieldCode":"2301",
"fieldName":"USER DATE 1 DESCRIPTION",
"fieldFormat":"10C",
"helpText":"Titles for user-defined date fields that display on the Account Details -> 09-User-Defined Codes,Dates,Amounts If you do<br/>not assign a title at the product level, CMS uses the default title USER 1 at the account level."
}
,{
"fieldCode":"2303",
"fieldName":"USER DATE 2 DESCRIPTION",
"fieldFormat":"10C",
"helpText":"Titles for user-defined date fields that display on the Account Details -> 09-User-Defined Codes,Dates,Amounts If you do<br/>not assign a title at the product level, CMS uses the default title USER 2 at the account level."
}
,{
"fieldCode":"2305",
"fieldName":"USER DATE 3 DESCRIPTION",
"fieldFormat":"10C",
"helpText":"Titles for user-defined date fields that display on the Account Details -> 09-User-Defined Codes,Dates,Amounts If you do<br/>not assign a title at the product level, CMS uses the default title USER 3 at the account level."
}
,{
"fieldCode":"2307",
"fieldName":"USER DATE 4 DESCRIPTION",
"fieldFormat":"10C",
"helpText":"Titles for user-defined date fields that display on the Account Details -> 09-User-Defined Codes,Dates,Amounts If you do<br/>not assign a title at the product level, CMS uses the default title USER 4 at the account level."
}
,{
"fieldCode":"2309",
"fieldName":"USER DATE 5 DESCRIPTION",
"fieldFormat":"10C",
"helpText":"Titles for user-defined date fields that display on the Account Details -> 09-User-Defined Codes,Dates,Amounts If you do<br/>not assign a title at the product level, CMS uses the default title USER 5 at the account level."
}
,{
"fieldCode":"2311",
"fieldName":"USER DATE 6 DESCRIPTION",
"fieldFormat":"10C",
"helpText":"Titles for user-defined date fields that display on the Account Details -> 09-User-Defined Codes,Dates,Amounts If you do<br/>not assign a title at the product level, CMS uses the default title USER 6 at the account level."
}
,{
"fieldCode":"2328",
"fieldName":"USER DATE 7 DESCRIPTION",
"fieldFormat":"10C",
"helpText":"Titles for user-defined date fields that display on the Account Details -> 09-User-Defined Codes,Dates,Amounts If you do<br/>not assign a title at the product level, CMS uses the default title USER 7 at the account level."
}
,{
"fieldCode":"2330",
"fieldName":"USER DATE 8 DESCRIPTION",
"fieldFormat":"10C",
"helpText":"Titles for user-defined date fields that display on the Account Details -> 09-User-Defined Codes,Dates,Amounts If you do<br/>not assign a title at the product level, CMS uses the default title USER 8 at the account level."
}
,{
"fieldCode":"2332",
"fieldName":"USER DATE 9 DESCRIPTION",
"fieldFormat":"10C",
"helpText":"Titles for user-defined date fields that display on the Account Details -> 09-User-Defined Codes,Dates,Amounts If you do<br/>not assign a title at the product level, CMS uses the default title USER 9 at the account level."
}
,{
"fieldCode":"2334",
"fieldName":"USER DATE 10 DESCRIPTION",
"fieldFormat":"10C",
"helpText":"Titles for user-defined date fields that display on the Account Details -> 09-User-Defined Codes,Dates,Amounts If you do<br/>not assign a title at the product level, CMS uses the default title USER 10 at the account level."
}
,{
"fieldCode":"2336",
"fieldName":"USER DATE 11 DESCRIPTION",
"fieldFormat":"10C",
"helpText":"Titles for user-defined date fields that display on the Account Details -> 09-User-Defined Codes,Dates,Amounts If you do<br/>not assign a title at the product level, CMS uses the default title USER 11 at the account level."
}
,{
"fieldCode":"2338",
"fieldName":"USER DATE 12 DESCRIPTION",
"fieldFormat":"10C",
"helpText":"Titles for user-defined date fields that display on the Account Details -> 09-User-Defined Codes,Dates,Amounts If you do<br/>not assign a title at the product level, CMS uses the default title USER 12 at the account level."
}
,{
"fieldCode":"2340",
"fieldName":"USER DATE 13 DESCRIPTION",
"fieldFormat":"10C",
"helpText":"Titles for user-defined date fields that display on the Account Details -> 09-User-Defined Codes,Dates,Amounts If you do<br/>not assign a title at the product level, CMS uses the default title USER 13 at the account level."
}
,{
"fieldCode":"2342",
"fieldName":"USER DATE 14 DESCRIPTION",
"fieldFormat":"10C",
"helpText":"Titles for user-defined date fields that display on the Account Details -> 09-User-Defined Codes,Dates,Amounts If you do<br/>not assign a title at the product level, CMS uses the default title USER 14 at the account level."
}
,{
"fieldCode":"2302",
"fieldName":"USER CODE 1 DESCRIPTION",
"fieldFormat":"10C",
"helpText":"Titles for user-defined code fields that display on the Account Details -> 09-User-Defined Codes,Dates,Amounts If you do<br/>not assign a title at the product level, CMS uses the default title USER 1 at the account level."
}
,{
"fieldCode":"2304",
"fieldName":"USER CODE 2 DESCRIPTION",
"fieldFormat":"10C",
"helpText":"Titles for user-defined code fields that display on the Account Details -> 09-User-Defined Codes,Dates,Amounts If you do<br/>not assign a title at the product level, CMS uses the default title USER 2 at the account level."
}
,{
"fieldCode":"2306",
"fieldName":"USER CODE 3 DESCRIPTION",
"fieldFormat":"10C",
"helpText":"Titles for user-defined code fields that display on the Account Details -> 09-User-Defined Codes,Dates,Amounts If you do<br/>not assign a title at the product level, CMS uses the default title USER 3 at the account level."
}
,{
"fieldCode":"2308",
"fieldName":"USER CODE 4 DESCRIPTION",
"fieldFormat":"10C",
"helpText":"Titles for user-defined code fields that display on the Account Details -> 09-User-Defined Codes,Dates,Amounts If you do<br/>not assign a title at the product level, CMS uses the default title USER 4 at the account level."
}
,{
"fieldCode":"2310",
"fieldName":"USER CODE 5 DESCRIPTION",
"fieldFormat":"10C",
"helpText":"Titles for user-defined code fields that display on the Account Details -> 09-User-Defined Codes,Dates,Amounts If you do<br/>not assign a title at the product level, CMS uses the default title USER 5 at the account level."
}
,{
"fieldCode":"2312",
"fieldName":"USER CODE 6 DESCRIPTION",
"fieldFormat":"10C",
"helpText":"Titles for user-defined code fields that display on the Account Details -> 09-User-Defined Codes,Dates,Amounts If you do<br/>not assign a title at the product level, CMS uses the default title USER 6 at the account level."
}
,{
"fieldCode":"2327",
"fieldName":"USER CODE 7 DESCRIPTION",
"fieldFormat":"10C",
"helpText":"Titles for user-defined code fields that display on the Account Details -> 09-User-Defined Codes,Dates,Amounts If you do<br/>not assign a title at the product level, CMS uses the default title USER 7 at the account level."
}
,{
"fieldCode":"2329",
"fieldName":"USER CODE 8 DESCRIPTION",
"fieldFormat":"10C",
"helpText":"Titles for user-defined code fields that display on the Account Details -> 09-User-Defined Codes,Dates,Amounts If you do<br/>not assign a title at the product level, CMS uses the default title USER 8 at the account level."
}
,{
"fieldCode":"2331",
"fieldName":"USER CODE 9 DESCRIPTION",
"fieldFormat":"10C",
"helpText":"Titles for user-defined code fields that display on the Account Details -> 09-User-Defined Codes,Dates,Amounts If you do<br/>not assign a title at the product level, CMS uses the default title USER 9 at the account level."
}
,{
"fieldCode":"2333",
"fieldName":"USER CODE 10 DESCRIPTION",
"fieldFormat":"10C",
"helpText":"Titles for user-defined code fields that display on the Account Details -> 09-User-Defined Codes,Dates,Amounts If you do<br/>not assign a title at the product level, CMS uses the default title USER 10 at the account level."
}
,{
"fieldCode":"2335",
"fieldName":"USER CODE 11 DESCRIPTION",
"fieldFormat":"10C",
"helpText":"Titles for user-defined code fields that display on the Account Details -> 09-User-Defined Codes,Dates,Amounts If you do<br/>not assign a title at the product level, CMS uses the default title USER 11 at the account level."
}
,{
"fieldCode":"2337",
"fieldName":"USER CODE 12 DESCRIPTION",
"fieldFormat":"10C",
"helpText":"Titles for user-defined code fields that display on the Account Details -> 09-User-Defined Codes,Dates,Amounts If you do<br/>not assign a title at the product level, CMS uses the default title USER 12 at the account level."
}
,{
"fieldCode":"2339",
"fieldName":"USER CODE 13 DESCRIPTION",
"fieldFormat":"10C",
"helpText":"Titles for user-defined code fields that display on the Account Details -> 09-User-Defined Codes,Dates,Amounts If you do<br/>not assign a title at the product level, CMS uses the default title USER 13 at the account level."
}
,{
"fieldCode":"2341",
"fieldName":"USER CODE 14 DESCRIPTION",
"fieldFormat":"10C",
"helpText":"Titles for user-defined code fields that display on the Account Details -> 09-User-Defined Codes,Dates,Amounts If you do<br/>not assign a title at the product level, CMS uses the default title USER 14 at the account level."
}
,{
"fieldCode":"2313",
"fieldName":"USER AMOUNT 1 DESCRIPTION",
"fieldFormat":"10C",
"helpText":"Titles for user-defined amount fields that display on the Account Details -> 09-User-Defined Codes,Dates,Amounts. If you do not assign a title at the product level, CMS uses the default titles USER 1 at the account level."
}
,{
"fieldCode":"2314",
"fieldName":"USER AMOUNT 2 DESCRIPTION",
"fieldFormat":"10C",
"helpText":"Titles for user-defined amount fields that display on the Account Details -> 09-User-Defined Codes,Dates,Amounts. If you do not assign a title at the product level, CMS uses the default titles USER 2 at the account level."
}
,{
"fieldCode":"2315",
"fieldName":"USER AMOUNT 3 DESCRIPTION",
"fieldFormat":"10C",
"helpText":"Titles for user-defined amount fields that display on the Account Details -> 09-User-Defined Codes,Dates,Amounts. If you do not assign a title at the product level, CMS uses the default titles USER 3 at the account level."
}
,{
"fieldCode":"2316",
"fieldName":"USER AMOUNT 4 DESCRIPTION",
"fieldFormat":"10C",
"helpText":"Titles for user-defined amount fields that display on the Account Details -> 09-User-Defined Codes,Dates,Amounts. If you do not assign a title at the product level, CMS uses the default titles USER 4 at the account level."
}
,{
"fieldCode":"2317",
"fieldName":"USER AMOUNT 5 DESCRIPTION",
"fieldFormat":"10C",
"helpText":"Titles for user-defined amount fields that display on the Account Details -> 09-User-Defined Codes,Dates,Amounts. If you do not assign a title at the product level, CMS uses the default titles USER 5 at the account level."
}
,{
"fieldCode":"2318",
"fieldName":"USER AMOUNT 6 DESCRIPTION",
"fieldFormat":"10C",
"helpText":"Titles for user-defined amount fields that display on the Account Details -> 09-User-Defined Codes,Dates,Amounts. If you do not assign a title at the product level, CMS uses the default titles USER 6 at the account level."
}
,{
"fieldCode":"2319",
"fieldName":"USER AMOUNT 7 DESCRIPTION",
"fieldFormat":"10C",
"helpText":"Titles for user-defined amount fields that display on the Account Details -> 09-User-Defined Codes,Dates,Amounts. If you do not assign a title at the product level, CMS uses the default titles USER 7 at the account level."
}
,{
"fieldCode":"2320",
"fieldName":"USER AMOUNT 8 DESCRIPTION",
"fieldFormat":"10C",
"helpText":"Titles for user-defined amount fields that display on the Account Details -> 09-User-Defined Codes,Dates,Amounts. If you do not assign a title at the product level, CMS uses the default titles USER 8 at the account level."
}
,{
"fieldCode":"2321",
"fieldName":"USER AMOUNT 9 DESCRIPTION",
"fieldFormat":"10C",
"helpText":"Titles for user-defined amount fields that display on the Account Details -> 09-User-Defined Codes,Dates,Amounts. If you do not assign a title at the product level, CMS uses the default titles USER 9 at the account level."
}
,{
"fieldCode":"2322",
"fieldName":"USER AMOUNT 10 DESCRIPTION",
"fieldFormat":"10C",
"helpText":"Titles for user-defined amount fields that display on the Account Details -> 09-User-Defined Codes,Dates,Amounts. If you do not assign a title at the product level, CMS uses the default titles USER 10 at the account level."
}
,{
"fieldCode":"2323",
"fieldName":"USER AMOUNT 11 DESCRIPTION",
"fieldFormat":"10C",
"helpText":"Titles for user-defined amount fields that display on the Account Details -> 09-User-Defined Codes,Dates,Amounts. If you do not assign a title at the product level, CMS uses the default titles USER 11 at the account level."
}
,{
"fieldCode":"2324",
"fieldName":"USER AMOUNT 12 DESCRIPTION",
"fieldFormat":"10C",
"helpText":"Titles for user-defined amount fields that display on the Account Details -> 09-User-Defined Codes,Dates,Amounts. If you do not assign a title at the product level, CMS uses the default titles USER 12 at the account level."
}
,{
"fieldCode":"2325",
"fieldName":"USER AMOUNT 13 DESCRIPTION",
"fieldFormat":"10C",
"helpText":"Titles for user-defined amount fields that display on the Account Details -> 09-User-Defined Codes,Dates,Amounts. If you do not assign a title at the product level, CMS uses the default titles USER 13 at the account level."
}
,{
"fieldCode":"2326",
"fieldName":"USER AMOUNT 14 DESCRIPTION",
"fieldFormat":"10C",
"helpText":"Titles for user-defined amount fields that display on the Account Details -> 09-User-Defined Codes,Dates,Amounts. If you do not assign a title at the product level, CMS uses the default titles USER 14 at the account level."
}
,{
"fieldCode":"2343",
"fieldName":"USER EMBOSSER CODE 1",
"fieldFormat":"10C",
"helpText":"This is titles for user-defined code fields that display on the Card Holder Details -> 06-Embosser User Fields. If you do not assign a title at the product level, CMS uses the default titles USER 1 at the Embosser record level."
}
,{
"fieldCode":"2344",
"fieldName":"USER EMBOSSER CODE 2",
"fieldFormat":"10C",
"helpText":"This is titles for user-defined code fields that display on the Card Holder Details -> 06-Embosser User Fields. If you do not assign a title at the product level, CMS uses the default titles USER 2 at the Embosser record level."
}
,{
"fieldCode":"2345",
"fieldName":"USER EMBOSSER CODE 3",
"fieldFormat":"10C",
"helpText":"This is titles for user-defined code fields that display on the Card Holder Details -> 06-Embosser User Fields. If you do not assign a title at the product level, CMS uses the default titles USER 3 at the Embosser record level."
}
,{
"fieldCode":"2346",
"fieldName":"USER EMBOSSER CODE 4",
"fieldFormat":"10C",
"helpText":"This is titles for user-defined code fields that display on the Card Holder Details -> 06-Embosser User Fields. If you do not assign a title at the product level, CMS uses the default titles USER 4 at the Embosser record level."
}
,{
"fieldCode":"2347",
"fieldName":"USER EMBOSSER CODE 5",
"fieldFormat":"10C",
"helpText":"This is titles for user-defined code fields that display on the Card Holder Details -> 06-Embosser User Fields. If you do not assign a title at the product level, CMS uses the default titles USER 5 at the Embosser record level."
}
,{
"fieldCode":"2348",
"fieldName":"USER EMBOSSER CODE 6",
"fieldFormat":"10C",
"helpText":"This is titles for user-defined code fields that display on the Card Holder Details -> 06-Embosser User Fields. If you do not assign a title at the product level, CMS uses the default titles USER 6 at the Embosser record level."
}
,{
"fieldCode":"2349",
"fieldName":"USER EMBOSSER CODE 7",
"fieldFormat":"10C",
"helpText":"This is titles for user-defined code fields that display on the Card Holder Details -> 06-Embosser User Fields. If you do not assign a title at the product level, CMS uses the default titles USER 7 at the Embosser record level."
}
,{
"fieldCode":"2350",
"fieldName":"USER EMBOSSER CODE 8",
"fieldFormat":"10C",
"helpText":"This is titles for user-defined code fields that display on the Card Holder Details -> 06-Embosser User Fields. If you do not assign a title at the product level, CMS uses the default titles USER 8 at the Embosser record level."
}
,{
"fieldCode":"2351",
"fieldName":"USER EMBOSSER DATE 1",
"fieldFormat":"10C",
"helpText":"This is titles for user-defined date fields that display on the Card Holder Details -> 06-Embosser User Fields. If you do not assign a title at the product level, CMS uses the default title USER 1 at the Embosser record level."
}
,{
"fieldCode":"2352",
"fieldName":"USER EMBOSSER DATE 2",
"fieldFormat":"10C",
"helpText":"This is titles for user-defined date fields that display on the Card Holder Details -> 06-Embosser User Fields. If you do not assign a title at the product level, CMS uses the default title USER 2 at the Embosser record level."
}
],"section6":[
{
"fieldCode":"0671",
"fieldName":"BUSINESS UNIT",
"fieldFormat":"3N",
"helpText":"Identification number of the organization associated with this Logo record."
}
,{
"fieldCode":"0672",
"fieldName":"PRODUCT",
"fieldFormat":"3N",
"helpText":"This field is the Identification number of the Logo record."
}
,{
"fieldCode":"2353",
"fieldName":"MISCELLANEOUS FIELD 1",
"fieldFormat":"10C",
"helpText":"Titles for user-defined miscellaneous data fields that display on the Account Details -> 10-User-Defined& Rel Auth& Debit<br/>Parameters. If you do not assign a title at the product level; CMS uses the default title USER 1 at the account level."
}
,{
"fieldCode":"2354",
"fieldName":"MISCELLANEOUS FIELD 2",
"fieldFormat":"10C",
"helpText":"Titles for user-defined miscellaneous data fields that display on the Account Details -> 10-User-Defined& Rel Auth& Debit<br/>Parameters. If you do not assign a title at the product level; CMS uses the default title USER 2 at the account level."
}
,{
"fieldCode":"2355",
"fieldName":"MISCELLANEOUS FIELD 3",
"fieldFormat":"10C",
"helpText":"Titles for user-defined miscellaneous data fields that display on the Account Details -> 10-User-Defined& Rel Auth& Debit<br/>Parameters. If you do not assign a title at the product level; CMS uses the default title USER 3 at the account level."
}
,{
"fieldCode":"2356",
"fieldName":"MISCELLANEOUS FIELD 4",
"fieldFormat":"10C",
"helpText":"Titles for user-defined miscellaneous data fields that display on the Account Details -> 10-User-Defined& Rel Auth& Debit<br/>Parameters. If you do not assign a title at the product level; CMS uses the default title USER 4 at the account level."
}
,{
"fieldCode":"2357",
"fieldName":"MISCELLANEOUS FIELD 5",
"fieldFormat":"10C",
"helpText":"Titles for user-defined miscellaneous data fields that display on the Account Details -> 10-User-Defined& Rel Auth& Debit<br/>Parameters. If you do not assign a title at the product level; CMS uses the default title USER 5 at the account level."
}
,{
"fieldCode":"2358",
"fieldName":"MISCELLANEOUS FIELD 6",
"fieldFormat":"10C",
"helpText":"Titles for user-defined miscellaneous data fields that display on the Account Details -> 10-User-Defined& Rel Auth& Debit<br/>Parameters. If you do not assign a title at the product level; CMS uses the default title USER 6 at the account level."
}
,{
"fieldCode":"2359",
"fieldName":"MISCELLANEOUS FIELD 7",
"fieldFormat":"10C",
"helpText":"Titles for user-defined miscellaneous data fields that display on the Account Details -> 10-User-Defined& Rel Auth& Debit<br/>Parameters. If you do not assign a title at the product level; CMS uses the default title USER 7 at the account level."
}
,{
"fieldCode":"2360",
"fieldName":"MISCELLANEOUS FIELD 8",
"fieldFormat":"10C",
"helpText":"Titles for user-defined miscellaneous data fields that display on the Account Details -> 10-User-Defined& Rel Auth& Debit<br/>Parameters. If you do not assign a title at the product level; CMS uses the default title USER 8 at the account level."
}
,{
"fieldCode":"2361",
"fieldName":"MISCELLANEOUS FIELD 9",
"fieldFormat":"10C",
"helpText":"Titles for user-defined miscellaneous data fields that display on the Account Details -> 10-User-Defined& Rel Auth& Debit<br/>Parameters. If you do not assign a title at the product level; CMS uses the default title USER 9 at the account level."
}
,{
"fieldCode":"2362",
"fieldName":"MISCELLANEOUS FIELD 10",
"fieldFormat":"10C",
"helpText":"Titles for user-defined miscellaneous data fields that display on the Account Details -> 10-User-Defined& Rel Auth& Debit<br/>Parameters. If you do not assign a title at the product level; CMS uses the default title USER 10 at the account level."
}
,{
"fieldCode":"2363",
"fieldName":"MISCELLANEOUS FIELD 11",
"fieldFormat":"10C",
"helpText":"Titles for user-defined miscellaneous data fields that display on the Account Details -> 10-User-Defined& Rel Auth& Debit<br/>Parameters. If you do not assign a title at the product level; CMS uses the default title USER 11 at the account level."
}
,{
"fieldCode":"2364",
"fieldName":"MISCELLANEOUS FIELD 12",
"fieldFormat":"10C",
"helpText":"Titles for user-defined miscellaneous data fields that display on the Account Details -> 10-User-Defined& Rel Auth& Debit<br/>Parameters. If you do not assign a title at the product level; CMS uses the default title USER 12 at the account level."
}
,{
"fieldCode":"2365",
"fieldName":"APPLICATION FIELD 1",
"fieldFormat":"10C",
"helpText":"Titles for user-defined credit application fields that display on the Account Details -> 09-User-Defined Codes,Dates,Amounts. If you do not assign a title at the product level, CMS uses the default title USER 1 at the account level."
}
,{
"fieldCode":"2366",
"fieldName":"APPLICATION FIELD 2",
"fieldFormat":"10C",
"helpText":"Titles for user-defined credit application fields that display on the Account Details -> 09-User-Defined Codes,Dates,Amounts. If you do not assign a title at the product level, CMS uses the default title USER 2 at the account level."
}
,{
"fieldCode":"2367",
"fieldName":"APPLICATION FIELD 3",
"fieldFormat":"10C",
"helpText":"Titles for user-defined credit application fields that display on the Account Details -> 09-User-Defined Codes,Dates,Amounts. If you do not assign a title at the product level, CMS uses the default title USER 3 at the account level."
}
],"section7":[
{
"fieldCode":"0671",
"fieldName":"BUSINESS UNIT",
"fieldFormat":"3N",
"helpText":"Identification number of the organization associated with this Logo record."
}
,{
"fieldCode":"0672",
"fieldName":"PRODUCT",
"fieldFormat":"3N",
"helpText":"This field is the Identification number of the Logo record."
}
,{
"fieldCode":"3210",
"fieldName":"DESCRIPTION",
"fieldFormat":"20C",
"helpText":"Appears 9 times. This is the user-defined description of the associated collateral type. This description will display on the related pages and in reports for the associated collateral type."
}
],"section8":[
{
"fieldCode":"0671",
"fieldName":"BUSINESS UNIT",
"fieldFormat":"3N",
"helpText":"Identification number of the organization associated with this Logo record."
}
,{
"fieldCode":"0672",
"fieldName":"PRODUCT",
"fieldFormat":"3N",
"helpText":"This field is the Identification number of the Logo record."
}
,{
"fieldCode":"3209",
"fieldName":"DESCRIPTION",
"fieldFormat":"20C",
"helpText":"Appears 9 times. TThis is the user-defined description of the associated secured account type. This description will display on the related pages and in reports for the associated secured account type."
}
],"section9":[
{
"fieldCode":"0671",
"fieldName":"BUSINESS UNIT",
"fieldFormat":"3N",
"helpText":"Identification number of the organization associated with this Logo record."
}
,{
"fieldCode":"0672",
"fieldName":"PRODUCT",
"fieldFormat":"3N",
"helpText":"This field is the Identification number of the Logo record."
}
,{
"fieldCode":"0199",
"fieldName":"LAST MAINTENANCE DATE",
"fieldFormat":"DATE",
"helpText":"Date of the last maintenance for this record. The date in this field is system-generated; you cannot change it."
}
,{
"fieldCode":"0198",
"fieldName":"LAST MAINTENANCE OPERATOR",
"fieldFormat":"3C",
"helpText":"This field is the Operator id of the operator who last maintains this record. This field is system-generated; you cannot change it."
}
,{
"fieldCode":"2370",
"fieldName":"RECORD STATUS",
"fieldFormat":"1N",
"helpText":"This is the Status of the record. The value in this field is systemgenerated; you cannot change it. Varied values of status of a<br/>record are:-<br/>1 = Active record.<br/>9 = Purged record."
}
]},"sections": {
"section0":""
,
"section1":"Product Description - ARML02/03/23/32/34"
,
"section2":"Product Description - ARML02/03/23/32/34 - 01-Daily Report Logo Description"
,
"section3":"Product Description - ARML02/03/23/32/34 - 02-Optional Report Logo Description"
,
"section4":"Product Description - ARML02/03/23/32/34 - 03-User Report Logo Description"
,
"section5":"Product Description - ARML02/03/23/32/34 - 04-User Fields"
,
"section6":"Product Description - ARML02/03/23/32/34 - 05-User Fields"
,
"section7":"Product Description - ARML02/03/23/32/34 - 06-Collateral Type Logo Descriptions"
,
"section8":"Product Description - ARML02/03/23/32/34 - 07-Secured Acct Type Logo Description"
,
"section9":"Product Description - ARML02/03/23/32/34 - 99-Status & Activity Information"
}}
