{"data":{
"section0":[
],"section1":[
{
"fieldCode":"4001",
"fieldName":"BUSINESS UNIT",
"fieldFormat":"3N",
"helpText":"Identification number of the business unit to which the product is assigned."
}
,{
"fieldCode":"4002",
"fieldName":"PRODUCT",
"fieldFormat":"3N",
"helpText":"Identification number of the product associated with the account."
}
,{
"fieldCode":"4003",
"fieldName":"RECORD NUMBER",
"fieldFormat":"4N",
"helpText":"Identification number assigned to a logo record."
}
],"section2":[
{
"fieldCode":"4001",
"fieldName":"BUSINESS UNIT",
"fieldFormat":"3N",
"helpText":"Identification number of the business unit to which the product is assigned."
}
,{
"fieldCode":"4002",
"fieldName":"PRODUCT",
"fieldFormat":"3N",
"helpText":"Identification number of the product associated with the account."
}
,{
"fieldCode":"4003",
"fieldName":"RECORD NUMBER",
"fieldFormat":"4N",
"helpText":"Identification number assigned to a logo record."
}
,{
"fieldCode":"4005",
"fieldName":"WALLET ID",
"fieldFormat":"1C",
"helpText":"Code that indicates the wallet identifier."
}
,{
"fieldCode":"5020",
"fieldName":"BALANCE IN",
"fieldFormat":"",
"helpText":""
}
,{
"fieldCode":"5021",
"fieldName":"BALANCE OUT",
"fieldFormat":"",
"helpText":""
}
,{
"fieldCode":"5022",
"fieldName":"BEGINNING BALANCE",
"fieldFormat":"15N",
"helpText":"Beginning balance of the Credit Plan Segment record for the current billing cycle.<br/>For non-prepaid card accounts, a minus sign (�) after this amount indicates a credit balance."
}
,{
"fieldCode":"5023",
"fieldName":"NBR CREDITED",
"fieldFormat":"",
"helpText":""
}
,{
"fieldCode":"5024",
"fieldName":"AMOUNT CREDITED",
"fieldFormat":"",
"helpText":""
}
,{
"fieldCode":"5025",
"fieldName":"NBR DEBITED",
"fieldFormat":"",
"helpText":""
}
,{
"fieldCode":"5026",
"fieldName":"AMOUNT DEBITED",
"fieldFormat":"",
"helpText":""
}
,{
"fieldCode":"5027",
"fieldName":"NBR XFR IN",
"fieldFormat":"",
"helpText":""
}
,{
"fieldCode":"5028",
"fieldName":"AMOUNT XFR IN",
"fieldFormat":"",
"helpText":""
}
,{
"fieldCode":"5029",
"fieldName":"NBR XFR OUT",
"fieldFormat":"",
"helpText":""
}
,{
"fieldCode":"5030",
"fieldName":"AMOUNT XFR OUT",
"fieldFormat":"",
"helpText":""
}
,{
"fieldCode":"5031",
"fieldName":"END BALANCE",
"fieldFormat":"15N",
"helpText":"Ending balance of the account on this statement."
}
],"section3":[
{
"fieldCode":"4001",
"fieldName":"BUSINESS UNIT",
"fieldFormat":"3N",
"helpText":"Identification number of the business unit to which the product is assigned."
}
,{
"fieldCode":"4002",
"fieldName":"PRODUCT",
"fieldFormat":"3N",
"helpText":"Identification number of the product associated with the account."
}
,{
"fieldCode":"4003",
"fieldName":"RECORD NUMBER",
"fieldFormat":"4N",
"helpText":"Identification number assigned to a logo record."
}
,{
"fieldCode":"5033",
"fieldName":"ON/OFF SWITCH",
"fieldFormat":"1N",
"helpText":"Code that indicates whether the rule needs to be considered. The values are:<br/>0 = Rule is switched off<br/>1 = Rule is switched on."
}
,{
"fieldCode":"5034",
"fieldName":"WSP ID 1",
"fieldFormat":"1C",
"helpText":"Code that indicates the wallet identifier. The values are A through O."
}
,{
"fieldCode":"5035",
"fieldName":"WSP ID 2",
"fieldFormat":"1C",
"helpText":"Code that indicates the wallet identifier. The values are A through O."
}
,{
"fieldCode":"5036",
"fieldName":"WSP ID 3",
"fieldFormat":"1C",
"helpText":"Code that indicates the wallet identifier. The values are A through O."
}
,{
"fieldCode":"5037",
"fieldName":"WSP ID 4",
"fieldFormat":"1C",
"helpText":"Code that indicates the wallet identifier. The values are A through O."
}
,{
"fieldCode":"5038",
"fieldName":"WSP ID 5",
"fieldFormat":"1C",
"helpText":"Code that indicates the wallet identifier. The values are A through O."
}
,{
"fieldCode":"5039",
"fieldName":"WSP ID 6",
"fieldFormat":"1C",
"helpText":"Code that indicates the wallet identifier. The values are A through O."
}
,{
"fieldCode":"5040",
"fieldName":"WSP ID 7",
"fieldFormat":"1C",
"helpText":"Code that indicates the wallet identifier. The values are A through O."
}
,{
"fieldCode":"5041",
"fieldName":"WSP ID 8",
"fieldFormat":"1C",
"helpText":"Code that indicates the wallet identifier. The values are A through O."
}
,{
"fieldCode":"5042",
"fieldName":"WSP ID 9",
"fieldFormat":"1C",
"helpText":"Code that indicates the wallet identifier. The values are A through O."
}
,{
"fieldCode":"5043",
"fieldName":"WSP ID 10",
"fieldFormat":"1C",
"helpText":"Code that indicates the wallet identifier. The values are A through O."
}
,{
"fieldCode":"5044",
"fieldName":"WSP ID 11",
"fieldFormat":"1C",
"helpText":"Code that indicates the wallet identifier. The values are A through O."
}
,{
"fieldCode":"5045",
"fieldName":"WSP ID 12",
"fieldFormat":"1C",
"helpText":"Code that indicates the wallet identifier. The values are A through O."
}
,{
"fieldCode":"5046",
"fieldName":"WSP ID 13",
"fieldFormat":"1C",
"helpText":"Code that indicates the wallet identifier. The values are A through O."
}
,{
"fieldCode":"5047",
"fieldName":"WSP ID 14",
"fieldFormat":"1C",
"helpText":"Code that indicates the wallet identifier. The values are A through O."
}
,{
"fieldCode":"5048",
"fieldName":"WSP ID 15",
"fieldFormat":"1C",
"helpText":"Code that indicates the wallet identifier. The values are A through O."
}
,{
"fieldCode":"5049",
"fieldName":"WSP RECOMMEND 1",
"fieldFormat":"1N",
"helpText":"Code that indicates the wallet recommendations received during enrollment request. The values are:<br/>1 = Green<br/>2 = Yellow<br/>3 = Orange."
}
,{
"fieldCode":"5050",
"fieldName":"WSP RECOMMEND 2",
"fieldFormat":"1N",
"helpText":"Code that indicates the wallet recommendations received during enrollment request. The values are:<br/>1 = Green<br/>2 = Yellow<br/>3 = Orange."
}
,{
"fieldCode":"5051",
"fieldName":"WSP METHOD ENROLLMENT",
"fieldFormat":"1N",
"helpText":"Code that indicates the method of enrollment. The values are:<br/>1 = Manual entry<br/>2 = Mobile banking application."
}
,{
"fieldCode":"5052",
"fieldName":"WSP RECMND RSN CODE 1",
"fieldFormat":"2C",
"helpText":"Code that indicates the wallet recommendation reason code."
}
,{
"fieldCode":"5053",
"fieldName":"WSP RECMND RSN CODE 2",
"fieldFormat":"2C",
"helpText":"Code that indicates the wallet recommendation reason code."
}
,{
"fieldCode":"5054",
"fieldName":"WSP RECMND RSN CODE 3",
"fieldFormat":"2C",
"helpText":"Code that indicates the wallet recommendation reason code."
}
,{
"fieldCode":"5055",
"fieldName":"WSP RECMND RSN CODE 4",
"fieldFormat":"2C",
"helpText":"Code that indicates the wallet recommendation reason code."
}
,{
"fieldCode":"5056",
"fieldName":"WSP RECMND RSN CODE 5",
"fieldFormat":"2C",
"helpText":"Code that indicates the wallet recommendation reason code."
}
,{
"fieldCode":"5057",
"fieldName":"WSP RECMND RSN CODE 6",
"fieldFormat":"2C",
"helpText":"Code that indicates the wallet recommendation reason code."
}
,{
"fieldCode":"5058",
"fieldName":"WSP RECMND RSN CODE 7",
"fieldFormat":"2C",
"helpText":"Code that indicates the wallet recommendation reason code."
}
,{
"fieldCode":"5059",
"fieldName":"WSP RECMND RSN CODE 8",
"fieldFormat":"2C",
"helpText":"Code that indicates the wallet recommendation reason code."
}
,{
"fieldCode":"5060",
"fieldName":"WSP OUTCOME",
"fieldFormat":"1C",
"helpText":"Code that indicates the outcome of the rule if the values of the other fields are satisfied. The values are:<br/>0 = Green path<br/>1 = Yellow path<br/>2 = Orange path<br/>3 = Red path."
}
,{
"fieldCode":"5061",
"fieldName":"WSP NAME VERIFY FLAG",
"fieldFormat":"1N",
"helpText":"Code that indicates whether the additional verification of customer�s last name is enabled. The values are:<br/>0 = Last name verification disabled<br/>1 = Last name verification enabled."
}
,{
"fieldCode":"5062",
"fieldName":"WSP AVS VERIFY FLAG",
"fieldFormat":"1N",
"helpText":"Code that indicates whether the additional verification of address according to existing AVS method is enabled. The values are:<br/>0 = Address verification disabled<br/>1 = Address verification enabled."
}
,{
"fieldCode":"5063",
"fieldName":"WSP PHONE VERIFY FLAG",
"fieldFormat":"1N",
"helpText":"Code that indicates whether the additional verification of mobile number is enabled. The values are:<br/>0 = Mobile number verification disabled<br/>1 = Mobile number verification enabled."
}
],"section4":[
{
"fieldCode":"4001",
"fieldName":"BUSINESS UNIT",
"fieldFormat":"3N",
"helpText":"Identification number of the business unit to which the product is assigned."
}
,{
"fieldCode":"4002",
"fieldName":"PRODUCT",
"fieldFormat":"3N",
"helpText":"Identification number of the product associated with the account."
}
,{
"fieldCode":"4003",
"fieldName":"RECORD NUMBER",
"fieldFormat":"4N",
"helpText":"Identification number assigned to a logo record."
}
,{
"fieldCode":"0199",
"fieldName":"LAST MAINTENANCE DATE",
"fieldFormat":"",
"helpText":"Identifies the last maintained date of this record."
}
,{
"fieldCode":"0198",
"fieldName":"LAST MAINTENANCE OPER",
"fieldFormat":"1N",
"helpText":"Operator who has last updated the base segment record."
}
,{
"fieldCode":"5032",
"fieldName":"RECORD STATUS",
"fieldFormat":"1N",
"helpText":"Status to determine the record status. The values are:<br/> 0 = Inactive<br/> 1 = Active<br/> 9 = Purged."
}
]},"sections": {
"section0":""
,
"section1":"WALLET CONTROL RECORD - AZML28/AZQL28"
,
"section2":"WALLET CONTROL RECORD - AZML28/AZQL28 - 01-OUTSTANDING BALANCE CONTROL"
,
"section3":"WALLET CONTROL RECORD - AZML28/AZQL28 - 02-RULE RECORD OPTIONS"
,
"section4":"WALLET CONTROL RECORD - AZML28/AZQL28 - 99-STATUS & ACTIVITY INFORMATION"
}}
