{"data":{
"section0":[
],"section1":[
{
"fieldCode":"4001",
"fieldName":"BUSINESS UNIT",
"fieldFormat":"3N",
"helpText":"Identification number of the business unit associated with the Collateral records you want to review. The values are 001–998."
}
,{
"fieldCode":"0109",
"fieldName":"DATE NEXT REVIEW",
"fieldFormat":"",
"helpText":"Date on which the Collateral record is scheduled for its next review."
}
,{
"fieldCode":"4002",
"fieldName":"COLLATERAL NUMBER",
"fieldFormat":"2N",
"helpText":"Identification number of the collateral number to which the Collateral record is assigned."
}
,{
"fieldCode":"4003",
"fieldName":"ACCOUNT",
"fieldFormat":"19C",
"helpText":"Identification number of the account to which the Collateral record is assigned."
}
],"section2":[
{
"fieldCode":"4004",
"fieldName":"SECURED ACCOUNT KEY",
"fieldFormat":"1N",
"helpText":"Flag that indicates whether collateral records and secured account records can be entered for accounts associated with this business unit. The values are:<br/>N = Collateral records and secured account records are not allowed for this business unit<br/>Y = Collateral records and secured account records are allowed for this business unit. (Default)<br/>Note: Collateral records allow you to maintain information about collateral used to secure a loan. Use the Collateral Information service to add, modify, and view collateral records for an account. Secured account records allow you to maintain information about funds held on deposit as security for an account. Use the Secured Card information service to add, modify, and view secured account records for an account"
}
],"section3":[
{
"fieldCode":"4006",
"fieldName":"RECORD STATUS",
"fieldFormat":"1C",
"helpText":"This field is the status of the Collateral record."
}
,{
"fieldCode":"0199",
"fieldName":"LAST MAINTENANCE DATE",
"fieldFormat":"",
"helpText":"Date of the last maintenance for this record. The date in this field is system-generated; you cannot change it."
}
,{
"fieldCode":"0198",
"fieldName":"LAST MAINTENANCE OPERATOR",
"fieldFormat":"3C",
"helpText":"This field indicates the Operator who has done the last maintenance for this record. This field is system-generated; you cannot change it."
}
]},"sections": {
"section0":""
,
"section1":"Collateral Secured ACCT Strip"
,
"section2":"Collateral Secured ACCT Strip - 01-Collateral Accounts Strip"
,
"section3":"Collateral Secured ACCT Strip - 99-Status & Activity Information"
}}
