{"data":{
"section0":[
],"section1":[
{
"fieldCode":"4001",
"fieldName":"BUSINESS UNIT",
"fieldFormat":"3N",
"helpText":"Business Unit number to which the category is assigned."
}
,{
"fieldCode":"4002",
"fieldName":"CATEGORY TABLE",
"fieldFormat":"8N",
"helpText":"Identification number of the category that CMS uses to locate the directory."
}
,{
"fieldCode":"4003",
"fieldName":"PRODUCT",
"fieldFormat":"3N",
"helpText":"Product number to which the category is assigned."
}
,{
"fieldCode":"4004",
"fieldName":"PROCESSING CONTROL TABLE",
"fieldFormat":"3N",
"helpText":"Processing Control Table (PCT) to which the category is assigned."
}
,{
"fieldCode":"4005",
"fieldName":"CARD HOLDER AFFILIATION",
"fieldFormat":"5N",
"helpText":"Cardholder affiliation or affinity group assigned to the category."
}
,{
"fieldCode":"0110",
"fieldName":"SEQUENTIAL FIELD NUMBER",
"fieldFormat":"4N",
"helpText":"Field Number assigned to the category."
}
]},"sections": {
"section0":""
,
"section1":"ARM0/ARQ0-Data Management Communication Control Table"
}}
