{"data":{
"section0":[
],"section1":[
{
"fieldCode":"4009",
"fieldName":"BUSINESS UNIT",
"fieldFormat":"3N",
"helpText":"Identification number of the business unit associated with the Embosser record."
}
,{
"fieldCode":"4021",
"fieldName":"CARD NUMBER",
"fieldFormat":"19C",
"helpText":"Number that is embossed on the plastic card. Enter a value in this field only if the card number is different from the post-to account number (CARD SCHEME on Account Details -> 01-Account Base Segment is 3)."
}
,{
"fieldCode":"4022",
"fieldName":"CHIP SEQUENCE",
"fieldFormat":"2N",
"helpText":"Sequence number that identifies the Smart Card Embosser Detail record."
}
],"section2":[
{
"fieldCode":"4009",
"fieldName":"BUSINESS UNIT",
"fieldFormat":"3N",
"helpText":"Identification number of the business unit associated with the Embosser record."
}
,{
"fieldCode":"4021",
"fieldName":"CARD NUMBER",
"fieldFormat":"19C",
"helpText":"Number that is embossed on the plastic card."
}
,{
"fieldCode":"4022",
"fieldName":"CHIP SEQUENCE",
"fieldFormat":"2N",
"helpText":"Sequence number that identifies the Smart Card Embosser Detail record."
}
,{
"fieldCode":"9907",
"fieldName":"POST TO ACCOUNT NUMBER",
"fieldFormat":"19C",
"helpText":"Identification number of the Account Base Segment record to which CMS posts transactions received for this Embosser record."
}
,{
"fieldCode":"4024",
"fieldName":"DATE OPENED",
"fieldFormat":"",
"helpText":"Date on which the account was opened."
}
,{
"fieldCode":"0898",
"fieldName":"PRODUCT",
"fieldFormat":"3N",
"helpText":"Product number associated with the account entered on the Home Page."
}
,{
"fieldCode":"9910",
"fieldName":"CARD SEQUENCE",
"fieldFormat":"3N",
"helpText":"Identification number assigned to an Embosser record to distinguish between multiple cards issued with the same card number."
}
,{
"fieldCode":"9906",
"fieldName":"CARD EXPIRE DATE",
"fieldFormat":"",
"helpText":"Date when the card will expire."
}
,{
"fieldCode":"1113",
"fieldName":"PIN RESTRICT DAYS",
"fieldFormat":"19C",
"helpText":"Number of days following smart card reissue during which PIN changes are prohibited. The values are 000-999. The value in this field defaults from the PIN CHANGE RESTRICT DAYS on Products -> 08-Smart Card Controls but can be changed on this page."
}
,{
"fieldCode":"4002",
"fieldName":"CHIP TYPE",
"fieldFormat":"1N",
"helpText":"Code that indicates the type of chip used in the production of smart cards. The values are:<br/>0 = VIS<br/>1 = M/Chip<br/>2 = Other than VIS or M/Chip."
}
,{
"fieldCode":"4317",
"fieldName":"TWO FACTOR AUTH IND",
"fieldFormat":"1C",
"helpText":"Code that indicates whether two-factor-authentication is used for a smart card. This value defaults from the Product record. The values are:<br/>0 = Authentication is disabled<br/>C = Card is issued with CAP functionality<br/>D = Card is issued with DPA functionality."
}
,{
"fieldCode":"1335",
"fieldName":"CARD DEACTIVATION FLG",
"fieldFormat":"1N",
"helpText":"Flag that indicates whether the previous smart cards for an account are deactivated automatically when new smart cards are activated for that account. The values are:<br/>0 = Do not automatically deactivate old smart cards (Default)<br/>1 = Automatically deactivate old smart cards when new card is used for the first time<br/>2 = Automatically deactivate old smart cards when new smart card is activated."
}
,{
"fieldCode":"4324",
"fieldName":"OFFLINE CAM METHOD",
"fieldFormat":"1C",
"helpText":"The valid values for Offline Cam Method are:<br/>D = for DDA<br/>C = for CDA"
}
],"section3":[
{
"fieldCode":"4009",
"fieldName":"BUSINESS UNIT",
"fieldFormat":"3N",
"helpText":"Identification number of the business unit associated with the Embosser record."
}
,{
"fieldCode":"4021",
"fieldName":"CARD NUMBER",
"fieldFormat":"19C",
"helpText":"Number that is embossed on the plastic card."
}
,{
"fieldCode":"4022",
"fieldName":"CHIP SEQUENCE",
"fieldFormat":"2N",
"helpText":"Sequence number that identifies the Smart Card Embosser Detail record."
}
,{
"fieldCode":"1101_1",
"fieldName":"PROGRAM ID",
"fieldFormat":"8N",
"helpText":"Identification number of the smart card program. This value must identify a valid Chip Card Program Definition record (Chip Card Program) for this business unit. The value in this field defaults from the DEFAULT CHIP/PIN CARD PROGRAM ID on Products -> 08-Smart Card Controls but can be changed on this service."
}
,{
"fieldCode":"9904_1",
"fieldName":"CARD ACTIVE DATE",
"fieldFormat":"",
"helpText":"Date when the card was activated."
}
,{
"fieldCode":"1103_1",
"fieldName":"PIN TRY LIMIT",
"fieldFormat":"2N",
"helpText":"Number of offline PIN attempts that the cardholder is allowed when using the card in an offline environment at a POS device."
}
,{
"fieldCode":"1106_1",
"fieldName":"LANGUAGE PREFERENCE 1",
"fieldFormat":"2C",
"helpText":"Codes that indicate the language preferences for this account. Language preference 1 can be stored on the smart card. CMS edits the values in these fields against a list of valid language preferences."
}
,{
"fieldCode":"1107_1",
"fieldName":"LANGUAGE PREFERENCE 2",
"fieldFormat":"2C",
"helpText":"Codes that indicate the language preferences for this account. Language preference 2 can be stored on the smart card. CMS edits the values in these fields against a list of valid language preferences."
}
,{
"fieldCode":"1108_1",
"fieldName":"LANGUAGE PREFERENCE 3",
"fieldFormat":"2C",
"helpText":"Codes that indicate the language preferences for this account. Language preference 3 can be stored on the smart card. CMS edits the values in these fields against a list of valid language preferences."
}
,{
"fieldCode":"1109_1",
"fieldName":"LANGUAGE PREFERENCE 4",
"fieldFormat":"2C",
"helpText":"Codes that indicate the language preferences for this account. Language preference 4 can be stored on the smart card. CMS edits the values in these fields against a list of valid language preferences."
}
,{
"fieldCode":"1114_1",
"fieldName":"MAGNETIC STRIP IMAGE SEC CODE",
"fieldFormat":"1N",
"helpText":"Field that indicates whether the default Magnetic Stripe Image Security Code is a CVV/CVC/CAV or iCVV/iCVC/CAV3 value. The values are:<br/>0 = CVV/CVC/CAV is used<br/>1 = iCVV/iCVC/CAV3 is used."
}
,{
"fieldCode":"9912_1",
"fieldName":"VISA VERSION",
"fieldFormat":"3N",
"helpText":"Smart card application version number (AVN) for Visa. The values are:<br/>132 = VIS 1.3.2<br/>140 = VIS 1.4<br/>150 = VIS 1.5.<br/>This value defaults from the Chip Card Program Definition record (Chip Card Program) and cannot be modified."
}
,{
"fieldCode":"1210_1",
"fieldName":"CRYPTOGRAM KEY INDEX",
"fieldFormat":"2N",
"helpText":"User-defined number that uniquely identifies the set of keys used for the card. Modification of this parameter is the responsibility of the user. CMS does not automatically update this field."
}
,{
"fieldCode":"1211_1",
"fieldName":"CRYPTOGRAM VERSION",
"fieldFormat":"2N",
"helpText":"Version number of the cryptogram. Modification of this parameter is the responsibility of the user. There is no system logic that automatically updates this value."
}
,{
"fieldCode":"1212_1",
"fieldName":"MAC KEY INDEX",
"fieldFormat":"2N",
"helpText":"User-defined number that uniquely identifies the set of keys used for the generation and validation of a MAC UDK (Message Authentication Code Unique Derivation Key). Modification of this parameter is the responsibility of the user. CMS does not automatically update this field."
}
,{
"fieldCode":"1213_1",
"fieldName":"ENC KEY INDEX",
"fieldFormat":"2N",
"helpText":"User-defined number that uniquely identifies the set of keys used for the generation and validation of an offline PIN UDK (Personal Identification Code Unique Derivation Key). Modification of this parameter is the responsibility of the user. CMS does not automatically update this field."
}
,{
"fieldCode":"1214_1",
"fieldName":"OFFLINE PIN INDICATOR",
"fieldFormat":"1N",
"helpText":"Flag that indicates whether the card supports offline PIN processing. The values are:<br/>0 = No, offline PIN is not supported (Default)<br/>1 = Yes, offline PIN is supported."
}
,{
"fieldCode":"1217_1",
"fieldName":"PREF CARDHOLDER VERF",
"fieldFormat":"1C",
"helpText":"Preferred cardholder verification method for EMV and VIScompliant chip cards. This value defaults from the Chip Card Program Definition record (PREFERRED CARDHOLDER VERIFICATION METHOD on Chip Card Program -> 02-Visa Chip Program Controls). The values are:<br/>1 = Online or offline PIN (Default)<br/>2 = Signature<br/>3 = Offline PIN and signature<br/>4 = No cardholder verification method."
}
,{
"fieldCode":"1215_1",
"fieldName":"LOWER CONS OFFLINE LMT",
"fieldFormat":"3N",
"helpText":"Lower consecutive offline limit specified by the issuer for the maximum number of consecutive offline transactions allowed for a given smart card at a terminal with online capabilities."
}
,{
"fieldCode":"1216_1",
"fieldName":"UPPER CONS OFFLINE LMT",
"fieldFormat":"3N",
"helpText":"Upper consecutive offline limit specified by the issuer for the maximum number of consecutive offline transactions that are allowed for a smart card before the transaction must go online."
}
,{
"fieldCode":"1201_1",
"fieldName":"CURRENCY CONVERSION FACTOR",
"fieldFormat":"9N",
"helpText":"Decimal value used in a conversion algorithm to convert the currency indicated by the SECONDARY APP CURRENCY CODE field to the cards domestic application currency."
}
,{
"fieldCode":"1202_1",
"fieldName":"SECONDARY APP CURRENCY CODE",
"fieldFormat":"3N",
"helpText":"Secondary currency to be converted to the designated currency in which the account is managed. This parameter must be maintained in ISO format."
}
,{
"fieldCode":"1203_1",
"fieldName":"CONS OFFLINE TRANS CURRENCY",
"fieldFormat":"3N",
"helpText":"ISO currency code that identifies the unit of currency for monetary amount fields on a CMS service."
}
,{
"fieldCode":"1204_1",
"fieldName":"CONS OFFLINE TRANS COUNTRY",
"fieldFormat":"3N",
"helpText":"Country for the customer. If you use this field, enter the exact country code."
}
,{
"fieldCode":"1205_1",
"fieldName":"TRANS AMT CURRENCY",
"fieldFormat":"13N",
"helpText":"This field displays the cumulative total transaction amount limit. This field specifies the upper limit of the total amount of offline transactions in the designated currency allowed for this card before a transaction is forced to go online. The limit is in the designated currency for the card."
}
,{
"fieldCode":"1206_1",
"fieldName":"TRANS AMT DUAL CURRENCY",
"fieldFormat":"13N",
"helpText":"This field specifies the total amount of offline transactions in the designated currency or designated and secondary currency allowed for the EMV application before a transaction is declined and the online transaction cannot be performed."
}
,{
"fieldCode":"9909_1",
"fieldName":"APPLICATION TRANS COUNTER",
"fieldFormat":"5N",
"helpText":"Application transaction counter used to track the number of transactions that have been processed for the current card. This field is system-generated; you cannot change it. This value is stored in CMS but is set and used by FAS."
}
,{
"fieldCode":"1218_1",
"fieldName":"CONTACTLESS TRANS LOWER LIMIT",
"fieldFormat":"3N",
"helpText":"Lower consecutive offline limit specified by the issuer for the maximum number of consecutive contactless offline transactions allowed for a given smart card at a terminal with online capabilities."
}
,{
"fieldCode":"1219_1",
"fieldName":"CONTACTLESS TRANS UPPER LIMIT",
"fieldFormat":"3N",
"helpText":"Upper consecutive offline limit specified by the issuer for the maximum number of consecutive contactless offline transactions that are allowed before the card requests contact chip or online processing for the transaction (and the transaction is declined if neither is supported)."
}
,{
"fieldCode":"1220_1",
"fieldName":"VLP RESET THRESHOLD",
"fieldFormat":"13N",
"helpText":"Minimum value specified by the issuer that the Visa Low-value Payment (VLP) available funds can be lowered to before the card requests online processing for the transaction."
}
,{
"fieldCode":"1221_1",
"fieldName":"VLP FUNDS LIMIT",
"fieldFormat":"13N",
"helpText":"Limit specified by the issuer for the VLP available funds accumulator. This is the amount used to reset the VLP available funds on the card after an approved online transaction."
}
,{
"fieldCode":"1222_1",
"fieldName":"VLP SINGLE TRANSACTION LIMIT",
"fieldFormat":"11N/2D",
"helpText":"Maximum VLP amount specified by the issuer that is allowed for a single contactless offline transaction."
}
,{
"fieldCode":"1110",
"fieldName":"CRITICAL EXCEPTION PROGRAM ID",
"fieldFormat":"8C",
"helpText":"Code that identifies the script that is sent to the card or the smart card program that the smart card migrates to when a critical exception is encountered during the authorization process. The script command or smart card program migration is performed via the real-time risk assessment and scripting functionality provided by the Financial Authorization System (FAS), EMV Scripting System (ESS), and Remote Interface System (RIS). The functionality enables you to change a smart card parameter or program based on the level of risk. Once script delivery is complete, CMS processes the card with the new parameters. This field defaults from the Chip Card Program Definition record (Card Program) currently assigned to the card but can be changed on this page. The ID that you enter must identify an existing script in ESS or an existing smart card program in CMS."
}
,{
"fieldCode":"1112",
"fieldName":"EXCEPTION PROGRAM ID",
"fieldFormat":"8C",
"helpText":"Code that identifies the script that is sent to the card or the smart card program that the smart card migrates to when a non-critical exception is encountered during the authorization process. This field defaults from the Chip Card Program Definition record (Chip Card Program) currently assigned to the card but can be changed on this service. The ID that you enter must identify an existing script in ESS or an existing smart card program in CMS."
}
,{
"fieldCode":"1111",
"fieldName":"CRITICAL OVERRIDE INDICATOR",
"fieldFormat":"1N",
"helpText":"Code that determines whether a critical exception encountered during the authorization process overrides a higher priority script for the card (such as a PIN change request). The values are:<br/>0 = No. Critical exceptions do not override higher priority scripts.<br/>1 = Yes. Critical exceptions override higher priority scripts. <br/>This field defaults from the Chip Card Program Definition record (Chip Card Program) currently assigned to the card but can be changed on this service.<br/>NOTE: If this field is 1, the CRITICAL EXCEPTION PROGRAM ID field must identify an existing script in ESS or an existing smart card program in CMS."
}
,{
"fieldCode":"4014",
"fieldName":"STAGED SCRIPT ID",
"fieldFormat":"8C",
"helpText":"Identification number of the last script that was staged for the card. This field displays only in the pending card data."
}
,{
"fieldCode":"1115",
"fieldName":"PROGRAM ID DFLT",
"fieldFormat":"8N",
"helpText":"Identification number of the default chip card program for cards in this logo. The Chip Card Program Definition record for the program ID must already have been added via ARTA. This field can be modified only in a Logo record that resides in the local organization. CMS updates the local and foreign Logo records accordingly. This field is required when:<br/>The SMART CARD ALLOWED field is 1 (both smart cards and magnetic stripe cards are allowed)<br/>The SMART CARD ALLOWED field is 0 (only magnetic stripe cards are allowed) and DEFAULT CARD TECHNOLOGY field is 2 (issue a magnetic-stripe contactless card)"
}
,{
"fieldCode":"1223",
"fieldName":"VISA OFFLINE PIN DEFAULT",
"fieldFormat":"1C",
"helpText":"Flag that indicates whether the card supports offline PIN processing. The values are:<br/>0 = No, offline PIN is not supported (Default)<br/>1 = Yes, offline PIN is supported.<br/>The value in this field defaults to the Embosser record (AMED) and Transaction record (ATPT). Based on the value in this field, you can determine the number of EMV compliant chip-enabled cards with the PayPass-enabled functionality."
}
,{
"fieldCode":"1224",
"fieldName":"VISA LOWER CONS OFFLINE LMT DEFAULT",
"fieldFormat":"1C",
"helpText":"Code that indicates the cumulative count of transactions allowed for the card before performing card requesting transactions online. If the terminal is unable to go online, the card can still approve the transaction."
}
,{
"fieldCode":"1225",
"fieldName":"VISA UPPER CONS OFFLINE LMT DEFAULT",
"fieldFormat":"1C",
"helpText":"Code that indicates the cumulative count of transactions allowed for the card before performing card requesting transactions online. If the terminal is unable to go online, the card will decline the transaction."
}
,{
"fieldCode":"1226",
"fieldName":"VISA CNTLS TRANS LOWER LIMIT DEFAULT",
"fieldFormat":"1C",
"helpText":"Lower limit of cumulative amount of consecutive contactless transaction amount. The value in this field specifies the lower limit of the cumulative amount of consecutive contactless offline transactions allowed for the card. When this limit is exceeded, the terminal must send the transaction online but does not decline the transaction if it is unable to go online."
}
,{
"fieldCode":"1227",
"fieldName":"VISA CNTLS TRANS UPPER LIMIT DEFAULT",
"fieldFormat":"1C",
"helpText":"Upper limit of cumulative amount of consecutive contactless transaction amount. The value in this field specifies the upper limit of the cumulative amount of consecutive contactless offline transactions allowed for this card. When this limit is exceeded, the terminal must send the transaction online or decline the transaction if it is unable to go online"
}
,{
"fieldCode":"1336",
"fieldName":"MC SCA COMPL DEFAULT",
"fieldFormat":"1N",
"helpText":"Code that indicates whether the chip has inbuilt SCA capability. The values are:<br/>0 = Chip does not have SCA capability<br/>1 = Chip has inbuilt SCA capability."
}
],"section4":[
{
"fieldCode":"4009",
"fieldName":"BUSINESS UNIT",
"fieldFormat":"3N",
"helpText":"Identification number of the business unit associated with the Embosser record."
}
,{
"fieldCode":"4021",
"fieldName":"CARD NUMBER",
"fieldFormat":"19C",
"helpText":"Number that is embossed on the plastic card."
}
,{
"fieldCode":"4022",
"fieldName":"CHIP SEQUENCE",
"fieldFormat":"2N",
"helpText":"Sequence number that identifies the Smart Card Embosser Detail record."
}
,{
"fieldCode":"1101_1",
"fieldName":"PROGRAM ID",
"fieldFormat":"8N",
"helpText":"Identification number of the smart card program. This value must identify a valid Chip Card Program Definition record (Chip Card Program) for this business unit. The value in this field defaults from the DEFAULT CHIP/PIN CARD PROGRAM ID on Products -> 08-Smart Card Controls but can be changed on this service."
}
,{
"fieldCode":"9904_1",
"fieldName":"CARD ACTIVE DATE",
"fieldFormat":"",
"helpText":"Date when the card was activated."
}
,{
"fieldCode":"1103_1",
"fieldName":"PIN TRY LIMIT",
"fieldFormat":"2N",
"helpText":"Number of offline PIN attempts that the cardholder is allowed when using the card in an offline environment at a POS device."
}
,{
"fieldCode":"1106_1",
"fieldName":"LANGUAGE PREFERENCE 1",
"fieldFormat":"2C",
"helpText":"Codes that indicate the language preferences for this account. Language preference 1 can be stored on the smart card. CMS edits the values in these fields against a list of valid language preferences."
}
,{
"fieldCode":"1107_1",
"fieldName":"LANGUAGE PREFERENCE 2",
"fieldFormat":"2C",
"helpText":"Codes that indicate the language preferences for this account. Language preference 2 can be stored on the smart card. CMS edits the values in these fields against a list of valid language preferences."
}
,{
"fieldCode":"1108_1",
"fieldName":"LANGUAGE PREFERENCE 3",
"fieldFormat":"2C",
"helpText":"Codes that indicate the language preferences for this account. Language preference 3 can be stored on the smart card. CMS edits the values in these fields against a list of valid language preferences."
}
,{
"fieldCode":"1109_1",
"fieldName":"LANGUAGE PREFERENCE 4",
"fieldFormat":"2C",
"helpText":"Codes that indicate the language preferences for this account. Language preference 4 can be stored on the smart card. CMS edits the values in these fields against a list of valid language preferences."
}
,{
"fieldCode":"1114_1",
"fieldName":"MAGNETIC STRIP IMAGE SEC CODE",
"fieldFormat":"1N",
"helpText":"Field that indicates whether the default Magnetic Stripe Image Security Code is a CVV/CVC/CAV or iCVV/iCVC/CAV3 value. The values are:<br/>0 = CVV/CVC/CAV is used<br/>1 = iCVV/iCVC/CAV3 is used."
}
,{
"fieldCode":"9912_1",
"fieldName":"VISA VERSION",
"fieldFormat":"3N",
"helpText":"Smart card application version number (AVN) for Visa. The values are:<br/>132 = VIS 1.3.2<br/>140 = VIS 1.4<br/>150 = VIS 1.5.<br/>This value defaults from the Chip Card Program Definition record (Chip Card Program) and cannot be modified."
}
,{
"fieldCode":"1210_1",
"fieldName":"CRYPTOGRAM KEY INDEX",
"fieldFormat":"2N",
"helpText":"User-defined number that uniquely identifies the set of keys used for the card. Modification of this parameter is the responsibility of the user. CMS does not automatically update this field."
}
,{
"fieldCode":"1211_1",
"fieldName":"CRYPTOGRAM VERSION",
"fieldFormat":"2N",
"helpText":"Version number of the cryptogram. Modification of this parameter is the responsibility of the user. There is no system logic that automatically updates this value."
}
,{
"fieldCode":"1212_1",
"fieldName":"MAC KEY INDEX",
"fieldFormat":"2N",
"helpText":"User-defined number that uniquely identifies the set of keys used for the generation and validation of a MAC UDK (Message Authentication Code Unique Derivation Key). Modification of this parameter is the responsibility of the user. CMS does not automatically update this field."
}
,{
"fieldCode":"1213_1",
"fieldName":"ENC KEY INDEX",
"fieldFormat":"2N",
"helpText":"User-defined number that uniquely identifies the set of keys used for the generation and validation of an offline PIN UDK (Personal Identification Code Unique Derivation Key). Modification of this parameter is the responsibility of the user. CMS does not automatically update this field."
}
,{
"fieldCode":"1214_1",
"fieldName":"OFFLINE PIN INDICATOR",
"fieldFormat":"1N",
"helpText":"Flag that indicates whether the card supports offline PIN processing. The values are:<br/>0 = No, offline PIN is not supported (Default)<br/>1 = Yes, offline PIN is supported."
}
,{
"fieldCode":"1217_1",
"fieldName":"PREF CARDHOLDER VERF",
"fieldFormat":"1C",
"helpText":"Preferred cardholder verification method for EMV and VIScompliant chip cards. This value defaults from the Chip Card Program Definition record (PREFERRED CARDHOLDER VERIFICATION METHOD on Chip Card Program -> 02-Visa Chip Program Controls). The values are:<br/>1 = Online or offline PIN (Default)<br/>2 = Signature<br/>3 = Offline PIN and signature<br/>4 = No cardholder verification method."
}
,{
"fieldCode":"1215_1",
"fieldName":"LOWER CONS OFFLINE LMT",
"fieldFormat":"3N",
"helpText":"Lower consecutive offline limit specified by the issuer for the maximum number of consecutive offline transactions allowed for a given smart card at a terminal with online capabilities."
}
,{
"fieldCode":"1216_1",
"fieldName":"UPPER CONS OFFLINE LMT",
"fieldFormat":"3N",
"helpText":"Upper consecutive offline limit specified by the issuer for the maximum number of consecutive offline transactions that are allowed for a smart card before the transaction must go online."
}
,{
"fieldCode":"1201_1",
"fieldName":"CURRENCY CONVERSION FACTOR",
"fieldFormat":"9N",
"helpText":"Decimal value used in a conversion algorithm to convert the currency indicated by the SECONDARY APP CURRENCY CODE field to the cards domestic application currency."
}
,{
"fieldCode":"1202_1",
"fieldName":"SECONDARY APP CURRENCY CODE",
"fieldFormat":"3N",
"helpText":"Secondary currency to be converted to the designated currency in which the account is managed. This parameter must be maintained in ISO format."
}
,{
"fieldCode":"1203_1",
"fieldName":"CONS OFFLINE TRANS CURRENCY",
"fieldFormat":"3N",
"helpText":"ISO currency code that identifies the unit of currency for monetary amount fields on a CMS service."
}
,{
"fieldCode":"1204_1",
"fieldName":"CONS OFFLINE TRANS COUNTRY",
"fieldFormat":"3N",
"helpText":"Country for the customer. If you use this field, enter the exact country code."
}
,{
"fieldCode":"1205_1",
"fieldName":"TRANS AMT CURRENCY",
"fieldFormat":"13N",
"helpText":"This field displays the cumulative total transaction amount limit. This field specifies the upper limit of the total amount of offline transactions in the designated currency allowed for this card before a transaction is forced to go online. The limit is in the designated currency for the card."
}
,{
"fieldCode":"1206_1",
"fieldName":"TRANS AMT DUAL CURRENCY",
"fieldFormat":"13N",
"helpText":"This field specifies the total amount of offline transactions in the designated currency or designated and secondary currency allowed for the EMV application before a transaction is declined and the online transaction cannot be performed."
}
,{
"fieldCode":"9909_1",
"fieldName":"APPLICATION TRANS COUNTER",
"fieldFormat":"5N",
"helpText":"Application transaction counter used to track the number of transactions that have been processed for the current card. This field is system-generated; you cannot change it. This value is stored in CMS but is set and used by FAS."
}
,{
"fieldCode":"1218_1",
"fieldName":"CONTACTLESS TRANS LOWER LIMIT",
"fieldFormat":"3N",
"helpText":"Lower consecutive offline limit specified by the issuer for the maximum number of consecutive contactless offline transactions allowed for a given smart card at a terminal with online capabilities."
}
,{
"fieldCode":"1219_1",
"fieldName":"CONTACTLESS TRANS UPPER LIMIT",
"fieldFormat":"3N",
"helpText":"Upper consecutive offline limit specified by the issuer for the maximum number of consecutive contactless offline transactions that are allowed before the card requests contact chip or online processing for the transaction (and the transaction is declined if neither is supported)."
}
,{
"fieldCode":"1220_1",
"fieldName":"VLP RESET THRESHOLD",
"fieldFormat":"13N",
"helpText":"Minimum value specified by the issuer that the Visa Low-value Payment (VLP) available funds can be lowered to before the card requests online processing for the transaction."
}
,{
"fieldCode":"1221_1",
"fieldName":"VLP FUNDS LIMIT",
"fieldFormat":"13N",
"helpText":"Limit specified by the issuer for the VLP available funds accumulator. This is the amount used to reset the VLP available funds on the card after an approved online transaction."
}
,{
"fieldCode":"1222_1",
"fieldName":"VLP SINGLE TRANSACTION LIMIT",
"fieldFormat":"11N/2D",
"helpText":"Maximum VLP amount specified by the issuer that is allowed for a single contactless offline transaction."
}
,{
"fieldCode":"4015",
"fieldName":"SENT SCRIPT ID",
"fieldFormat":"8C",
"helpText":"Identification number of the last script that was sent for the card. This field displays only in the requested card data."
}
],"section5":[
{
"fieldCode":"4009",
"fieldName":"BUSINESS UNIT",
"fieldFormat":"3N",
"helpText":"Identification number of the business unit associated with the Embosser record."
}
,{
"fieldCode":"4021",
"fieldName":"CARD NUMBER",
"fieldFormat":"19C",
"helpText":"Number that is embossed on the plastic card. Enter a value in this field only if the card number is different from the post-to account number (CARD SCHEME on Account Details -> 01-Account Base Segment is 3)."
}
,{
"fieldCode":"4022",
"fieldName":"CHIP SEQUENCE",
"fieldFormat":"2N",
"helpText":"Sequence number that identifies the Smart Card Embosser Detail record."
}
,{
"fieldCode":"1101_1",
"fieldName":"PROGRAM ID",
"fieldFormat":"8N",
"helpText":"Identification number of the smart card program. This value must identify a valid Chip Card Program Definition record (Chip Card Program) for this business unit. The value in this field defaults from the DEFAULT CHIP/PIN CARD PROGRAM ID on Products -> 08-Smart Card Controls but can be changed on this service."
}
,{
"fieldCode":"9904_1",
"fieldName":"CARD ACTIVE DATE",
"fieldFormat":"",
"helpText":"Date when the card was activated."
}
,{
"fieldCode":"1103_1",
"fieldName":"PIN TRY LIMIT",
"fieldFormat":"2N",
"helpText":"Number of offline PIN attempts that the cardholder is allowed when using the card in an offline environment at a POS device."
}
,{
"fieldCode":"1106_1",
"fieldName":"LANGUAGE PREFERENCE 1",
"fieldFormat":"2C",
"helpText":"Codes that indicate the language preferences for this account. Language preference 1 can be stored on the smart card. CMS edits the values in these fields against a list of valid language preferences."
}
,{
"fieldCode":"1107_1",
"fieldName":"LANGUAGE PREFERENCE 2",
"fieldFormat":"2C",
"helpText":"Codes that indicate the language preferences for this account. Language preference 2 can be stored on the smart card. CMS edits the values in these fields against a list of valid language preferences."
}
,{
"fieldCode":"1108_1",
"fieldName":"LANGUAGE PREFERENCE 3",
"fieldFormat":"2C",
"helpText":"Codes that indicate the language preferences for this account. Language preference 3 can be stored on the smart card. CMS edits the values in these fields against a list of valid language preferences."
}
,{
"fieldCode":"1109_1",
"fieldName":"LANGUAGE PREFERENCE 4",
"fieldFormat":"2C",
"helpText":"Codes that indicate the language preferences for this account. Language preference 4 can be stored on the smart card. CMS edits the values in these fields against a list of valid language preferences."
}
,{
"fieldCode":"1114_1",
"fieldName":"MAGNETIC STRIP IMAGE SEC CODE",
"fieldFormat":"1N",
"helpText":"Field that indicates whether the default Magnetic Stripe Image Security Code is a CVV/CVC/CAV or iCVV/iCVC/CAV3 value. The values are:<br/>0 = CVV/CVC/CAV is used<br/>1 = iCVV/iCVC/CAV3 is used."
}
,{
"fieldCode":"9912_1",
"fieldName":"VISA VERSION",
"fieldFormat":"3N",
"helpText":"Smart card application version number (AVN) for Visa. The values are:<br/>132 = VIS 1.3.2<br/>140 = VIS 1.4<br/>150 = VIS 1.5.<br/>This value defaults from the Chip Card Program Definition record (Chip Card Program) and cannot be modified."
}
,{
"fieldCode":"1210_1",
"fieldName":"CRYPTOGRAM KEY INDEX",
"fieldFormat":"2N",
"helpText":"User-defined number that uniquely identifies the set of keys used for the card. Modification of this parameter is the responsibility of the user. CMS does not automatically update this field."
}
,{
"fieldCode":"1211_1",
"fieldName":"CRYPTOGRAM VERSION",
"fieldFormat":"2N",
"helpText":"Version number of the cryptogram. Modification of this parameter is the responsibility of the user. There is no system logic that automatically updates this value."
}
,{
"fieldCode":"1212_1",
"fieldName":"MAC KEY INDEX",
"fieldFormat":"2N",
"helpText":"User-defined number that uniquely identifies the set of keys used for the generation and validation of a MAC UDK (Message Authentication Code Unique Derivation Key). Modification of this parameter is the responsibility of the user. CMS does not automatically update this field."
}
,{
"fieldCode":"1213_1",
"fieldName":"ENC KEY INDEX",
"fieldFormat":"2N",
"helpText":"User-defined number that uniquely identifies the set of keys used for the generation and validation of an offline PIN UDK (Personal Identification Code Unique Derivation Key). Modification of this parameter is the responsibility of the user. CMS does not automatically update this field."
}
,{
"fieldCode":"1214_1",
"fieldName":"OFFLINE PIN INDICATOR",
"fieldFormat":"1N",
"helpText":"Flag that indicates whether the card supports offline PIN processing. The values are:<br/>0 = No, offline PIN is not supported (Default)<br/>1 = Yes, offline PIN is supported."
}
,{
"fieldCode":"1217_1",
"fieldName":"PREF CARDHOLDER VERF",
"fieldFormat":"1C",
"helpText":"Preferred cardholder verification method for EMV and VIScompliant chip cards. This value defaults from the Chip Card Program Definition record (PREFERRED CARDHOLDER VERIFICATION METHOD on Chip Card Program -> 02-Visa Chip Program Controls). The values are:<br/>1 = Online or offline PIN (Default)<br/>2 = Signature<br/>3 = Offline PIN and signature<br/>4 = No cardholder verification method."
}
,{
"fieldCode":"1215_1",
"fieldName":"LOWER CONS OFFLINE LMT",
"fieldFormat":"3N",
"helpText":"Lower consecutive offline limit specified by the issuer for the maximum number of consecutive offline transactions allowed for a given smart card at a terminal with online capabilities."
}
,{
"fieldCode":"1216_1",
"fieldName":"UPPER CONS OFFLINE LMT",
"fieldFormat":"3N",
"helpText":"Upper consecutive offline limit specified by the issuer for the maximum number of consecutive offline transactions that are allowed for a smart card before the transaction must go online."
}
,{
"fieldCode":"1201_1",
"fieldName":"CURRENCY CONVERSION FACTOR",
"fieldFormat":"9N",
"helpText":"Decimal value used in a conversion algorithm to convert the currency indicated by the SECONDARY APP CURRENCY CODE field to the cards domestic application currency."
}
,{
"fieldCode":"1202_1",
"fieldName":"SECONDARY APP CURRENCY CODE",
"fieldFormat":"3N",
"helpText":"Secondary currency to be converted to the designated currency in which the account is managed. This parameter must be maintained in ISO format."
}
,{
"fieldCode":"1203_1",
"fieldName":"CONS OFFLINE TRANS CURRENCY",
"fieldFormat":"3N",
"helpText":"ISO currency code that identifies the unit of currency for monetary amount fields on a CMS service."
}
,{
"fieldCode":"1204_1",
"fieldName":"CONS OFFLINE TRANS COUNTRY",
"fieldFormat":"3N",
"helpText":"Country for the customer. If you use this field, enter the exact country code."
}
,{
"fieldCode":"1205_1",
"fieldName":"TRANS AMT CURRENCY",
"fieldFormat":"13N",
"helpText":"This field displays the cumulative total transaction amount limit. This field specifies the upper limit of the total amount of offline transactions in the designated currency allowed for this card before a transaction is forced to go online. The limit is in the designated currency for the card."
}
,{
"fieldCode":"1206_1",
"fieldName":"TRANS AMT DUAL CURRENCY",
"fieldFormat":"13N",
"helpText":"This field specifies the total amount of offline transactions in the designated currency or designated and secondary currency allowed for the EMV application before a transaction is declined and the online transaction cannot be performed."
}
,{
"fieldCode":"9909_1",
"fieldName":"APPLICATION TRANS COUNTER",
"fieldFormat":"5N",
"helpText":"Application transaction counter used to track the number of transactions that have been processed for the current card. This field is system-generated; you cannot change it. This value is stored in CMS but is set and used by FAS."
}
,{
"fieldCode":"1218_1",
"fieldName":"CONTACTLESS TRANS LOWER LIMIT",
"fieldFormat":"3N",
"helpText":"Lower consecutive offline limit specified by the issuer for the maximum number of consecutive contactless offline transactions allowed for a given smart card at a terminal with online capabilities."
}
,{
"fieldCode":"1219_1",
"fieldName":"CONTACTLESS TRANS UPPER LIMIT",
"fieldFormat":"3N",
"helpText":"Upper consecutive offline limit specified by the issuer for the maximum number of consecutive contactless offline transactions that are allowed before the card requests contact chip or online processing for the transaction (and the transaction is declined if neither is supported)."
}
,{
"fieldCode":"1220_1",
"fieldName":"VLP RESET THRESHOLD",
"fieldFormat":"13N",
"helpText":"Minimum value specified by the issuer that the Visa Low-value Payment (VLP) available funds can be lowered to before the card requests online processing for the transaction."
}
,{
"fieldCode":"1221_1",
"fieldName":"VLP FUNDS LIMIT",
"fieldFormat":"13N",
"helpText":"Limit specified by the issuer for the VLP available funds accumulator. This is the amount used to reset the VLP available funds on the card after an approved online transaction."
}
,{
"fieldCode":"1222_1",
"fieldName":"VLP SINGLE TRANSACTION LIMIT",
"fieldFormat":"11N/2D",
"helpText":"Maximum VLP amount specified by the issuer that is allowed for a single contactless offline transaction."
}
],"section6":[
{
"fieldCode":"4009",
"fieldName":"BUSINESS UNIT",
"fieldFormat":"3N",
"helpText":"Identification number of the business unit associated with the Embosser record."
}
,{
"fieldCode":"4021",
"fieldName":"CARD NUMBER",
"fieldFormat":"19C",
"helpText":"Number that is embossed on the plastic card."
}
,{
"fieldCode":"4022",
"fieldName":"CHIP SEQUENCE",
"fieldFormat":"2N",
"helpText":"Sequence number that identifies the Smart Card Embosser Detail record."
}
,{
"fieldCode":"9915_1",
"fieldName":"VPAY VERSION",
"fieldFormat":"3N",
"helpText":"Smart card application version number (AVN) for Visa. The values are:<br/>132 = VIS 1.3.2<br/>140 = VIS 1.4<br/>150 = VIS 1.5.<br/>This value defaults from the Chip Card Program Definition record (ARTM02) and cannot be modified."
}
,{
"fieldCode":"1210_1",
"fieldName":"CRYPTOGRAM KEY INDEX",
"fieldFormat":"2N",
"helpText":"User-defined number that uniquely identifies the set of keys used for the card. Modification of this parameter is the responsibility of the user. CMS does not automatically update this field."
}
,{
"fieldCode":"1211_1",
"fieldName":"CRYPTOGRAM VERSION",
"fieldFormat":"2N",
"helpText":"Version number of the cryptogram. Modification of this parameter is the responsibility of the user. There is no system logic that automatically updates this value."
}
,{
"fieldCode":"1217_1",
"fieldName":"PREF CARDHOLDER VERF",
"fieldFormat":"1C",
"helpText":"Preferred cardholder verification method for EMV and VIScompliant chip cards. This value defaults from the Chip Card Program Definition record (PREFERRED CARDHOLDER VERIFICATION METHOD on Chip Card Program -> 02-Visa Chip Program Controls). The values are:<br/>1 = Online or offline PIN (Default)<br/>2 = Signature<br/>3 = Offline PIN and signature<br/>4 = No cardholder verification method."
}
,{
"fieldCode":"1215_1",
"fieldName":"LOWER CONS OFFLINE LMT",
"fieldFormat":"3N",
"helpText":"Lower consecutive offline limit specified by the issuer for the maximum number of consecutive offline transactions allowed for a given smart card at a terminal with online capabilities."
}
,{
"fieldCode":"1216_1",
"fieldName":"UPPER CONS OFFLINE LMT",
"fieldFormat":"3N",
"helpText":"Upper consecutive offline limit specified by the issuer for the maximum number of consecutive offline transactions that are allowed for a smart card before the transaction must go online."
}
,{
"fieldCode":"1201_1",
"fieldName":"CURRENCY CONVERSION FACTOR",
"fieldFormat":"9N",
"helpText":"Decimal value used in a conversion algorithm to convert the currency indicated by the SECONDARY APP CURRENCY CODE field to the cards domestic application currency."
}
,{
"fieldCode":"1202_1",
"fieldName":"SECONDARY APP CURRENCY CODE",
"fieldFormat":"3N",
"helpText":"Secondary currency to be converted to the designated currency in which the account is managed. This parameter must be maintained in ISO format."
}
,{
"fieldCode":"1203_1",
"fieldName":"CONS OFFLINE TRANS CURRENCY",
"fieldFormat":"3N",
"helpText":"ISO currency code that identifies the unit of currency for monetary amount fields on a CMS service."
}
,{
"fieldCode":"1204_1",
"fieldName":"CONS OFFLINE TRANS COUNTRY",
"fieldFormat":"3N",
"helpText":"Country for the customer. If you use this field, enter the exact country code."
}
,{
"fieldCode":"1205_1",
"fieldName":"TRANS AMT CURRENCY",
"fieldFormat":"13N",
"helpText":"This field displays the cumulative total transaction amount limit. This field specifies the upper limit of the total amount of offline transactions in the designated currency allowed for this card before a transaction is forced to go online. The limit is in the designated currency for the card."
}
,{
"fieldCode":"1206_1",
"fieldName":"TRANS AMT DUAL CURRENCY",
"fieldFormat":"13N",
"helpText":"This field specifies the total amount of offline transactions in the designated currency or designated and secondary currency allowed for the EMV application before a transaction is declined and the online transaction cannot be performed."
}
,{
"fieldCode":"9909_1",
"fieldName":"APPLICATION TRANS COUNTER",
"fieldFormat":"5N",
"helpText":"Application transaction counter used to track the number of transactions that have been processed for the current card. This field is system-generated; you cannot change it. This value is stored in CMS but is set and used by FAS."
}
,{
"fieldCode":"1218_1",
"fieldName":"CONTACTLESS TRANS LOWER LIMIT",
"fieldFormat":"3N",
"helpText":"Lower consecutive offline limit specified by the issuer for the maximum number of consecutive contactless offline transactions allowed for a given smart card at a terminal with online capabilities."
}
,{
"fieldCode":"1219_1",
"fieldName":"CONTACTLESS TRANS UPPER LIMIT",
"fieldFormat":"3N",
"helpText":"Upper consecutive offline limit specified by the issuer for the maximum number of consecutive contactless offline transactions that are allowed before the card requests contact chip or online processing for the transaction (and the transaction is declined if neither is supported)."
}
,{
"fieldCode":"1220_1",
"fieldName":"VLP RESET THRESHOLD",
"fieldFormat":"13N",
"helpText":"Minimum value specified by the issuer that the Visa Low-value Payment (VLP) available funds can be lowered to before the card requests online processing for the transaction."
}
,{
"fieldCode":"1221_1",
"fieldName":"VLP FUNDS LIMIT",
"fieldFormat":"13N",
"helpText":"Limit specified by the issuer for the VLP available funds accumulator. This is the amount used to reset the VLP available funds on the card after an approved online transaction."
}
,{
"fieldCode":"1222_1",
"fieldName":"VLP SINGLE TRANSACTION LIMIT",
"fieldFormat":"11N/2D",
"helpText":"Maximum VLP amount specified by the issuer that is allowed for a single contactless offline transaction."
}
,{
"fieldCode":"1524",
"fieldName":"LOWER CONS OFFLINE LMT DEFAULT",
"fieldFormat":"1C",
"helpText":"Code that indicates the cumulative count of transactions allowed for the card before performing card requesting transactions online. If the terminal is unable to go online, the card can still approve the transaction."
}
,{
"fieldCode":"1525",
"fieldName":"UPPER CONS OFFLINE LMT DEFAULT",
"fieldFormat":"1C",
"helpText":"Code that indicates the cumulative count of transactions allowed for the card before performing card requesting transactions online. If the terminal is unable to go online, the card will decline the transaction."
}
,{
"fieldCode":"1526",
"fieldName":"CNTLS TRANS LOWER LIMIT DEFAULT",
"fieldFormat":"1C",
"helpText":"Lower limit of cumulative amount of consecutive contactless transaction amount. The value in this field specifies the lower limit of the cumulative amount of consecutive contactless offline transactions allowed for the card. When this limit is exceeded, the terminal must send the transaction online but does not decline the transaction if it is unable to go online."
}
,{
"fieldCode":"1527",
"fieldName":"CNTLS TRANS UPPER LIMIT DEFAULT",
"fieldFormat":"1C",
"helpText":"Upper limit of cumulative amount of consecutive contactless transaction amount. The value in this field specifies the upper limit of the cumulative amount of consecutive contactless offline transactions allowed for this card. When this limit is exceeded, the terminal must send the transaction online or decline the transaction if it is unable to go online"
}
],"section7":[
{
"fieldCode":"4009",
"fieldName":"BUSINESS UNIT",
"fieldFormat":"3N",
"helpText":"Identification number of the business unit associated with the Embosser record."
}
,{
"fieldCode":"4021",
"fieldName":"CARD NUMBER",
"fieldFormat":"19C",
"helpText":"Number that is embossed on the plastic card."
}
,{
"fieldCode":"4022",
"fieldName":"CHIP SEQUENCE",
"fieldFormat":"2N",
"helpText":"Sequence number that identifies the Smart Card Embosser Detail record."
}
,{
"fieldCode":"9915_1",
"fieldName":"VPAY VERSION",
"fieldFormat":"3N",
"helpText":"Smart card application version number (AVN) for Visa. The values are:<br/>132 = VIS 1.3.2<br/>140 = VIS 1.4<br/>150 = VIS 1.5.<br/>This value defaults from the Chip Card Program Definition record (ARTM02) and cannot be modified."
}
,{
"fieldCode":"1210_1",
"fieldName":"CRYPTOGRAM KEY INDEX",
"fieldFormat":"2N",
"helpText":"User-defined number that uniquely identifies the set of keys used for the card. Modification of this parameter is the responsibility of the user. CMS does not automatically update this field."
}
,{
"fieldCode":"1211_1",
"fieldName":"CRYPTOGRAM VERSION",
"fieldFormat":"2N",
"helpText":"Version number of the cryptogram. Modification of this parameter is the responsibility of the user. There is no system logic that automatically updates this value."
}
,{
"fieldCode":"1217_1",
"fieldName":"PREF CARDHOLDER VERF",
"fieldFormat":"1C",
"helpText":"Preferred cardholder verification method for EMV and VIScompliant chip cards. This value defaults from the Chip Card Program Definition record (PREFERRED CARDHOLDER VERIFICATION METHOD on Chip Card Program -> 02-Visa Chip Program Controls). The values are:<br/>1 = Online or offline PIN (Default)<br/>2 = Signature<br/>3 = Offline PIN and signature<br/>4 = No cardholder verification method."
}
,{
"fieldCode":"1215_1",
"fieldName":"LOWER CONS OFFLINE LMT",
"fieldFormat":"3N",
"helpText":"Lower consecutive offline limit specified by the issuer for the maximum number of consecutive offline transactions allowed for a given smart card at a terminal with online capabilities."
}
,{
"fieldCode":"1216_1",
"fieldName":"UPPER CONS OFFLINE LMT",
"fieldFormat":"3N",
"helpText":"Upper consecutive offline limit specified by the issuer for the maximum number of consecutive offline transactions that are allowed for a smart card before the transaction must go online."
}
,{
"fieldCode":"1201_1",
"fieldName":"CURRENCY CONVERSION FACTOR",
"fieldFormat":"9N",
"helpText":"Decimal value used in a conversion algorithm to convert the currency indicated by the SECONDARY APP CURRENCY CODE field to the cards domestic application currency."
}
,{
"fieldCode":"1202_1",
"fieldName":"SECONDARY APP CURRENCY CODE",
"fieldFormat":"3N",
"helpText":"Secondary currency to be converted to the designated currency in which the account is managed. This parameter must be maintained in ISO format."
}
,{
"fieldCode":"1203_1",
"fieldName":"CONS OFFLINE TRANS CURRENCY",
"fieldFormat":"3N",
"helpText":"ISO currency code that identifies the unit of currency for monetary amount fields on a CMS service."
}
,{
"fieldCode":"1204_1",
"fieldName":"CONS OFFLINE TRANS COUNTRY",
"fieldFormat":"3N",
"helpText":"Country for the customer. If you use this field, enter the exact country code."
}
,{
"fieldCode":"1205_1",
"fieldName":"TRANS AMT CURRENCY",
"fieldFormat":"13N",
"helpText":"This field displays the cumulative total transaction amount limit. This field specifies the upper limit of the total amount of offline transactions in the designated currency allowed for this card before a transaction is forced to go online. The limit is in the designated currency for the card."
}
,{
"fieldCode":"1206_1",
"fieldName":"TRANS AMT DUAL CURRENCY",
"fieldFormat":"13N",
"helpText":"This field specifies the total amount of offline transactions in the designated currency or designated and secondary currency allowed for the EMV application before a transaction is declined and the online transaction cannot be performed."
}
,{
"fieldCode":"9909_1",
"fieldName":"APPLICATION TRANS COUNTER",
"fieldFormat":"5N",
"helpText":"Application transaction counter used to track the number of transactions that have been processed for the current card. This field is system-generated; you cannot change it. This value is stored in CMS but is set and used by FAS."
}
,{
"fieldCode":"1218_1",
"fieldName":"CONTACTLESS TRANS LOWER LIMIT",
"fieldFormat":"3N",
"helpText":"Lower consecutive offline limit specified by the issuer for the maximum number of consecutive contactless offline transactions allowed for a given smart card at a terminal with online capabilities."
}
,{
"fieldCode":"1219_1",
"fieldName":"CONTACTLESS TRANS UPPER LIMIT",
"fieldFormat":"3N",
"helpText":"Upper consecutive offline limit specified by the issuer for the maximum number of consecutive contactless offline transactions that are allowed before the card requests contact chip or online processing for the transaction (and the transaction is declined if neither is supported)."
}
,{
"fieldCode":"1220_1",
"fieldName":"VLP RESET THRESHOLD",
"fieldFormat":"13N",
"helpText":"Minimum value specified by the issuer that the Visa Low-value Payment (VLP) available funds can be lowered to before the card requests online processing for the transaction."
}
,{
"fieldCode":"1221_1",
"fieldName":"VLP FUNDS LIMIT",
"fieldFormat":"13N",
"helpText":"Limit specified by the issuer for the VLP available funds accumulator. This is the amount used to reset the VLP available funds on the card after an approved online transaction."
}
,{
"fieldCode":"1222_1",
"fieldName":"VLP SINGLE TRANSACTION LIMIT",
"fieldFormat":"11N/2D",
"helpText":"Maximum VLP amount specified by the issuer that is allowed for a single contactless offline transaction."
}
],"section8":[
{
"fieldCode":"4009",
"fieldName":"BUSINESS UNIT",
"fieldFormat":"3N",
"helpText":"Identification number of the business unit associated with the Embosser record."
}
,{
"fieldCode":"4021",
"fieldName":"CARD NUMBER",
"fieldFormat":"19C",
"helpText":"Number that is embossed on the plastic card."
}
,{
"fieldCode":"4022",
"fieldName":"CHIP SEQUENCE",
"fieldFormat":"2N",
"helpText":"Sequence number that identifies the Smart Card Embosser Detail record."
}
,{
"fieldCode":"9915_1",
"fieldName":"VPAY VERSION",
"fieldFormat":"3N",
"helpText":"Smart card application version number (AVN) for Visa. The values are:<br/>132 = VIS 1.3.2<br/>140 = VIS 1.4<br/>150 = VIS 1.5.<br/>This value defaults from the Chip Card Program Definition record (ARTM02) and cannot be modified."
}
,{
"fieldCode":"1210_1",
"fieldName":"CRYPTOGRAM KEY INDEX",
"fieldFormat":"2N",
"helpText":"User-defined number that uniquely identifies the set of keys used for the card. Modification of this parameter is the responsibility of the user. CMS does not automatically update this field."
}
,{
"fieldCode":"1211_1",
"fieldName":"CRYPTOGRAM VERSION",
"fieldFormat":"2N",
"helpText":"Version number of the cryptogram. Modification of this parameter is the responsibility of the user. There is no system logic that automatically updates this value."
}
,{
"fieldCode":"1217_1",
"fieldName":"PREF CARDHOLDER VERF",
"fieldFormat":"1C",
"helpText":"Preferred cardholder verification method for EMV and VIScompliant chip cards. This value defaults from the Chip Card Program Definition record (PREFERRED CARDHOLDER VERIFICATION METHOD on Chip Card Program -> 02-Visa Chip Program Controls). The values are:<br/>1 = Online or offline PIN (Default)<br/>2 = Signature<br/>3 = Offline PIN and signature<br/>4 = No cardholder verification method."
}
,{
"fieldCode":"1215_1",
"fieldName":"LOWER CONS OFFLINE LMT",
"fieldFormat":"3N",
"helpText":"Lower consecutive offline limit specified by the issuer for the maximum number of consecutive offline transactions allowed for a given smart card at a terminal with online capabilities."
}
,{
"fieldCode":"1216_1",
"fieldName":"UPPER CONS OFFLINE LMT",
"fieldFormat":"3N",
"helpText":"Upper consecutive offline limit specified by the issuer for the maximum number of consecutive offline transactions that are allowed for a smart card before the transaction must go online."
}
,{
"fieldCode":"1201_1",
"fieldName":"CURRENCY CONVERSION FACTOR",
"fieldFormat":"9N",
"helpText":"Decimal value used in a conversion algorithm to convert the currency indicated by the SECONDARY APP CURRENCY CODE field to the cards domestic application currency."
}
,{
"fieldCode":"1202_1",
"fieldName":"SECONDARY APP CURRENCY CODE",
"fieldFormat":"3N",
"helpText":"Secondary currency to be converted to the designated currency in which the account is managed. This parameter must be maintained in ISO format."
}
,{
"fieldCode":"1203_1",
"fieldName":"CONS OFFLINE TRANS CURRENCY",
"fieldFormat":"3N",
"helpText":"ISO currency code that identifies the unit of currency for monetary amount fields on a CMS service."
}
,{
"fieldCode":"1204_1",
"fieldName":"CONS OFFLINE TRANS COUNTRY",
"fieldFormat":"3N",
"helpText":"Country for the customer. If you use this field, enter the exact country code."
}
,{
"fieldCode":"1205_1",
"fieldName":"TRANS AMT CURRENCY",
"fieldFormat":"13N",
"helpText":"This field displays the cumulative total transaction amount limit. This field specifies the upper limit of the total amount of offline transactions in the designated currency allowed for this card before a transaction is forced to go online. The limit is in the designated currency for the card."
}
,{
"fieldCode":"1206_1",
"fieldName":"TRANS AMT DUAL CURRENCY",
"fieldFormat":"13N",
"helpText":"This field specifies the total amount of offline transactions in the designated currency or designated and secondary currency allowed for the EMV application before a transaction is declined and the online transaction cannot be performed."
}
,{
"fieldCode":"9909_1",
"fieldName":"APPLICATION TRANS COUNTER",
"fieldFormat":"5N",
"helpText":"Application transaction counter used to track the number of transactions that have been processed for the current card. This field is system-generated; you cannot change it. This value is stored in CMS but is set and used by FAS."
}
,{
"fieldCode":"1218_1",
"fieldName":"CONTACTLESS TRANS LOWER LIMIT",
"fieldFormat":"3N",
"helpText":"Lower consecutive offline limit specified by the issuer for the maximum number of consecutive contactless offline transactions allowed for a given smart card at a terminal with online capabilities."
}
,{
"fieldCode":"1219_1",
"fieldName":"CONTACTLESS TRANS UPPER LIMIT",
"fieldFormat":"3N",
"helpText":"Upper consecutive offline limit specified by the issuer for the maximum number of consecutive contactless offline transactions that are allowed before the card requests contact chip or online processing for the transaction (and the transaction is declined if neither is supported)."
}
,{
"fieldCode":"1220_1",
"fieldName":"VLP RESET THRESHOLD",
"fieldFormat":"13N",
"helpText":"Minimum value specified by the issuer that the Visa Low-value Payment (VLP) available funds can be lowered to before the card requests online processing for the transaction."
}
,{
"fieldCode":"1221_1",
"fieldName":"VLP FUNDS LIMIT",
"fieldFormat":"13N",
"helpText":"Limit specified by the issuer for the VLP available funds accumulator. This is the amount used to reset the VLP available funds on the card after an approved online transaction."
}
,{
"fieldCode":"1222_1",
"fieldName":"VLP SINGLE TRANSACTION LIMIT",
"fieldFormat":"11N/2D",
"helpText":"Maximum VLP amount specified by the issuer that is allowed for a single contactless offline transaction."
}
],"section9":[
{
"fieldCode":"4009",
"fieldName":"BUSINESS UNIT",
"fieldFormat":"3N",
"helpText":"Identification number of the business unit associated with the Embosser record."
}
,{
"fieldCode":"4021",
"fieldName":"CARD NUMBER",
"fieldFormat":"19C",
"helpText":"Number that is embossed on the plastic card."
}
,{
"fieldCode":"4022",
"fieldName":"CHIP SEQUENCE",
"fieldFormat":"2N",
"helpText":"Sequence number that identifies the Smart Card Embosser Detail record."
}
,{
"fieldCode":"9901",
"fieldName":"RECORD STATUS",
"fieldFormat":"1C",
"helpText":"Code that indicates the status of the record. The values are:<br/>0,1 = Active<br/>2 = Inactive<br/>P = Purged."
}
,{
"fieldCode":"0199",
"fieldName":"DATE LAST MAINTENANCE",
"fieldFormat":"",
"helpText":"Date of last maintenance of the record."
}
,{
"fieldCode":"0198",
"fieldName":"LAST MAINTENANCE OPERATOR",
"fieldFormat":"3C",
"helpText":"This field indicates the Operator who has done the last maintenance for this record. This field is system-generated; you cannot change it."
}
]},"sections": {
"section0":""
,
"section1":"SMART CARD EMBOSSER DETAIL - ARQE10"
,
"section2":"SMART CARD EMBOSSER DETAIL - ARQE10 - 01-SMART CARD EMBOSSER DETAIL"
,
"section3":"SMART CARD EMBOSSER DETAIL - ARQE10 - 02-PENDING CARD DETAILS"
,
"section4":"SMART CARD EMBOSSER DETAIL - ARQE10 - 03-REQUESTED DETAILS"
,
"section5":"SMART CARD EMBOSSER DETAIL - ARQE10 - 04-ACTUAL DETAILS"
,
"section6":"SMART CARD EMBOSSER DETAIL - ARQE10 - 05-VPAY-PENDING CARD DETAILS"
,
"section7":"SMART CARD EMBOSSER DETAIL - ARQE10 - 06-VPAY-REQUESTED DETAILS"
,
"section8":"SMART CARD EMBOSSER DETAIL - ARQE10 - 07-VPAY-ACTUAL DETAILS"
,
"section9":"SMART CARD EMBOSSER DETAIL - ARQE10 - 99-STATUS & ACTIVITY INFORMATION"
}}
