{"data":{
"section0":[
],"section1":[
{
"fieldCode":"4001",
"fieldName":"BUSINESS UNIT",
"fieldFormat":"3N",
"helpText":"Identification number of the business unit associated with the Embosser record. The values are 001-998."
}
,{
"fieldCode":"4002",
"fieldName":"CARD NUMBER",
"fieldFormat":"19C",
"helpText":"Number that is embossed on the plastic card taken from Homepage."
}
,{
"fieldCode":"4003",
"fieldName":"CARD SEQUENCE",
"fieldFormat":"4N",
"helpText":"Identification number assigned to an Embosser record to distinguish between multiple cards issued with the same card number."
}
,{
"fieldCode":"4005",
"fieldName":"RECORD TYPE",
"fieldFormat":"",
"helpText":"Field that indicates the record type."
}
,{
"fieldCode":"9999",
"fieldName":"POST TO ACCOUNT NUMBER",
"fieldFormat":"19C",
"helpText":"Identification number of the Account Base Segment record to which CMS posts transactions received for this Embosser record."
}
],"section2":[
{
"fieldCode":"5001",
"fieldName":"NUMBER SALES- CTD",
"fieldFormat":"4N",
"helpText":"Number of cash advances for this card cycle-to-date."
}
,{
"fieldCode":"5002",
"fieldName":"AMOUNT SALES- CTD",
"fieldFormat":"15N",
"helpText":"Total amount of cash advances for this card cycle-to-date."
}
,{
"fieldCode":"5003",
"fieldName":"NUMBER RETURNS- CTD",
"fieldFormat":"4N",
"helpText":"Number of cash advance reversals for this card cycle-to-date."
}
,{
"fieldCode":"5004",
"fieldName":"AMOUNT RETURNS- CTD",
"fieldFormat":"15N",
"helpText":"Total amount of cash advance reversals for this card cycle-to-date."
}
,{
"fieldCode":"5005",
"fieldName":"NUMBER DISP- CTD",
"fieldFormat":"4N",
"helpText":"Number of disputed cash transactions for this card cycle-to-date."
}
,{
"fieldCode":"5006",
"fieldName":"AMOUNT DISP- CTD",
"fieldFormat":"15N",
"helpText":"Total amount of disputed cash transactions for this card cycle-to- date."
}
,{
"fieldCode":"5007",
"fieldName":"NUMBER APPR AUTH- CTD",
"fieldFormat":"4N",
"helpText":"Number of approved cash authorizations for this card cycle-to-date."
}
,{
"fieldCode":"5008",
"fieldName":"AMOUNT APPR AUTH- CTD",
"fieldFormat":"15N",
"helpText":"Total amount of approved cash authorizations for this card cycle-to-date."
}
,{
"fieldCode":"5009",
"fieldName":"NUMBER DECLINE AUTH- CTD",
"fieldFormat":"4N",
"helpText":"Number of declined cash authorizations for this card cycle-to-date."
}
,{
"fieldCode":"5010",
"fieldName":"AMOUNT DECLINE AUTH- CTD",
"fieldFormat":"15N",
"helpText":"Total amount of declined cash authorizations for this card cycle-to-date."
}
,{
"fieldCode":"5011",
"fieldName":"NUMBER SALES - YTD",
"fieldFormat":"4N",
"helpText":"Number of cash advances for this card year-to-date."
}
,{
"fieldCode":"5012",
"fieldName":"AMOUNT SALES- YTD",
"fieldFormat":"15N",
"helpText":"Total amount of cash advances for this card year-to-date."
}
,{
"fieldCode":"5013",
"fieldName":"NUMBER RETURNS- YTD",
"fieldFormat":"4N",
"helpText":"Number of cash advance reversals for this card year-to-date."
}
,{
"fieldCode":"5014",
"fieldName":"AMOUNT RETURNS- YTD",
"fieldFormat":"15N",
"helpText":"Total amount of cash advance reversals for this card year-to-date."
}
,{
"fieldCode":"5015",
"fieldName":"NUMBER DISP- YTD",
"fieldFormat":"4N",
"helpText":"Number of disputed cash transactions for this card year-to-date."
}
,{
"fieldCode":"5016",
"fieldName":"AMOUNT DISP- YTD",
"fieldFormat":"15N",
"helpText":"Total amount of disputed cash transactions for this card year-to-date."
}
,{
"fieldCode":"5017",
"fieldName":"NUMBER APPR AUTH- YTD",
"fieldFormat":"4N",
"helpText":"Number of approved cash authorizations for this card year-to-date."
}
,{
"fieldCode":"5018",
"fieldName":"AMOUNT APPR AUTH- YTD",
"fieldFormat":"15N",
"helpText":"Total amount of approved cash authorizations for this card year-to- date."
}
,{
"fieldCode":"5019",
"fieldName":"NUMBER DECLINE AUTH- YTD",
"fieldFormat":"4N",
"helpText":"Number of declined cash authorizations for this card year-to-date."
}
,{
"fieldCode":"5020",
"fieldName":"AMOUNT DECLINE AUTH- YTD",
"fieldFormat":"15N",
"helpText":"Total amount of declined cash authorizations for this card year-to- date."
}
,{
"fieldCode":"5021",
"fieldName":"NUMBER SALES- LTD",
"fieldFormat":"4N",
"helpText":"Number of cash advances for this card life-to-date."
}
,{
"fieldCode":"5022",
"fieldName":"AMOUNT SALES- LTD",
"fieldFormat":"15N",
"helpText":"Total amount of cash advances for this card life-to-date."
}
,{
"fieldCode":"5023",
"fieldName":"NUMBER RETURNS- LTD",
"fieldFormat":"4N",
"helpText":"Number of cash advance reversals for this card life-to-date."
}
,{
"fieldCode":"5024",
"fieldName":"AMOUNT RETURNS- LTD",
"fieldFormat":"15N",
"helpText":"Total amount of cash advance reversals for this card life-to-date."
}
,{
"fieldCode":"5025",
"fieldName":"NUMBER DISP- LTD",
"fieldFormat":"4N",
"helpText":"Number of disputed cash transactions for this card life-to-date."
}
,{
"fieldCode":"5026",
"fieldName":"AMOUNT DISP- LTD",
"fieldFormat":"15N",
"helpText":"Total amount of disputed cash transactions for this card life-to-date."
}
,{
"fieldCode":"5027",
"fieldName":"NUMBER APPR AUTH- LTD",
"fieldFormat":"4N",
"helpText":"Number of approved cash authorizations for this card life-to-date."
}
,{
"fieldCode":"5028",
"fieldName":"AMOUNT APPR AUTH- LTD",
"fieldFormat":"15N",
"helpText":"Total amount of approved cash authorizations for this card life-to-date."
}
,{
"fieldCode":"5029",
"fieldName":"NUMBER DECLINE AUTH- LTD",
"fieldFormat":"4N",
"helpText":"Number of declined cash authorizations for this card life-to-date."
}
,{
"fieldCode":"5030",
"fieldName":"AMOUNT DECLINE AUTH- LTD",
"fieldFormat":"15N",
"helpText":"Total amount of declined cash authorizations for this card life-to-date."
}
],"section3":[
{
"fieldCode":"4004",
"fieldName":"STATUS",
"fieldFormat":"1C",
"helpText":"Code that indicates the status of the Embosser statistics record. The values are:<br/>0 = Record is inactive (Default)<br/>1 = Record is active<br/>9 = Record is to be purged.<br/>When you add a new table, CMS initially sets this field to 0. After you enter data, CMS automatically changes this field to 1."
}
,{
"fieldCode":"0199",
"fieldName":"LAST MAINTENANCE DATE",
"fieldFormat":"",
"helpText":"Date of last maintenance of the record."
}
,{
"fieldCode":"0198",
"fieldName":"LAST MAINTENANCE OPERATOR",
"fieldFormat":"3C",
"helpText":"This field indicates the Operator who has done the last maintenance for this record. This field is system-generated; you cannot change it."
}
],"section4":[
{
"fieldCode":"4025",
"fieldName":"ECR CARD NO",
"fieldFormat":"19C",
"helpText":"Field that indicates the identification number of the emergency card issued. The value in this field displays only if the ECR CARD field is set to Y."
}
,{
"fieldCode":"4026",
"fieldName":"ECR CREDIT LIM / OTB",
"fieldFormat":"9N",
"helpText":"Emergency replacement card credit limit or open-to-buy (OTB) amount. This amount is the lowest amount of the following:<br/>Credit limit calculated using the ECR credit limit percentage defined at the logo level (AZML09)<br/>Credit limit fixed amount defined at the logo level<br/>Current account OTB.<br/>The amount in this field can be changed."
}
]},"sections": {
"section0":""
,
"section1":"Embosser Statistics"
,
"section2":"Embosser Statistics - 01-Card Statistics"
,
"section3":"Embosser Statistics - 99-Status & Activity Information"
,
"section4":"Embosser Statistics - Z01-Embosser Authorization Limits"
}}
