{"data":{
"section0":[
],"section1":[
{
"fieldCode":"4001",
"fieldName":"BUSINESS UNIT",
"fieldFormat":"3N",
"helpText":"Identification number of the Business Unit."
}
,{
"fieldCode":"4002",
"fieldName":"CARD NUMBER",
"fieldFormat":"19C",
"helpText":"Identification number of the card."
}
,{
"fieldCode":"4003",
"fieldName":"REC NUMBER",
"fieldFormat":"4N",
"helpText":"Identification number of the record."
}
,{
"fieldCode":"4004",
"fieldName":"PRODUCT",
"fieldFormat":"3N",
"helpText":"Identification number of theproduct."
}
,{
"fieldCode":"4005",
"fieldName":"POST TO ACCOUNT",
"fieldFormat":"19C",
"helpText":"Post-to account number for the card."
}
,{
"fieldCode":"0101",
"fieldName":"FRAUD TYPE",
"fieldFormat":"1C",
"helpText":"Code indicating the type of fraudulent activity that occurred on the account. The values are:<br/>A = Application fraud.<br/>C = Counterfeit, other than skimming. (If type of counterfeit cannot be differentiated, then use C.)<br/>G = Skimming.<br/>I = Internet order fraud. (Use only if all fraud transactions were Internet-order frauds.)<br/>K = Convenience check fraud. (Use only if all fraud transactions were convenience-check frauds.) <br/>L = Lost.<br/>M = Mail/phone order fraud. (Use only if all fraud transactions were mail/phone order frauds.)<br/>N = Nonreceipt.<br/>O = Other.<br/>S = Stolen.<br/>T = Takeover.<br/>Z = Zero-loss fraud."
}
,{
"fieldCode":"0102",
"fieldName":"FRAUD FIND METHOD",
"fieldFormat":"1C",
"helpText":"Code indicating how the fraud was detected. The values are:<br/>Blank = Unknown<br/>C = Customer reported<br/>F = Flagged by Fair Isaac system<br/>S = System other than Falcon<br/>V = CVV/CVC check."
}
,{
"fieldCode":"0103",
"fieldName":"FIRST FRAUD DATE",
"fieldFormat":"DATE",
"helpText":"Date for the associated fraud entries in the Falcon Fraud Case History."
}
,{
"fieldCode":"0104",
"fieldName":"FIRST FRAUD TIME",
"fieldFormat":"6N",
"helpText":"Time for the associated fraud entries in the Falcon Fraud Case History."
}
,{
"fieldCode":"0105",
"fieldName":"CARD BLOCKED DATE",
"fieldFormat":"DATE",
"helpText":"Date the account was blocked for fraudulent activity."
}
,{
"fieldCode":"0106",
"fieldName":"CARD BLOCKED TIME",
"fieldFormat":"6N",
"helpText":"Time the account was blocked for fraudulent activity."
}
,{
"fieldCode":"0107",
"fieldName":"FRAUD PAYMENT DATE",
"fieldFormat":"DATE",
"helpText":"Date of the first fraudulent payment on the account."
}
,{
"fieldCode":"0108",
"fieldName":"FRAUD PAYMENT TIME",
"fieldFormat":"6N",
"helpText":"Time of the first fraudulent payment on the account."
}
,{
"fieldCode":"0109",
"fieldName":"FIRST NONMON FRAUD DATE",
"fieldFormat":"DATE",
"helpText":"Date of the first nonmonetary fraudulent activity on the account."
}
,{
"fieldCode":"0110",
"fieldName":"FIRST NONMON FRAUD TIME",
"fieldFormat":"6N",
"helpText":"Time of the first nonmonetary fraudulent activity on the account."
}
,{
"fieldCode":"0111",
"fieldName":"FIRST FRAUD INQUIRY DATE",
"fieldFormat":"DATE",
"helpText":"Date of the first fraudulent inquiry on the account."
}
,{
"fieldCode":"0112",
"fieldName":"FIRST FRAUD INQUIRY TIME",
"fieldFormat":"6N",
"helpText":"Time of the first fraudulent inquiry on the account."
}
,{
"fieldCode":"0113",
"fieldName":"USER1 TITLE",
"fieldFormat":"20C",
"helpText":"User-defined field associated with title."
}
,{
"fieldCode":"0114",
"fieldName":"USER1 DATE",
"fieldFormat":"DATE",
"helpText":"User-defined field associated with date."
}
,{
"fieldCode":"0115",
"fieldName":"USER1 TIME",
"fieldFormat":"6N",
"helpText":"User-defined field associated with time."
}
,{
"fieldCode":"0116",
"fieldName":"USER2 TITLE",
"fieldFormat":"20C",
"helpText":"User-defined field associated with title."
}
,{
"fieldCode":"0117",
"fieldName":"USER2 DATE",
"fieldFormat":"DATE",
"helpText":"User-defined field associated with date."
}
,{
"fieldCode":"0118",
"fieldName":"USER2 TIME",
"fieldFormat":"6N",
"helpText":"User-defined field associated with time."
}
,{
"fieldCode":"0119",
"fieldName":"USER3 TITLE",
"fieldFormat":"20C",
"helpText":"User-defined field associated with title."
}
,{
"fieldCode":"0120",
"fieldName":"USER3 DATE",
"fieldFormat":"DATE",
"helpText":"User-defined field associated with date."
}
,{
"fieldCode":"0121",
"fieldName":"USER3 TIME",
"fieldFormat":"6N",
"helpText":"User-defined field associated with time."
}
,{
"fieldCode":"0122",
"fieldName":"USER4 TITLE",
"fieldFormat":"20C",
"helpText":"User-defined field associated with title."
}
,{
"fieldCode":"0123",
"fieldName":"USER4 DATE",
"fieldFormat":"DATE",
"helpText":"User-defined field associated with date."
}
,{
"fieldCode":"0124",
"fieldName":"USER4 TIME",
"fieldFormat":"6N",
"helpText":"User-defined field associated with time."
}
,{
"fieldCode":"0125",
"fieldName":"USER5",
"fieldFormat":"60C",
"helpText":"User-defined free-form field."
}
,{
"fieldCode":"0126",
"fieldName":"USER6",
"fieldFormat":"60C",
"helpText":"User-defined free-form field."
}
],"section2":[
{
"fieldCode":"4001",
"fieldName":"BUSINESS UNIT",
"fieldFormat":"3N",
"helpText":"Identification number of the Business Unit."
}
,{
"fieldCode":"4002",
"fieldName":"CARD NUMBER",
"fieldFormat":"19C",
"helpText":"Identification number of the card."
}
,{
"fieldCode":"4003",
"fieldName":"REC NUMBER",
"fieldFormat":"4N",
"helpText":"Identification number of the record."
}
,{
"fieldCode":"0199",
"fieldName":"LAST MAINTENANCE DATE",
"fieldFormat":"DATE",
"helpText":"Date of the last maintenance. The format is DDMMCCYY."
}
,{
"fieldCode":"0127",
"fieldName":"RECORD STATUS",
"fieldFormat":"1N",
"helpText":"Field that indicates whether record is purged or active. The values are:<br/>0 = Purged record.<br/>1 = Active record."
}
,{
"fieldCode":"0198",
"fieldName":"LAST MAINTENANCE OPERATOR",
"fieldFormat":"3C",
"helpText":"Operator ID of the person responsible for last maintenance."
}
]},"sections": {
"section0":""
,
"section1":"Falcon Fraud Case History-ARF0/ARF1/ARF2-01 Falcon Fraud Case History"
,
"section2":"Falcon Fraud Case History-ARF0/ARF1/ARF2-99 Status & Activity Information"
}}
