{"data":{
"section0":[
],"section1":[
{
"fieldCode":"4003",
"fieldName":"BUSSINESS UNIT",
"fieldFormat":"3N",
"helpText":"Identification number of the business unit associated with the account. The values are 001-998."
}
,{
"fieldCode":"4004",
"fieldName":"ACCOUNT NUMBER",
"fieldFormat":"19C",
"helpText":"Identification number of the account for which you want to perform a behaviour history inquiry."
}
],"section2":[
{
"fieldCode":"4003",
"fieldName":"BUSINESS UNIT",
"fieldFormat":"3N",
"helpText":"Identification number of the business unit associated with the account number."
}
,{
"fieldCode":"4004",
"fieldName":"ACCOUNT NUMBER",
"fieldFormat":"19C",
"helpText":"Identification number of the account."
}
,{
"fieldCode":"4047",
"fieldName":"CYC DATE",
"fieldFormat":"",
"helpText":"(Appears 12 times)<br/>Date of the billing cycle."
}
,{
"fieldCode":"4050",
"fieldName":"CYC BALANCE",
"fieldFormat":"9N/2D",
"helpText":"(Appears 12 times)<br/>Total outstanding balance of the account at the time of each billing cycle."
}
,{
"fieldCode":"4051",
"fieldName":"CASH BALANCE",
"fieldFormat":"9N/2D",
"helpText":"(Appears 12 times)<br/>Total outstanding cash balance of the account at the time of each billing cycle."
}
,{
"fieldCode":"4052",
"fieldName":"TOTAL CREDIT LIMIT",
"fieldFormat":"9N/2D",
"helpText":"(Appears 12 times)<br/>Total retail credit limit of the account at the time of each billing cycle."
}
,{
"fieldCode":"4053",
"fieldName":"CASH CREDIT LIMIT",
"fieldFormat":"9N/2D",
"helpText":"(Appears 12 times)<br/>Cash credit limit of the account at the time of each billing cycle."
}
,{
"fieldCode":"4054",
"fieldName":"AMOUNT USED FOR PURCHASES",
"fieldFormat":"15N/2D",
"helpText":"(Appears 12 times)<br/>This field indicates the amount of purchase transactions posted during each billing cycle."
}
,{
"fieldCode":"4055",
"fieldName":"NUMBER OF PURCHASES",
"fieldFormat":"3N",
"helpText":"(Appears 12 times)<br/>This field indicates the number of purchase transactions posted during each billing cycle."
}
,{
"fieldCode":"4056",
"fieldName":"CASH AMOUNT ADV",
"fieldFormat":"15N/2D",
"helpText":"(Appears 12 times)<br/>This field indicates the total amount of cash advances posted during each billing cycle."
}
,{
"fieldCode":"4057",
"fieldName":"NUMBER OF CASH ADVANCES",
"fieldFormat":"3N",
"helpText":"(Appears 12 times)<br/>This field indicates the number of cash advances posted during each billing cycle."
}
,{
"fieldCode":"4058",
"fieldName":"BALANCE TRANSFER AMOUNT",
"fieldFormat":"15N/2D",
"helpText":"(Appears 12 times)<br/>This field indicates the total amount of balance transfers during each billing cycle."
}
,{
"fieldCode":"4059",
"fieldName":"BALANCE TRANSFER NUMBER",
"fieldFormat":"3N",
"helpText":"(Appears 12 times)<br/>This field indicates the number of balance transfers during each billing cycle."
}
,{
"fieldCode":"4060",
"fieldName":"ACCESS CHECKS AMOUNT",
"fieldFormat":"15N/2D",
"helpText":"(Appears 12 times)<br/>This field indicates the total amount of access checks during each billing cycle."
}
,{
"fieldCode":"4061",
"fieldName":"ACCESS CHECKS NUMBER",
"fieldFormat":"3N",
"helpText":"(Appears 12 times)<br/>This field indicates the number of access checks during each billing cycle."
}
,{
"fieldCode":"4062",
"fieldName":"PAYMENT AMOUNT",
"fieldFormat":"15N/2D",
"helpText":"(Appears 12 times)<br/>This field indicates the total amount of payment transactions posted during each billing cycle."
}
,{
"fieldCode":"4063",
"fieldName":"PAYMENT NUMBER",
"fieldFormat":"3N",
"helpText":"(Appears 12 times)<br/>This field indicates number of payment transactions posted during each billing cycle."
}
,{
"fieldCode":"4064",
"fieldName":"RETURNED AMOUNT",
"fieldFormat":"15N/2D",
"helpText":"(Appears 12 times)<br/>This field indicates the total amount of return transactions posted during each billing cycle."
}
,{
"fieldCode":"4065",
"fieldName":"RETURNED NUMBER",
"fieldFormat":"3N",
"helpText":"(Appears 12 times)<br/>This field indicates the number of return transactions posted during each billing cycle."
}
,{
"fieldCode":"4066",
"fieldName":"NSF CHECK AMOUNT",
"fieldFormat":"15N/2D",
"helpText":"(Appears 12 times)<br/>This field indicates the total amount of payment reversals for non-sufficient funds (NSF) posted during each billing cycle.<br/>A purchase transaction posted to a cash credit plan (PLAN TYPE on Credit Plans 01-Credit Plan Specification is C) will be listed as a cash advance. Purchase transactions are associated with logic module 001 (purchased merchandise)."
}
,{
"fieldCode":"4067",
"fieldName":"NSF CHECK NUMBER",
"fieldFormat":"3N",
"helpText":"(Appears 12 times)<br/>This field indicates the number of payment reversals for non-sufficient funds (NSF) posted during each billing cycle."
}
,{
"fieldCode":"4068",
"fieldName":"TOTAL AMOUNT DUE",
"fieldFormat":"9N/2D",
"helpText":"(Appears 12 times)<br/>Total amount due on the account at the time of each billing cycle."
}
,{
"fieldCode":"4069",
"fieldName":"AMOUNT PAST DUE",
"fieldFormat":"9N/2D",
"helpText":"(Appears 12 times)<br/>Total amount past due on the account at the time of each billing cycle."
}
,{
"fieldCode":"4070",
"fieldName":"CTD SVC CHARGE",
"fieldFormat":"15N/2D",
"helpText":"(Appears 12 times)<br/>Cycle-to-date service charges assessed during each billing cycle."
}
,{
"fieldCode":"4071",
"fieldName":"CTD LATE FEES AMT",
"fieldFormat":"15N/2D",
"helpText":"(Appears 12 times)<br/>This field indicates the total amount of cycle-to-date late fees assessed during each billing cycle."
}
,{
"fieldCode":"4072",
"fieldName":"CTD LATE FEE NUMBER",
"fieldFormat":"3N",
"helpText":"(Appears 12 times)<br/>This field indicates the number of cycle-to-date late fees assessed during each billing cycle."
}
,{
"fieldCode":"4073",
"fieldName":"NSF FEE AMOUNT",
"fieldFormat":"17N",
"helpText":"This field indicates the total amount of NSF fees posted during each billing cycle."
}
,{
"fieldCode":"4074",
"fieldName":"MEMBERSHIP FEE AMOUNT",
"fieldFormat":"17N",
"helpText":"This field indicates the total amount of membership fees posted during each billing cycle."
}
,{
"fieldCode":"4075",
"fieldName":"COLLATERAL FEE AMOUNT",
"fieldFormat":"17N",
"helpText":"This field indicates the total amount of collection fees posted during each billing cycle."
}
,{
"fieldCode":"4076",
"fieldName":"RECOVERY FEE AMOUNT",
"fieldFormat":"17N",
"helpText":"This field indicates the total amount of recovery fees posted during each billing cycle."
}
,{
"fieldCode":"4077",
"fieldName":"INSURANCE PREMIUM AMOUNT",
"fieldFormat":"17N",
"helpText":"This field indicates the total amount of insurance premiums posted during each billing cycle."
}
,{
"fieldCode":"4078",
"fieldName":"CTD OVLM FEES",
"fieldFormat":"15N/2D",
"helpText":"(Appears 12 times)<br/>Cycle-to-date overlimit fees assessed during each billing cycle."
}
,{
"fieldCode":"4079",
"fieldName":"CYCLE DUE",
"fieldFormat":"1N",
"helpText":"(Appears 12 times)<br/>Cycle due code at the time of each billing cycle. The cycle due code identifies the number of billing cycles for which a payment is due and indicates the level of contractual delinquency. The values are:<br/>0	=	No amount due<br/>1	=	Current amount due; not past due<br/>2	=	Amount past due 1-29 days (or X days)<br/>3	=	Amount past due 30-59 days<br/>4	=	Amount past due 60-89 days<br/>5	=	Amount past due 90-119 days<br/>6	=	Amount past due 120-149 days<br/>7	=	Amount past due 150-179 days<br/>8	=	Amount past due 180-209 days<br/>9	=	Amount past due 210 or more days."
}
,{
"fieldCode":"4080",
"fieldName":"RECENCY DUE",
"fieldFormat":"1N",
"helpText":"(Appears 12 times)<br/>Recency delinquency code at the time of each billing cycle. The recency code identifies the number of billing cycles since CMS posted the last qualified payment and indicates the level of recency delinquency for the account. The values are 0-9."
}
,{
"fieldCode":"4081",
"fieldName":"CTD FINANCE CHARGE",
"fieldFormat":"15N/2D",
"helpText":"(Appears 12 times)<br/>Cycle-to-date finance charges assessed during each billing cycle."
}
,{
"fieldCode":"4083",
"fieldName":"USER FEE 1 AMOUNT",
"fieldFormat":"15N/2D",
"helpText":"(Appears 12 times)<br/>Amount of cycle-to-date user fees assessed during each billing cycle. You can customize these field names in the Organization Record (USER FEE 1 on Business Units->19-User Defined Fields)."
}
,{
"fieldCode":"4084",
"fieldName":"USER FEE 2 AMOUNT",
"fieldFormat":"15N/2D",
"helpText":"(Appears 12 times)<br/>Amount of cycle-to-date user fees assessed during each billing cycle. You can customize these field names in the Organization Record (USER FEE 2 on Business Units->19-User Defined Fields)."
}
,{
"fieldCode":"4085",
"fieldName":"USER FEE 3 AMOUNT",
"fieldFormat":"15N/2D",
"helpText":"(Appears 12 times)<br/>Amount of cycle-to-date user fees assessed during each billing cycle. You can customize these field names in the Organization Record (USER FEE 3 on Business Units->19-User Defined Fields)."
}
,{
"fieldCode":"4086",
"fieldName":"USER FEE 4 AMOUNT",
"fieldFormat":"15N/2D",
"helpText":"(Appears 12 times)<br/>Amount of cycle-to-date user fees assessed during each billing cycle. You can customize these field names in the Organization Record (USER FEE 4 on Business Units->19-User Defined Fields)."
}
,{
"fieldCode":"4087",
"fieldName":"USER FEE 5 AMOUNT",
"fieldFormat":"15N/2D",
"helpText":"(Appears 12 times)<br/>Amount of cycle-to-date user fees assessed during each billing cycle. You can customize these field names in the Organization Record (USER FEE 5 on Business Units->19-User Defined Fields)."
}
,{
"fieldCode":"4088",
"fieldName":"USER FEE 6 AMOUNT",
"fieldFormat":"15N/2D",
"helpText":"(Appears 12 times)<br/>Amount of cycle-to-date user fees assessed during each billing cycle. You can customize these field names in the Organization Record (USER FEE 6 on Business Units->19-User Defined Fields)."
}
,{
"fieldCode":"4089",
"fieldName":"TAX 1 AMOUNT",
"fieldFormat":"15N/2D",
"helpText":"(Appears 12 times)<br/>Amount of cycle-to-date tax1 assessed to the account during each billing cycle."
}
,{
"fieldCode":"4090",
"fieldName":"TAX 2 AMOUNT",
"fieldFormat":"15N/2D",
"helpText":"(Appears 12 times)<br/>Amount of cycle-to-date tax2 assessed to the account during each billing cycle."
}
,{
"fieldCode":"8005",
"fieldName":"NUM AMT RETURNS",
"fieldFormat":"3N/17N",
"helpText":"Two-part field that indicates the number and total amount of return transactions posted during each billing cycle."
}
,{
"fieldCode":"8006",
"fieldName":"NUM AMT CSH AD",
"fieldFormat":"3N/17N",
"helpText":"Two-part field that indicates the number and total amount of cash advances posted during each billing cycle.<br/>Note: A purchase transaction posted to a cash credit plan (PLAN TYPE on ARMC01 is C) will be listed as a cash advance. Purchase transactions are associated with logic module 001 (purchased merchandise)."
}
,{
"fieldCode":"8007",
"fieldName":"NUM AMT NSF",
"fieldFormat":"3N/17N",
"helpText":"Two-part field that indicates the number and total amount of charges for non-sufficient funds (NSF) posted during each billing cycle."
}
,{
"fieldCode":"8008",
"fieldName":"NUM AMT BAL TRSFR",
"fieldFormat":"3N/17N",
"helpText":"Two-part field that indicates the number and total amount of balance transfers during each billing cycle."
}
,{
"fieldCode":"8009",
"fieldName":"CTD FINANCE CHRG",
"fieldFormat":"17N",
"helpText":"Cycle-to-date finance charges assessed during each billing cycle."
}
,{
"fieldCode":"8010",
"fieldName":"NUM AMT ACCESS CKS",
"fieldFormat":"3N/17N",
"helpText":"Two-part field that indicates the number and total amount of access checks during each billing cycle."
}
,{
"fieldCode":"8048",
"fieldName":"OVLM EXCL BAL",
"fieldFormat":"17N",
"helpText":"Balance amount of the overlimit exclusion plans.<br/>Note: Accumulation of account balance is performed only when the OVERLIMIT EXCL field on AZMC01is set to 1."
}
,{
"fieldCode":"5064",
"fieldName":"RETAIL BALANCE",
"fieldFormat":"17N",
"helpText":"Installment billing retail balance amount. The field represents the retail installments portion in the account current balance."
}
,{
"fieldCode":"5065",
"fieldName":"RETAIL CREDIT LIMIT",
"fieldFormat":"17N",
"helpText":"Installment billing retail credit limit."
}
,{
"fieldCode":"5066",
"fieldName":"CFIN BALANCE",
"fieldFormat":"19C",
"helpText":"This field indicates the installment billing consumer balance amount. The field represents the consumer installments portion in the account current balance."
}
,{
"fieldCode":"5067",
"fieldName":"CFIN CREDIT LIMIT",
"fieldFormat":"13N",
"helpText":"This field indicates the installment billing consumer limit. This field determines how much of the total credit limit is available for installment retail programs. The values are: <br/>0 = No installment billing consumner credit limit is allowed for this account<br/>1 = Total credit limit is available for installment billing retail programs<br/>2 = Installment billing consumer credit limit is a fixed amount or a percentage of the credit limit as defined in the (ARMY) Account Control Table. (default)<br/>3 = Account level override (IB CFIN CRLIM in ARMB05) allowed for installment billing retail credit limit."
}
],"section3":[
{
"fieldCode":"4003",
"fieldName":"BUSINESS UNIT",
"fieldFormat":"3N",
"helpText":"Identification number of the business unit associated with the account number."
}
,{
"fieldCode":"4004",
"fieldName":"ACCOUNT NUMBER",
"fieldFormat":"19C",
"helpText":"Identification number of the account."
}
,{
"fieldCode":"0236",
"fieldName":"AUTH SPENDING LIMIT TABLE",
"fieldFormat":"3C",
"helpText":"Identification number of the HCS Spending Limits table assigned to the account. This number must identify a valid table previously added using the HCS Authorization Spending Limit screens (HCMS). This field applies only to HCS-associated accounts. The table number defaults from the HCS Product Record (TRANSACTION ACCOUNT DATA: AUTH SPEND LIMIT TABLE on HCMP01) during automatic setup, or from the Account Base Segment record (AUTH SPEND LMT on ARMB02) during manual setup. This field is not open to input if the associated Relationship record does not support HCS processing (COMMERCIAL FLAG on ARGM01 must be 3). This field also exists on the Account Base Segment record; however, any changes made to the account field will not update existing Embosser records."
}
],"section4":[
{
"fieldCode":"4003",
"fieldName":"BUSINESS UNIT",
"fieldFormat":"3N",
"helpText":"Identification number of the business unit associated with the account number."
}
,{
"fieldCode":"4004",
"fieldName":"ACCOUNT NUMBER",
"fieldFormat":"19C",
"helpText":"Identification number of the account."
}
],"section5":[
{
"fieldCode":"5030",
"fieldName":"BEHAVIOR ALIGNED SCORE",
"fieldFormat":"4N",
"helpText":"(Appears 13 times)<br/>Behaviour scores that result after:<br/>1) Multiple characteristics are used to determine the risk of the account<br/>2) Alignment factors are applied to the behaviour raw score.<br/>Example: Alignment factors can include the following:<br/>  1) New on books scorecard (which is not delinquent)<br/>  2) Older account scorecard (which is not delinquent)<br/>  3) One cycle delinquent scorecard<br/>  4) Other behaviour scorecards."
}
,{
"fieldCode":"5031",
"fieldName":"BEHAVIOR RAW SCORE",
"fieldFormat":"4N",
"helpText":"(Appears 13 times)<br/>Sum of the weights for all characteristics of the behaviour scorecard."
}
,{
"fieldCode":"5032",
"fieldName":"BEHAVIOR SCORE ID",
"fieldFormat":"4N",
"helpText":"(Appears 13 times)<br/>Number of the behaviour scorecard used by TRIAD."
}
,{
"fieldCode":"5033",
"fieldName":"PAY PROJ ALIGNED SCORE",
"fieldFormat":"4N",
"helpText":"(Appears 13 times)<br/>Payment projection scores that result after:<br/>1) Multiple characteristics are used to determine the risk of the account<br/>2) Alignment factors are applied to the payment projection raw score.<br/>Example: Alignment factors can include the following:<br/>  1) New on books scorecard (which is not delinquent)<br/>  2) Older account scorecard (which is not delinquent)<br/>  3) One cycle delinquent scorecard<br/>  4) Other behaviour scorecards.<br/>These factors are applied to the payment projection raw score and then aligned into one score called the payment projection aligned score."
}
,{
"fieldCode":"5034",
"fieldName":"PAY PROJ RAW SCORE",
"fieldFormat":"4N",
"helpText":"(Appears 13 times)<br/>Sum of the weights for all characteristics of the payment projection scorecard."
}
,{
"fieldCode":"5035",
"fieldName":"PAY PROJ SCORE ID",
"fieldFormat":"4N",
"helpText":"(Appears 13 times)<br/>Number of the payment projection scorecard used by TRIAD."
}
,{
"fieldCode":"5036",
"fieldName":"ALIGNED SCORE-3",
"fieldFormat":"4N",
"helpText":"(Appears 13 times)<br/>Behaviour scores that result after:<br/>1) Multiple characteristics are used to determine the risk of the account<br/>2) Alignment factors are applied to the raw score.<br/>These factors are applied to raw score and then aligned into one score called the aligned score."
}
,{
"fieldCode":"5037",
"fieldName":"RAW SCORE-3",
"fieldFormat":"4N",
"helpText":"(Appears 13 times)<br/>Sum of the weights for all characteristics for the respective scorecard used by Decision System (DS)."
}
,{
"fieldCode":"5038",
"fieldName":"SCORE CARD ID-3",
"fieldFormat":"4N",
"helpText":"(Appears 13 times)<br/>Number of the scorecard used by TRIAD."
}
,{
"fieldCode":"5039",
"fieldName":"ALIGNED SCORE-4",
"fieldFormat":"4N",
"helpText":"(Appears 13 times)<br/>Behaviour scores that result after:<br/>1) Multiple characteristics are used to determine the risk of the account<br/>2) Alignment factors are applied to the raw score.<br/>These factors are applied to raw score and then aligned into one score called the aligned score."
}
,{
"fieldCode":"5040",
"fieldName":"RAW SCORE-4",
"fieldFormat":"4N",
"helpText":"(Appears 13 times)<br/>Sum of the weights for all characteristics for the respective scorecard used by Decision System (DS)."
}
,{
"fieldCode":"5041",
"fieldName":"SCORE CARD ID-4",
"fieldFormat":"4N",
"helpText":"(Appears 13 times)<br/>Number of the scorecard used by TRIAD."
}
,{
"fieldCode":"5042",
"fieldName":"ALIGNED SCORE-5",
"fieldFormat":"4N",
"helpText":"(Appears 13 times)<br/>Behaviour scores that result after:<br/>1) Multiple characteristics are used to determine the risk of the account<br/>2) Alignment factors are applied to the raw score.<br/>These factors are applied to raw score and then aligned into one score called the aligned score."
}
,{
"fieldCode":"5043",
"fieldName":"RAW SCORE-5",
"fieldFormat":"4N",
"helpText":"(Appears 13 times)<br/>Sum of the weights for all characteristics for the respective scorecard used by Decision System (DS)."
}
,{
"fieldCode":"5044",
"fieldName":"SCORE CARD ID-5",
"fieldFormat":"4N",
"helpText":"(Appears 13 times)<br/>Number of the scorecard used by TRIAD."
}
,{
"fieldCode":"5045",
"fieldName":"ALIGNED SCORE-6",
"fieldFormat":"4N",
"helpText":"(Appears 13 times)<br/>Behaviour scores that result after:<br/>1) Multiple characteristics are used to determine the risk of the account<br/>2) Alignment factors are applied to the raw score.<br/>These factors are applied to raw score and then aligned into one score called the aligned score."
}
,{
"fieldCode":"5046",
"fieldName":"RAW SCORE-6",
"fieldFormat":"4N",
"helpText":"(Appears 13 times)<br/>Sum of the weights for all characteristics for the respective scorecard used by Decision System (DS)."
}
,{
"fieldCode":"5047",
"fieldName":"SCORE CARD ID-6",
"fieldFormat":"4N",
"helpText":"(Appears 13 times)<br/>Number of the scorecard used by TRIAD."
}
,{
"fieldCode":"5048",
"fieldName":"ALIGNED SCORE-7",
"fieldFormat":"4N",
"helpText":"(Appears 13 times)<br/>Behaviour scores that result after:<br/>1) Multiple characteristics are used to determine the risk of the account<br/>2) Alignment factors are applied to the raw score.<br/>These factors are applied to raw score and then aligned into one score called the aligned score."
}
,{
"fieldCode":"5049",
"fieldName":"RAW SCORE-7",
"fieldFormat":"4N",
"helpText":"(Appears 13 times)<br/>Sum of the weights for all characteristics for the respective scorecard used by Decision System (DS)."
}
,{
"fieldCode":"5050",
"fieldName":"SCORE CARD ID-7",
"fieldFormat":"4N",
"helpText":"(Appears 13 times)<br/>Number of the scorecard used by TRIAD."
}
,{
"fieldCode":"5051",
"fieldName":"ALIGNED SCORE-8",
"fieldFormat":"4N",
"helpText":"(Appears 13 times)<br/>Behaviour scores that result after:<br/>1) Multiple characteristics are used to determine the risk of the account<br/>2) Alignment factors are applied to the raw score.<br/>These factors are applied to raw score and then aligned into one score called the aligned score."
}
,{
"fieldCode":"5052",
"fieldName":"RAW SCORE-8",
"fieldFormat":"4N",
"helpText":"(Appears 13 times)<br/>Sum of the weights for all characteristics for the respective scorecard used by Decision System (DS)."
}
,{
"fieldCode":"5053",
"fieldName":"SCORE CARD ID-8",
"fieldFormat":"4N",
"helpText":"(Appears 13 times)<br/>Number of the scorecard used by TRIAD."
}
,{
"fieldCode":"5054",
"fieldName":"ALIGNED SCORE-9",
"fieldFormat":"4N",
"helpText":"(Appears 13 times)<br/>Behaviour scores that result after:<br/>1) Multiple characteristics are used to determine the risk of the account<br/>2) Alignment factors are applied to the raw score.<br/>These factors are applied to raw score and then aligned into one score called the aligned score."
}
,{
"fieldCode":"5056",
"fieldName":"RAW SCORE-9",
"fieldFormat":"4N",
"helpText":"(Appears 13 times)<br/>Sum of the weights for all characteristics for the respective scorecard used by Decision System (DS)."
}
,{
"fieldCode":"5057",
"fieldName":"SCORE CARD ID-9",
"fieldFormat":"4N",
"helpText":"(Appears 13 times)<br/>Number of the scorecard used by TRIAD."
}
,{
"fieldCode":"5058",
"fieldName":"ALIGNED SCORE-10",
"fieldFormat":"4N",
"helpText":"(Appears 13 times)<br/>Behaviour scores that result after:<br/>1) Multiple characteristics are used to determine the risk of the account<br/>2) Alignment factors are applied to the raw score.<br/>These factors are applied to raw score and then aligned into one score called the aligned score."
}
,{
"fieldCode":"5059",
"fieldName":"RAW SCORE-10",
"fieldFormat":"4N",
"helpText":"(Appears 13 times)<br/>Sum of the weights for all characteristics for the respective scorecard used by Decision System (DS)."
}
,{
"fieldCode":"5060",
"fieldName":"SCORE CARD ID-10",
"fieldFormat":"4N",
"helpText":"(Appears 13 times)<br/>Number of the scorecard used by TRIAD."
}
,{
"fieldCode":"5061",
"fieldName":"ALIGNED SCORE-11",
"fieldFormat":"4N",
"helpText":"(Appears 13 times)<br/>Behaviour scores that result after:<br/>1) Multiple characteristics are used to determine the risk of the account<br/>2) Alignment factors are applied to the raw score.<br/>These factors are applied to raw score and then aligned into one score called the aligned score."
}
,{
"fieldCode":"5068",
"fieldName":"RAW SCORE-11",
"fieldFormat":"4N",
"helpText":"(Appears 13 times)<br/>Sum of the weights for all characteristics for the respective scorecard used by Decision System (DS)."
}
,{
"fieldCode":"5069",
"fieldName":"SCORE CARD ID-11",
"fieldFormat":"4N",
"helpText":"(Appears 13 times)<br/>Number of the scorecard used by TRIAD."
}
,{
"fieldCode":"5070",
"fieldName":"ALIGNED SCORE-12",
"fieldFormat":"4N",
"helpText":"(Appears 13 times)<br/>Behaviour scores that result after:<br/>1) Multiple characteristics are used to determine the risk of the account<br/>2) Alignment factors are applied to the raw score.<br/>These factors are applied to raw score and then aligned into one score called the aligned score."
}
,{
"fieldCode":"5004",
"fieldName":"RAW SCORE-12",
"fieldFormat":"4N",
"helpText":"(Appears 13 times)<br/>Sum of the weights for all characteristics for the respective scorecard used by Decision System (DS)."
}
,{
"fieldCode":"5005",
"fieldName":"SCORE CARD ID-12",
"fieldFormat":"4N",
"helpText":"(Appears 13 times)<br/>Number of the scorecard used by TRIAD."
}
,{
"fieldCode":"5006",
"fieldName":"ALIGNED SCORE-13",
"fieldFormat":"4N",
"helpText":"(Appears 13 times)<br/>Behaviour scores that result after:<br/>1) Multiple characteristics are used to determine the risk of the account<br/>2) Alignment factors are applied to the raw score.<br/>These factors are applied to raw score and then aligned into one score called the aligned score."
}
,{
"fieldCode":"5007",
"fieldName":"RAW SCORE-13",
"fieldFormat":"4N",
"helpText":"(Appears 13 times)<br/>Sum of the weights for all characteristics for the respective scorecard used by Decision System (DS)."
}
,{
"fieldCode":"5008",
"fieldName":"SCORE CARD ID-13",
"fieldFormat":"4N",
"helpText":"(Appears 13 times)<br/>Number of the scorecard used by TRIAD."
}
,{
"fieldCode":"5009",
"fieldName":"ALIGNED SCORE-14",
"fieldFormat":"4N",
"helpText":"(Appears 13 times)<br/>Behaviour scores that result after:<br/>1) Multiple characteristics are used to determine the risk of the account<br/>2) Alignment factors are applied to the raw score.<br/>These factors are applied to raw score and then aligned into one score called the aligned score."
}
,{
"fieldCode":"5010",
"fieldName":"RAW SCORE-14",
"fieldFormat":"4N",
"helpText":"(Appears 13 times)<br/>Sum of the weights for all characteristics for the respective scorecard used by Decision System (DS)."
}
,{
"fieldCode":"5011",
"fieldName":"SCORE CARD ID-14",
"fieldFormat":"4N",
"helpText":"(Appears 13 times)<br/>Number of the scorecard used by TRIAD."
}
,{
"fieldCode":"5012",
"fieldName":"ALIGNED SCORE-15",
"fieldFormat":"4N",
"helpText":"(Appears 13 times)<br/>Behaviour scores that result after:<br/>1) Multiple characteristics are used to determine the risk of the account<br/>2) Alignment factors are applied to the raw score.<br/>These factors are applied to raw score and then aligned into one score called the aligned score."
}
,{
"fieldCode":"5013",
"fieldName":"RAW SCORE-15",
"fieldFormat":"4N",
"helpText":"(Appears 13 times)<br/>Sum of the weights for all characteristics for the respective scorecard used by Decision System (DS)."
}
,{
"fieldCode":"5014",
"fieldName":"SCORE CARD ID-15",
"fieldFormat":"4N",
"helpText":"(Appears 13 times)<br/>Number of the scorecard used by TRIAD."
}
,{
"fieldCode":"5015",
"fieldName":"ALIGNED SCORE-16",
"fieldFormat":"4N",
"helpText":"(Appears 13 times)<br/>Behaviour scores that result after:<br/>1) Multiple characteristics are used to determine the risk of the account<br/>2) Alignment factors are applied to the raw score.<br/>These factors are applied to raw score and then aligned into one score called the aligned score."
}
,{
"fieldCode":"5016",
"fieldName":"RAW SCORE-16",
"fieldFormat":"4N",
"helpText":"(Appears 13 times)<br/>Sum of the weights for all characteristics for the respective scorecard used by Decision System (DS)."
}
,{
"fieldCode":"5017",
"fieldName":"SCORE CARD ID-16",
"fieldFormat":"4N",
"helpText":"(Appears 13 times)<br/>Number of the scorecard used by TRIAD."
}
,{
"fieldCode":"5018",
"fieldName":"ALIGNED SCORE-17",
"fieldFormat":"4N",
"helpText":"(Appears 13 times)<br/>Behaviour scores that result after:<br/>1) Multiple characteristics are used to determine the risk of the account<br/>2) Alignment factors are applied to the raw score.<br/>These factors are applied to raw score and then aligned into one score called the aligned score."
}
,{
"fieldCode":"5019",
"fieldName":"RAW SCORE-17",
"fieldFormat":"4N",
"helpText":"(Appears 13 times)<br/>Sum of the weights for all characteristics for the respective scorecard used by Decision System (DS)."
}
,{
"fieldCode":"5020",
"fieldName":"SCORE CARD ID-17",
"fieldFormat":"4N",
"helpText":"(Appears 13 times)<br/>Number of the scorecard used by TRIAD."
}
,{
"fieldCode":"5021",
"fieldName":"ALIGNED SCORE-18",
"fieldFormat":"4N",
"helpText":"(Appears 13 times)<br/>Behaviour scores that result after:<br/>1) Multiple characteristics are used to determine the risk of the account<br/>2) Alignment factors are applied to the raw score.<br/>These factors are applied to raw score and then aligned into one score called the aligned score."
}
,{
"fieldCode":"5022",
"fieldName":"RAW SCORE-18",
"fieldFormat":"4N",
"helpText":"(Appears 13 times)<br/>Sum of the weights for all characteristics for the respective scorecard used by Decision System (DS)."
}
,{
"fieldCode":"5023",
"fieldName":"SCORE CARD ID-18",
"fieldFormat":"4N",
"helpText":"(Appears 13 times)<br/>Number of the scorecard used by TRIAD."
}
,{
"fieldCode":"5024",
"fieldName":"ALIGNED SCORE-19",
"fieldFormat":"4N",
"helpText":"(Appears 13 times)<br/>Behaviour scores that result after:<br/>1) Multiple characteristics are used to determine the risk of the account<br/>2) Alignment factors are applied to the raw score.<br/>These factors are applied to raw score and then aligned into one score called the aligned score."
}
,{
"fieldCode":"5025",
"fieldName":"RAW SCORE-19",
"fieldFormat":"4N",
"helpText":"(Appears 13 times)<br/>Sum of the weights for all characteristics for the respective scorecard used by Decision System (DS)."
}
,{
"fieldCode":"5026",
"fieldName":"SCORE CARD ID-19",
"fieldFormat":"4N",
"helpText":"(Appears 13 times)<br/>Number of the scorecard used by TRIAD."
}
,{
"fieldCode":"5027",
"fieldName":"ALIGNED SCORE-20",
"fieldFormat":"4N",
"helpText":"(Appears 13 times)<br/>Behaviour scores that result after:<br/>1) Multiple characteristics are used to determine the risk of the account<br/>2) Alignment factors are applied to the raw score.<br/>These factors are applied to raw score and then aligned into one score called the aligned score."
}
,{
"fieldCode":"5028",
"fieldName":"RAW SCORE-20",
"fieldFormat":"4N",
"helpText":"(Appears 13 times)<br/>Sum of the weights for all characteristics for the respective scorecard used by Decision System (DS)."
}
,{
"fieldCode":"5029",
"fieldName":"SCORE CARD ID-20",
"fieldFormat":"4N",
"helpText":"(Appears 13 times)<br/>Number of the scorecard used by TRIAD."
}
,{
"fieldCode":"4301",
"fieldName":"WORST SCORE CHAR NBR-1",
"fieldFormat":"4N",
"helpText":"(Appears 13 times)<br/>Number identifying the worst scoring characteristics."
}
,{
"fieldCode":"4302",
"fieldName":"WORST SCORE CHAR NBR-1 PDIFF",
"fieldFormat":"8N",
"helpText":"(Appears 13 times)<br/>Difference between the no inform points and the actual points scored for this characteristic."
}
,{
"fieldCode":"4303",
"fieldName":"WORST SCORE CHAR NBR-2",
"fieldFormat":"4N",
"helpText":"(Appears 13 times)<br/>Number identifying the worst scoring characteristics."
}
,{
"fieldCode":"4304",
"fieldName":"WORST SCORE CHAR NBR-2 PDIFF",
"fieldFormat":"8N",
"helpText":"(Appears 13 times)<br/>Difference between the no inform points and the actual points scored for this characteristic."
}
,{
"fieldCode":"4305",
"fieldName":"WORST SCORE CHAR NBR-3",
"fieldFormat":"4N",
"helpText":"(Appears 13 times)<br/>Number identifying the worst scoring characteristics."
}
,{
"fieldCode":"4306",
"fieldName":"WORST SCORE CHAR NBR-3 PDIFF",
"fieldFormat":"8N",
"helpText":"(Appears 13 times)<br/>Difference between the no inform points and the actual points scored for this characteristic."
}
,{
"fieldCode":"4307",
"fieldName":"WORST SCORE CHAR NBR-4",
"fieldFormat":"4N",
"helpText":"(Appears 13 times)<br/>Number identifying the worst scoring characteristics."
}
,{
"fieldCode":"4308",
"fieldName":"WORST SCORE CHAR NBR-4 PDIFF",
"fieldFormat":"8N",
"helpText":"(Appears 13 times)<br/>Difference between the no inform points and the actual points scored for this characteristic."
}
],"section6":[
{
"fieldCode":"4003",
"fieldName":"BUSINESS UNIT",
"fieldFormat":"3N",
"helpText":"Identification number of the business unit associated with the account number."
}
,{
"fieldCode":"4004",
"fieldName":"ACCOUNT NUMBER",
"fieldFormat":"19C",
"helpText":"Identification number of the account."
}
],"section7":[
{
"fieldCode":"4250",
"fieldName":"SCORECARD TYPE",
"fieldFormat":"8C",
"helpText":"(Appears 10 times)<br/>Scorecard type returned from TRIAD. The names of the scorecard types may be customized by modification of copybook ARTTWS."
}
,{
"fieldCode":"4250",
"fieldName":"CHARACTER NUMBER-1",
"fieldFormat":"4N",
"helpText":"(Appears 10 times)<br/>Number identifying the four worst scoring characteristics."
}
,{
"fieldCode":"4251",
"fieldName":"WEIGHT DIFFERENCE-1",
"fieldFormat":"8N",
"helpText":"(Appears 10 times)<br/>Difference between the no inform points and the actual points scored on each characteristic."
}
,{
"fieldCode":"4252",
"fieldName":"CHARACTER NUMBER-2",
"fieldFormat":"4N",
"helpText":"(Appears 10 times)<br/>Number identifying the four worst scoring characteristics."
}
,{
"fieldCode":"4253",
"fieldName":"WEIGHT DIFFERENCE-2",
"fieldFormat":"8N",
"helpText":"(Appears 10 times)<br/>Difference between the no inform points and the actual points scored on each characteristic."
}
,{
"fieldCode":"4254",
"fieldName":"CHARACTER NUMBER-3",
"fieldFormat":"4N",
"helpText":"(Appears 10 times)<br/>Number identifying the four worst scoring characteristics."
}
,{
"fieldCode":"4255",
"fieldName":"WEIGHT DIFFERENCE-3",
"fieldFormat":"8N",
"helpText":"(Appears 10 times)<br/>Difference between the no inform points and the actual points scored on each characteristic."
}
,{
"fieldCode":"4256",
"fieldName":"CHARACTER NUMBER-4",
"fieldFormat":"4N",
"helpText":"(Appears 10 times)<br/>Number identifying the four worst scoring characteristics."
}
,{
"fieldCode":"4257",
"fieldName":"WEIGHT DIFFERENCE-4",
"fieldFormat":"8N",
"helpText":"(Appears 10 times)<br/>Difference between the no inform points and the actual points scored on each characteristic."
}
],"section8":[
{
"fieldCode":"4301",
"fieldName":"WORST SCORE CHAR NBR-1",
"fieldFormat":"4N",
"helpText":"(Appears 13 times)<br/>Number identifying the worst scoring characteristics."
}
,{
"fieldCode":"4302",
"fieldName":"WORST SCORE CHAR NBR-1 PDIFF",
"fieldFormat":"8N",
"helpText":"(Appears 13 times)<br/>Difference between the no inform points and the actual points scored for this characteristic."
}
,{
"fieldCode":"4303",
"fieldName":"WORST SCORE CHAR NBR-2",
"fieldFormat":"4N",
"helpText":"(Appears 13 times)<br/>Number identifying the worst scoring characteristics."
}
,{
"fieldCode":"4304",
"fieldName":"WORST SCORE CHAR NBR-2 PDIFF",
"fieldFormat":"8N",
"helpText":"(Appears 13 times)<br/>Difference between the no inform points and the actual points scored for this characteristic."
}
,{
"fieldCode":"4305",
"fieldName":"WORST SCORE CHAR NBR-3",
"fieldFormat":"4N",
"helpText":"(Appears 13 times)<br/>Number identifying the worst scoring characteristics."
}
,{
"fieldCode":"4306",
"fieldName":"WORST SCORE CHAR NBR-3 PDIFF",
"fieldFormat":"8N",
"helpText":"(Appears 13 times)<br/>Difference between the no inform points and the actual points scored for this characteristic."
}
,{
"fieldCode":"4307",
"fieldName":"WORST SCORE CHAR NBR-4",
"fieldFormat":"4N",
"helpText":"(Appears 13 times)<br/>Number identifying the worst scoring characteristics."
}
,{
"fieldCode":"4308",
"fieldName":"WORST SCORE CHAR NBR-4 PDIFF",
"fieldFormat":"8N",
"helpText":"(Appears 13 times)<br/>Difference between the no inform points and the actual points scored for this characteristic."
}
],"section9":[
{
"fieldCode":"4003",
"fieldName":"BUSINESS UNIT",
"fieldFormat":"3N",
"helpText":"Identification number of the business unit associated with the account number"
}
,{
"fieldCode":"4004",
"fieldName":"ACCOUNT NUMBER",
"fieldFormat":"19C",
"helpText":"Identification number of the account."
}
],"section10":[
{
"fieldCode":"4028",
"fieldName":"BUREAU SCORE DATE",
"fieldFormat":"",
"helpText":"(Appears 4 times)<br/>Date the score was calculated."
}
,{
"fieldCode":"4029",
"fieldName":"BUREAU SCORE",
"fieldFormat":"4N",
"helpText":"(Appears 4 times)<br/>Behaviour score that was calculated."
}
,{
"fieldCode":"4030",
"fieldName":"BUREAU SCORE REASONS",
"fieldFormat":"9N",
"helpText":"(Appears 4 times)<br/>Reason for the score."
}
],"section11":[
{
"fieldCode":"4031",
"fieldName":"REWARD SCORE DATE",
"fieldFormat":"",
"helpText":"(Appears 4 times)<br/>Date the score was calculated."
}
,{
"fieldCode":"4032",
"fieldName":"REWARD SCORE",
"fieldFormat":"4N",
"helpText":"(Appears 4 times)<br/>Behaviour score that was calculated."
}
,{
"fieldCode":"4033",
"fieldName":"REWARD SCORE REASONS",
"fieldFormat":"9N",
"helpText":"(Appears 4 times)<br/>Reason for the score."
}
],"section12":[
{
"fieldCode":"4034",
"fieldName":"OTHER 1 SCORE DATE",
"fieldFormat":"",
"helpText":"(Appears 4 times)<br/>Date the score was calculated."
}
,{
"fieldCode":"4035",
"fieldName":"OTHER 1 SCORE",
"fieldFormat":"4N",
"helpText":"(Appears 4 times)<br/>Behaviour score that was calculated."
}
,{
"fieldCode":"4036",
"fieldName":"OTHER 1 SCORE REASONS",
"fieldFormat":"9N",
"helpText":"(Appears 4 times)<br/>Reason for the score."
}
],"section13":[
{
"fieldCode":"4037",
"fieldName":"OTHER 2 SCORE DATE",
"fieldFormat":"",
"helpText":"(Appears 4 times)<br/>Date the score was calculated."
}
,{
"fieldCode":"4038",
"fieldName":"OTHER 2 SCORE",
"fieldFormat":"4N",
"helpText":"(Appears 4 times)<br/>Behaviour score that was calculated."
}
,{
"fieldCode":"4039",
"fieldName":"OTHER 2 SCORE REASONS",
"fieldFormat":"9N",
"helpText":"(Appears 4 times)<br/>Reason for the score."
}
],"section14":[
{
"fieldCode":"4003",
"fieldName":"BUSINESS UNIT",
"fieldFormat":"3N",
"helpText":"Identification number of the business unit associated with the account number."
}
,{
"fieldCode":"4004",
"fieldName":"ACCOUNT NUMBER",
"fieldFormat":"19C",
"helpText":"Identification number of the account."
}
,{
"fieldCode":"4018",
"fieldName":"COLLATERAL EXCLUDE INDICATOR",
"fieldFormat":"2N",
"helpText":"Code that indicates the reason the account is excluded from the collection decision area assigned by TRIAD. The values are 01-90."
}
,{
"fieldCode":"4019",
"fieldName":"COLLATERAL STRATEGY EXCLUDE INDICATOR",
"fieldFormat":"1N",
"helpText":"Code that indicates the account is excluded from the collection decision area based on exclusion parameters defined at the strategy level in TRIAD."
}
,{
"fieldCode":"4020",
"fieldName":"CREDIT LIMIT EXCLUDE INDICATOR",
"fieldFormat":"2N",
"helpText":"Code that indicates the reason the account is excluded from the credit facilities decision area assigned by TRIAD. The values are 01-90."
}
,{
"fieldCode":"4017",
"fieldName":"ACCOUNT EXCLUDE INDICATOR",
"fieldFormat":"2N",
"helpText":"Code that indicates the reason the account is excluded from TRIAD processing."
}
,{
"fieldCode":"4021",
"fieldName":"REISSUE EXCLUDE INDICATOR",
"fieldFormat":"2N",
"helpText":"Code that indicates the reason the account is excluded from the reissue decision area as determined by TRIAD. The values are 01-90. A value of 98 indicates that the account is excluded due to failure to pass all triggers, optional or required."
}
,{
"fieldCode":"4022",
"fieldName":"REPRESENTATIVE EXCLUDE INDICATOR",
"fieldFormat":"2N",
"helpText":"Code that indicates the reason the account is excluded from the performance-based pricing decision area as determined by TRIAD. The values are 01-90. A value of 98 indicates that the account is excluded due to failure to pass all triggers, optional or required."
}
],"section15":[
{
"fieldCode":"9001",
"fieldName":"SCORE 1",
"fieldFormat":"4N",
"helpText":"Current behavior score calculated by TRIAD for the account."
}
,{
"fieldCode":"9002",
"fieldName":"SCORE 2",
"fieldFormat":"4N",
"helpText":"Current behavior score calculated by TRIAD for the account."
}
,{
"fieldCode":"9003",
"fieldName":"SCORE 3",
"fieldFormat":"4N",
"helpText":"Current behavior score calculated by TRIAD for the account."
}
,{
"fieldCode":"9004",
"fieldName":"SCORE 4",
"fieldFormat":"4N",
"helpText":"Current behavior score calculated by TRIAD for the account."
}
,{
"fieldCode":"9005",
"fieldName":"SCORE 5",
"fieldFormat":"4N",
"helpText":"Current behavior score calculated by TRIAD for the account."
}
,{
"fieldCode":"9006",
"fieldName":"SCORE 6",
"fieldFormat":"4N",
"helpText":"Current behavior score calculated by TRIAD for the account."
}
,{
"fieldCode":"9007",
"fieldName":"SCORE 7",
"fieldFormat":"4N",
"helpText":"Current behavior score calculated by TRIAD for the account."
}
,{
"fieldCode":"9008",
"fieldName":"SCORE 8",
"fieldFormat":"4N",
"helpText":"Current behavior score calculated by TRIAD for the account."
}
,{
"fieldCode":"9009",
"fieldName":"SCORE 9",
"fieldFormat":"4N",
"helpText":"Current behavior score calculated by TRIAD for the account."
}
,{
"fieldCode":"9010",
"fieldName":"SCORE 10",
"fieldFormat":"4N",
"helpText":"Current behavior score calculated by TRIAD for the account."
}
,{
"fieldCode":"9011",
"fieldName":"SCORE 11",
"fieldFormat":"4N",
"helpText":"Current behavior score calculated by TRIAD for the account."
}
,{
"fieldCode":"9012",
"fieldName":"SCORE 12",
"fieldFormat":"4N",
"helpText":"Current behavior score calculated by TRIAD for the account."
}
,{
"fieldCode":"9013",
"fieldName":"SCORE 13",
"fieldFormat":"4N",
"helpText":"Current behavior score calculated by TRIAD for the account."
}
,{
"fieldCode":"9014",
"fieldName":"SCORE 14",
"fieldFormat":"4N",
"helpText":"Current behavior score calculated by TRIAD for the account."
}
,{
"fieldCode":"9015",
"fieldName":"SCORE 15",
"fieldFormat":"4N",
"helpText":"Current behavior score calculated by TRIAD for the account."
}
,{
"fieldCode":"9016",
"fieldName":"SCORE 16",
"fieldFormat":"4N",
"helpText":"Current behavior score calculated by TRIAD for the account."
}
,{
"fieldCode":"9017",
"fieldName":"SCORE 17",
"fieldFormat":"4N",
"helpText":"Current behavior score calculated by TRIAD for the account."
}
,{
"fieldCode":"9018",
"fieldName":"SCORE 18",
"fieldFormat":"4N",
"helpText":"Current behavior score calculated by TRIAD for the account."
}
,{
"fieldCode":"9019",
"fieldName":"SCORE 19",
"fieldFormat":"4N",
"helpText":"Current behavior score calculated by TRIAD for the account."
}
,{
"fieldCode":"9020",
"fieldName":"SCORE 20",
"fieldFormat":"4N",
"helpText":"Current behavior score calculated by TRIAD for the account."
}
,{
"fieldCode":"9021",
"fieldName":"SCORE 21",
"fieldFormat":"4N",
"helpText":"Current behavior score calculated by TRIAD for the account."
}
,{
"fieldCode":"9022",
"fieldName":"SCORE 22",
"fieldFormat":"4N",
"helpText":"Current behavior score calculated by TRIAD for the account."
}
,{
"fieldCode":"9023",
"fieldName":"SCORE 23",
"fieldFormat":"4N",
"helpText":"Current behavior score calculated by TRIAD for the account."
}
,{
"fieldCode":"9024",
"fieldName":"SCORE 24",
"fieldFormat":"4N",
"helpText":"Current behavior score calculated by TRIAD for the account."
}
,{
"fieldCode":"9025",
"fieldName":"SCORE 25",
"fieldFormat":"4N",
"helpText":"Current behavior score calculated by TRIAD for the account."
}
,{
"fieldCode":"9026",
"fieldName":"SCORE 26",
"fieldFormat":"4N",
"helpText":"Current behavior score calculated by TRIAD for the account."
}
,{
"fieldCode":"9027",
"fieldName":"SCORE 27",
"fieldFormat":"4N",
"helpText":"Current behavior score calculated by TRIAD for the account."
}
,{
"fieldCode":"9028",
"fieldName":"SCORE 28",
"fieldFormat":"4N",
"helpText":"Current behavior score calculated by TRIAD for the account."
}
,{
"fieldCode":"9029",
"fieldName":"SCORE 29",
"fieldFormat":"4N",
"helpText":"Current behavior score calculated by TRIAD for the account."
}
,{
"fieldCode":"9030",
"fieldName":"SCORE 30",
"fieldFormat":"4N",
"helpText":"Current behavior score calculated by TRIAD for the account."
}
,{
"fieldCode":"9031",
"fieldName":"SCORE 31",
"fieldFormat":"4N",
"helpText":"Current behavior score calculated by TRIAD for the account."
}
,{
"fieldCode":"9032",
"fieldName":"SCORE 32",
"fieldFormat":"4N",
"helpText":"Current behavior score calculated by TRIAD for the account."
}
,{
"fieldCode":"9033",
"fieldName":"SCORE 33",
"fieldFormat":"4N",
"helpText":"Current behavior score calculated by TRIAD for the account."
}
,{
"fieldCode":"9034",
"fieldName":"SCORE 34",
"fieldFormat":"4N",
"helpText":"Current behavior score calculated by TRIAD for the account."
}
,{
"fieldCode":"9035",
"fieldName":"SCORE 35",
"fieldFormat":"4N",
"helpText":"Current behavior score calculated by TRIAD for the account."
}
,{
"fieldCode":"9036",
"fieldName":"SCORE 36",
"fieldFormat":"4N",
"helpText":"Current behavior score calculated by TRIAD for the account."
}
,{
"fieldCode":"9051",
"fieldName":"USER 01",
"fieldFormat":"7C",
"helpText":"User-defined field for the behaviour history."
}
,{
"fieldCode":"9052",
"fieldName":"USER 02",
"fieldFormat":"7C",
"helpText":"User-defined field for the behaviour history."
}
,{
"fieldCode":"9053",
"fieldName":"USER 03",
"fieldFormat":"7C",
"helpText":"User-defined field for the behaviour history."
}
,{
"fieldCode":"9054",
"fieldName":"USER 04",
"fieldFormat":"7C",
"helpText":"User-defined field for the behaviour history."
}
,{
"fieldCode":"9055",
"fieldName":"USER 05",
"fieldFormat":"7C",
"helpText":"User-defined field for the behaviour history."
}
,{
"fieldCode":"9056",
"fieldName":"USER 06",
"fieldFormat":"7C",
"helpText":"User-defined field for the behaviour history."
}
,{
"fieldCode":"9057",
"fieldName":"USER 07",
"fieldFormat":"7C",
"helpText":"User-defined field for the behaviour history."
}
,{
"fieldCode":"9058",
"fieldName":"USER 08",
"fieldFormat":"7C",
"helpText":"User-defined field for the behaviour history."
}
,{
"fieldCode":"9059",
"fieldName":"USER 09",
"fieldFormat":"7C",
"helpText":"User-defined field for the behaviour history."
}
,{
"fieldCode":"9060",
"fieldName":"USER 10",
"fieldFormat":"7C",
"helpText":"User-defined field for the behaviour history."
}
,{
"fieldCode":"9061",
"fieldName":"USER 11",
"fieldFormat":"7C",
"helpText":"User-defined field for the behaviour history."
}
,{
"fieldCode":"9062",
"fieldName":"USER 12",
"fieldFormat":"7C",
"helpText":"User-defined field for the behaviour history."
}
,{
"fieldCode":"9063",
"fieldName":"USER 13",
"fieldFormat":"7C",
"helpText":"User-defined field for the behaviour history."
}
,{
"fieldCode":"9064",
"fieldName":"USER 14",
"fieldFormat":"7C",
"helpText":"User-defined field for the behaviour history."
}
,{
"fieldCode":"9065",
"fieldName":"USER 15",
"fieldFormat":"7C",
"helpText":"User-defined field for the behaviour history."
}
,{
"fieldCode":"9066",
"fieldName":"USER 16",
"fieldFormat":"7C",
"helpText":"User-defined field for the behaviour history."
}
,{
"fieldCode":"9067",
"fieldName":"USER 17",
"fieldFormat":"7C",
"helpText":"User-defined field for the behaviour history."
}
,{
"fieldCode":"9068",
"fieldName":"USER 18",
"fieldFormat":"7C",
"helpText":"User-defined field for the behaviour history."
}
,{
"fieldCode":"9069",
"fieldName":"USER 19",
"fieldFormat":"7C",
"helpText":"User-defined field for the behaviour history."
}
,{
"fieldCode":"9070",
"fieldName":"USER 20",
"fieldFormat":"7C",
"helpText":"User-defined field for the behaviour history."
}
,{
"fieldCode":"9071",
"fieldName":"USER 21",
"fieldFormat":"7C",
"helpText":"User-defined field for the behaviour history."
}
,{
"fieldCode":"9072",
"fieldName":"USER 22",
"fieldFormat":"7C",
"helpText":"User-defined field for the behaviour history."
}
,{
"fieldCode":"9073",
"fieldName":"USER 23",
"fieldFormat":"7C",
"helpText":"User-defined field for the behaviour history."
}
,{
"fieldCode":"9074",
"fieldName":"USER 24",
"fieldFormat":"7C",
"helpText":"User-defined field for the behaviour history."
}
,{
"fieldCode":"9075",
"fieldName":"USER 25",
"fieldFormat":"7C",
"helpText":"User-defined field for the behaviour history."
}
,{
"fieldCode":"9076",
"fieldName":"USER 26",
"fieldFormat":"7C",
"helpText":"User-defined field for the behaviour history."
}
,{
"fieldCode":"9077",
"fieldName":"USER 27",
"fieldFormat":"7C",
"helpText":"User-defined field for the behaviour history."
}
,{
"fieldCode":"9078",
"fieldName":"USER 28",
"fieldFormat":"7C",
"helpText":"User-defined field for the behaviour history."
}
,{
"fieldCode":"9079",
"fieldName":"USER 29",
"fieldFormat":"7C",
"helpText":"User-defined field for the behaviour history."
}
,{
"fieldCode":"9080",
"fieldName":"USER 30",
"fieldFormat":"7C",
"helpText":"User-defined field for the behaviour history."
}
,{
"fieldCode":"9081",
"fieldName":"USER 31",
"fieldFormat":"7C",
"helpText":"User-defined field for the behaviour history."
}
,{
"fieldCode":"9082",
"fieldName":"USER 32",
"fieldFormat":"7C",
"helpText":"User-defined field for the behaviour history."
}
,{
"fieldCode":"9083",
"fieldName":"USER 33",
"fieldFormat":"7C",
"helpText":"User-defined field for the behaviour history."
}
,{
"fieldCode":"9084",
"fieldName":"USER 34",
"fieldFormat":"7C",
"helpText":"User-defined field for the behaviour history."
}
,{
"fieldCode":"9085",
"fieldName":"USER 35",
"fieldFormat":"7C",
"helpText":"User-defined field for the behaviour history."
}
,{
"fieldCode":"9086",
"fieldName":"USER 36",
"fieldFormat":"7C",
"helpText":"User-defined field for the behaviour history."
}
,{
"fieldCode":"9087",
"fieldName":"USER 37",
"fieldFormat":"7C",
"helpText":"User-defined field for the behaviour history."
}
,{
"fieldCode":"9088",
"fieldName":"USER 38",
"fieldFormat":"7C",
"helpText":"User-defined field for the behaviour history."
}
,{
"fieldCode":"9089",
"fieldName":"USER 39",
"fieldFormat":"7C",
"helpText":"User-defined field for the behaviour history."
}
,{
"fieldCode":"9090",
"fieldName":"USER 40",
"fieldFormat":"7C",
"helpText":"User-defined field for the behaviour history."
}
,{
"fieldCode":"9091",
"fieldName":"USER 41",
"fieldFormat":"7C",
"helpText":"User-defined field for the behaviour history."
}
,{
"fieldCode":"9092",
"fieldName":"USER 42",
"fieldFormat":"7C",
"helpText":"User-defined field for the behaviour history."
}
,{
"fieldCode":"9093",
"fieldName":"USER 43",
"fieldFormat":"7C",
"helpText":"User-defined field for the behaviour history."
}
,{
"fieldCode":"9094",
"fieldName":"USER 44",
"fieldFormat":"7C",
"helpText":"User-defined field for the behaviour history."
}
,{
"fieldCode":"9095",
"fieldName":"USER 45",
"fieldFormat":"7C",
"helpText":"User-defined field for the behaviour history."
}
,{
"fieldCode":"9096",
"fieldName":"USER 46",
"fieldFormat":"7C",
"helpText":"User-defined field for the behaviour history."
}
,{
"fieldCode":"9097",
"fieldName":"USER 47",
"fieldFormat":"7C",
"helpText":"User-defined field for the behaviour history."
}
,{
"fieldCode":"9098",
"fieldName":"USER 48",
"fieldFormat":"7C",
"helpText":"User-defined field for the behaviour history."
}
,{
"fieldCode":"9099",
"fieldName":"USER 49",
"fieldFormat":"7C",
"helpText":"User-defined field for the behaviour history."
}
],"section16":[
{
"fieldCode":"4003",
"fieldName":"BUSINESS UNIT",
"fieldFormat":"3N",
"helpText":"Identification number of the business unit associated with the account number."
}
,{
"fieldCode":"4004",
"fieldName":"ACCOUNT NUMBER",
"fieldFormat":"19C",
"helpText":"Identification number of the account."
}
,{
"fieldCode":"8012",
"fieldName":"SCORE 1",
"fieldFormat":"3N",
"helpText":"This field reflects the behavior score of the billing cycle."
}
,{
"fieldCode":"8013",
"fieldName":"SCORE 2",
"fieldFormat":"3N",
"helpText":"This field reflects the behavior score of the billing cycle."
}
,{
"fieldCode":"8014",
"fieldName":"SCORE 3",
"fieldFormat":"3N",
"helpText":"This field reflects the behavior score of the billing cycle."
}
,{
"fieldCode":"8015",
"fieldName":"SCORE 4",
"fieldFormat":"3N",
"helpText":"This field reflects the behavior score of the billing cycle."
}
,{
"fieldCode":"8016",
"fieldName":"SCORE 5",
"fieldFormat":"3N",
"helpText":"This field reflects the behavior score of the billing cycle."
}
,{
"fieldCode":"8017",
"fieldName":"SCORE 6",
"fieldFormat":"3N",
"helpText":"This field reflects the behavior score of the billing cycle."
}
,{
"fieldCode":"8018",
"fieldName":"SCORE 7",
"fieldFormat":"3N",
"helpText":"This field reflects the behavior score of the billing cycle."
}
,{
"fieldCode":"8019",
"fieldName":"SCORE 8",
"fieldFormat":"3N",
"helpText":"This field reflects the behavior score of the billing cycle."
}
,{
"fieldCode":"8020",
"fieldName":"SCORE 9",
"fieldFormat":"3N",
"helpText":"This field reflects the behavior score of the billing cycle."
}
,{
"fieldCode":"8021",
"fieldName":"SCORE 10",
"fieldFormat":"3N",
"helpText":"This field reflects the behavior score of the billing cycle."
}
,{
"fieldCode":"8022",
"fieldName":"SCORE 11",
"fieldFormat":"3N",
"helpText":"This field reflects the behavior score of the billing cycle."
}
,{
"fieldCode":"8023",
"fieldName":"SCORE 12",
"fieldFormat":"3N",
"helpText":"This field reflects the behavior score of the billing cycle."
}
,{
"fieldCode":"8024",
"fieldName":"SCORE 13",
"fieldFormat":"3N",
"helpText":"This field reflects the behavior score of the billing cycle."
}
,{
"fieldCode":"8025",
"fieldName":"SCORE 14",
"fieldFormat":"3N",
"helpText":"This field reflects the behavior score of the billing cycle."
}
,{
"fieldCode":"8026",
"fieldName":"SCORE 15",
"fieldFormat":"3N",
"helpText":"This field reflects the behavior score of the billing cycle."
}
,{
"fieldCode":"8027",
"fieldName":"SCORE 16",
"fieldFormat":"3N",
"helpText":"This field reflects the behavior score of the billing cycle."
}
,{
"fieldCode":"8028",
"fieldName":"SCORE 17",
"fieldFormat":"3N",
"helpText":"This field reflects the behavior score of the billing cycle."
}
,{
"fieldCode":"8029",
"fieldName":"SCORE 18",
"fieldFormat":"3N",
"helpText":"This field reflects the behavior score of the billing cycle."
}
,{
"fieldCode":"8030",
"fieldName":"SCORE 19",
"fieldFormat":"3N",
"helpText":"This field reflects the behavior score of the billing cycle."
}
,{
"fieldCode":"8031",
"fieldName":"SCORE 20",
"fieldFormat":"3N",
"helpText":"This field reflects the behavior score of the billing cycle."
}
,{
"fieldCode":"8032",
"fieldName":"SCORE 21",
"fieldFormat":"3N",
"helpText":"This field reflects the behavior score of the billing cycle."
}
,{
"fieldCode":"8033",
"fieldName":"SCORE 22",
"fieldFormat":"3N",
"helpText":"This field reflects the behavior score of the billing cycle."
}
,{
"fieldCode":"8034",
"fieldName":"SCORE 23",
"fieldFormat":"3N",
"helpText":"This field reflects the behavior score of the billing cycle."
}
,{
"fieldCode":"8035",
"fieldName":"SCORE 24",
"fieldFormat":"3N",
"helpText":"This field reflects the behavior score of the billing cycle."
}
,{
"fieldCode":"8036",
"fieldName":"SCORE 25",
"fieldFormat":"3N",
"helpText":"This field reflects the behavior score of the billing cycle."
}
,{
"fieldCode":"8037",
"fieldName":"SCORE 26",
"fieldFormat":"3N",
"helpText":"This field reflects the behavior score of the billing cycle."
}
,{
"fieldCode":"8038",
"fieldName":"SCORE 27",
"fieldFormat":"3N",
"helpText":"This field reflects the behavior score of the billing cycle."
}
,{
"fieldCode":"8039",
"fieldName":"SCORE 28",
"fieldFormat":"3N",
"helpText":"This field reflects the behavior score of the billing cycle."
}
,{
"fieldCode":"8040",
"fieldName":"SCORE 29",
"fieldFormat":"3N",
"helpText":"This field reflects the behavior score of the billing cycle."
}
,{
"fieldCode":"8041",
"fieldName":"SCORE 30",
"fieldFormat":"3N",
"helpText":"This field reflects the behavior score of the billing cycle."
}
,{
"fieldCode":"8042",
"fieldName":"SCORE 31",
"fieldFormat":"3N",
"helpText":"This field reflects the behavior score of the billing cycle."
}
,{
"fieldCode":"8043",
"fieldName":"SCORE 32",
"fieldFormat":"3N",
"helpText":"This field reflects the behavior score of the billing cycle."
}
,{
"fieldCode":"8044",
"fieldName":"SCORE 33",
"fieldFormat":"3N",
"helpText":"This field reflects the behavior score of the billing cycle."
}
,{
"fieldCode":"8045",
"fieldName":"SCORE 34",
"fieldFormat":"3N",
"helpText":"This field reflects the behavior score of the billing cycle."
}
,{
"fieldCode":"8046",
"fieldName":"SCORE 35",
"fieldFormat":"3N",
"helpText":"This field reflects the behavior score of the billing cycle."
}
,{
"fieldCode":"8047",
"fieldName":"SCORE 36",
"fieldFormat":"3N",
"helpText":"This field reflects the behavior score of the billing cycle."
}
,{
"fieldCode":"8050",
"fieldName":"USER 01",
"fieldFormat":"7C",
"helpText":"User-defined field for the behaviour history."
}
,{
"fieldCode":"8051",
"fieldName":"USER 02",
"fieldFormat":"7C",
"helpText":"User-defined field for the behaviour history."
}
,{
"fieldCode":"8052",
"fieldName":"USER 03",
"fieldFormat":"7C",
"helpText":"User-defined field for the behaviour history."
}
,{
"fieldCode":"8053",
"fieldName":"USER 04",
"fieldFormat":"7C",
"helpText":"User-defined field for the behaviour history."
}
,{
"fieldCode":"8054",
"fieldName":"USER 05",
"fieldFormat":"7C",
"helpText":"User-defined field for the behaviour history."
}
,{
"fieldCode":"8055",
"fieldName":"USER 06",
"fieldFormat":"7C",
"helpText":"User-defined field for the behaviour history."
}
,{
"fieldCode":"8056",
"fieldName":"USER 07",
"fieldFormat":"7C",
"helpText":"User-defined field for the behaviour history."
}
,{
"fieldCode":"8057",
"fieldName":"USER 08",
"fieldFormat":"7C",
"helpText":"User-defined field for the behaviour history."
}
,{
"fieldCode":"8058",
"fieldName":"USER 09",
"fieldFormat":"7C",
"helpText":"User-defined field for the behaviour history."
}
,{
"fieldCode":"8059",
"fieldName":"USER 10",
"fieldFormat":"7C",
"helpText":"User-defined field for the behaviour history."
}
,{
"fieldCode":"8060",
"fieldName":"USER 11",
"fieldFormat":"7C",
"helpText":"User-defined field for the behaviour history."
}
,{
"fieldCode":"8061",
"fieldName":"USER 12",
"fieldFormat":"7C",
"helpText":"User-defined field for the behaviour history."
}
,{
"fieldCode":"8062",
"fieldName":"USER 13",
"fieldFormat":"7C",
"helpText":"User-defined field for the behaviour history."
}
,{
"fieldCode":"8063",
"fieldName":"USER 14",
"fieldFormat":"7C",
"helpText":"User-defined field for the behaviour history."
}
,{
"fieldCode":"8064",
"fieldName":"USER 15",
"fieldFormat":"7C",
"helpText":"User-defined field for the behaviour history."
}
,{
"fieldCode":"8065",
"fieldName":"USER 16",
"fieldFormat":"7C",
"helpText":"User-defined field for the behaviour history."
}
,{
"fieldCode":"8066",
"fieldName":"USER 17",
"fieldFormat":"7C",
"helpText":"User-defined field for the behaviour history."
}
,{
"fieldCode":"8067",
"fieldName":"USER 18",
"fieldFormat":"7C",
"helpText":"User-defined field for the behaviour history."
}
,{
"fieldCode":"8068",
"fieldName":"USER 19",
"fieldFormat":"7C",
"helpText":"User-defined field for the behaviour history."
}
,{
"fieldCode":"8069",
"fieldName":"USER 20",
"fieldFormat":"7C",
"helpText":"User-defined field for the behaviour history."
}
,{
"fieldCode":"8070",
"fieldName":"USER 21",
"fieldFormat":"7C",
"helpText":"User-defined field for the behaviour history."
}
,{
"fieldCode":"8071",
"fieldName":"USER 22",
"fieldFormat":"7C",
"helpText":"User-defined field for the behaviour history."
}
,{
"fieldCode":"8072",
"fieldName":"USER 23",
"fieldFormat":"7C",
"helpText":"User-defined field for the behaviour history."
}
,{
"fieldCode":"8073",
"fieldName":"USER 24",
"fieldFormat":"7C",
"helpText":"User-defined field for the behaviour history."
}
,{
"fieldCode":"8074",
"fieldName":"USER 25",
"fieldFormat":"7C",
"helpText":"User-defined field for the behaviour history."
}
,{
"fieldCode":"8075",
"fieldName":"USER 26",
"fieldFormat":"7C",
"helpText":"User-defined field for the behaviour history."
}
,{
"fieldCode":"8076",
"fieldName":"USER 27",
"fieldFormat":"7C",
"helpText":"User-defined field for the behaviour history."
}
,{
"fieldCode":"8077",
"fieldName":"USER 28",
"fieldFormat":"7C",
"helpText":"User-defined field for the behaviour history."
}
,{
"fieldCode":"8078",
"fieldName":"USER 29",
"fieldFormat":"7C",
"helpText":"User-defined field for the behaviour history."
}
,{
"fieldCode":"8079",
"fieldName":"USER 30",
"fieldFormat":"7C",
"helpText":"User-defined field for the behaviour history."
}
,{
"fieldCode":"8080",
"fieldName":"USER 31",
"fieldFormat":"7C",
"helpText":"User-defined field for the behaviour history."
}
,{
"fieldCode":"8081",
"fieldName":"USER 32",
"fieldFormat":"7C",
"helpText":"User-defined field for the behaviour history."
}
,{
"fieldCode":"8082",
"fieldName":"USER 33",
"fieldFormat":"7C",
"helpText":"User-defined field for the behaviour history."
}
,{
"fieldCode":"8083",
"fieldName":"USER 34",
"fieldFormat":"7C",
"helpText":"User-defined field for the behaviour history."
}
,{
"fieldCode":"8084",
"fieldName":"USER 35",
"fieldFormat":"7C",
"helpText":"User-defined field for the behaviour history."
}
,{
"fieldCode":"8085",
"fieldName":"USER 36",
"fieldFormat":"7C",
"helpText":"User-defined field for the behaviour history."
}
,{
"fieldCode":"8086",
"fieldName":"USER 37",
"fieldFormat":"7C",
"helpText":"User-defined field for the behaviour history."
}
,{
"fieldCode":"8087",
"fieldName":"USER 38",
"fieldFormat":"7C",
"helpText":"User-defined field for the behaviour history."
}
,{
"fieldCode":"8088",
"fieldName":"USER 39",
"fieldFormat":"7C",
"helpText":"User-defined field for the behaviour history."
}
,{
"fieldCode":"8089",
"fieldName":"USER 40",
"fieldFormat":"7C",
"helpText":"User-defined field for the behaviour history."
}
,{
"fieldCode":"8090",
"fieldName":"USER 41",
"fieldFormat":"7C",
"helpText":"User-defined field for the behaviour history."
}
,{
"fieldCode":"8091",
"fieldName":"USER 42",
"fieldFormat":"7C",
"helpText":"User-defined field for the behaviour history."
}
,{
"fieldCode":"8092",
"fieldName":"USER 43",
"fieldFormat":"7C",
"helpText":"User-defined field for the behaviour history."
}
,{
"fieldCode":"8093",
"fieldName":"USER 44",
"fieldFormat":"7C",
"helpText":"User-defined field for the behaviour history."
}
,{
"fieldCode":"8094",
"fieldName":"USER 45",
"fieldFormat":"7C",
"helpText":"User-defined field for the behaviour history."
}
,{
"fieldCode":"8095",
"fieldName":"USER 46",
"fieldFormat":"7C",
"helpText":"User-defined field for the behaviour history."
}
,{
"fieldCode":"8096",
"fieldName":"USER 47",
"fieldFormat":"7C",
"helpText":"User-defined field for the behaviour history."
}
,{
"fieldCode":"8097",
"fieldName":"USER 48",
"fieldFormat":"7C",
"helpText":"User-defined field for the behaviour history."
}
,{
"fieldCode":"8098",
"fieldName":"USER 49",
"fieldFormat":"7C",
"helpText":"User-defined field for the behaviour history."
}
,{
"fieldCode":"8099",
"fieldName":"USER 50",
"fieldFormat":"7C",
"helpText":"User-defined field for the behaviour history."
}
],"section17":[
{
"fieldCode":"4003",
"fieldName":"BUSINESS UNIT",
"fieldFormat":"3N",
"helpText":"Identification number of the business unit associated with the account number."
}
,{
"fieldCode":"4004",
"fieldName":"ACCOUNT NUMBER",
"fieldFormat":"19C",
"helpText":"Identification number of the account."
}
,{
"fieldCode":"0793",
"fieldName":"REPR REASON",
"fieldFormat":"2N",
"helpText":"Field that indicates the repricing reason code assigned by TRIAD."
}
,{
"fieldCode":"0796",
"fieldName":"RECUR STATEMENT MESSAGE",
"fieldFormat":"3N",
"helpText":"Recurring statement message ID assigned by TRIAD. Position 1 indicates the statement message version number. Positions 2 and 3 indicate the statement message ID."
}
],"section18":[
{
"fieldCode":"4003",
"fieldName":"BUSINESS UNIT",
"fieldFormat":"3N",
"helpText":"Identification number of the business unit associated with this account number."
}
,{
"fieldCode":"4004",
"fieldName":"ACCOUNT NUMBER",
"fieldFormat":"19C",
"helpText":"Identification number of the account."
}
,{
"fieldCode":"4497",
"fieldName":"UPPER CREDIT LIMIT THOLD",
"fieldFormat":"3N",
"helpText":"Highest threshold limit for credit line utilization set by TRIAD. If the percentage of the credit limit used exceeds this threshold limit, CMS calls the TRIAD profile decision area."
}
,{
"fieldCode":"4498",
"fieldName":"LOWER CREDIT LIMIT THOLD",
"fieldFormat":"3N",
"helpText":"Lowest threshold limit for credit line utilization set by TRIAD. If the percentage of the credit limit used goes below this threshold limit, CMS calls the TRIAD profile decision area."
}
,{
"fieldCode":"4499",
"fieldName":"UPPER CREDITS SCORETHOLD",
"fieldFormat":"3N",
"helpText":"Highest threshold limit for a credit bureau score set by TRIAD. If the credit bureau score exceeds this threshold limit, CMS calls the TRIAD profile decision area."
}
,{
"fieldCode":"5001",
"fieldName":"LOWER CREDITS SCORETHOLD",
"fieldFormat":"3N",
"helpText":"Lowest threshold limit for a credit bureau score set by TRIAD. If the credit bureau score goes below this threshold limit, CMS calls the TRIAD profile decision area."
}
],"section19":[
{
"fieldCode":"4003",
"fieldName":"BUSINESS UNIT",
"fieldFormat":"3N",
"helpText":"Identification number of the business unit associated with this account number."
}
,{
"fieldCode":"4004",
"fieldName":"ACCOUNT NUMBER",
"fieldFormat":"19C",
"helpText":"Identification number of the account."
}
,{
"fieldCode":"9916",
"fieldName":"NEXT HCS FEE MONTH",
"fieldFormat":"3N",
"helpText":"Lowest threshold limit for a credit bureau score set by TRIAD. If the credit bureau score goes below this threshold limit, CMS calls the TRIAD profile decision area."
}
],"section20":[
{
"fieldCode":"4003",
"fieldName":"BUSINESS UNIT",
"fieldFormat":"3N",
"helpText":"Identification number of the business unit associated with this account number."
}
,{
"fieldCode":"4004",
"fieldName":"ACCOUNT NUMBER",
"fieldFormat":"19C",
"helpText":"Identification number of the account."
}
,{
"fieldCode":"4426",
"fieldName":"COLLECTIONS BLOCK CODE",
"fieldFormat":"1C",
"helpText":"Block code returned by TRIAD."
}
,{
"fieldCode":"4427",
"fieldName":"COLLECTION CLASS",
"fieldFormat":"3N",
"helpText":"Number of the collection classification to which the account is assigned."
}
,{
"fieldCode":"4428",
"fieldName":"COLLECTIONS INDICATOR",
"fieldFormat":"1N",
"helpText":"Number that indicates whether or not the account is in collections. The values are:<br/>0 = Account is not in collections<br/>1 = Account is in collections."
}
,{
"fieldCode":"4429",
"fieldName":"COLLECTIONS OUT OF ORDER TYPE",
"fieldFormat":"1N",
"helpText":"Out-of-order type for the account. The values are:<br/>0 = Not in collections<br/>1 = Dormant (not supported)<br/>2 = Overlimit<br/>3 = Delinquent<br/>4 = Delinquent and overlimit."
}
,{
"fieldCode":"4441",
"fieldName":"COLLECTIONS STRATEGY ID",
"fieldFormat":"3N",
"helpText":"Collection strategy indicator returned by TRIAD."
}
,{
"fieldCode":"4442",
"fieldName":"COLLECTIONS SCENARIO ID",
"fieldFormat":"4N",
"helpText":"Collection scenario identification returned by TRIAD. This code identifies the collection scenario under which TRIAD processed this account. Vision PLUS will not control this account."
}
,{
"fieldCode":"4443",
"fieldName":"COLLECTIONS ACTION COUNT",
"fieldFormat":"1N",
"helpText":"Number of delinquency collection actions taken this month."
}
,{
"fieldCode":"4444",
"fieldName":"COLLECTIONS CONTROL INDICATOR",
"fieldFormat":"1N",
"helpText":"Number that indicates whether the account is controlled by TRIAD for collection processing. The values are:<br/>0 = TRIAD controls the account during collection processing.<br/>1 = Vision PLUS controls the account during collection processing."
}
,{
"fieldCode":"4445",
"fieldName":"COLLECTIONS NEXT CALL",
"fieldFormat":"",
"helpText":"Date next call made to this account if in collection."
}
,{
"fieldCode":"4446",
"fieldName":"COLLECTIONS NUMBER LETTERS",
"fieldFormat":"3N",
"helpText":"Number of collection letters returned by TRIAD since the last cycle date."
}
,{
"fieldCode":"7040",
"fieldName":"REPR DATE LAST REVIEW",
"fieldFormat":"",
"helpText":"Date the account was last reviewed for performance-based pricing."
}
,{
"fieldCode":"7041",
"fieldName":"REPR SCENARIO ID",
"fieldFormat":"3N",
"helpText":"Number returned by TRIAD that indicates the TRIAD scenario number selected for this account. VisionPLUS will not control this account for repricing."
}
,{
"fieldCode":"7042",
"fieldName":"REPR STRATEGY ID",
"fieldFormat":"3N",
"helpText":"Number returned by TRIAD that identifies the repricing strategy for this account. VisionPLUS will not control this account."
}
,{
"fieldCode":"7043",
"fieldName":"REPR CONTROL INDICATOR",
"fieldFormat":"1N",
"helpText":"Number returned by TRIAD that indicates the direction of the repricing change. The values are:<br/>0 = No repricing pending<br/>1 = Reprice up pending<br/>2 = Reprice down pending."
}
,{
"fieldCode":"4467",
"fieldName":"REPR STATUS INDICATOR",
"fieldFormat":"1N",
"helpText":"This is a code that indicates the repricing status for this account. The values are:<br/>0 = Repricing is not in effect<br/>1 = Repricing up is pending<br/>2 = Repricing down is pending<br/>3 = Repricing up is in effect<br/>4 = Repricing down is in effect."
}
,{
"fieldCode":"7044",
"fieldName":"DATE LAST REPR",
"fieldFormat":"",
"helpText":"Date repricing was last completed for this account."
}
,{
"fieldCode":"7049",
"fieldName":"INTEREST RATE ADJUSTMENT",
"fieldFormat":"6N",
"helpText":"Value that indicates the interest rate adjustment for this account. The format is 9.99999."
}
,{
"fieldCode":"7051",
"fieldName":"REPR EFFECTIVE DATE",
"fieldFormat":"",
"helpText":"Date repricing takes effect for this account."
}
,{
"fieldCode":"7052",
"fieldName":"REISSUE STRATEGY ID",
"fieldFormat":"3N",
"helpText":"Reissue strategy identification returned by TRIAD."
}
,{
"fieldCode":"7053",
"fieldName":"REISSUE SCENARIO ID",
"fieldFormat":"3N",
"helpText":"Number returned by TRIAD that indicates the scenario number selected for this account. VisionPLUS will not control this account for reissue."
}
,{
"fieldCode":"7054",
"fieldName":"REISSUE CONTROL INDICATOR",
"fieldFormat":"1N",
"helpText":"Number that indicates whether the account is controlled by TRIAD for reissue processing. The values are:<br/>0 = TRIAD controls the account during reissue processing<br/>1 = VisionPLUS controls the account during reissue processing."
}
,{
"fieldCode":"7086",
"fieldName":"CREDIT LIMIT STRATEGY ID",
"fieldFormat":"3N",
"helpText":"Credit limit strategy identification returned by TRIAD."
}
,{
"fieldCode":"7087",
"fieldName":"CREDIT LIMIT SCENARIO ID",
"fieldFormat":"4N",
"helpText":"Credit limit scenario identification returned by TRIAD. This code identifies the credit limit scenario under which TRIAD processed this account."
}
,{
"fieldCode":"7088",
"fieldName":"CREDIT LIMIT CONTROL INDICATOR",
"fieldFormat":"1N",
"helpText":"Number that indicates whether the account is controlled by TRIAD during credit limits processing. The values are:<br/>0 = TRIAD controls the accounts credit limit<br/>1 = VisionPLUS controls the accounts credit limit."
}
,{
"fieldCode":"7089",
"fieldName":"CREDIT LIMIT DIGIT LOW",
"fieldFormat":"4N",
"helpText":"This field indicates the credit limit digit group which the account is allocated by TRIAD. It displays the value that indicates the lower range of the digit group."
}
,{
"fieldCode":"4484",
"fieldName":"CREDIT LIMIT DIGIT HIGH",
"fieldFormat":"4N",
"helpText":"This field that indicates the credit limit digit group which the account is allocated by TRIAD.It displays the value that indicates the highest range of the digit group."
}
,{
"fieldCode":"4433",
"fieldName":"PHONE ADDRESS INDICATOR",
"fieldFormat":"1N",
"helpText":"Code that indicates whether a value exists in the phone and/or address fields on the Customer Name/Address record. The values are:<br/>0 = Good phone; good address<br/>1 = Bad phone; good address<br/>2 = Good phone; bad address<br/>3 = Bad phone; bad address."
}
,{
"fieldCode":"4493",
"fieldName":"PRE POST DELIQUENCY",
"fieldFormat":"2N",
"helpText":"Level of the accounts contractual delinquency as of the last processing date."
}
],"section21":[
{
"fieldCode":"4003",
"fieldName":"BUSINESS UNIT",
"fieldFormat":"3N",
"helpText":"Identification number of the business unit associated with this account number."
}
,{
"fieldCode":"4004",
"fieldName":"ACCOUNT NUMBER",
"fieldFormat":"19C",
"helpText":"Identification number of the account."
}
,{
"fieldCode":"9992",
"fieldName":"LAST MCOM DATE",
"fieldFormat":"",
"helpText":"Date the last communication was sent to the cardholder as a result of a TRIAD scenario."
}
,{
"fieldCode":"9990",
"fieldName":"NUMBER OF MCOM LETTERS",
"fieldFormat":"2N",
"helpText":"Number of marketing communications letters returned by TRIAD since the last cycle date."
}
],"section22":[
{
"fieldCode":"9996",
"fieldName":"CONTROl INDICATOR",
"fieldFormat":"1N",
"helpText":"Number that indicates whether the account is controlled by TRIAD for communications processing. The values are:<br/>0 = TRIAD controls the account<br/>1 = VisionPLUS controls the account."
}
,{
"fieldCode":"9994",
"fieldName":"STRATEGY ID",
"fieldFormat":"3N",
"helpText":"Communications strategy identification returned by TRIAD."
}
,{
"fieldCode":"9993",
"fieldName":"SCENARIO ID",
"fieldFormat":"3N",
"helpText":"Communications scenario identification returned by TRIAD."
}
,{
"fieldCode":"4743",
"fieldName":"PROMO DATE",
"fieldFormat":"",
"helpText":"Date the marketing communications promotion code was applied to the account."
}
,{
"fieldCode":"9991",
"fieldName":"PROMO CODE",
"fieldFormat":"4N",
"helpText":"Code set by TRIAD that indicates the promotion in which the account should participate."
}
,{
"fieldCode":"9995",
"fieldName":"NOTIFY INDICATOR",
"fieldFormat":"1N",
"helpText":"Communications notification indicator returned by TRIAD."
}
,{
"fieldCode":"9989",
"fieldName":"EXCL INDICATOR",
"fieldFormat":"2N",
"helpText":"Code that indicates the reason the account is excluded from the marketing communication decision area as determined by TRIAD. The values are 1�90. A value of 98 indicates that the account is excluded due to a failure to pass all triggers, optional or required."
}
],"section23":[
{
"fieldCode":"4003",
"fieldName":"BUSINESS UNIT",
"fieldFormat":"3N",
"helpText":"Identification number of the business unit associated with this account number."
}
,{
"fieldCode":"4004",
"fieldName":"ACCOUNT NUMBER",
"fieldFormat":"19C",
"helpText":"Identification number of the account."
}
,{
"fieldCode":"4486",
"fieldName":"USER STRATEGY ID",
"fieldFormat":"3N",
"helpText":"User-defined strategy indicator returned by TRIAD user-defined configurable decision area."
}
,{
"fieldCode":"4487",
"fieldName":"USER SCENARIO ID",
"fieldFormat":"3N",
"helpText":"User-defined scenario indicator returned by TRIAD user-defined configurable decision area."
}
,{
"fieldCode":"4488",
"fieldName":"USER CONTROL INDICATOR",
"fieldFormat":"1N",
"helpText":"Number that indicates whether the account is controlled by TRIAD during user-defined configurable decision area processing. The values are:<br/>0 = TRIAD controls the accounts during user defined processing<br/>1 = VisionPLUS control the account during user defined processing."
}
,{
"fieldCode":"4489",
"fieldName":"USER EXCL INDICATOR",
"fieldFormat":"2N",
"helpText":"Code that indicates the reason the account is excluded from the user-defined configurable decision area assigned by TRIAD. The values are 01�90."
}
],"section24":[
{
"fieldCode":"4003",
"fieldName":"BUSINESS UNIT",
"fieldFormat":"3N",
"helpText":"Identification number of the business unit associated with this account number."
}
,{
"fieldCode":"4004",
"fieldName":"ACCOUNT NUMBER",
"fieldFormat":"19C",
"helpText":"Identification number of the account."
}
,{
"fieldCode":"0199",
"fieldName":"LAST MAINTENANCE DATE",
"fieldFormat":"",
"helpText":"Date of the last maintenance on this behaviour history record. This date is system-generated; you cannot change it."
}
,{
"fieldCode":"0198",
"fieldName":"LAST MAINT OPERATOR",
"fieldFormat":"3C",
"helpText":"Operator who has last maintained behaviour history record. This field is system-generated; you cannot change it."
}
,{
"fieldCode":"4005",
"fieldName":"STATUS",
"fieldFormat":"1C",
"helpText":"Code that indicates the status of the record. The values are:<br/>A	=	Active <br/>P	=	Purged<br/>9	=	Pending to be purged."
}
],"section25":[
{
"fieldCode":"4003",
"fieldName":"BUSINESS UNIT",
"fieldFormat":"3N",
"helpText":"Identification number of the business unit associated with this account number."
}
,{
"fieldCode":"4004",
"fieldName":"ACCOUNT NUMBER",
"fieldFormat":"19C",
"helpText":"Identification number of the account."
}
,{
"fieldCode":"4738",
"fieldName":"FI COLL STAGE",
"fieldFormat":"5N",
"helpText":"Collection stage to which the account is assigned. This field is display-only and cannot be modified."
}
,{
"fieldCode":"0106",
"fieldName":"FI DATE NEXT REPRICE",
"fieldFormat":"7N",
"helpText":"Date of the next repricing calculated by TRIAD. This field is display-only and cannot be modified."
}
,{
"fieldCode":"7055",
"fieldName":"REISSUE DECLINE REASON",
"fieldFormat":"2N",
"helpText":"Reissue decline reason code assigned by TRIAD."
}
,{
"fieldCode":"4730",
"fieldName":"DATE LST CSH LIM INC",
"fieldFormat":"7N",
"helpText":"Date on which the cash limit was last increased. This field is display-only and cannot be modified."
}
,{
"fieldCode":"4731",
"fieldName":"DATE LST CSH LIM DEC",
"fieldFormat":"7N",
"helpText":"Date on which the cash limit was last decreased. This field is display-only and cannot be modified."
}
,{
"fieldCode":"0107",
"fieldName":"FI CASH LINE - HIGH",
"fieldFormat":"3N",
"helpText":"Highest threshold limit for cash line utilization set by TRIAD. If the cash line exceeds this threshold limit, a call is triggered to TRIAD decision area."
}
,{
"fieldCode":"4733",
"fieldName":"FI CASH LINE - LOW",
"fieldFormat":"3N",
"helpText":"Lowest threshold limit for cash line utilization set by TRIAD. If the cash line lowers below this threshold limit, a call is triggered to TRIAD decision area."
}
,{
"fieldCode":"4727",
"fieldName":"USER DEFINED FIELD - HIGH",
"fieldFormat":"5N",
"helpText":"Highest threshold limit for a user-defined score set by TRIAD. If the user-defined score exceeds this threshold limit, a call is triggered to TRIAD decision area."
}
,{
"fieldCode":"4728",
"fieldName":"USER DEFINED FIELD - LOW",
"fieldFormat":"5N",
"helpText":"Lowest threshold limit for a user-defined score set by TRIAD. If the user-defined score lowers below this threshold limit, a call is triggered to TRIAD decision area."
}
,{
"fieldCode":"7033",
"fieldName":"UIOLI",
"fieldFormat":"1N",
"helpText":"This field indicates if this account is active or inactive. This is a system-generated field and it is not open for input. The values are: <br/>0 = This value indicates that the field has not been set by TRIAD before (Default) <br/>1 = Active <br/>2 = Inactive."
}
,{
"fieldCode":"4729",
"fieldName":"FI ACCT PROF",
"fieldFormat":"5N",
"helpText":"Identification of the account profile established by TRIAD. This field is display-only and cannot be modified."
}
]},"sections": {
"section0":""
,
"section1":"Behaviour History"
,
"section2":"Behaviour History-01-Behaviour History Detail"
,
"section3":"Behaviour History-02-Credit Scores&Associated Parties"
,
"section4":"Behaviour History-02-Score History"
,
"section5":"HISTORICAL SCORE"
,
"section6":"Behaviour History-03-Current Score Characteristics"
,
"section7":"ADVERSE ACTION"
,
"section8":"Behaviour History - ARIB - 03-Score Characteristics History"
,
"section9":"Behaviour History-04-Miscellaneous Score History"
,
"section10":"BUREAU SCORE"
,
"section11":"REWARD SCORE"
,
"section12":"OTHER 1 SCORE"
,
"section13":"OTHER 2 SCORE"
,
"section14":"Behaviour History-05-Current Behaviour"
,
"section15":"Behaviour History - ARIB - 08-Current Score/User Fields"
,
"section16":"Behaviour History-08-Score/User Fields"
,
"section17":"Behaviour History-08-Statement Messages, Promotions"
,
"section18":"Behaviour History-14-TRIAD Profiling and Credit Limit Offers"
,
"section19":"Behaviour History-34-Opened,Closed,Miscellaneous Dates"
,
"section20":"Behaviour History-51-TRIAD Current Behavior"
,
"section21":"Behaviour History-52-Marketing Communications"
,
"section22":"COMMUNICATION AREA"
,
"section23":"Behaviour History-53-Authorization & User defined"
,
"section24":"Behaviour History-99-Status and Activity Information"
,
"section25":"Behaviour History-Z03-Other TRIAD"
}}
