{"data":{
"section0":[
],"section1":[
{
"fieldCode":"",
"fieldName":"ANN PRIN",
"fieldFormat":"13N",
"helpText":"Annual principal amount (cardholder-initiated) for the listed credit plan segment."
}
,{
"fieldCode":"",
"fieldName":"ANN INT",
"fieldFormat":"13N",
"helpText":"Annual interest charged to the listed credit plan segment."
}
,{
"fieldCode":"",
"fieldName":"ANN PRIN REV",
"fieldFormat":"13N",
"helpText":"Annual reversals (cardholder-initiated) for the listed credit plan segment."
}
,{
"fieldCode":"",
"fieldName":"ANN SVC",
"fieldFormat":"13N",
"helpText":"Annual service charges (less overseas markup fees) for the listed credit plan segment."
}
,{
"fieldCode":"",
"fieldName":"ANN OTHER PRIN",
"fieldFormat":"13N",
"helpText":"Annual other principal amount (not cardholder-initiated) for the listed credit plan segment."
}
,{
"fieldCode":"",
"fieldName":"ANN OVERSEAS FEE",
"fieldFormat":"13N",
"helpText":"Annual overseas markup fees charged to the listed credit plan segment."
}
,{
"fieldCode":"",
"fieldName":"ANN OTHER PRIN REV",
"fieldFormat":"13N",
"helpText":"Annual other principal reversal amount (not cardholder-initiated) for the listed credit plan segment."
}
]},"sections": {
"section0":""
,
"section1":"Credit Plan Annual Statement Detail - ASSD03"
}}
