{"data":{
"section0":[
],"section1":[
{
"fieldCode":"",
"fieldName":"PERIOD BEGIN DATE",
"fieldFormat":"8N",
"helpText":"Annual statement period start date."
}
,{
"fieldCode":"",
"fieldName":"PERIOD END DATE",
"fieldFormat":"8N",
"helpText":"Annual statement period end date."
}
,{
"fieldCode":"",
"fieldName":"SHORT NM",
"fieldFormat":"20C",
"helpText":"Short name of the account holder for the credit card statement."
}
,{
"fieldCode":"",
"fieldName":"LATE FEES",
"fieldFormat":"13N",
"helpText":"Total late fees charged on this account during the statement period."
}
,{
"fieldCode":"",
"fieldName":"NSF FEES",
"fieldFormat":"13N",
"helpText":"Total insufficient funds fees charged during the statement period."
}
,{
"fieldCode":"",
"fieldName":"OVERLIMIT FEES",
"fieldFormat":"13N",
"helpText":"Total overlimit fees charged during the statement period."
}
,{
"fieldCode":"",
"fieldName":"COLLECTION FEES",
"fieldFormat":"13N",
"helpText":"Total collection fees charged during the statement period."
}
,{
"fieldCode":"",
"fieldName":"RECOVERY FEES",
"fieldFormat":"13N",
"helpText":"Total recovery fees charged during the statement period."
}
,{
"fieldCode":"",
"fieldName":"ANNUAL FEES",
"fieldFormat":"13N",
"helpText":"Total annual fees charged during the statement period."
}
,{
"fieldCode":"",
"fieldName":"INSURANCE PREM",
"fieldFormat":"13N",
"helpText":"Total insurance premiums charged during the statement period."
}
,{
"fieldCode":"",
"fieldName":"MISC FEES",
"fieldFormat":"13N",
"helpText":"Total miscellaneous fees charged during the statement period."
}
,{
"fieldCode":"",
"fieldName":"USER FEE 1�6",
"fieldFormat":"13N",
"helpText":"Total value of user fees 1�6 charged during the statement period."
}
,{
"fieldCode":"",
"fieldName":"TAX 1",
"fieldFormat":"13N",
"helpText":"Annual tax 1 charges during the statement period."
}
,{
"fieldCode":"",
"fieldName":"TAX 2",
"fieldFormat":"13N",
"helpText":"Annual tax 2 charges during the statement period."
}
,{
"fieldCode":"",
"fieldName":"OTHER ADJUSTMENTS",
"fieldFormat":"13N",
"helpText":"Total other debits and credits not covered in other listed fields during the statement period."
}
,{
"fieldCode":"",
"fieldName":"LOYALTY CASHBACK",
"fieldFormat":"13N",
"helpText":"Total (net) loyalty cashback amount for the annual statement period."
}
,{
"fieldCode":"",
"fieldName":"TOTAL SPEND",
"fieldFormat":"13N",
"helpText":"Total spend for this account during the statement period."
}
,{
"fieldCode":"",
"fieldName":"TOTAL INT",
"fieldFormat":"13N",
"helpText":"Total interest charged on this account during the statement period."
}
,{
"fieldCode":"",
"fieldName":"TOTAL OTHER PRIN",
"fieldFormat":"13N",
"helpText":"Total other principal adjustments on the account during the statement <br/>period."
}
,{
"fieldCode":"",
"fieldName":"TOTAL FEES/CHG",
"fieldFormat":"13N",
"helpText":"Total of all fees and charges on this account during the statement period."
}
,{
"fieldCode":"",
"fieldName":"TOTAL PMT",
"fieldFormat":"13N",
"helpText":"Total of all payments made on this account during the statement period."
}
,{
"fieldCode":"",
"fieldName":"STMT REPRINT",
"fieldFormat":"1C",
"helpText":"Code that requests a reprint of the latest BIS annual credit card statement (ACCS) and determines the address to be used. The values are:<br/>E = Request a reprint of the most recent ACCS using the current address<br/>G = Request a reprint of the most recent ACCS using the current billing address and assess a statement reprint fee<br/>R = Request a reprint of the most recent ACCS using the previous address<br/>S = Request a reprint of the most recent ACCS using the previous address and assess a statement reprint fee"
}
]},"sections": {
"section0":""
,
"section1":"Annual Statement Summary - ASSD03"
}}
