{"data":{
"section0":[
],"section1":[
{
"fieldCode":"4050",
"fieldName":"BUSINESS UNIT",
"fieldFormat":"3N",
"helpText":"Identification number of the business unit."
}
,{
"fieldCode":"4002",
"fieldName":"ACCOUNT NUMBER",
"fieldFormat":"19C",
"helpText":"Identification number of the account for which you want to add, modify, or view product information."
}
],"section2":[
{
"fieldCode":"4003",
"fieldName":"PRODUCT",
"fieldFormat":"2C 40C",
"helpText":"Two-part field that identifies the insurance product or non-insurance (additional account) product. The first part is the product code as defined on the Insurance Product table (PROD on ARMI00). The second part is the product description as defined on the Insurance Product table (DESCRIPTION on ARMI02). When you enter a valid product code, the screen displays the description defined on the Insurance Product table. This field is open for input only during the add mode (ARDA)."
}
,{
"fieldCode":"0204",
"fieldName":"RATE",
"fieldFormat":"",
"helpText":""
}
,{
"fieldCode":"0202",
"fieldName":"STATUS",
"fieldFormat":"1C",
"helpText":"Status of the product. The values are:<br/>C = Product is canceled. CMS assesses no cancellation reason.<br/>F = Product is in force.<br/>I = Product is inactive due to a user-defined condition. CMS will notcalculate or bill the premium while the status is inactive.<br/>S = Product is suspended due to delinquency. The account is past due the number of cycles defined by the delinquency cancellation options on the Insurance Product table (DEL CAN on ARMI02). CMS calculates and accrues, but does not bill, a premium.<br/>Note: To remove a product from an account, set the STATUS field on <br/>ARDM02 to I (inactive). The product will remain associated with the <br/>account for history purposes and will display on ARDM01 with the <br/>status set to inactive (STAT on ARDM01 is I)."
}
,{
"fieldCode":"0203",
"fieldName":"CANCEL REASON",
"fieldFormat":"1C",
"helpText":"This field indicates the cancellation reason. You can assign some values manually, CMS assigns some values automatically, and some values are assigned either manually or automatically. You cannot, however, enter a cancellation reason until you first change the STATUS field to C (canceled). <br/>You may assign the following values manually. CMS does not  assign these values automatically. The values are:<br/>Blank = Not canceled (Default)<br/>P = Canceled because the credit line or account was closed<br/>R = Canceled at the request of the product party<br/>U = Canceled at the request of the underwriter<br/>X = Canceled for any other reason.<br/>The CMS daily run may assign the following values during the Posting run (ARD140), or you may assign these values  manually. The values are:<br/>A = Canceled because the product party reached the policy  expiration age (EXPIRE AGE on ARMI02).<br/>D = Canceled due to delinquency. The account is past due the number of cycles defined by the delinquency cancellation options in the Insurance Product table (DEL CAN on ARMI02).<br/>G = Canceled because the product party’s date of birth did not meet the enrollment age requirement (ENROLL on ARMI02).<br/>I = Canceled because the product party’s date of birth did not meet the minimum age requirement (MINIMUM AGE on  ARMI02).<br/>T = Canceled because the maximum amount at risk exceeded the maximum coverage (MAX COVERAGE on ARMI02).<br/>The CMS daily run may assign the following values during the Posting run (ARD140). You cannot assign these values  manually. The values are:<br/>B = Canceled because the block code assigned to the account cancels insurance products (CI on ARML07 or ARMO08 is A). CMS automatically reinstates the product on cycle date when you remove the block code from the account.<br/>C = Canceled because the account is charged off (C O STAT on ARMB01 is 5 or 6).<br/>F = Canceled because a fiche number is required but is not assigned to the account and the number of cancellation days has been reached. (FICHE NBR on ARMI02).<br/>J = Canceled because CMS cannot find the Insurance Product table for the product. CMS could not find the Insurance Product table on the Processing Control Table and attempted to use the default Insurance Product table; however, CMS did not locate the default Insurance Product table, either.<br/>M = Canceled because the block code assigned to the account cancels insurance products (CI on ARML07 or ARML08 is M). CMS does not automatically reinstate the product when you  remove the block code from the account; however, after removing the block code you can manually reinstate the product by changing STATUS on ARDM02 to F."
}
,{
"fieldCode":"4008",
"fieldName":"DATE LAST BILLED",
"fieldFormat":"8N",
"helpText":"Date on which CMS last billed a premium to the account."
}
,{
"fieldCode":"4009",
"fieldName":"LAST AMT BILLED",
"fieldFormat":"9N",
"helpText":"Amount of the premium that CMS billed to the account on the DATE LAST BILLED."
}
,{
"fieldCode":"0205",
"fieldName":"EFFECTIVE DATE",
"fieldFormat":"8N",
"helpText":"Effective date of the product. This date may be a future date. CMS assesses the first premium in the cycle that this date occurs.<br/>Note: Even if you backdate this field to a date in a previous cycle, CMS calculates charges for the current cycle only.<br/>If no entry is made to the EFFECTIVE DATE field when the product is added to the account, CMS assigns the organization’s next processing date to the field."
}
,{
"fieldCode":"0223",
"fieldName":"CANCEL DATE",
"fieldFormat":"8N",
"helpText":"This field indicates the date on which this product was  canceled, either manually or automatically. This date is system-generated; you cannot change it.<br/>Note: The VisionPLUS Letter System (LTS) can automatically send a letter to the account holder when the cancellation reason in CMS is R, X, A, D, G, I, T, or C. CMS can print a  message on the account statement when the cancellation reason is D or C. You can determine which cancellation reasons cause  LTS to generate letters and CMS to generate statement  messages using parameters established in the  Insurance Product table (STATEMENT LETTER CODES on ARMI03)."
}
,{
"fieldCode":"0224",
"fieldName":"REINSTMNT DATE",
"fieldFormat":"8N",
"helpText":"Date on which the product was reinstated, either manually or automatically. This date is system-generated; you cannot change it.<br/>When you manually reinstate a product, CMS uses the date next processed as the reinstatement date. When CMS automatically reinstates the product (DEL CAN on ARMI02 is 1), CMS uses the cycle date as the reinstatement date. When an account goes from the delinquency warning level to a delinquency level prior to the warning level (DEL CAN on ARMI02 is 2), CMS uses the cycle date as the reinstatement date."
}
,{
"fieldCode":"0206",
"fieldName":"ENROLLMENT ID",
"fieldFormat":"3C",
"helpText":"Code that identifies the product enrollment ID of the account holder, which determines the Processing Control Table and the Insurance Product table for an account. If this field is blank, CMS defaults to the residence ID in the Account Base Segment record (RESIDENCE ID on ARMB03).<br/>You can enter a code in this field only if the enrollment ID option is established in the Insurance Product table associated with a product  (ENROLLMENT ID on ARMI02)."
}
,{
"fieldCode":"0207",
"fieldName":"PRODUCT PARTY",
"fieldFormat":"1N",
"helpText":"This field indicates the code that identifies the party whose date of birth is used. The values are:<br/>0 = Owner (Default)<br/>1 = Co-owner<br/>2 = Product third party<br/>3 = Owner and co-owner."
}
,{
"fieldCode":"0208",
"fieldName":"CUSTOMER  NUMBER",
"fieldFormat":"19C",
"helpText":"Customer number of the Customer Name Address record that identifies the insured customer for the product. This customer number must identify a valid, active Customer Name Address record. CMS  does not automatically populate this field.<br/>Note: The CUST NBR field is used only when the PRD PARTY flag is 2  (product third party)."
}
,{
"fieldCode":"0228",
"fieldName":"DATE OF BIRTH",
"fieldFormat":"8N",
"helpText":"This field indicates the date of birth of the product party. CMS uses this date for several calculations based on age, including:<br/>Premiums based on age (PER VALUE BY AGE on ARMI03)<br/>Minimum age (MINIMUM AGE on ARMI02)<br/>Enrollment age (ENROLL on ARMI02)<br/>Expiration age (EXPIRE AGE on ARMI02).<br/>Note: To change the date of birth for the product party, update the  applicable Customer Name Address record (DATE OF BIRTH on ARMN04)"
}
,{
"fieldCode":"4013",
"fieldName":"INS PROD ACTIVE",
"fieldFormat":"3N",
"helpText":"Number that identifies the Insurance Product table to which this product is assigned, as determined by the RESIDENCE ID (ARMB03). The  Insurance Product table controls processing for the product.<br/>Note: If the ENROLLMENT ID (ARDM02) differs from RESIDENCE ID on ARMB03  (enrollment override), CMS displays the Insurance Product table number  determined by the ENROLLMENT ID."
}
,{
"fieldCode":"4027",
"fieldName":"SUSPENDED AMOUNT",
"fieldFormat":"17N",
"helpText":"Current suspended premium amount for the account. This field displays a value when the product is suspended or when it is in a delinquent accrual period as determined by the delinquency cancellation options in the Insurance Product table (DEL CAN on ARMI02). <br/>When insurance is suspended, this field displays the amount of premiums that have not been billed. The suspended amount will be billed and reset to zero if the account cures delinquency. If the account does not cure delinquency and the product is canceled, the suspended amount will be waived and reset to zero.<br/>When the product has reached the delinquency warning level and the bill accrue option is used, premiums will continue to bill and will accrue in the SUSPENDED AMT field. If the account cures  delinquency, the suspended amount is reset to zero. If the account does not cure delinquency and the product is canceled, the suspended amount is refunded and reset to zero."
}
,{
"fieldCode":"4001",
"fieldName":"INSURANCE CHANNEL",
"fieldFormat":"1C",
"helpText":"Code that indicates the channel which describes the method that was used to sell the insurance product. The values are:<br/>I = Internet Channel<br/>P = Postal Channel<br/>S = Store Channel<br/>T = Telephone Channel."
}
,{
"fieldCode":"4004",
"fieldName":"INS POLICY REF NBR",
"fieldFormat":"18C",
"helpText":"Insurance policy reference number for non-credit insurance product."
}
,{
"fieldCode":"4005",
"fieldName":"INS SALES DATE",
"fieldFormat":"8N",
"helpText":"Date on which the customer enrolled for the insurance."
}
,{
"fieldCode":"4055",
"fieldName":"INS FREE LOOK END DATE",
"fieldFormat":"10C",
"helpText":"Date on which the free look period ends for the insurance product associated with the account."
}
,{
"fieldCode":"4056",
"fieldName":"LAST ASR GENERATION DATE",
"fieldFormat":"10C",
"helpText":"Date on which the last Payment Protection Insurance Annual Review  Statement (PPI ASR) is generated. The format is DDMMCCYY format. This field is display-only and cannot be modified. The default  value is zeros."
}
,{
"fieldCode":"0229",
"fieldName":"INSURANCE EXPIRE DATE",
"fieldFormat":"",
"helpText":"Date on which the current insurance policy covering the collateral will expire. CMS uses this date to determine when to list the Collateral record on the Collateral Insurance Expiration report (O53).<br/>The Collateral record will begin appearing on the report 60 days before the policy expiration date. The Collateral record will continue appearing on the report until you update the policy expiration date or the Collateral record is no longer active (RECORD STATUS on Collateral Information – 01-Collateral Information is not 1)."
}
],"section3":[
{
"fieldCode":"4018",
"fieldName":"CYCLE TO DATE AMOUNT BILLED",
"fieldFormat":"17N",
"helpText":"Total amount of real-time load transactions (via FAS or ASM) for this account cycle-to-date."
}
,{
"fieldCode":"4019",
"fieldName":"YEAR TO DATE AMOUNT BILLED",
"fieldFormat":"17N",
"helpText":"Total amount of real-time load transactions (via FAS or ASM) for this account year-to-date."
}
,{
"fieldCode":"4020",
"fieldName":"LIFE TO DATE AMOUNT BILLED",
"fieldFormat":"17N",
"helpText":"Total amount of real-time load transactions (via FAS or ASM) for this account life-to-date."
}
],"section4":[
{
"fieldCode":"4012",
"fieldName":"MONTH TO DATE AMOUNT BILLED",
"fieldFormat":"",
"helpText":""
}
,{
"fieldCode":"0225",
"fieldName":"STATUS CHANGE DATE",
"fieldFormat":"",
"helpText":"This field indicates the date on which the status was last changed, either manually by an operator or automatically by CMS."
}
,{
"fieldCode":"0209",
"fieldName":"MAIL LETTER",
"fieldFormat":"1N",
"helpText":"This is a code that determines whether CMS sends letters to the product third party. The values are:<br/>0 = Do not send letters to the product third party (Default)<br/>1 = Send letters to the product third party.<br/>This field must be 0 (do not send letters) if INSURED PARTY INDICATOR is 0 (owner), 1 (co-owner), or 3 (owner and co-owner)."
}
,{
"fieldCode":"0213",
"fieldName":"MAIL LETTER FEE",
"fieldFormat":"1N",
"helpText":"This field determines whether CMS charges a fee for the letter. The  values are:<br/>0 = Charge the letter fee specified on the Letter Record (Letter Codes  service) in the VisionPLUS Letter System (LTS) (Default)<br/>1 = Do not charge a letter fee.<br/>For CMS to charge a letter fee, you must enter a valid letter fee on the Letter Record (Letter Codes service) in LTS."
}
,{
"fieldCode":"0210",
"fieldName":"MAIL STATEMENT",
"fieldFormat":"1N",
"helpText":"This is the flag that determines if statements are sent to the product third party in addition to the account holder. The values are:<br/>0 = Do not send statements to the product third party (Default)<br/>1 = Send statements to the product third party.<br/>This field must be 0 (do not send statements) if INSURED PARTY INDICATOR is 0 (owner), 1 (co-owner), or 3 (owner and co-owner)."
}
,{
"fieldCode":"0212",
"fieldName":"FICHE NUMBER",
"fieldFormat":"9C",
"helpText":"This is the identification number of the microfiche where documents for this product are located. The fiche number may be required using an option on the Insurance Product table (FICHE NUMBER REQUIRED on Insurance Table -> 01-Insurance Product Details is 1). If the fiche number is not required, (FICHE NUMBER REQUIRED on Insurance Table -> 01-Insurance  Product Details is 0), you can still enter a fiche number in this field.  If the fiche number is required, CMS does not assess insurance premiums until the fiche number has been entered."
}
,{
"fieldCode":"4014",
"fieldName":"FICHE DATE WARNING",
"fieldFormat":"",
"helpText":"This field is the fiche number warning date. If the fiche number is required but is not entered by this date, CMS lists the account on the Insurance Fiche Number Exceptions report (O57). If the fiche number is not required, or if a required fiche number has been entered, the warning date displays 12 31 9999."
}
,{
"fieldCode":"4015",
"fieldName":"FICHE DATE CANCEL",
"fieldFormat":"",
"helpText":"The field (FICHE DATE CANCEL) is the fiche number cancellation date. If the fiche number is required but is not entered by this date, CMS automatically cancels the product and sets the cancellation reason to F (CANCEL REASON on Insurance Product maintenance->01-Insurance Product Maintenance). If the fiche number is not required, or if a required fiche number has been entered, the cancellation date displays 12 31 9999."
}
,{
"fieldCode":"0218",
"fieldName":"SOURCE CODE",
"fieldFormat":"2C 20C",
"helpText":"Two-part field that indicates how the product was acquired for the account. The first part is a source code and the second part is a source code description. CMS accepts any source code entered in the first part of this field. However, if the code is not  defined on the Logo record (INSURANCE PRODUCT SOURCE CODE DEFINITION on  ARML36), the source code description in the second part is blank."
}
],"section5":[
{
"fieldCode":"4054",
"fieldName":"RECORD STATUS",
"fieldFormat":"1C",
"helpText":"Code that indicates the record status. The values are:<br/>A = Active<br/>C = Closed<br/>P = Purged."
}
,{
"fieldCode":"0199",
"fieldName":"LAST MAINTENANCE DATE",
"fieldFormat":"",
"helpText":"Date of last maintenance of the record."
}
,{
"fieldCode":"0198",
"fieldName":"LAST MAINTENANCE OPERATOR",
"fieldFormat":"3C",
"helpText":"Operator who has last updated the record."
}
]},"sections": {
"section0":""
,
"section1":"Insurance Products - ARDQ02 40"
,
"section2":"Insurance Products - ARDQ02 40 - 01-Insurance   Product Data"
,
"section3":"Insurance Products - ARDQ02 40 - 02-Accrued Buckets"
,
"section4":"Insurance Products - ARDQ02 40 - 03-Billed Statistics"
,
"section5":"Insurance Products - ARDQ02 40 - 99-Status and Activity Information"
}}
