{"data":{
"section0":[
],"section1":[
{
"fieldCode":"4001",
"fieldName":"BUSINESS UNIT",
"fieldFormat":"3N",
"helpText":"Identification number of the business unit associated with the account. The values are 001-998."
}
,{
"fieldCode":"4002",
"fieldName":"ACCOUNT",
"fieldFormat":"19C",
"helpText":"Identification number of the account for which you are adding a loan plan segment."
}
,{
"fieldCode":"4003",
"fieldName":"RECORD NUMBER",
"fieldFormat":"3N",
"helpText":"This is the record number (also called sequence number) that identifies each credit plan segment on an account."
}
,{
"fieldCode":"4004",
"fieldName":"RECORD TYPE",
"fieldFormat":"2N",
"helpText":"This field identifies the record number associated with the product record."
}
],"section2":[
{
"fieldCode":"0101",
"fieldName":"PLAN NUMBER",
"fieldFormat":"5N",
"helpText":"Number that identifies the Credit Plan Master record associated with the credit plan segment."
}
,{
"fieldCode":"0102",
"fieldName":"DATE LAST SCHEDULED",
"fieldFormat":"8N",
"helpText":"Date on which the loan was last scheduled."
}
,{
"fieldCode":"4008",
"fieldName":"PRODUCT",
"fieldFormat":"5C",
"helpText":"User-defined code for the individual loan credit plan. The default value for this field is set on the Credit Plan Master record (PRODUCT CODE on Credit Plans->01-Credit Plan Specification). You can change this value at the plan segment level."
}
,{
"fieldCode":"4009",
"fieldName":"REFERENCE NUMBER",
"fieldFormat":"23C",
"helpText":"User-defined identification number for the loan plan segment that you are adding."
}
,{
"fieldCode":"0105",
"fieldName":"PAYMENT AMT",
"fieldFormat":"15N/2D",
"helpText":"Amount of payment for this loan."
}
,{
"fieldCode":"0106",
"fieldName":"INTEREST RATE",
"fieldFormat":"7N",
"helpText":"Interest rate associated with the loan. This field is for information only and does not affect processing of the plan."
}
,{
"fieldCode":"0107",
"fieldName":"PRINCIPAL",
"fieldFormat":"15N/2D",
"helpText":"Total principal amount of this payment in monetary units and subunits."
}
,{
"fieldCode":"0108",
"fieldName":"INTEREST",
"fieldFormat":"15N/2D",
"helpText":"Total interest amount of this payment in monetary units and subunits."
}
,{
"fieldCode":"0109",
"fieldName":"INSURANCE",
"fieldFormat":"17N",
"helpText":"Total insurance premium amount of all payments in monetary units and subunits."
}
,{
"fieldCode":"0110",
"fieldName":"USER FEE 1",
"fieldFormat":"17N",
"helpText":"Total user-defined fee 1 amount of all payments in monetary units and subunits."
}
,{
"fieldCode":"0111",
"fieldName":"USER FEE 2",
"fieldFormat":"17N",
"helpText":"Total user-defined fee 2 amount of all payments in monetary units and subunits."
}
,{
"fieldCode":"0112",
"fieldName":"USER FEE 3",
"fieldFormat":"17N",
"helpText":"Total user-defined fee 3 amount of all payments in monetary units and subunits."
}
,{
"fieldCode":"0113",
"fieldName":"USER FEE 4",
"fieldFormat":"17N",
"helpText":"Total user-defined fee 4 amount of all payments in monetary units and subunits."
}
,{
"fieldCode":"0114",
"fieldName":"USER FEE 5",
"fieldFormat":"17N",
"helpText":"Total user-defined fee 5 amount of all payments in monetary units and subunits."
}
,{
"fieldCode":"0115",
"fieldName":"USER FEE 6",
"fieldFormat":"17N",
"helpText":"Total user-defined fee 6 amount of all payments in monetary units and subunits."
}
,{
"fieldCode":"0115",
"fieldName":"PAID AMT",
"fieldFormat":"15N/2D",
"helpText":"Total amount paid for this loan."
}
],"section3":[
{
"fieldCode":"0199",
"fieldName":"LAST MAINTENANCE DATE",
"fieldFormat":"",
"helpText":"Date of the last maintenance for this record. The date in this field is system-generated; you cannot change it."
}
,{
"fieldCode":"4022",
"fieldName":"STATUS",
"fieldFormat":"1N",
"helpText":"Status of the record associated. The date in this field is systemgenerated; you cannot change it. Valid values of status of a<br/>record are:<br/>1 = Active record.<br/>9 = Purged record."
}
,{
"fieldCode":"0198",
"fieldName":"LAST MAINTENANCE OPERATOR",
"fieldFormat":"3C",
"helpText":"Operator of the last maintenance for this record. This field is system-generated; you cannot change it."
}
]},"sections": {
"section0":""
,
"section1":"Loan Schedule ARLE05"
,
"section2":"Loan Schedule ARLE05 - 01-Loan Schedule Details"
,
"section3":"Loan Schedule ARLE05 - 99-Status and Activity Information"
}}
