{"data":{
"section0":[
],"section1":[
{
"fieldCode":"4001",
"fieldName":"BATCH DATE",
"fieldFormat":"",
"helpText":"Original date of the batch. This is the date the batch was entered either through online or through a user input file. This date is system-generated; you cannot change it."
}
,{
"fieldCode":"4002",
"fieldName":"BATCH SOURCE",
"fieldFormat":"4N",
"helpText":"Code that indicates how the batch entered CMS. The value in this field is system-generated; you cannot change it. The values are:<br/>0000 = Local input (originated from the AMT1 file during batch input)<br/>0001-9998 = User input (originated from user input file ATTD or ATTT)."
}
,{
"fieldCode":"4003",
"fieldName":"BATCH NUMBER",
"fieldFormat":"5N",
"helpText":"Unique number that is assigned to each batch for identification purposes when the batch is entered."
}
,{
"fieldCode":"4004",
"fieldName":"TRANSACTION SEQUENCE",
"fieldFormat":"1N",
"helpText":"Code that indicates whether the account sequence number is to be mapped to the output record."
}
],"section2":[
{
"fieldCode":"4001",
"fieldName":"BATCH DATE",
"fieldFormat":"",
"helpText":"Original date of the batch. This is the date the batch was entered either through online or through a user input file. This date is system-generated; you cannot change it."
}
,{
"fieldCode":"4002",
"fieldName":"BATCH SOURCE",
"fieldFormat":"4N",
"helpText":"Code that indicates how the batch entered CMS. The value in this field is system-generated; you cannot change it. The values are:<br/>0000 = Local input (originated from the AMT1 file during batch input)<br/>0001-9998 = User input (originated from user input file ATTD or ATTT)."
}
,{
"fieldCode":"4003",
"fieldName":"BATCH NUMBER",
"fieldFormat":"5N",
"helpText":"Unique number that is assigned to each batch for identification purposes when the batch is entered."
}
,{
"fieldCode":"4004",
"fieldName":"TRANSACTION SEQUENCE",
"fieldFormat":"1N",
"helpText":"Code that indicates whether the account sequence number is to be mapped to the output record."
}
,{
"fieldCode":"4005",
"fieldName":"REJECT REASON 1",
"fieldFormat":"2N",
"helpText":"Code that indicates the reason code for the convenience cheque rejected during the authorization process."
}
,{
"fieldCode":"4006",
"fieldName":"REJECT REASON 2",
"fieldFormat":"2N",
"helpText":"Code that indicates the reason code for the convenience cheque rejected during the authorization process."
}
,{
"fieldCode":"4007",
"fieldName":"REJECT REASON 3",
"fieldFormat":"2N",
"helpText":"Code that indicates the reason code for the convenience cheque rejected during the authorization process."
}
,{
"fieldCode":"4008",
"fieldName":"REJECT REASON 4",
"fieldFormat":"2N",
"helpText":"Code that indicates the reason code for the convenience cheque rejected during the authorization process."
}
,{
"fieldCode":"4009",
"fieldName":"REJECT REASON 5",
"fieldFormat":"2N",
"helpText":"Code that indicates the reason code for the convenience cheque rejected during the authorization process."
}
],"section3":[
{
"fieldCode":"4001",
"fieldName":"BATCH DATE",
"fieldFormat":"",
"helpText":"Original date of the batch. This is the date the batch was entered either through online or through a user input file. This date is system-generated; you cannot change it."
}
,{
"fieldCode":"4002",
"fieldName":"BATCH SOURCE",
"fieldFormat":"4N",
"helpText":"Code that indicates how the batch entered CMS. The value in this field is system-generated; you cannot change it. The values are:<br/>0000 = Local input (originated from the AMT1 file during batch input)<br/>0001-9998 = User input (originated from user input file ATTD or ATTT)."
}
,{
"fieldCode":"4003",
"fieldName":"BATCH NUMBER",
"fieldFormat":"5N",
"helpText":"Unique number that is assigned to each batch for identification purposes when the batch is entered."
}
,{
"fieldCode":"4004",
"fieldName":"TRANSACTION SEQUENCE",
"fieldFormat":"1N",
"helpText":"Code that indicates whether the account sequence number is to be mapped to the output record."
}
,{
"fieldCode":"4017",
"fieldName":"STATUS",
"fieldFormat":"1C",
"helpText":"Code that indicates the record status. The values are:<br/>A = Active<br/>C = Closed<br/>P = Purged."
}
,{
"fieldCode":"4018",
"fieldName":"LAST MAINTENANCE DATE",
"fieldFormat":"8N",
"helpText":"Date of the last maintenance."
}
,{
"fieldCode":"4019",
"fieldName":"LAST MAINTENANCE OPERATOR",
"fieldFormat":"3C",
"helpText":"Operator ID of the person who  performed the maintenance."
}
]},"sections": {
"section0":""
,
"section1":"Multiple Reject Transactions - ARQT-M1"
,
"section2":"Multiple Reject Transactions - ARQT-M1 - 01-Multiple Reject Processing"
,
"section3":"Multiple Reject Transactions - ARQT-M1 - 99-Status & Activity Information"
}}
