{"data":{
"section0":[
],"section1":[
{
"fieldCode":"4001",
"fieldName":"BUSINESS UNIT",
"fieldFormat":"3N",
"helpText":"Identification number of the business unit associated with this Monetary Transaction Code record. The values are 001-998."
}
,{
"fieldCode":"4002",
"fieldName":"TRANSACTION CODE",
"fieldFormat":"5N",
"helpText":"This field displays the transaction code you have added."
}
],"section2":[
{
"fieldCode":"4003",
"fieldName":"RECORD NUMBER",
"fieldFormat":"2N",
"helpText":"This field identifies the record number."
}
,{
"fieldCode":"0203",
"fieldName":"LOGIC MODULE",
"fieldFormat":"3N",
"helpText":"This field identifies the number that identifies the logic module the transaction code executes."
}
,{
"fieldCode":"3101",
"fieldName":"DEFAULT DECSRIPTION",
"fieldFormat":"40C",
"helpText":"Description of the transaction code. You can change this description for any transaction code."
}
,{
"fieldCode":"3102",
"fieldName":"REPORT DESCRIPTION",
"fieldFormat":"14C",
"helpText":"Description of the transaction code used on certain reports."
}
,{
"fieldCode":"3103",
"fieldName":"SERVICE TAX EXCLUSION INDICATOR",
"fieldFormat":"1N",
"helpText":"Code that indicates whether the service tax exclusion is allowed for transactions posted to the plan. The values are:<br/>0 = Do not allow service tax exclusion for transactions<br/>1 = Allow service tax exclusion for transactions."
}
],"section3":[
{
"fieldCode":"4003",
"fieldName":"RECORD NUMBER",
"fieldFormat":"2N",
"helpText":"This field identifies the record number."
}
,{
"fieldCode":"0199",
"fieldName":"LAST MAINTENANCE DATE",
"fieldFormat":"",
"helpText":"Date of the last maintenance for this record. The date in this field is system-generated; you cannot change it."
}
]},"sections": {
"section0":""
,
"section1":"Mon Txn Ctl Generated Codes - ARMX31"
,
"section2":"Mon Txn Ctl Generated Codes - ARMX31 - 01-User Assigned TXN Codes"
,
"section3":"Mon Txn Ctl Generated Codes - ARMX31 - 99-Status & Activity Information"
}}
