{"data":{
"section0":[
],"section1":[
{
"fieldCode":"4001",
"fieldName":"BUSINESS UNIT",
"fieldFormat":"3N",
"helpText":"Identification number of the business unit associated with this EXAM request. The values are 000–998.<br/>Note: If this field is 000 (zeros), the EXAM request is at the system level. If this field is 001–998, the EXAM request is at the business unit leve."
}
,{
"fieldCode":"4002",
"fieldName":"REQUEST NUMBER",
"fieldFormat":"5N",
"helpText":"Identification number of the EXAM request. During add mode you do not enter a request number, CMS generates the next available request number for EXAM requests at the business unit level. For EXAM requests at the system level, you must assign a request number."
}
],"section2":[
{
"fieldCode":"4008",
"fieldName":"LAST RUN DATE",
"fieldFormat":"",
"helpText":"This field indicates the date on which the EXAM request was last run since it was initially added.<br/>The value in this field is system-generated; you cannot change it."
}
,{
"fieldCode":"4011",
"fieldName":"MAINTENANCE FIELD NUMBER",
"fieldFormat":"4N",
"helpText":"Field number that identifies a field selected for mass maintenance."
}
,{
"fieldCode":"4013",
"fieldName":"MAINTENACE FIELD OCCURRENCE",
"fieldFormat":"4N",
"helpText":"Occurrence number that identifies a field selected for mass maintenance."
}
,{
"fieldCode":"4014",
"fieldName":"FIELD MAINTENANCE VALUE",
"fieldFormat":"40C",
"helpText":"New value to be used in a nonmonetary field or a calculation to be used to derive a new value for a monetary field."
}
,{
"fieldCode":"4015",
"fieldName":"ROUND",
"fieldFormat":"1C",
"helpText":"Code that indicates if CMS rounds off, always rounds up, or truncates monetary increases. To round off, CMS rounds down if the third decimal position number is 1 to 4 and rounds up if the number is 5 to 9. To round up, CMS always rounds up if the third decimal position number is 1 to 9. To truncate, CMS ignores the number after the last digit and does not round. If rounding off or rounding up, you can select different monetary units for rounding. The values are:<br/>0 = Truncate. Do not round. (Default)<br/>1 = Rounding off to the nearest monetary unit.<br/>2 = Round up to the nearest monetary unit.<br/>3 = Round off to the nearest 5 monetary units<br/>4 = Round up to the next 5 monetary units<br/>5 = Round off to the nearest 10 monetary units<br/>6 = Round up to the next 10 monetary units<br/>7 = Round off to the nearest 50 monetary units<br/>8 = Round up to the next 50 monetary units<br/>9 = Round off to the nearest 100 monetary units<br/>A = Round up to the next 100 monetary units<br/>B = Round off to the nearest 500 monetary units<br/>C = Round up to the next 500 monetary units<br/>D = Standard rounding to the nearest 1000 monetary units<br/>E = Always round up to the next 1000 monetary <br/>units."
}
],"section3":[
{
"fieldCode":"4016",
"fieldName":"SELECTION FIELD NUMBER",
"fieldFormat":"4N",
"helpText":"Field number that identifies a field to be used as selection criteria for an EXAM request."
}
,{
"fieldCode":"4018",
"fieldName":"SELECTION FIELD OCCURRENCE",
"fieldFormat":"4N",
"helpText":"Occurrence number that identifies a field selected to be used as selection criteria for an EXAM request.<br/>Note: To determine the field number and occurrence of a field, run the ARU605 program to generate the data dictionary list for your business unit."
}
,{
"fieldCode":"4019",
"fieldName":"CONDITION",
"fieldFormat":"2C",
"helpText":"Code that indicates the condition of the value in a field for the EXAM request to select a record. The values are:<br/>EQ = Equal to<br/>GT = Greater than<br/>LT = Less than<br/>NE = Not equal to<br/>NG = Not greater than<br/>NL = Not less than<br/>GE = Greater than or equal to<br/>LE = Less than or equal to."
}
,{
"fieldCode":"4020",
"fieldName":"SELECTION VALUE",
"fieldFormat":"40C",
"helpText":"Value of the field. The EXAM request uses the entry in SELECTION VALUE in conjunction with the CONDITION to select records."
}
,{
"fieldCode":"4021",
"fieldName":"AND OR",
"fieldFormat":"3C",
"helpText":"Connector that links multiple selection criteria. The values are:<br/>AND = A record must meet the selection criteria entered on this line and the selection criteria entered on the next line to be selected by the EXAM request<br/>OR = A record must meet the selection criteria entered on this line or the selection criteria entered on the next line to be selected by the EXAM request."
}
],"section4":[
{
"fieldCode":"4003",
"fieldName":"STATUS",
"fieldFormat":"1N",
"helpText":"Code that indicates the status of the EXAM request record. The values are:<br/>0 = Incomplete. This value is system-generated; you cannot enter it.<br/>1 = Active. CMS will process this request during the next run of the File Maintenance Update program (ARD040).<br/>2 = Complete. All pages have been completed. CMS will not process this request during the next run of the File Maintenance Update program (ARD040).<br/>9 = Purge. CMS will purge this request during the next run of the Master File Reload program (ARU020).<br/>When you add an EXAM request and the record is not add complete, CMS sets the status code to 0 (incomplete) and you cannot change the status. When the record is add complete CMS sets the status code to 2 (complete) and you can change the status in update mode to 1 (active) or 9 (purge)."
}
,{
"fieldCode":"4005",
"fieldName":"DESCRIPTION",
"fieldFormat":"30C",
"helpText":"Description of the EXAM request record."
}
,{
"fieldCode":"4006",
"fieldName":"REQUESTOR",
"fieldFormat":"15C",
"helpText":"Name of the user who added or changed the EXAM request."
}
,{
"fieldCode":"4023",
"fieldName":"QUALIFIED REPORT",
"fieldFormat":"1C",
"helpText":"Flag that indicates whether the EXAM request generates a report listing qualified records. The term qualified record refers to a record that met all of the selection criteria. CMS generates the report during the next run of the File Maintenance Update program (ARD040). The values are:<br/>N = No, do not produce the report (Default)<br/>T = Produce the report with totals only<br/>Y = Yes, produce the report."
}
,{
"fieldCode":"4024",
"fieldName":"QUALIFIED REPORT FORM",
"fieldFormat":"2N",
"helpText":"Printer output file that receives the report. The values are 00–99. Zero (00) identifies form code 100. Default is 00."
}
,{
"fieldCode":"4025",
"fieldName":"QUALIFIED REPORT FICHE",
"fieldFormat":"1N",
"helpText":"Fiche file to which this report is routed. The values are:<br/>0 = Do not route to a fiche file (Default)<br/>1–9 = Fiche file to which this report is routed."
}
,{
"fieldCode":"4026",
"fieldName":"UNQUALIFIED REPORT",
"fieldFormat":"1C",
"helpText":"Flag that indicates whether the EXAM generates a report listing unqualified records. The term unqualified record refers to a record that failed any of the selection criteria. CMS generates the report during the next run of the File Maintenance Update program (ARD040). The values are:<br/>N = No, do not produce the report (Default)<br/>T = Produce the report with totals only<br/>Y = Yes, produce the report."
}
,{
"fieldCode":"4027",
"fieldName":"UNQUALIFIED REPORT FORM",
"fieldFormat":"2N",
"helpText":"Printer output file that receives the report. The values are 00–99. Zero (00) identifies form code 100. Default is 00."
}
,{
"fieldCode":"4028",
"fieldName":"UNQUALIFIED REPORT FICHE",
"fieldFormat":"1N",
"helpText":"Fiche file to which this report is routed. The values are:<br/>0 = Do not route to a fiche file (Default)<br/>1–9 = Fiche file to which this report is routed."
}
,{
"fieldCode":"4044",
"fieldName":"GENERATE LABELS",
"fieldFormat":"1C",
"helpText":"Flag that indicates whether the EXAM request generates a mailing label interface file during the next run of the File Maintenance Update program (ARD040). This interface file contains information used to print a mailing label for each account that met the selection criteria. The values are:<br/>N = No, do not produce a mailing label interface <br/>file (Default)<br/>Y = Yes, produce a mailing label interface file."
}
,{
"fieldCode":"4030",
"fieldName":"LABEL POSTAL SORT",
"fieldFormat":"1C",
"helpText":"Code that indicates the sorting order for mailing labels. The values are:<br/>0 = Sort by business unit, product, account number, and then postal code (Default)<br/>1 = Sort by business unit, product, postal code, and then account number<br/>2 = Sort by business unit, postal code, product, and then account number<br/>3 = Sort by postal code, business unit, product, and then account number.<br/>Note: You can generate labels in different formats, including 1-up, 2-up, 3-<br/>up, and 4-up. The control card in the Label Print program (ARU603) <br/>determines the format."
}
,{
"fieldCode":"4031",
"fieldName":"MAINTENANCE INTERFACE",
"fieldFormat":"1C",
"helpText":"Flag that indicates whether the EXAM request generates user input records to perform nonmonetary maintenance during the next run of the File Maintenance Update program (ARD040). <br/>The values are:<br/>N = Do not generate user input records (Default)<br/>Y = Generate user input records for each account that met all the selection criteria.<br/>Note: If the EXAM request generates user input records, the CMS does not apply nonmonetary maintenance immediately. The next Nonmonetary User Input Pre-edit run (ARU04) edits the input records for posting, and the next File Maintenance run (ARD040) in update mode applies the maintenance to the Account Base Segment records."
}
,{
"fieldCode":"4032",
"fieldName":"MARKETING INTERFACE",
"fieldFormat":"1C",
"helpText":"Flag that indicates whether the EXAM request generates a marketing interface file during the next run of the File Maintenance Update program (ARD040). The values are:<br/>N = No, do not generate a marketing interface file (Default)<br/>Y = Yes, generate a marketing interface file."
}
,{
"fieldCode":"4033",
"fieldName":"GENERATE LETTERS",
"fieldFormat":"1C",
"helpText":"Flag that indicates whether CMS generates a letters interface file for this EXAM request during the next run of the File Maintenance Update program (ARD040). The values are:<br/>N = No, do not produce a letters interface file (Default)<br/>Y = Yes, produce a letters interface file.<br/>Note: If the letters active flag on the System Record (LETTER SYSTEM <br/>ACTIVE on System Control-04-System Level Switch) is Y, the <br/>letter interface will be to the Letter System (LTS)."
}
,{
"fieldCode":"4034",
"fieldName":"LETTER BUSINESS UNIT",
"fieldFormat":"3N",
"helpText":"Identification number of the LTS business unit to which the letter is assigned."
}
,{
"fieldCode":"4035",
"fieldName":"LETTER NUMBER",
"fieldFormat":"3C",
"helpText":"Identification number of the letter in LTS.<br/>Note: CMS does not verify that your entries in the LETTER BUSINESS UNIT and LETTER NUMBER fields identify an existing business unit and letter in LTS."
}
,{
"fieldCode":"4036",
"fieldName":"READ ACTIVE MASTER",
"fieldFormat":"1C",
"helpText":"Flag that indicates if CMS reads the Account Base Segment file (AMBS) when running the EXAM request. This file contains active Account Base Segment records. The values are:<br/>N = No, do not read the AMBS file<br/>Y = Yes, read the AMBS file. (Default)"
}
,{
"fieldCode":"4037",
"fieldName":"READ INACTIVE MASTER",
"fieldFormat":"1C",
"helpText":"Flag that indicates if CMS reads the Inactive Base Segment file (AMBI) when running the EXAM request. This file contains inactive Account Base Segment records. The values are:<br/>N = No, do not read the AMBI file (Default)<br/>Y = Yes, read the AMBI file."
}
],"section5":[
{
"fieldCode":"0199",
"fieldName":"LAST MAINTENANCE DATE",
"fieldFormat":"",
"helpText":"Date of the last maintenance on this EXAM request record. This date is system-generated; you cannot change it."
}
,{
"fieldCode":"0198",
"fieldName":"LAST MAINTENANCE OPERATOR",
"fieldFormat":"8N",
"helpText":"Operator name that has last maintained EXAM request record. This field is system-generated; you cannot change it."
}
],"section6":[
{
"fieldCode":"",
"fieldName":"COPY FROM",
"fieldFormat":"3N",
"helpText":"Key field which contain business unit and rule set."
}
,{
"fieldCode":"",
"fieldName":"COPY TO",
"fieldFormat":"3N",
"helpText":"Key field which contain business unit and rule set."
}
]},"sections": {
"section0":""
,
"section1":"Extract and Maintenance Request - ARMQ"
,
"section2":"Extract and Maintenance Request - ARMQ - 01-Mass Maintenance Fields"
,
"section3":"Extract and Maintenance Request - ARMQ - 02-Selection Criteria Fields"
,
"section4":"Extract and Maintenance Request - ARMQ - 03-Exam Request Processing Options"
,
"section5":"Extract and Maintenance Request - ARMQ - 99-Status & Activity Information"
,
"section6":"Extract and Maintenance Request - ARMQ - COPY"
}}
