{"data":{
"section0":[
],"section1":[
{
"fieldCode":"",
"fieldName":"BUSINESS UNIT",
"fieldFormat":"3N",
"helpText":"Identification number of the business unit associated with this account."
}
],"section2":[
],"section3":[
],"section4":[
],"section5":[
{
"fieldCode":"",
"fieldName":"BUSINESS UNIT",
"fieldFormat":"3N",
"helpText":"Identification number of the business unit associated with this account."
}
],"section6":[
],"section7":[
],"section8":[
],"section9":[
],"section10":[
],"section11":[
],"section12":[
],"section13":[
],"section14":[
],"section15":[
],"section16":[
],"section17":[
{
"fieldCode":"",
"fieldName":"BUSINESS UNIT",
"fieldFormat":"3N",
"helpText":"Identification number of the business unit associated with this account."
}
],"section18":[
],"section19":[
],"section20":[
],"section21":[
],"section22":[
],"section23":[
]},"sections": {
"section0":""
,
"section1":"PENDING CTD TRANSACTION XFERS"
,
"section2":"TYPE"
,
"section3":"FILE KEY"
,
"section4":"FILE CODE"
,
"section5":"PENDING CTD TRANSACTION XFERS - 01-FRAUD TRANSFER DETAIL"
,
"section6":"TYPE"
,
"section7":"FILE KEY"
,
"section8":"FILE CODE"
,
"section9":"FRAUD TRANSFER STATUS"
,
"section10":"AH INDICATOR"
,
"section11":"SOURCE BUSINESS UNIT"
,
"section12":"SOURCE ACCOUNT"
,
"section13":"DESTINATION BUSINESS UNIT"
,
"section14":"DESTINATION ACCOUNT"
,
"section15":"MONETARY TRANSACTION RECORD"
,
"section16":"FORCE POST INDICATOR"
,
"section17":"PENDING CTD TRANSACTION XFERS - 99-STATUS & ACTIVITY INFORMATION"
,
"section18":"TYPE"
,
"section19":"FILE KEY"
,
"section20":"FILE CODE"
,
"section21":"RECORD STATUS"
,
"section22":"LAST MAINTENANCE DATE"
,
"section23":"LAST MAINTENANCE OPERATOR"
}}
