{"data":{
"section0":[
],"section1":[
{
"fieldCode":"",
"fieldName":"RUN NUMBER",
"fieldFormat":"2N",
"helpText":"Run number assigned by the Memo Post Extract program (ARU010)."
}
,{
"fieldCode":"",
"fieldName":"RUN STATUS",
"fieldFormat":"6C",
"helpText":"Status of the batch. The values are:<br/>COMP = Complete<br/>INCOMP = Incomplete."
}
,{
"fieldCode":"",
"fieldName":"EFFECTIVE DATE",
"fieldFormat":"8N",
"helpText":"Effective date of the real time batch display."
}
,{
"fieldCode":"",
"fieldName":"TIME",
"fieldFormat":"6N",
"helpText":"Time when the online memo post for real time batch display was run."
}
,{
"fieldCode":"",
"fieldName":"NUMBER CREDIT ITEMS",
"fieldFormat":"3N",
"helpText":"Number of extracted credit items in the batch."
}
,{
"fieldCode":"",
"fieldName":"CREDIT AMOUNT",
"fieldFormat":"11N",
"helpText":"Amount of extracted credit items in the batch."
}
],"section2":[
],"section3":[
],"section4":[
],"section5":[
{
"fieldCode":"",
"fieldName":"RUN NUMBER",
"fieldFormat":"2N",
"helpText":"Run number assigned by the Memo Post Extract program (ARU010)."
}
,{
"fieldCode":"",
"fieldName":"RUN STATUS",
"fieldFormat":"6C",
"helpText":"Status of the batch. The values are:<br/>COMP = Complete<br/>INCOMP = Incomplete."
}
,{
"fieldCode":"",
"fieldName":"EFFECTIVE DATE",
"fieldFormat":"8N",
"helpText":"Effective date of the real time batch display."
}
,{
"fieldCode":"",
"fieldName":"TIME",
"fieldFormat":"6N",
"helpText":"Time when the online memo post for real time batch display was run."
}
,{
"fieldCode":"",
"fieldName":"NUMBER CREDIT ITEMS",
"fieldFormat":"3N",
"helpText":"Number of extracted credit items in the batch."
}
,{
"fieldCode":"",
"fieldName":"CREDIT AMOUNT",
"fieldFormat":"11N",
"helpText":"Amount of extracted credit items in the batch."
}
],"section6":[
],"section7":[
],"section8":[
],"section9":[
{
"fieldCode":"",
"fieldName":"RUN NUMBER",
"fieldFormat":"2N",
"helpText":"Run number assigned by the Memo Post Extract program (ARU010)."
}
,{
"fieldCode":"",
"fieldName":"STATUS",
"fieldFormat":"1N",
"helpText":"Status to determine the record status. The values are:<br/> 0 = Inactive<br/> 1 = Active<br/> 9 = Purged."
}
],"section10":[
],"section11":[
]},"sections": {
"section0":""
,
"section1":"ONLINE MEMO POST - ARDR"
,
"section2":"LAST PROCESSED BUSINESS UNIT"
,
"section3":"LAST PROCESSED ACCOUNT"
,
"section4":"LAST PROCESSED SEQUENCE"
,
"section5":"ONLINE MEMO POST - ARDR - 01-REAL TIME BATCH DISPLAY-MEMO POST"
,
"section6":"LAST PROCESSED BUSINESS UNIT"
,
"section7":"LAST PROCESSED ACCOUNT"
,
"section8":"LAST PROCESSED SEQUENCE"
,
"section9":"ONLINE MEMO POST - ARDR - 99-STATUS & ACTIVITY INFORMATION"
,
"section10":"LAST MAINTENANCE DATE"
,
"section11":"LAST MAINTENANCE OPERATOR"
}}
