{"data":{
"section0":[
],"section1":[
{
"fieldCode":"4001",
"fieldName":"BUSINESS UNIT",
"fieldFormat":"3N",
"helpText":"Identification of the ASM business unit you entered on the Locate screen."
}
],"section2":[
{
"fieldCode":"4001",
"fieldName":"BUSINESS UNIT",
"fieldFormat":"3N",
"helpText":"Identification of the ASM business unit you entered on the Locate screen."
}
,{
"fieldCode":"0101",
"fieldName":"BUSINESS UNIT NAME",
"fieldFormat":"40C",
"helpText":"Description or name of the business unit. This description prints on some ASM reports for identification purposes."
}
,{
"fieldCode":"0102",
"fieldName":"MAILING ADDRESS LINE 1",
"fieldFormat":"40C",
"helpText":"Mailing address for the business unit."
}
,{
"fieldCode":"0103",
"fieldName":"MAILING ADDRESS LINE 2",
"fieldFormat":"40C",
"helpText":"Mailing address for the business unit."
}
,{
"fieldCode":"0104",
"fieldName":"MAILING ADDRESS LINE 3",
"fieldFormat":"40C",
"helpText":"Mailing address for the business unit."
}
,{
"fieldCode":"0105",
"fieldName":"MAILING ADDRESS LINE 4",
"fieldFormat":"40C",
"helpText":"Mailing address for the business unit."
}
,{
"fieldCode":"0106",
"fieldName":"POSTAL CODE",
"fieldFormat":"10C",
"helpText":"Postal code portion of the mailing address for the business unit."
}
,{
"fieldCode":"0107",
"fieldName":"TELEPHONE NUMBER",
"fieldFormat":"20C",
"helpText":"Contact phone number for the business unit."
}
,{
"fieldCode":"0115",
"fieldName":"COUNTRY CODE",
"fieldFormat":"3C",
"helpText":"Code that identifies the country in which this business unit is located. The value you enter must identify an existing country code previously defined via the Country Code Definitions screens (SCMC/SCAC/ SCQC) in the Security Subsystem and Common Routines (SSC) system."
}
,{
"fieldCode":"0111",
"fieldName":"CURRENCY CODE",
"fieldFormat":"3C<br/>Req",
"helpText":"Currency code that identifies the unit of currency for this business unit.<br/>This field is open for input in add mode (ASAO01). If an entry is not made on ASAO01, this field does not allow entry on ASMO01 when it is initially displayed. However, if you press Enter, the field is then open for input. When you complete the ASAO01 or ASMO01 screen and press Enter, ASM displays the following message:<br/>VERIFY CURRENCY CODE AND PRESS ENTER IF CORRECT<br/>The value you enter must be a valid currency code previously defined via the Currency Code Definitions screens (SCMU/SCAU/SCQU) in the Security Subsystem and Common Routines (SSC) system.<br/>The currency code you assign to an business unit determines the values that ASM automatically displays in the CURRENCY CODE NOD, PER ITEM NOD, and PERCENTAGE NOD fields on ASAO01. If these values and the currency code are correct, press Enter again to continue to the next screen.<br/>Note: ASM uses the currency code entered here when displaying the monetary amounts for representative tallies in ASTQ when a CMS business unit is not selected."
}
,{
"fieldCode":"0112",
"fieldName":"CURRENCY CODE NOD",
"fieldFormat":"1N",
"helpText":"Number of decimal positions to the right of the decimal point (or other decimal character) in monetary amount fields. This value defaults from the Currency Codes file in the Security Subsystem and Common Routines (SSC) system based on the currency code assigned to the business unit. You cannot enter or change this value in ASM."
}
,{
"fieldCode":"0114",
"fieldName":"PERCENTAGE NOD",
"fieldFormat":"1N",
"helpText":"Number of decimal positions to the right of the decimal point (or other decimal character) in percentage fields. This value defaults from the Currency Codes file in SSC based on the currency code assigned to the business unit. You cannot enter or change this value in ASM."
}
,{
"fieldCode":"0113",
"fieldName":"PER ITEM NOD",
"fieldFormat":"1N",
"helpText":"Number of decimal positions to the right of the decimal point (or other decimal character) in per item rate fields. This value defaults from the Currency Codes file in SSC based on the currency code assigned to the business unit. You cannot enter or change this value in ASM."
}
],"section3":[
{
"fieldCode":"4001",
"fieldName":"BUSINESS UNIT",
"fieldFormat":"3N",
"helpText":"Identification of the ASM business unit you entered on the Locate screen."
}
,{
"fieldCode":"0108",
"fieldName":"LIST OR RANGE",
"fieldFormat":"1C",
"helpText":"Code that indicates whether the CMS business units entered are a list or a range. The values are:<br/>L = List (Default)<br/>R = Range."
}
,{
"fieldCode":"0109",
"fieldName":"INCLUDE OR EXCLUDE",
"fieldFormat":"1C",
"helpText":"Code that indicates whether ASM includes or excludes the CMS business units entered from the list or range. The values are:<br/>I = Include<br/>E = Exclude (Default)."
}
,{
"fieldCode":"0110",
"fieldName":"CMS BUSINESS UNIT",
"fieldFormat":"3N<br/>(appears 20 times)",
"helpText":"Valid CMS business units the representative assigned to this ASM business unit record can or cannot access within ASM. If you are entering a range of CMS business units, group them by two in the entry fields from left to right across the top line of CMS business unit fields. Then, if needed, use the bottom line of CMS business unit fields. You do not need to enter a list of CMS business units in any particular order"
}
],"section4":[
{
"fieldCode":"4001",
"fieldName":"BUSINESS UNIT",
"fieldFormat":"3N",
"helpText":"Identification of the ASM business unit you entered on the Locate screen."
}
,{
"fieldCode":"4002",
"fieldName":"DATE ESTABLISHED",
"fieldFormat":"8N",
"helpText":"Date the business unit record was established."
}
,{
"fieldCode":"0199",
"fieldName":"DATE LAST MAINTENANCE",
"fieldFormat":"8N",
"helpText":"System-generated date when this record was last modified. This field is always zeros on the add screen."
}
,{
"fieldCode":"0198",
"fieldName":"BUSINESS UNIT REPRESENTATIVE",
"fieldFormat":"3C",
"helpText":"Code that displays the ASM business unit identification of the representative who last modified the record. This field is always blank on the add screen."
}
,{
"fieldCode":"4005",
"fieldName":"BUSINESS UNIT NUMBER",
"fieldFormat":"3N",
"helpText":"Code that displays the ASM business unit number of the record. This field is always blank on the add screen."
}
,{
"fieldCode":"0197",
"fieldName":"RECORD STATUS",
"fieldFormat":"1C",
"helpText":"Status of this record. This status is system-generated; you cannot change it. The values are:<br/>2 = Active<br/>9 = Purge."
}
,{
"fieldCode":"4015",
"fieldName":"ONLINE STATUS",
"fieldFormat":"",
"helpText":""
}
],"section5":[
{
"fieldCode":"4001",
"fieldName":"BUSINESS UNIT",
"fieldFormat":"3N",
"helpText":"Identification of the ASM business unit you entered on the Locate screen."
}
,{
"fieldCode":"0116",
"fieldName":"ADDRESS DISPLAY FORMAT",
"fieldFormat":"1N",
"helpText":"Code that indicates the priority of the (HOUSE NAME), (HOUSE NUMBER), (MAILING ADDRESS LINE 1), (MAILING ADDRESS LINE 2), (MAILING ADDRESS LINE 3), and (MAILING ADDRESS LINE 4) fields to be displayed on ASMW01, ASMW02, ASMW03, and ASMW04.<br/>The values are:<br/>0 = (ADDRESS LINE 1) field from the CMS Customer Name/Address record is displayed<br/>1 = (HOUSE NAME), (HOUSE NUMBER), (MAILING ADDRESS LINE 1), (MAILING ADDRESS LINE 2), (MAILING ADDRESS LINE 3), and (MAILING ADDRESS LINE 4) fields from the CMS Customer Name/Address record are displayed<br/>2 = (HOUSE NUMBER), (HOUSE NAME), (MAILING ADDRESS LINE 1), (MAILING ADDRESS LINE 2), (MAILING ADDRESS LINE 3), and (MAILING ADDRESS LINE 4) fields from the CMS Customer Name/Address record are displayed<br/>3�9 = Reserved for future use."
}
,{
"fieldCode":"0117",
"fieldName":"RESTRICT REFERRAL REP",
"fieldFormat":"1N",
"helpText":"Code that enables you to restrict the updates made by a referral representative. The values are:<br/>0 = No restrictions (Default)<br/>1 = Restrict updates to the amount of monetary actions and updates to the credit limit and temporary credit limit amount in a nonmonetary action for credit limit change<br/>2 = Restrict updates to the credit limit and temporary credit limit amount in a nonmonetary action for credit limit change<br/>3 = Restrict updates to the amount, plan number, effective date, and card number in monetary actions."
}
,{
"fieldCode":"0118",
"fieldName":"MEMO UPDATE",
"fieldFormat":"1N",
"helpText":"Code that indicates whether online modification to memo updates is allowed for the business unit. The values are:<br/>0 = Not allowed (Default)<br/>1 = Allowed."
}
],"section6":[
],"section7":[
{
"fieldCode":"4001",
"fieldName":"BUSINESS UNIT",
"fieldFormat":"3N",
"helpText":"Identification of the ASM business unit you entered on the Locate screen."
}
],"section8":[
{
"fieldCode":"4001",
"fieldName":"BUSINESS UNIT",
"fieldFormat":"3N",
"helpText":"Identification of the ASM business unit you entered on the Locate screen."
}
]},"sections": {
"section0":""
,
"section1":"BUSINESS UNITS - ASMO/ASQO/ASAO"
,
"section2":"BUSINESS UNITS - ASMO/ASQO/ASAO - 01-BUSINESS UNIT DEMOGRAPHICS"
,
"section3":"BUSINESS UNITS - ASMO/ASQO/ASAO - 02-BUSINESS UNIT ASSIGNMENT"
,
"section4":"BUSINESS UNITS - ASMO/ASQO/ASAO - 99-STATUS & ACTIVITY INFORMATION"
,
"section5":"BUSINESS UNITS - ASMO/ASQO/ASAO - Z01-ASM BUSINESS UNIT RECORD"
,
"section6":"BUSINESS UNITS - ASMO/ASQO/ASAO - COPY"
,
"section7":"COPY FROM"
,
"section8":"COPY TO"
}}
