{"data":{
"section0":[
],"section1":[
{
"fieldCode":"4001",
"fieldName":"BUSINESS UNIT",
"fieldFormat":"3N",
"helpText":"Identification number of the business unit associated with this Account Base Segment record. The values are 001–998."
}
,{
"fieldCode":"4002",
"fieldName":"ACCOUNT NUMBER",
"fieldFormat":"19C",
"helpText":"Identification number of the Account Base Segment record."
}
,{
"fieldCode":"4003",
"fieldName":"RECORD NUMBER",
"fieldFormat":"2N",
"helpText":"This field identifies the record number associated with the logo record. The default value for this field is 2 and it is not maintainable."
}
],"section2":[
{
"fieldCode":"4005",
"fieldName":"FILE DATE",
"fieldFormat":"",
"helpText":""
}
,{
"fieldCode":"4006",
"fieldName":"FILE STATUS",
"fieldFormat":"",
"helpText":""
}
],"section3":[
{
"fieldCode":"4020",
"fieldName":"STATUS",
"fieldFormat":"1N",
"helpText":"Status to determine the record status. The values are:<br/>0 = Inactive<br/>1 = Active<br/>9 = Purged."
}
,{
"fieldCode":"0199",
"fieldName":"LAST MAINTENANCE DATE",
"fieldFormat":"",
"helpText":"Date on which the current record was last updated."
}
,{
"fieldCode":"0198",
"fieldName":"LAST MAINTENANCE OPERATOR",
"fieldFormat":"3C",
"helpText":"Operator who has last updated the base segment record."
}
]},"sections": {
"section0":""
,
"section1":"Prepaid Header Load Reload"
,
"section2":"Prepaid Header Load Reload - 01-Prepaid Funding Record File Detail"
,
"section3":"Prepaid Header Load Reload - 99-Status & Activity Information"
}}
