{"data":{
"section0":[
],"section1":[
{
"fieldCode":"4001",
"fieldName":"BUSINESS UNIT",
"fieldFormat":"3N",
"helpText":"Identification number of the business unit associated with this Account Base Segment record. The values are 001-998."
}
,{
"fieldCode":"4002",
"fieldName":"ACCOUNT NUMBER",
"fieldFormat":"19C",
"helpText":"Identification number of the Account Base Segment record."
}
],"section2":[
{
"fieldCode":"4001",
"fieldName":"BUSINESS UNIT",
"fieldFormat":"3N",
"helpText":"Identification number of the business unit associated with this Account Base Segment record. The values are 001-998."
}
,{
"fieldCode":"4002",
"fieldName":"ACCOUNT",
"fieldFormat":"19C",
"helpText":"Identification number of the Account Base Segment record."
}
,{
"fieldCode":"4003",
"fieldName":"PRODUCT",
"fieldFormat":"3N",
"helpText":"Identification number of the product associated with this Account Base Segment record. The values are 001-998."
}
,{
"fieldCode":"1102",
"fieldName":"FUND ACCOUNT NAME",
"fieldFormat":"30C",
"helpText":"Appears 10 times. Name of the account holder for the funding account. This can be the prepaid account holder or another individual."
}
,{
"fieldCode":"1103",
"fieldName":"FUND ACCOUNT ID",
"fieldFormat":"10C",
"helpText":"Appears 10 times. User-defined name associated with the funding account. This field enables the customer to attach a name to the account."
}
,{
"fieldCode":"1104",
"fieldName":"RELOAD DATA",
"fieldFormat":"DATE",
"helpText":"Appears 10 times. Date when the reload will occur."
}
,{
"fieldCode":"1105",
"fieldName":"RELOAD FREQUENCY",
"fieldFormat":"2N",
"helpText":"Appears 10 times. Code that indicates the frequency of recurring reloads to be funded by this credit card, debit card, or savings or checking account. The values are:<br/>00 = Not used (Default)<br/>01-31 = Monthly on a specific day of month (based on DATE)<br/>41-47 = Weekly on a specific day of the week (based on DATE)<br/>41 = Sunday<br/>42 = Monday<br/>43 = Tuesday<br/>44 = Wednesday<br/>45 = Thursday<br/>46 = Friday<br/>47 = Saturday<br/>50 = Biweekly (every two weeks based on DATE)<br/>51 = Semimonthly (1st and 15th) (based on DATE)<br/>60 = Yearly (based on DATE)<br/>98 = One time (based on DATE)<br/>99 = Threshold (based on RELOAD THRESHOLD)."
}
,{
"fieldCode":"1106",
"fieldName":"RELOAD TYPE",
"fieldFormat":"1N",
"helpText":"Appears 10 times. Code that indicates the type of funding account. The values are:<br/>0 = Not used (Default)<br/>1 = Credit/debit card account<br/>2 = Checking/DDA account<br/>3 = Savings account."
}
,{
"fieldCode":"1107",
"fieldName":"RELOAD THRESHOLD AMT",
"fieldFormat":"7N/2D<br/>2N",
"helpText":"Appears 10 times. Threshold amount, in whole monetary units, that triggers a reload. When the open-to-buy amount for the prepaid account<br/>reaches this value, CMS requests a reload from the funding account. This field is valid only when RELOAD FREQUENCY is 99."
}
,{
"fieldCode":"1108",
"fieldName":"RELOAD FUNDING AMT",
"fieldFormat":"7N/2D<br/>2N<br/>",
"helpText":"Appears 10 times. Amount, in whole monetary units, to be requested from the card association or Issuer Banking System (IBS)."
}
,{
"fieldCode":"1109",
"fieldName":"BANK ID",
"fieldFormat":"10C<br/>2N",
"helpText":"Appears 10 times. Dual-use field that accepts a nine-digit routing/transit number (ACH format) or a ten-digit bank ID (non-ACH format) to<br/>identify the financial institution to receive funding for the prepaid account. The format is:<br/>                    ACH format = 0 + nine-digit routing/transit number<br/>                    Non-ACH format = ten-digit bank ID.<br/>When you enter a nine-digit routing/transit number (ACH format), the leading digit must be zero. The Organization<br/>Record indicates whether this field accepts a nine-digit routing/transit number or a ten-digit bank ID (ACH/NON-ACH FILE<br/>FORMAT on Business Units->03-ACH & Report Processing)."
}
,{
"fieldCode":"1110",
"fieldName":"FUND ACCOUNT",
"fieldFormat":"19C<br/>2N<br/>(appears 10 times)",
"helpText":"Card number or demand deposit account (DDA) number used to fund the prepaid card. Card numbers and account numbers<br/>are encrypted using the Key Management System (KMS) and only the last four digits display."
}
,{
"fieldCode":"4020",
"fieldName":"FUND EXP DT",
"fieldFormat":"4N<br/>2N",
"helpText":"Appears 10 times. Date the funding credit or debit account expires."
}
],"section3":[
{
"fieldCode":"4001",
"fieldName":"BUSINESS UNIT",
"fieldFormat":"3N",
"helpText":"Identification number of the business unit associated with this Account Base Segment record. The values are 001-998."
}
,{
"fieldCode":"4002",
"fieldName":"ACCOUNT",
"fieldFormat":"19C",
"helpText":"Identification number of the Account Base Segment record."
}
,{
"fieldCode":"1199",
"fieldName":"DATE LAST MAINTENANCE",
"fieldFormat":"DATE",
"helpText":"Date on which the current record was last updated."
}
,{
"fieldCode":"4006",
"fieldName":"RECORD STATUS",
"fieldFormat":"1N",
"helpText":"Status to determine the record status. The values are:<br/>0 = Inactive<br/>1 = Active<br/>9 = Purged"
}
,{
"fieldCode":"0198",
"fieldName":"LAST MAINTENANCE OPERATOR",
"fieldFormat":"3C",
"helpText":"Operator who has last updated the base segment record."
}
]},"sections": {
"section0":""
,
"section1":"Auto Load/Reload Setup - ARMB11/12/ARQB"
,
"section2":"Auto Load/Reload Setup - ARMB11/12/ARQB - 01-Automatic Prepaid Reload Data - QUERY"
,
"section3":"Auto Load/Reload Setup - ARMB11/12/ARQB - 99-Status and Activity Information - QUERY"
}}
