{"data":{
"section0":[
],"section1":[
{
"fieldCode":"4001",
"fieldName":"BUSINESS UNIT",
"fieldFormat":"3N",
"helpText":"Identification number of the business unit associated with the Name and Address record. The values are 001-998."
}
,{
"fieldCode":"4002",
"fieldName":"ACCOUNT",
"fieldFormat":"19C",
"helpText":"Identification number of the account associated with the Name and Address record."
}
,{
"fieldCode":"4003",
"fieldName":"OWNER/CO-OWNER INDICATOR",
"fieldFormat":"1N",
"helpText":"This field is a flag which indicates whether to display information for the owner, co-owner, or both on subsequent pages. The values are:<br/>0 = Both owner and co-owner<br/>1 = Owner only (Default)<br/>2 = Co-owner only."
}
,{
"fieldCode":"4004",
"fieldName":"DATE",
"fieldFormat":"",
"helpText":"This field is a date field it indicates the date when the information was last changed in Name and Address record."
}
],"section2":[
{
"fieldCode":"4005",
"fieldName":"CARRIER ROUTE",
"fieldFormat":"2N",
"helpText":"Carrier route used to sort mail for postal delivery."
}
,{
"fieldCode":"0132",
"fieldName":"PRIOR ADDRESS POSTAL CODE",
"fieldFormat":"10C",
"helpText":"This field indicates Postal code portion of the mailing address of the owner."
}
,{
"fieldCode":"4011",
"fieldName":"STATEMENT MESSAGE INDICATOR",
"fieldFormat":"1N",
"helpText":"This is flag which indicates Statement message indicator that identifies the version of statement messages used for the customer. The values are 0-9."
}
,{
"fieldCode":"4012",
"fieldName":"LANGUAGE INDICATOR",
"fieldFormat":"3C",
"helpText":"This is User-defined flag that indicates the language spoken by the customer."
}
,{
"fieldCode":"4013",
"fieldName":"HOME PHONE",
"fieldFormat":"20C",
"helpText":"This field that indicates the previous home telephone number of the owner."
}
,{
"fieldCode":"4014",
"fieldName":"WORK PHONE",
"fieldFormat":"20C",
"helpText":"This field that indicates the previous work telephone number of the owner."
}
,{
"fieldCode":"4015",
"fieldName":"WORK PHONE EXTENSION",
"fieldFormat":"6C",
"helpText":"This field indicates the extension number of the Work phone."
}
,{
"fieldCode":"4016",
"fieldName":"NAME LINE 1",
"fieldFormat":"40C",
"helpText":"This field is the Name line 1 of the Name of the owner."
}
,{
"fieldCode":"4017",
"fieldName":"NAME LINE 2",
"fieldFormat":"40C",
"helpText":"This field is the Name line 2 of the Name of the owner."
}
,{
"fieldCode":"4018",
"fieldName":"NAME LINE 3",
"fieldFormat":"40C",
"helpText":"This field is the Name line 3 of the Name of the owner."
}
,{
"fieldCode":"4019",
"fieldName":"HOUSE NAME",
"fieldFormat":"40C",
"helpText":"This field indicates the House name of the owner."
}
,{
"fieldCode":"4020",
"fieldName":"ADDRESS LINE 1",
"fieldFormat":"40C",
"helpText":"This field is the part of the Mailing address of the owner."
}
,{
"fieldCode":"4021",
"fieldName":"ADDRESS LINE 2",
"fieldFormat":"40C",
"helpText":"This field is the part of the Mailing address of the owner."
}
,{
"fieldCode":"4022",
"fieldName":"ADDRESS LINE 3",
"fieldFormat":"40C",
"helpText":"This field is the part of the Mailing address of the owner."
}
,{
"fieldCode":"4023",
"fieldName":"ADDRESS LINE 4",
"fieldFormat":"40C",
"helpText":"This field is the part of the Mailing address of the owner."
}
,{
"fieldCode":"4024",
"fieldName":"CITY",
"fieldFormat":"30C",
"helpText":"The field indicates the City portion of the mailing address of the owner."
}
,{
"fieldCode":"4025",
"fieldName":"PROVINCE",
"fieldFormat":"3C",
"helpText":"This field indicates the State or province portion of the mailing address of the owner."
}
,{
"fieldCode":"4026",
"fieldName":"MEMO LINE 1",
"fieldFormat":"60C",
"helpText":"This field gives Information about the customer from the Name and Address record (MEMO LINE 1 on Name and Address->03-Owner Employment Information)."
}
,{
"fieldCode":"4027",
"fieldName":"MEMO LINE 2",
"fieldFormat":"60C",
"helpText":"This field gives Information about the customer from the Name and Address record (MEMO LINE 2 on Name and Address->03-Owner Employment Information)."
}
,{
"fieldCode":"4028",
"fieldName":"HOUSE NUMBER",
"fieldFormat":"20C",
"helpText":"This field indicates the House number of the owner."
}
,{
"fieldCode":"4029",
"fieldName":"TITLE",
"fieldFormat":"20C",
"helpText":"This field indicates Title of the owner."
}
,{
"fieldCode":"4030",
"fieldName":"SUFFIX",
"fieldFormat":"20C",
"helpText":"This field indicates Suffix of the name of the owner."
}
,{
"fieldCode":"4031",
"fieldName":"COUNTY",
"fieldFormat":"30C",
"helpText":"This field indicates County portion of the mailing address of the owner."
}
,{
"fieldCode":"4032",
"fieldName":"COUNTRY CODE",
"fieldFormat":"3C",
"helpText":"This field indicates country code of the owner."
}
,{
"fieldCode":"4033",
"fieldName":"EMAIL ADDRESS",
"fieldFormat":"60C",
"helpText":"This indicates the previous e-mail address of the owner."
}
,{
"fieldCode":"4034",
"fieldName":"EMAIL DATE MAINTENANCE",
"fieldFormat":"DATE",
"helpText":"This field is the date when the e-mail address was last modified."
}
,{
"fieldCode":"4035",
"fieldName":"FAX PHONE",
"fieldFormat":"20C",
"helpText":"This field is the fax telephone number of the owner."
}
,{
"fieldCode":"4036",
"fieldName":"FAX PHONE INDICATOR",
"fieldFormat":"1N",
"helpText":"This field is a code that indicates whether you have the owners permission to use this number. The values are:<br/>0 = No, owner may not be contacted using this number<br/>1 = Yes, owner may be contacted using this number (Default)<br/>2 = Preferred contact method."
}
,{
"fieldCode":"4037",
"fieldName":"FAX PHONE DATE MAINTENANCE",
"fieldFormat":"DATE",
"helpText":"This field is the date which indicates when the fax number was last modified."
}
,{
"fieldCode":"4038",
"fieldName":"HOME PHONE INDICATOR",
"fieldFormat":"1N",
"helpText":"This field is a code that indicates whether you have the owners permission to use this home phone number. The values are:<br/>0 = No, owner may not be contacted using this number<br/>1 = Yes, owner may be contacted using this number (Default)<br/>2 = Preferred contact method."
}
,{
"fieldCode":"4039",
"fieldName":"HOME PHONE DATE MAINTENANCE",
"fieldFormat":"DATE",
"helpText":"This field is the date which indicates when the home phone number was last modified."
}
,{
"fieldCode":"4040",
"fieldName":"WORK PHONE INDICATOR",
"fieldFormat":"1N",
"helpText":"This field is a code that indicates whether you have the owners permission to use this work phone number. The values are:<br/>0 = No, owner may not be contacted using this number<br/>1 = Yes, owner may be contacted using this number (Default)<br/>2 = Preferred contact method."
}
,{
"fieldCode":"4041",
"fieldName":"WORK PHONE DATE MAINTENANCE",
"fieldFormat":"DATE",
"helpText":"This field is the date which indicates when the work phone number was last modified."
}
,{
"fieldCode":"4042",
"fieldName":"MOBILE PHONE NUMBER",
"fieldFormat":"20C",
"helpText":"This field is the mobile phone number of the owner."
}
,{
"fieldCode":"4043",
"fieldName":"MOBILE PHONE INDICATOR",
"fieldFormat":"1N",
"helpText":"This field is a code that indicates whether you have the owners permission to use this mobile phone number. The values are:<br/>0 = No, owner may not be contacted using this number<br/>1 = Yes, owner may be contacted using this number (Default)<br/>2 = Preferred contact method."
}
,{
"fieldCode":"4044",
"fieldName":"MOBILE PHONE DATE MAINTENANCE",
"fieldFormat":"DATE",
"helpText":"This field is the date which indicates when the mobile phone number was last modified."
}
,{
"fieldCode":"4045",
"fieldName":"EMAIL INDICATOR",
"fieldFormat":"1N",
"helpText":"This field is a flag that indicates whether you have the owners permission to use this e-mail address. The values are:<br/>0 = No, owner may not be contacted using this e-mail address<br/>1 = Yes, owner may be contacted using this e-mail address (Default)<br/>2 = Preferred contact method."
}
,{
"fieldCode":"4080",
"fieldName":"INDICATOR",
"fieldFormat":"",
"helpText":""
}
],"section3":[
{
"fieldCode":"5101",
"fieldName":"STATUS",
"fieldFormat":"1N",
"helpText":"This is the Status of the record. The value in this field is system-generated; you cannot change it. Varied values of status of a record are:-<br/>1 = Active record.<br/>9 = Purged record."
}
,{
"fieldCode":"0199",
"fieldName":"LAST MAINTENANCE DATE",
"fieldFormat":"DATE",
"helpText":"Date of the last maintenance for this record. The date in this field is system-generated; you cannot change it."
}
,{
"fieldCode":"0198",
"fieldName":"LAST MAINTENANCE OPER",
"fieldFormat":"3C",
"helpText":"This field is the Operator id of the operator who last maintains this record. This field is system-generated; you cannot change it."
}
]},"sections": {
"section0":""
,
"section1":"Prior Mailing Name and Address - ARPI"
,
"section2":"Prior Mailing Name and Address-01-Prior Mailing Name And Address Detail"
,
"section3":"Prior Mailing Name and Address - ARPI - 99-Status and Activity Information"
}}
