{"data":{
"section0":[
],"section1":[
{
"fieldCode":"4001",
"fieldName":"BUSINESS UNIT",
"fieldFormat":"3N",
"helpText":"Identification number of the business unit associated with the Promotion Profile record. The values are 001-998."
}
,{
"fieldCode":"4002",
"fieldName":"PROMOTIONAL CODE",
"fieldFormat":"4C",
"helpText":"Code that identifies the Promotion Profile record. The promotion code cannot be blank (or space) or 9999.<br/>Note: You cannot use the same promotion codes within an business unit.  However, you can use the same promotion codes in different business units. For example, you can have a promotion code ABCD in business units 100 and the same code can identify a different Promotion Profile record in business unit 200."
}
,{
"fieldCode":"0101",
"fieldName":"PROFILE DESCRIPTION",
"fieldFormat":"30C",
"helpText":"Description of this Promotion Profile record. The description displays on the page and prints on reports for identification purposes."
}
],"section2":[
{
"fieldCode":"4001",
"fieldName":"BUSINESS UNIT",
"fieldFormat":"3N",
"helpText":"Identification number of the business unit associated with the Promotion Profile record. The values are 001-998."
}
,{
"fieldCode":"4002",
"fieldName":"PROMOTIONAL CODE",
"fieldFormat":"4C",
"helpText":"Code that identifies the Promotion Profile record. The promotion code cannot be blank (or space) or 9999."
}
,{
"fieldCode":"4006",
"fieldName":"DATE ADDED",
"fieldFormat":"DATE",
"helpText":"Date on which this Promotion Profile record was added. This date is system-generated; you cannot change it."
}
,{
"fieldCode":"0101",
"fieldName":"PROFILE DESCRIPTION",
"fieldFormat":"30C",
"helpText":"Description of this Promotion Profile record. The description displays on the page and prints on reports for identification purposes."
}
,{
"fieldCode":"0102",
"fieldName":"BEGIN DATE",
"fieldFormat":"DATE",
"helpText":"Earliest effective date a qualified transaction can have and still be historically posted to the profile statistics."
}
,{
"fieldCode":"0103",
"fieldName":"END DATE",
"fieldFormat":"DATE",
"helpText":"Latest effective date a qualified transaction can have and still be historically posted to the profile statistics.<br/>Note: Although the promotion program is no longer effective after the ending date, CMS does not automatically delete the Promotion Profile record, and you cannot delete the record manually. This is so you can display statistics for the promotion program using the Promotion profile statistics service even after the program ends."
}
,{
"fieldCode":"0105",
"fieldName":"ANALYSIS CODE",
"fieldFormat":"2C",
"helpText":"User-defined code used to group multiple Promotion Profile records for ad hoc reporting. If several records have the same analysis code, CMS can generate reports that group the records and provide grand totals for all records in the group."
}
,{
"fieldCode":"0106",
"fieldName":"COST PER ACCOUNT",
"fieldFormat":"15N/2D",
"helpText":"Estimated cost per account for this promotion in whole monetary units. This amount can represent an account setup cost or a continuing administrative cost."
}
,{
"fieldCode":"0110",
"fieldName":"COST PER APPROVED ACCOUNT",
"fieldFormat":"15N/2D",
"helpText":"Estimated cost per approved account for this promotion in whole monetary units. This amount can represent an account setup cost or a continuing administrative cost."
}
,{
"fieldCode":"0107",
"fieldName":"GROSS PROFIT PERCENTAGE",
"fieldFormat":"7N",
"helpText":"Percentage to use for calculating the estimated gross profit for a promotion."
}
,{
"fieldCode":"0108",
"fieldName":"PROMOTION EXPENSE",
"fieldFormat":"15N/2D",
"helpText":"Estimated cost for this particular promotion in whole monetary units. Compare this amount to the actual costs calculated for a promotion (number of accounts multiplied by the account cost), or use these fields to calculate the actual cost per account (anticipated promotion cost divided by the number of accounts)."
}
,{
"fieldCode":"0113",
"fieldName":"30 DAYS",
"fieldFormat":"3N",
"helpText":"This field indicates the percentage of all accounts that you anticipate will fall within 30 days delinquency category."
}
,{
"fieldCode":"0114",
"fieldName":"60 DAYS",
"fieldFormat":"3N",
"helpText":"This field indicates the percentage of all accounts that you anticipate will fall within 60 days delinquency category."
}
,{
"fieldCode":"0115",
"fieldName":"90 DAYS",
"fieldFormat":"3N",
"helpText":"This field indicates the percentage of all accounts that you anticipate will fall within 90 days delinquency category."
}
,{
"fieldCode":"0116",
"fieldName":"120 DAYS",
"fieldFormat":"3N",
"helpText":"This field indicates the percentage of all accounts that you anticipate will fall within 120 days delinquency category."
}
,{
"fieldCode":"0117",
"fieldName":"150 DAYS",
"fieldFormat":"3N",
"helpText":"This field indicates the percentage of all accounts that you anticipate will fall within 150 days delinquency category."
}
,{
"fieldCode":"0118",
"fieldName":"180 DAYS",
"fieldFormat":"3N",
"helpText":"This field indicates the percentage of all accounts that you anticipate will fall within 180 days delinquency category."
}
,{
"fieldCode":"0119",
"fieldName":"210 DAYS",
"fieldFormat":"3N",
"helpText":"This field indicates the percentage of all accounts that you anticipate will fall within 210 days delinquency category.<br/>Example: you can enter 001 in 210 DAYS to indicate that you anticipate 1% of all accounts will be 210 or more days delinquent. You can use these fields to analyze the success of a promotion. The percentage NOD does not apply to this field; the location of the decimal is indicated by the examples. The values are 000-999. The default is 000.<br/>Examples:  Enter 1% as 001, 10% as 010, 100% as 100."
}
,{
"fieldCode":"0111",
"fieldName":"CHARGE-OFF NUMBER",
"fieldFormat":"7N",
"helpText":"This field indicates the anticipated number and total amount, in whole monetary units, of charged-off accounts for this promotion."
}
,{
"fieldCode":"0112",
"fieldName":"CHARGE-OFF AMOUNT",
"fieldFormat":"15N/2D",
"helpText":"This field is the total amount of charged-off accounts for this promotion. This field must be entered in whole monetary units. You can use these fields to analyze the success of a promotion."
}
,{
"fieldCode":"0120",
"fieldName":"RESPONSES RETURNED",
"fieldFormat":"9N",
"helpText":"Estimated number of responses you expect to receive during this promotion."
}
,{
"fieldCode":"0121",
"fieldName":"RESPONSES APPROVED",
"fieldFormat":"9N",
"helpText":"Estimated number of responses you expect to receive and approve during this promotion."
}
,{
"fieldCode":"0122",
"fieldName":"RESPONSES DECLINED",
"fieldFormat":"9N",
"helpText":"Estimated number of responses you expect to receive and decline during this promotion."
}
],"section3":[
{
"fieldCode":"4001",
"fieldName":"BUSINESS UNIT",
"fieldFormat":"3N",
"helpText":"Identification number of the business unit associated with the Promotion Profile record. The values are 001-998."
}
,{
"fieldCode":"4002",
"fieldName":"PROMOTIONAL CODE",
"fieldFormat":"4C",
"helpText":"Code that identifies the Promotion Profile record. The promotion code cannot be blank (or space) or 9999."
}
,{
"fieldCode":"0201",
"fieldName":"CREDIT PLAN SELECTION METHOD",
"fieldFormat":"1C",
"helpText":"Code that indicates whether specific credit plans are included in or excluded from a promotion. The values are:<br/>Include (I)<br/>Exclude (E)<br/>All Credit Plans Qualify ()"
}
],"section4":[
{
"fieldCode":"0202",
"fieldName":"CREDIT PLAN #",
"fieldFormat":"",
"helpText":"Identification number of the credit plan."
}
,{
"fieldCode":"0202",
"fieldName":"CREDIT PLANS",
"fieldFormat":"5N",
"helpText":"Appears 40 times. Plan numbers that identify credit plans included in or excluded from a promotion. The values are 00000-99998. Zeros indicate the field is not used.<br/>Note: If CREDIT PLAN SELECTION METHOD is I or E, at least one valid plan number (00001-99998) is required."
}
],"section5":[
{
"fieldCode":"4001",
"fieldName":"BUSINESS UNIT",
"fieldFormat":"3N",
"helpText":"Identification number of the business unit associated with the Promotion Profile record. The values are 001-998."
}
,{
"fieldCode":"4002",
"fieldName":"PROMOTIONAL CODE",
"fieldFormat":"4C",
"helpText":"Code that identifies the Promotion Profile record. The promotion code cannot be blank (or space) or 9999."
}
,{
"fieldCode":"0203",
"fieldName":"STORE SELECTION METHOD",
"fieldFormat":"1C",
"helpText":"Code that indicates whether specific store numbers are included in or excluded from a promotion. The values are:<br/>Include (I)<br/>Exclude (E)<br/>All Stores Qualify ()"
}
],"section6":[
{
"fieldCode":"0204",
"fieldName":"MERCHANT NUMBER #",
"fieldFormat":"",
"helpText":"Identification number of the merchant."
}
,{
"fieldCode":"0204",
"fieldName":"MERCHANT NUMBER",
"fieldFormat":"9N",
"helpText":"Appears 25 times. Store numbers that identify stores included in or excluded from a promotion. The values are 000000000-999999998. Zeros indicate the field is not used.<br/>Note:  If STORE SELECTION METHOD is I or E, at least one valid store number (000000001-999999998) is required.<br/>Note:  If MBS is installed, the store must be on file in the MBS business unit defined in the Store-Org User Exit. If the store is not defined in the user exit, the business unit number of the current CMS master record will be used as a default.<br/>Note: If MBS is installed, only a store status of 1 (active) or 6 (closed) will be valid. A store entry will be considered invalid for the following status conditions: 0 (incomplete), 2 (inactive), 3 (model), 7 (pending purge), 8 (purging), and 9 (purged)."
}
],"section7":[
{
"fieldCode":"4001",
"fieldName":"BUSINESS UNIT",
"fieldFormat":"3N",
"helpText":"Identification number of the business unit associated with the Promotion Profile record. The values are 001-998."
}
,{
"fieldCode":"4002",
"fieldName":"PROMOTIONAL CODE",
"fieldFormat":"4C",
"helpText":"Code that identifies the Promotion Profile record. The promotion code cannot be blank (or space) or 9999."
}
,{
"fieldCode":"0205",
"fieldName":"DEPARTMENT SELECTION METHOD",
"fieldFormat":"1C",
"helpText":"Code that indicates whether specific department codes are included in or excluded from a promotion. The values are:<br/>Include (I)<br/>Exclude (E)<br/>All Deps Qualify ()"
}
],"section8":[
{
"fieldCode":"0206",
"fieldName":"DEPARTMENT CODE #",
"fieldFormat":"",
"helpText":"Identification number of the department."
}
,{
"fieldCode":"0206",
"fieldName":"DEPARTMENT CODE",
"fieldFormat":"4C",
"helpText":"Appears 40 times. Department codes that identify departments included in or excluded from a promotion. A blank indicates the field is not used.<br/>Note: If DEPARTMENT SELECTION METHOD is I or E, at least one valid department code is required."
}
],"section9":[
{
"fieldCode":"4001",
"fieldName":"BUSINESS UNIT",
"fieldFormat":"3N",
"helpText":"Identification number of the business unit associated with the Promotion Profile record. The values are 001-998."
}
,{
"fieldCode":"4002",
"fieldName":"PROMOTIONAL CODE",
"fieldFormat":"4C",
"helpText":"Code that identifies the Promotion Profile record. The promotion code cannot be blank (or space) or 9999."
}
,{
"fieldCode":"0301",
"fieldName":"SELECTION METHOD",
"fieldFormat":"1C",
"helpText":"Code that indicates whether specific stock keeping units (SKUs) are included in or excluded from a promotion. The values are:<br/>Include (I)<br/>Exclude (E)<br/>All SKUs Qualify ()"
}
],"section10":[
{
"fieldCode":"0302",
"fieldName":"STOCK KEEPING UNIT #",
"fieldFormat":"",
"helpText":"Identification number of the stock keeping unit."
}
,{
"fieldCode":"0302",
"fieldName":"STOCK KEEPING UNIT",
"fieldFormat":"9N",
"helpText":"Appears 25 times. Stock keeping unit (SKU) numbers included in or excluded from a promotion. Zeros indicate a field is not used.<br/>Note: If SELECTION METHOD is I or E, at least one valid SKU number is required."
}
],"section11":[
{
"fieldCode":"4001",
"fieldName":"BUSINESS UNIT",
"fieldFormat":"3N",
"helpText":"Identification number of the business unit associated with the Promotion Profile record. The values are 001-998."
}
,{
"fieldCode":"4002",
"fieldName":"PROMOTIONAL CODE",
"fieldFormat":"4C",
"helpText":"Code that identifies the Promotion Profile record. The promotion code cannot be blank (or space) or 9999."
}
,{
"fieldCode":"0303",
"fieldName":"TRANSACTION CODE",
"fieldFormat":"1C",
"helpText":"Code that indicates whether specific transaction codes are included in or excluded from a promotion. The values are:<br/>Include (I)<br/>Exclude (E)<br/>All Txn Qualify ()"
}
],"section12":[
{
"fieldCode":"0304",
"fieldName":"TRANSACTION CODE #",
"fieldFormat":"",
"helpText":"Identification number of the transaction code."
}
,{
"fieldCode":"0304",
"fieldName":"TRANSACTION CODE",
"fieldFormat":"4N",
"helpText":"Appears 45 times. Transaction codes included in or excluded from a promotion. Zeros indicate a field is not used.<br/>Note:  If TRANSACTION CODE is I or E, at least one valid transaction code is required."
}
],"section13":[
{
"fieldCode":"4001",
"fieldName":"BUSINESS UNIT",
"fieldFormat":"3N",
"helpText":"Identification number of the business unit associated with the Promotion Profile record. The values are 001-998."
}
,{
"fieldCode":"4002",
"fieldName":"PROMOTIONAL CODE",
"fieldFormat":"4C",
"helpText":"Code that identifies the Promotion Profile record. The promotion code cannot be blank (or space) or 9999."
}
,{
"fieldCode":"0309",
"fieldName":"PRODUCT SELECTION METHOD",
"fieldFormat":"1C",
"helpText":"Code that indicates whether specific product numbers are included in or excluded from a promotion profile. The values are:<br/>Include (I)<br/>Exclude (E)<br/>All Logo Qualify ()"
}
],"section14":[
{
"fieldCode":"0305",
"fieldName":"PRODUCT #",
"fieldFormat":"",
"helpText":"Identification number of the logo."
}
,{
"fieldCode":"0305",
"fieldName":"PRODUCTS",
"fieldFormat":"3N",
"helpText":"Appears 27 times. Product numbers included in or excluded from a promotion. Valid entries are 000-998. Zeros indicate a field is not used.<br/>Note: If PRODUCT SELECTION METHOD is I or E, at least one valid product number (001-998) is required."
}
],"section15":[
{
"fieldCode":"4001",
"fieldName":"BUSINESS UNIT",
"fieldFormat":"3N",
"helpText":"Identification number of the business unit associated with the Promotion Profile record. The values are 001-998."
}
,{
"fieldCode":"4002",
"fieldName":"PROMOTIONAL CODE",
"fieldFormat":"4C",
"helpText":"Code that identifies the Promotion Profile record. The promotion code cannot be blank (or space) or 9999."
}
,{
"fieldCode":"4004",
"fieldName":"STAUS",
"fieldFormat":"1C",
"helpText":"Sates of this Interest table. This status is system-generated; you cannot change it.<br/>The values are:<br/>1<br/>9"
}
,{
"fieldCode":"0199",
"fieldName":"LAST MAINTENANCE DATE",
"fieldFormat":"DATE",
"helpText":"Date of the last maintenance on this Promotion Profile record. This date is system-generated; you cannot change it"
}
,{
"fieldCode":"0198",
"fieldName":"LAST MAINTENANCE OPERATOR",
"fieldFormat":"8N",
"helpText":"Operator name that has last maintained Promotion Profile record. This field is system-generated; you cannot change it."
}
]},"sections": {
"section0":""
,
"section1":"Promotion Profile"
,
"section2":"01-Promotion Profile Detail"
,
"section3":"02-Promotion Plans Selection"
,
"section4":"CREDIT PLAN SELECTION CRITERIA:"
,
"section5":"03-Promotion Merchant Selection"
,
"section6":"MERCHANT SELECTION CRITERIA TABLE:"
,
"section7":"04-Promotion Department Selection"
,
"section8":"DEPARTMENT SELECTION CRITERIA TABLE:"
,
"section9":"05-Promotion SKU Selection"
,
"section10":"STORE KEEPING UNIT SELECTION TABLE:"
,
"section11":"06-Promotion Transaction Selection"
,
"section12":"TRANSACTION SELECTION CRITERIA TABLE:"
,
"section13":"07-Promotion Product Selection"
,
"section14":"PRODUCT SELECTION CRITERIA TABLE:"
,
"section15":"99-Status and Activity Information"
}}
