{"data":{
"section0":[
],"section1":[
{
"fieldCode":"4802",
"fieldName":"BUSINESS UNIT",
"fieldFormat":"3N",
"helpText":"Identification number of the business unit associated with the account. The values are 001-998."
}
,{
"fieldCode":"4803",
"fieldName":"ACCOUNT NUMBER",
"fieldFormat":"19C",
"helpText":"Identification number of the account associated with the Credit Plan Segment records that you want to view."
}
,{
"fieldCode":"4804",
"fieldName":"RECORD NUMBER",
"fieldFormat":"3N",
"helpText":"Record number that identifies each Credit Plan Segment record assigned to the account. The values are 000-999. The value 000 indicates a phantom plan used to disclose interest rates when no cash or retail plan exists for an account."
}
],"section2":[
{
"fieldCode":"4802",
"fieldName":"BUSINESS UNIT",
"fieldFormat":"3N",
"helpText":"Identification number of the business unit associated with the account. The values are 001-998."
}
,{
"fieldCode":"4803",
"fieldName":"ACCOUNT NUMBER",
"fieldFormat":"19C",
"helpText":"Identification number of the account associated with the Credit Plan Segment records that you want to view."
}
,{
"fieldCode":"4804",
"fieldName":"RECORD NUMBER",
"fieldFormat":"3N",
"helpText":"Record number that identifies each Credit Plan Segment record assigned to the account. The values are 000-999. The value 000 indicates a phantom plan used to disclose interest rates when no cash or retail plan exists for an account."
}
,{
"fieldCode":"4805",
"fieldName":"RECORD TYPE",
"fieldFormat":"2N",
"helpText":"Identification number of the type of record associated with the account provided in home page. The default value for this field is 8."
}
,{
"fieldCode":"0199",
"fieldName":"DATE LAST UPDATED",
"fieldFormat":"DATE",
"helpText":"Date the current settlement quote was calculated for a loan plan."
}
,{
"fieldCode":"4808",
"fieldName":"PLAN NUMBER",
"fieldFormat":"5N",
"helpText":"It identifies the plan number of the Credit Plan Master record associated with the Credit Plan Segment record."
}
,{
"fieldCode":"9704",
"fieldName":"SETTLEMENT TYPE",
"fieldFormat":"1C",
"helpText":"Code that identifies the settlement type of the current quote displayed. The values are:<br/>P =  Settlement quote with penalties for interest, insurance, user-defined fees, and possibly a termination fee<br/>S = System-calculated settlement quote<br/>W =  Settlement quote waiving the termination fee and penalties for interest, insurance, and user-defined fees<br/>X = Penalty quote that is settled due to payment<br/>Y = Waived penalty quote that is settled due to payment<br/>Z = System quote that is settled due to payment."
}
,{
"fieldCode":"9701",
"fieldName":"PAYOFF LETTER ID",
"fieldFormat":"3C",
"helpText":"Number that identifies the payoff letter that was requested at quote time and sent to the borrower."
}
,{
"fieldCode":"9702",
"fieldName":"LETTER CODE",
"fieldFormat":"1C",
"helpText":"Code that indicates if a payoff letter to the borrower was requested. The value X indicates a letter was requested."
}
,{
"fieldCode":"9733",
"fieldName":"PROJECTED SETTLEMENT DATE",
"fieldFormat":"DATE",
"helpText":"Date of the current payoff-by date for the settlement quote. The customer may have additional days past the settlement quote date to settle a loan if extension days are utilized on the Credit Plan Master (SETTLEMENT EXTENSION DAYS 1-2 on Credit Plans->09-early Settlement Controls)."
}
,{
"fieldCode":"4817",
"fieldName":"SETTLEMENT QUOTE EXPIRATION DATE",
"fieldFormat":"DATE",
"helpText":"Expiration date of the current settlement quote for this loan plan. This is the last date the calculated quote is valid for a plan.<br/>This field is also used for the expiration date of the quote based on the extension days available to the customer to settle plan. If extension days are used, there are additional days past the settlement quote date to settle a loan. The date is based on the current settlement quote date and the number of extension days."
}
,{
"fieldCode":"4819",
"fieldName":"PAYOFF WITHOUT PAYMENT DUE BALANCE",
"fieldFormat":"15N/2D",
"helpText":"Current payoff amount. A payment of this amount prior to the payoff-by date is projected to settle the plan.<br/>The payoff amount is based on the assumption that the normal payment due is not paid prior to the settlement quote date."
}
,{
"fieldCode":"4821",
"fieldName":"PAYOFF WITH PAYMENT DUE BALANCE",
"fieldFormat":"15N/2D",
"helpText":"Current payoff amount (PAYOFF WITHOUT PAYMENT DUE BALANCE) reduced by the normal payment due. A payment of this amount prior to the payoff-by date is projected to settle the plan. The payoff amount is prior to the next payment due and is based on the assumption that the normal payment due was paid."
}
,{
"fieldCode":"4823",
"fieldName":"REBATE INSURANCE",
"fieldFormat":"15N/2D",
"helpText":"This field is the amount of precomputed insurance to be rebated to the customer, after deducting any penalty insurance amount."
}
,{
"fieldCode":"4824",
"fieldName":"REBATE INTEREST",
"fieldFormat":"15N/2D",
"helpText":"This field is the amount of precomputed interest to be rebated to the customer, after deducting any penalty interest amount."
}
,{
"fieldCode":"4825",
"fieldName":"REBATE USER-DEFINED FEE 1",
"fieldFormat":"15N/2D",
"helpText":"This field is the combined precomputed user-defined fees rebated to the customer, after deducting any penalty user-defined fee amount. If payoff occurs prior to the first payment due date, deferred or regular, this will be the full initial precomputed user-defined fee amount."
}
,{
"fieldCode":"4826",
"fieldName":"REBATE USER-DEFINED FEE 2",
"fieldFormat":"15N/2D",
"helpText":"This field is the combined precomputed user-defined fees rebated to the customer, after deducting any penalty user-defined fee amount. If payoff occurs prior to the first payment due date, deferred or regular, this will be the full initial precomputed user-defined fee amount."
}
,{
"fieldCode":"4827",
"fieldName":"REBATE USER-DEFINED FEE 3",
"fieldFormat":"15N/2D",
"helpText":"This field is the combined precomputed user-defined fees rebated to the customer, after deducting any penalty user-defined fee amount. If payoff occurs prior to the first payment due date, deferred or regular, this will be the full initial precomputed user-defined fee amount."
}
,{
"fieldCode":"4828",
"fieldName":"REBATE USER-DEFINED FEE 4",
"fieldFormat":"15N/2D",
"helpText":"This field is the combined precomputed user-defined fees rebated to the customer, after deducting any penalty user-defined fee amount. If payoff occurs prior to the first payment due date, deferred or regular, this will be the full initial precomputed user-defined fee amount."
}
,{
"fieldCode":"4829",
"fieldName":"REBATE USER-DEFINED FEE 5",
"fieldFormat":"15N/2D",
"helpText":"This field is the combined precomputed user-defined fees rebated to the customer, after deducting any penalty user-defined fee amount. If payoff occurs prior to the first payment due date, deferred or regular, this will be the full initial precomputed user-defined fee amount."
}
,{
"fieldCode":"4830",
"fieldName":"REBATE USER-DEFINED FEE 6",
"fieldFormat":"15N/2D",
"helpText":"This field is the combined precomputed user-defined fees rebated to the customer, after deducting any penalty user-defined fee amount. If payoff occurs prior to the first payment due date, deferred or regular, this will be the full initial precomputed user-defined fee amount."
}
,{
"fieldCode":"4831",
"fieldName":"PENALTY INSURANCE",
"fieldFormat":"15N/2D",
"helpText":"This field is the amount of calculated penalty insurance figured in the calculation of the insurance rebate amount."
}
,{
"fieldCode":"4832",
"fieldName":"PENALTY INTEREST",
"fieldFormat":"15N/2D",
"helpText":"This field is the amount of calculated penalty interest figured in the calculation of the interest rebate amount."
}
,{
"fieldCode":"4833",
"fieldName":"PENALTY USER-DEFINED FEE 1",
"fieldFormat":"15N/2D",
"helpText":"This field is the total amount of calculated penalty user-defined fee amount figured in the calculation of the user-defined fees rebate amount."
}
,{
"fieldCode":"4834",
"fieldName":"PENALTY USER-DEFINED FEE 2",
"fieldFormat":"15N/2D",
"helpText":"This field is the total amount of calculated penalty user-defined fee amount figured in the calculation of the user-defined fees rebate amount."
}
,{
"fieldCode":"4835",
"fieldName":"PENALTY USER-DEFINED FEE 3",
"fieldFormat":"15N/2D",
"helpText":"This field is the total amount of calculated penalty user-defined fee amount figured in the calculation of the user-defined fees rebate amount."
}
,{
"fieldCode":"4836",
"fieldName":"PENALTY USER-DEFINED FEE 4",
"fieldFormat":"15N/2D",
"helpText":"This field is the total amount of calculated penalty user-defined fee amount figured in the calculation of the user-defined fees rebate amount."
}
,{
"fieldCode":"4837",
"fieldName":"PENALTY USER-DEFINED FEE 5",
"fieldFormat":"15N/2D",
"helpText":"This field is the total amount of calculated penalty user-defined fee amount figured in the calculation of the user-defined fees rebate amount."
}
,{
"fieldCode":"4838",
"fieldName":"PENALTY USER-DEFINED FEE 6",
"fieldFormat":"15N/2D",
"helpText":"This field is the total amount of calculated penalty user-defined fee amount figured in the calculation of the user-defined fees rebate amount."
}
,{
"fieldCode":"4839",
"fieldName":"TERMINATION FEE",
"fieldFormat":"15N/2D",
"helpText":"Fee assessed to the customer for the early settlement of a loan."
}
,{
"fieldCode":"4840",
"fieldName":"CURRENT ACCRUED INTEREST",
"fieldFormat":"15N/2D",
"helpText":"Current accrued interest included in the early settlement quote for accounts using the daily accrual method."
}
,{
"fieldCode":"4841",
"fieldName":"PROJECTED ACCRUED INTEREST",
"fieldFormat":"15N/2D",
"helpText":"Projected accrued interest included in the early settlement quote for accounts using the daily accrual method. This field is applicable only for loan credit plans with system-generated components (INTEREST CCI on Loan details->01-Loan Disclosed & Init Amts is 0)."
}
,{
"fieldCode":"4934",
"fieldName":"SETTLEMENT DATE",
"fieldFormat":"DATE",
"helpText":"Date a current quote on a plan has been settled by an applied payment that meets the variable criteria allowed for settling."
}
],"section3":[
{
"fieldCode":"4802",
"fieldName":"BUSINESS UNIT",
"fieldFormat":"3N",
"helpText":"Identification number of the business unit associated with the account. The values are 001-998."
}
,{
"fieldCode":"4803",
"fieldName":"ACCOUNT NUMBER",
"fieldFormat":"19C",
"helpText":"Identification number of the account associated with the Credit Plan Segment records that you want to view."
}
,{
"fieldCode":"4804",
"fieldName":"RECORD NUMBER",
"fieldFormat":"3N",
"helpText":"Record number that identifies each Credit Plan Segment record assigned to the account. The values are 000-999. The value 000 indicates a phantom plan used to disclose interest rates when no cash or retail plan exists for an account."
}
,{
"fieldCode":"4805",
"fieldName":"RECORD TYPE",
"fieldFormat":"2N",
"helpText":"Identification number of the type of record associated with the account provided in home page. The default value for this field is 8."
}
,{
"fieldCode":"0198",
"fieldName":"LAST MAINTENANCE OPERATOR",
"fieldFormat":"3C",
"helpText":"This field indicates the operator who has done the last maintenance for this record. This field is system-generated; you cannot change it."
}
,{
"fieldCode":"4942",
"fieldName":"RECORD STATUS",
"fieldFormat":"1C",
"helpText":"Code that indicates the status of the credit plan segment table. The values are:<br/>0 = Record is inactive (Default)<br/>1 = Record is active<br/>9 = Record is to be purged."
}
]},"sections": {
"section0":""
,
"section1":"Settlement Details-Home Page"
,
"section2":"Settlement Details-01-Settlement Quote Information"
,
"section3":"Settlement Details-99-Status & Activity Information"
}}
