{"data":{
"section0":[
],"section1":[
{
"fieldCode":"0282",
"fieldName":"BUSINESS UNIT",
"fieldFormat":"3N",
"helpText":"Identification number of the business unit associated with the account. The values are 001-998."
}
,{
"fieldCode":"0283",
"fieldName":"ACCOUNT NUMBER",
"fieldFormat":"19C",
"helpText":"Identification number of the account associated with the Credit Plan Segment records that you want to view."
}
,{
"fieldCode":"0284",
"fieldName":"RECORD NUMBER",
"fieldFormat":"3N",
"helpText":"Record number that identifies each Credit Plan Segment record assigned to the account. The values are 000-999. The value 000 indicates a phantom plan used to disclose interest rates when no cash or retail plan exists for an account."
}
],"section2":[
{
"fieldCode":"0282",
"fieldName":"BUSINESS UNIT",
"fieldFormat":"3N",
"helpText":"Identification number of the business unit associated with the account. The values are 001-998."
}
,{
"fieldCode":"0283",
"fieldName":"ACCOUNT NUMBER",
"fieldFormat":"19C",
"helpText":"Identification number of the account associated with the Credit Plan Segment records that you want to view."
}
,{
"fieldCode":"0284",
"fieldName":"RECORD NUMBER",
"fieldFormat":"3N",
"helpText":"Record number that identifies each Credit Plan Segment record assigned to the account. The values are 000-999. The value 000 indicates a phantom plan used to disclose interest rates when no cash or retail plan exists for an account."
}
,{
"fieldCode":"0285",
"fieldName":"RECORD TYPE",
"fieldFormat":"2N",
"helpText":"Identification number of the type of record associated with the account provided in home page. The default value for this field is 11."
}
,{
"fieldCode":"0288",
"fieldName":"PLAN NUMBER",
"fieldFormat":"5N",
"helpText":"It identifies the plan number of the Credit Plan Master record associated with the Credit Plan Segment record."
}
,{
"fieldCode":"0290",
"fieldName":"LIFE-TO-DATE MOVED IN AMOUNT",
"fieldFormat":"15N/2D",
"helpText":"Total amount moved to this credit plan segment as a result of plan transfer or plan roll activity since the credit plan segment was generated."
}
,{
"fieldCode":"0291",
"fieldName":"LIFE-TO-DATE MOVED OUT AMOUNT",
"fieldFormat":"15N/2D",
"helpText":"Total amount moved out of this credit plan segment as a result of plan transfer or plan roll activity since the credit plan segment was generated."
}
,{
"fieldCode":"0292",
"fieldName":"CYCLE-TO-DATE MOVED IN AMOUNT",
"fieldFormat":"15N/2D",
"helpText":"Total amount moved to this credit plan segment as a result of plan transfer or plan roll activity since the last cycle of the account."
}
,{
"fieldCode":"0293",
"fieldName":"CYCLE-TO-DATE MOVED OUT AMOUNT",
"fieldFormat":"15N/2D",
"helpText":"Total amount moved out of this credit plan segment as a result of plan transfer or plan roll activity since the last cycle of the account."
}
,{
"fieldCode":"0294",
"fieldName":"PLAN NBR",
"fieldFormat":"5N",
"helpText":"Appears 25 times. Corresponding credit plan number of the plan transfer or plan roll activity. The number identifies the credit plan where the transfer or roll originated (transfer from plan) or the number of the destination credit plan (transfer to plan) for the transfer or roll."
}
,{
"fieldCode":"0295",
"fieldName":"REASON",
"fieldFormat":"2N",
"helpText":"Appears 25 times. Reason for the plan transfer or plan roll. The values are:<br/>01 = Full transfer out<br/>02 = Partial transfer out<br/>03 = Expire deferment, roll out<br/>04 = Expire ITO, roll out<br/>05 = Cancel deferment for cycle due, roll out<br/>06 = Cancel deferment for recency, roll out<br/>07 = Cancel ITO for cycle due, roll out<br/>08 = Cancel ITO for recency, roll out<br/>09 = Cancel no payment by due date, roll out<br/>10  = Cancel no payment by cycle date, roll out<br/>51 = Full transfer in<br/>52 = Partial transfer in<br/>53 = Expire deferment, roll in<br/>54 = Expire ITO, roll in<br/>55 = Cancel deferment for cycle due, roll in<br/>56 = Cancel deferment for recency, roll in<br/>57 = Cancel ITO for cycle due, roll in<br/>58 = Cancel ITO for recency, roll in<br/>59 = Cancel no payment by due date, roll in<br/>60 = Cancel no payment by cycle date, roll in."
}
,{
"fieldCode":"0296",
"fieldName":"IN AMOUNT / OUT AMOUNT",
"fieldFormat":"15N/2D",
"helpText":"Appears 25 times. Amount of the plan transfer or plan roll activity."
}
,{
"fieldCode":"0297",
"fieldName":"DATE",
"fieldFormat":"DATE",
"helpText":"Appears 25 times. Date of the plan transfer or plan roll activity."
}
],"section3":[
{
"fieldCode":"0282",
"fieldName":"BUSINESS UNIT",
"fieldFormat":"3N",
"helpText":"Identification number of the business unit associated with the account. The values are 001-998."
}
,{
"fieldCode":"0283",
"fieldName":"ACCOUNT NUMBER",
"fieldFormat":"19C",
"helpText":"Identification number of the account associated with the Credit Plan Segment records that you want to view."
}
,{
"fieldCode":"0284",
"fieldName":"RECORD NUMBER",
"fieldFormat":"3N",
"helpText":"Record number that identifies each Credit Plan Segment record assigned to the account. The values are 000-999. The value 000 indicates a phantom plan used to disclose interest rates when no cash or retail plan exists for an account."
}
,{
"fieldCode":"0285",
"fieldName":"RECORD TYPE",
"fieldFormat":"2N",
"helpText":"Identification number of the type of record associated with the account provided in home page. The default value for this field is 11."
}
,{
"fieldCode":"0199",
"fieldName":"LAST MAINTENANCE DATE",
"fieldFormat":"DATE",
"helpText":"Date of last maintenance of the record."
}
,{
"fieldCode":"0198",
"fieldName":"LAST MAINTENANCE OPERATOR",
"fieldFormat":"3C",
"helpText":"This field indicates the operator who has done the last maintenance for this record. This field is system-generated; you cannot change it."
}
,{
"fieldCode":"0302",
"fieldName":"RECORD STATUS",
"fieldFormat":"1C",
"helpText":"Code that indicates the status of the credit plan segment table. The values are:<br/>0 = Record is inactive (Default)<br/>1 = Record is active<br/>9 = Record is to be purged."
}
]},"sections": {
"section0":""
,
"section1":"Plan Transfer/Roll History-Home Page"
,
"section2":"Plan Transfer/Roll History-01-Plan Transfer History Detail"
,
"section3":"Plan Transfer/Roll History-99-Status & Activity Information"
}}
