{"data":{
"section0":[
],"section1":[
{
"fieldCode":"4410",
"fieldName":"BUSINESS UNIT",
"fieldFormat":"3N",
"helpText":"Identification number of the business unit associated with the account. The values are 001-998."
}
,{
"fieldCode":"4411",
"fieldName":"ACCOUNT NUMBER",
"fieldFormat":"19C",
"helpText":"Identification number of the account associated with the Credit Plan Segment records that you want to view."
}
,{
"fieldCode":"4412",
"fieldName":"RECORD NUMBER",
"fieldFormat":"3N",
"helpText":"Record number that identifies each Credit Plan Segment record assigned to the account. The values are 000-999. The value 000 indicates a phantom plan used to disclose interest rates when no cash or retail plan exists for an account."
}
,{
"fieldCode":"4413",
"fieldName":"RECORD TYPE",
"fieldFormat":"2N",
"helpText":"Identification number of the type of record associated with the account provided in home page. The default value for this field is 2."
}
],"section2":[
{
"fieldCode":"4416",
"fieldName":"PLAN NUMBER",
"fieldFormat":"5N",
"helpText":"It identifies the plan number of the Credit Plan Master record associated with the Credit Plan Segment record."
}
,{
"fieldCode":"4419",
"fieldName":"LOAN AGREEMENT DATE",
"fieldFormat":"",
"helpText":"Date the loan was initiated. This date must be submitted from an external loan origination system or be entered on the Loan Input locate service (Loan Input Locate->01-Loan input Data)."
}
,{
"fieldCode":"4420",
"fieldName":"FIRST PAYMENT DATE",
"fieldFormat":"",
"helpText":"Date of the first payment. This date may be submitted from an external loan origination system or entered on the Loan Input page (Loan Input Locate->01-Loan input Data); otherwise, CMS calculates the date.<br/>When the first payment date is not sent in at plan setup, CMS calculates the date by adding NUMBER OF DAYS ADDED TO CYCLE from the service Account processing table->01-Minimum Payment & Payment Date to the next cycle date."
}
,{
"fieldCode":"9603",
"fieldName":"FINAL PAYMENT DATE",
"fieldFormat":"",
"helpText":"Date of the final payment. This date may be submitted from an external loan origination system or entered on the Loan Input Locate->01-Loan input Data; otherwise, CMS calculates the date.<br/>When the final payment date is not sent in at plan setup, CMS calculates the date using the loan term (INITIAL TERM on Loan details->01-Loan Disclosed & Init Amts, as follows:<br/>First payment date plus (Term - 1)."
}
,{
"fieldCode":"4422",
"fieldName":"FIRST PAYMENT AMOUNT",
"fieldFormat":"15N/2D",
"helpText":"Amount of first payment for this loan."
}
,{
"fieldCode":"9606",
"fieldName":"CURRENT FINAL PAYMENT AMOUNT",
"fieldFormat":"15N/2D",
"helpText":"Amount of final payment for this loan."
}
,{
"fieldCode":"9607",
"fieldName":"FIXED INTEREST AMOUNT",
"fieldFormat":"15N/2D",
"helpText":"Fixed amount of interest that posted on the loan setup transaction. When the interest CCI field is 2 (precomputed periodically charged), this is the amount of interest to be billed each cycle."
}
,{
"fieldCode":"4427",
"fieldName":"NUMBER OF TIMES PAYMENT DATE CHANGED",
"fieldFormat":"3N",
"helpText":"Number of times the payment date has been changed."
}
,{
"fieldCode":"4429",
"fieldName":"CURRENT LOAN TERM",
"fieldFormat":"3N",
"helpText":"Number that identifies the current term of the loan. This number begins at zero for a new loan and increments by one each cycle."
}
,{
"fieldCode":"9601",
"fieldName":"REMAINING LOAN TERM",
"fieldFormat":"3N",
"helpText":"Remaining number of months in the term for the loan. This number begins equal to the original term for a new loan and decreases by one each cycle.<br/>If INITIAL TERM is 36 and CURRENT LOAN TERM is 6, the remaining term is 30."
}
,{
"fieldCode":"4431",
"fieldName":"BILLING TERM",
"fieldFormat":"3N",
"helpText":"Number of months in the billing term for deferred payment plans or zero for other plans. For deferred payment plans only, this field is calculated as the difference between the original loan term (LOAN AMOUNT DISCLOSED on Loan details->01-Loan Disclosed & Init Amts) and the original number of payment deferment periods (PAYMENT PERIOD on Original Loan Details->02-Deferment Info). For plans that do not defer payments, this field is zero."
}
,{
"fieldCode":"4432",
"fieldName":"ORIGINAL DISCLOSED LOAN AMOUNT",
"fieldFormat":"15N/2D",
"helpText":"Amount at which the loan amount was disclosed on the loan. These amounts are included in the loan setup service (LOAN INPUT LOCATE->01-LOAN INPUT DATA OR USER INPUT) and are held for informational purposes only."
}
,{
"fieldCode":"4549",
"fieldName":"ORIGINAL DISCLOSED PRINCIPAL AMOUNT",
"fieldFormat":"15N/2D",
"helpText":"Amount at which the principal was disclosed on the loan. This amount is included in the loan setup transaction (Loan Input Locate->01-Loan input Data or user input) and is held for informational purposes only."
}
,{
"fieldCode":"4550",
"fieldName":"ORIGINAL DISCLOSED INTEREST AMOUNT",
"fieldFormat":"15N/2D",
"helpText":"Amount of interest disclosed on the loan. This amount is included in the loan setup transaction (Loan Input Locate->01-Loan input Data or user input) and is held for informational purposes only."
}
,{
"fieldCode":"4551",
"fieldName":"ORIGINAL DISCLOSED INSURANCE AMOUNT",
"fieldFormat":"15N/2D",
"helpText":"Amount of insurance disclosed on the loan. This amount is included in the loan setup transaction (Loan Input Locate->01-Loan input Data or user input) and is held for informational purposes only."
}
,{
"fieldCode":"4552",
"fieldName":"ORIGINAL DISCLOSED USER 1 AMOUNT",
"fieldFormat":"15N/2D",
"helpText":"Amount at which the user-defined fee was disclosed on the loan. This amount is included in the loan setup transaction (Loan Input Locate->01-Loan input Data or user input) and is held for informational purposes only."
}
,{
"fieldCode":"4553",
"fieldName":"ORIGINAL DISCLOSED USER 2 AMOUNT",
"fieldFormat":"15N/2D",
"helpText":"Amount at which the user-defined fee was disclosed on the loan. This amount is included in the loan setup transaction (Loan Input Locate->01-Loan input Data or user input) and is held for informational purposes only."
}
,{
"fieldCode":"4554",
"fieldName":"ORIGINAL DISCLOSED USER 3 AMOUNT",
"fieldFormat":"15N/2D",
"helpText":"Amount at which the user-defined fee was disclosed on the loan. This amount is included in the loan setup transaction (Loan Input Locate->01-Loan input Data or user input) and is held for informational purposes only."
}
,{
"fieldCode":"4555",
"fieldName":"ORIGINAL DISCLOSED USER 4 AMOUNT",
"fieldFormat":"15N/2D",
"helpText":"Amount at which the user-defined fee was disclosed on the loan. This amount is included in the loan setup transaction (Loan Input Locate->01-Loan input Data or user input) and is held for informational purposes only."
}
,{
"fieldCode":"4556",
"fieldName":"ORIGINAL DISCLOSED USER 5 AMOUNT",
"fieldFormat":"15N/2D",
"helpText":"Amount at which the user-defined fee was disclosed on the loan. This amount is included in the loan setup transaction (Loan Input Locate->01-Loan input Data or user input) and is held for informational purposes only."
}
,{
"fieldCode":"4557",
"fieldName":"ORIGINAL DISCLOSED USER 6 AMOUNT",
"fieldFormat":"15N/2D",
"helpText":"Amount at which the user-defined fee was disclosed on the loan. This amount is included in the loan setup transaction (Loan Input Locate->01-Loan input Data or user input) and is held for informational purposes only."
}
,{
"fieldCode":"4558",
"fieldName":"INITIALIZED LOAN AMOUNT",
"fieldFormat":"15N/2D",
"helpText":"Amount at which the loan amount was established (initialized). When the monetary sale transaction posts on a precomputed loan, the INITIALIZED LOAN AMOUNT values of the loan will be the same as the ORIGINAL DISCLOSED LOAN AMOUNT value. This amount will remain the same as the original disclosed amount."
}
,{
"fieldCode":"4559",
"fieldName":"INITIALIZED PRINCIPAL AMOUNT",
"fieldFormat":"15N/2D",
"helpText":"Amount at which the principal amount was established (initialized). When the monetary sale transaction posts on a precomputed loan, the INITIALIZED PRINCIPAL AMOUNT value of the loan will be the same as the ORIGINAL DISCLOSED PRINCIPAL AMOUNT value."
}
,{
"fieldCode":"4433",
"fieldName":"INITIALIZED INTEREST AMOUNT",
"fieldFormat":"15N/2D",
"helpText":"Amount at which interest was established (initialized). When the monetary sale transaction posts on a precomputed loan, the initial interest amount is the same as the original disclosed interest."
}
,{
"fieldCode":"4434",
"fieldName":"INITIALIZED INSURANCE AMOUNT",
"fieldFormat":"15N/2D",
"helpText":"Amount at which insurance was established (initialized). When the monetary sale transaction posts on a precomputed loan, the initial insurance amount is the same as the original disclosed insurance."
}
,{
"fieldCode":"4435",
"fieldName":"INITIALIZED USER FEE 1 AMOUNT",
"fieldFormat":"15N/2D",
"helpText":"Amount at which the user-defined fee was established (initialized). When the monetary sale transaction posts on a precomputed loan, the initial user-defined fee amount is the same as the original disclosed amounts."
}
,{
"fieldCode":"4436",
"fieldName":"INITIALIZED USER FEE 2 AMOUNT",
"fieldFormat":"15N/2D",
"helpText":"Amount at which the user-defined fee was established (initialized). When the monetary sale transaction posts on a precomputed loan, the initial user-defined fee amount is the same as the original disclosed amounts."
}
,{
"fieldCode":"4437",
"fieldName":"INITIALIZED USER FEE 3 AMOUNT",
"fieldFormat":"15N/2D",
"helpText":"Amount at which the user-defined fee was established (initialized). When the monetary sale transaction posts on a precomputed loan, the initial user-defined fee amount is the same as the original disclosed amounts."
}
,{
"fieldCode":"4438",
"fieldName":"INITIALIZED USER FEE 4 AMOUNT",
"fieldFormat":"15N/2D",
"helpText":"Amount at which the user-defined fee was established (initialized). When the monetary sale transaction posts on a precomputed loan, the initial user-defined fee amount is the same as the original disclosed amounts."
}
,{
"fieldCode":"4439",
"fieldName":"INITIALIZED USER FEE 5 AMOUNT",
"fieldFormat":"15N/2D",
"helpText":"Amount at which the user-defined fee was established (initialized). When the monetary sale transaction posts on a precomputed loan, the initial user-defined fee amount is the same as the original disclosed amounts."
}
,{
"fieldCode":"4440",
"fieldName":"INITIALIZED USER FEE 6 AMOUNT",
"fieldFormat":"15N/2D",
"helpText":"Amount at which the user-defined fee was established (initialized). When the monetary sale transaction posts on a precomputed loan, the initial user-defined fee amount is the same as the original disclosed amounts."
}
,{
"fieldCode":"4473",
"fieldName":"INTEREST CAP INDICATOR",
"fieldFormat":"1N",
"helpText":"Code included in the loan setup transaction (Loan Input Locate->01-Loan input Data or user input) that indicates whether the initial interest amount (INITIALIZED INTEREST AMOUNT) is the maximum amount allowed for this loan credit plan. The values are:<br/>0 = Amount is not capped at the initial amount.<br/>1 = Amount is capped at the initial amount. The final amount charged and consequently, paid may never exceed the initial interest amount.<br/>NOTE:  This cap applies even when the amounts are front-loaded but are actually generated by CMS."
}
,{
"fieldCode":"4474",
"fieldName":"INSURANCE CAP INDICATOR",
"fieldFormat":"1N",
"helpText":"Code included in the loan setup transaction (Loan Input Locate->01-Loan input Data or user input) that indicates whether the initial insurance amount (INITIALIZED INSURANCE AMOUNT) is the maximum amount allowed for this loan credit plan. The values are:<br/>0 = Amount is not capped at the initial amount.<br/>1 = Amount is capped at the initial amount. The final amount charged and consequently paid may never exceed the initial amount.<br/>NOTE:  This cap is used only for insurance at the plan level. When insurance is calculated at the account level and prorated to the plans, the cap is not taken into account.<br/>NOTE:  This cap applies even when the amounts are front loaded but are actually generated by CMS."
}
,{
"fieldCode":"4475",
"fieldName":"USER FEE 1 CAP INDICATOR",
"fieldFormat":"1N",
"helpText":"Code included in the loan setup transaction (Loan Input Locate->01-Loan input Data or user input) that indicates whether the initial user-defined fee amount (INITIALIZED USER FEE 1 AMOUNT) is the maximum amount allowed for this loan credit plan. The values are:<br/>0 = Amount is not capped at the initial amount.<br/>1 = Amount is capped at the initial amount. The final amount charged and consequently paid may never exceed the initial amount included in the loan setup transaction.<br/>NOTE:  This cap applies even when the amounts are front loaded but are actually generated by CMS."
}
,{
"fieldCode":"4476",
"fieldName":"USER FEE 2 CAP INDICATOR",
"fieldFormat":"1N",
"helpText":"Code included in the loan setup transaction (Loan Input Locate->01-Loan input Data or user input) that indicates whether the initial user-defined fee amount (INITIALIZED USER FEE 1 AMOUNT) is the maximum amount allowed for this loan credit plan. The values are:<br/>0 = Amount is not capped at the initial amount.<br/>1 = Amount is capped at the initial amount. The final amount charged and consequently paid may never exceed the initial amount included in the loan setup transaction.<br/>NOTE:  This cap applies even when the amounts are front loaded but are actually generated by CMS."
}
,{
"fieldCode":"4477",
"fieldName":"USER FEE 3 CAP INDICATOR",
"fieldFormat":"1N",
"helpText":"Code included in the loan setup transaction (Loan Input Locate->01-Loan input Data or user input) that indicates whether the initial user-defined fee amount (INITIALIZED USER FEE 1 AMOUNT) is the maximum amount allowed for this loan credit plan. The values are:<br/>0 = Amount is not capped at the initial amount.<br/>1 = Amount is capped at the initial amount. The final amount charged and consequently paid may never exceed the initial amount included in the loan setup transaction.<br/>NOTE:  This cap applies even when the amounts are front loaded but are actually generated by CMS."
}
,{
"fieldCode":"4478",
"fieldName":"USER FEE 4 CAP INDICATOR",
"fieldFormat":"1N",
"helpText":"Code included in the loan setup transaction (Loan Input Locate->01-Loan input Data or user input) that indicates whether the initial user-defined fee amount (INITIALIZED USER FEE 1 AMOUNT) is the maximum amount allowed for this loan credit plan. The values are:<br/>0 = Amount is not capped at the initial amount.<br/>1 = Amount is capped at the initial amount. The final amount charged and consequently paid may never exceed the initial amount included in the loan setup transaction.<br/>NOTE:  This cap applies even when the amounts are front loaded but are actually generated by CMS."
}
,{
"fieldCode":"4479",
"fieldName":"USER FEE 5 CAP INDICATOR",
"fieldFormat":"1N",
"helpText":"Code included in the loan setup transaction (Loan Input Locate->01-Loan input Data or user input) that indicates whether the initial user-defined fee amount (INITIALIZED USER FEE 1 AMOUNT) is the maximum amount allowed for this loan credit plan. The values are:<br/>0 = Amount is not capped at the initial amount.<br/>1 = Amount is capped at the initial amount. The final amount charged and consequently paid may never exceed the initial amount included in the loan setup transaction.<br/>NOTE:  This cap applies even when the amounts are front loaded but are actually generated by CMS."
}
,{
"fieldCode":"4480",
"fieldName":"USER FEE 6 CAP INDICATOR",
"fieldFormat":"1N",
"helpText":"Code included in the loan setup transaction (Loan Input Locate->01-Loan input Data or user input) that indicates whether the initial user-defined fee amount (INITIALIZED USER FEE 1 AMOUNT) is the maximum amount allowed for this loan credit plan. The values are:<br/>0 = Amount is not capped at the initial amount.<br/>1 = Amount is capped at the initial amount. The final amount charged and consequently paid may never exceed the initial amount included in the loan setup transaction.<br/>NOTE:  This cap applies even when the amounts are front loaded but are actually generated by CMS."
}
,{
"fieldCode":"4481",
"fieldName":"INTEREST CCI",
"fieldFormat":"1N",
"helpText":"Component calculation indicator included in the loan setup transaction (ARLE02 or user input) that determines how interest is loaded or processed for this loan credit plan. The values are:<br/>0 = System calculated. Calculate and bill interest each month. (Default)<br/>1 = Precomputed lump sum. The amount of precomputed interest populates the ORIGINAL DISCLOSED INTEREST AMOUNT and INITIALIZED INTEREST AMOUNT fields and posts to the plan balance and BNP components at plan setup. This method populates the precomputed interest BNP component that is used to amortize the precomputed component amount.<br/>2 = Precomputed flat amount periodically charged for interest only. The precomputed interest amount populates the disclosed and initial fields at plan setup. If that amount is the cap amount (INTEREST CAP INDICATOR), this is the total amount of interest to bill over the term of the loan. A fixed amount is defined and billed each period.<br/>3 = Billed from loan schedule. The precomputed interest amount populates the ORIGINAL DISCLOSED INTEREST AMOUNT and INITIALIZED INTEREST AMOUNT fields at plan setup. If that amount is the cap amount (INTEREST CAP), this is the total amount of interest to bill over the term of the loan. Otherwise, the amount is informational only. This value is not loaded into the balance; the loan interest is billed each cycle based on the appropriate occurrence in the loan schedule."
}
,{
"fieldCode":"4482",
"fieldName":"INSURANCE CCI",
"fieldFormat":"1N",
"helpText":"Component calculation indicator included in the loan setup transaction (Loan Input Locate->01-Loan input Data or user input) that determines how insurance is loaded or processed for this loan credit plan. The values are:<br/>0 = System calculated. CMS calculates and bills insurance each month. (Default)<br/>1 = Precomputed lump sum. At credit plan setup, the precomputed insurance amount populates the original and initial disclosed insurance, the plan balance, and the billed-not-paid components. This method populates the precomputed interest billed-not-paid component that is used to amortize the precomputed insurance amount.<br/>3 = Billed from loan schedule. The precomputed insurance amount populates the original disclosed and initial amounts at plan setup. If the precomputed amount is the cap amount (INSURANCE CAP INDICATOR) this is the total amount of insurance to bill over the term of the loan; otherwise, the amount is informational only. This amount is not loaded into the balance; the loan insurance is billed each cycle based on the appropriate occurrence in the loan schedule."
}
,{
"fieldCode":"4573",
"fieldName":"USER FEE 1 CCI",
"fieldFormat":"1N",
"helpText":"Component calculation indicator included in the loan setup transaction (Loan Input Locate->01-Loan input Data or user input) that determines how each user-defined fee is loaded or processed for the loan credit plan. The values are:<br/>0 = System calculated. Calculate and bill each month. (Default)<br/>1 = Precomputed lump sum. The value of the precomputed user fee amount populates the original disclosed and initial amounts, posts to the plan balance, and posts to the billed-not-paid components at plan setup. This method populates the precomputed component that is used to amortize the precomputed user-defined fee amount.<br/>3 = Billed from the loan schedule. The precomputed user-defined fee amount populates the original disclosed and initial amounts at plan setup. If the precomputed amount is the cap amount (USER FEE 1 CAP INDICATOR) this is the total amount of each user-defined fee to bill over the term of the loan. This amount is not loaded into the balance. The user-defined fee is billed each cycle based on the appropriate occurrence in the loan schedule."
}
,{
"fieldCode":"4484",
"fieldName":"USER FEE 2 CCI",
"fieldFormat":"1N",
"helpText":"Component calculation indicator included in the loan setup transaction (Loan Input Locate->01-Loan input Data or user input) that determines how each user-defined fee is loaded or processed for the loan credit plan. The values are:<br/>0 = System calculated. Calculate and bill each month. (Default)<br/>1 = Precomputed lump sum. The value of the precomputed user fee amount populates the original disclosed and initial amounts, posts to the plan balance, and posts to the billed-not-paid components at plan setup. This method populates the precomputed component that is used to amortize the precomputed user-defined fee amount.<br/>3 = Billed from the loan schedule. The precomputed user-defined fee amount populates the original disclosed and initial amounts at plan setup. If the precomputed amount is the cap amount (USER FEE 2 CAP INDICATOR) this is the total amount of each user-defined fee to bill over the term of the loan. This amount is not loaded into the balance. The user-defined fee is billed each cycle based on the appropriate occurrence in the loan schedule."
}
,{
"fieldCode":"4485",
"fieldName":"USER FEE 3 CCI",
"fieldFormat":"1N",
"helpText":"Component calculation indicator included in the loan setup transaction (Loan Input Locate->01-Loan input Data or user input) that determines how each user-defined fee is loaded or processed for the loan credit plan. The values are:<br/>0 = System calculated. Calculate and bill each month. (Default)<br/>1 = Precomputed lump sum. The value of the precomputed user fee amount populates the original disclosed and initial amounts, posts to the plan balance, and posts to the billed-not-paid components at plan setup. This method populates the precomputed component that is used to amortize the precomputed user-defined fee amount.<br/>3 = Billed from the loan schedule. The precomputed user-defined fee amount populates the original disclosed and initial amounts at plan setup. If the precomputed amount is the cap amount (USER FEE 3 CAP INDICATOR) this is the total amount of each user-defined fee to bill over the term of the loan. This amount is not loaded into the balance. The user-defined fee is billed each cycle based on the appropriate occurrence in the loan schedule."
}
,{
"fieldCode":"4486",
"fieldName":"USER FEE 4 CCI",
"fieldFormat":"1N",
"helpText":"Component calculation indicator included in the loan setup transaction (Loan Input Locate->01-Loan input Data or user input) that determines how each user-defined fee is loaded or processed for the loan credit plan. The values are:<br/>0 = System calculated. Calculate and bill each month. (Default)<br/>1 = Precomputed lump sum. The value of the precomputed user fee amount populates the original disclosed and initial amounts, posts to the plan balance, and posts to the billed-not-paid components at plan setup. This method populates the precomputed component that is used to amortize the precomputed user-defined fee amount.<br/>3 = Billed from the loan schedule. The precomputed user-defined fee amount populates the original disclosed and initial amounts at plan setup. If the precomputed amount is the cap amount (USER FEE 4 CAP INDICATOR) this is the total amount of each user-defined fee to bill over the term of the loan. This amount is not loaded into the balance. The user-defined fee is billed each cycle based on the appropriate occurrence in the loan schedule."
}
,{
"fieldCode":"4487",
"fieldName":"USER FEE 5 CCI",
"fieldFormat":"4484+A447",
"helpText":"Component calculation indicator included in the loan setup transaction (Loan Input Locate->01-Loan input Data or user input) that determines how each user-defined fee is loaded or processed for the loan credit plan. The values are:<br/>0 = System calculated. Calculate and bill each month. (Default)<br/>1 = Precomputed lump sum. The value of the precomputed user fee amount populates the original disclosed and initial amounts, posts to the plan balance, and posts to the billed-not-paid components at plan setup. This method populates the precomputed component that is used to amortize the precomputed user-defined fee amount.<br/>3 = Billed from the loan schedule. The precomputed user-defined fee amount populates the original disclosed and initial amounts at plan setup. If the precomputed amount is the cap amount (USER FEE 5 CAP INDICATOR) this is the total amount of each user-defined fee to bill over the term of the loan. This amount is not loaded into the balance. The user-defined fee is billed each cycle based on the appropriate occurrence in the loan schedule."
}
,{
"fieldCode":"",
"fieldName":"USER FEE 6 CCI",
"fieldFormat":"1N",
"helpText":"Component calculation indicator included in the loan setup transaction (Loan Input Locate->01-Loan input Data or user input) that determines how each user-defined fee is loaded or processed for the loan credit plan. The values are:<br/>0 = System calculated. Calculate and bill each month. (Default)<br/>1 = Precomputed lump sum. The value of the precomputed user fee amount populates the original disclosed and initial amounts, posts to the plan balance, and posts to the billed-not-paid components at plan setup. This method populates the precomputed component that is used to amortize the precomputed user-defined fee amount.<br/>3 = Billed from the loan schedule. The precomputed user-defined fee amount populates the original disclosed and initial amounts at plan setup. If the precomputed amount is the cap amount (USER FEE 6 CAP INDICATOR) this is the total amount of each user-defined fee to bill over the term of the loan. This amount is not loaded into the balance. The user-defined fee is billed each cycle based on the appropriate occurrence in the loan schedule."
}
,{
"fieldCode":"4589",
"fieldName":"DEPOSIT AMOUNT",
"fieldFormat":"15N/2D",
"helpText":"Deposit amount for this loan plan."
}
,{
"fieldCode":"4590",
"fieldName":"DISPERSAL METHOD",
"fieldFormat":"1C",
"helpText":"User-defined loan dispersal method. If used, this value must be submitted from an external loan origination system or be entered on the Loan Input Locate->01-Loan input Data."
}
,{
"fieldCode":"4495",
"fieldName":"LIFE-TO-DATE NET SALES",
"fieldFormat":"15N/2D",
"helpText":"Net amount of life-to-date sales. This field is updated when logic module 001, 002, 003, or 004 posts."
}
,{
"fieldCode":"9602",
"fieldName":"INITIAL TERM",
"fieldFormat":"3N",
"helpText":"Current initial term of this plan in months. This value must be submitted from an external loan origination system or be entered on the Loan Input Locate->01-Loan input Data."
}
,{
"fieldCode":"",
"fieldName":"USER ID",
"fieldFormat":"6C",
"helpText":"Field that indicates the User ID"
}
],"section3":[
{
"fieldCode":"4410",
"fieldName":"BUSINESS UNIT",
"fieldFormat":"3N",
"helpText":"Identification number of the business unit associated with the account. The values are 001-998."
}
,{
"fieldCode":"4411",
"fieldName":"ACCOUNT NUMBER",
"fieldFormat":"19C",
"helpText":"Identification number of the account associated with the Credit Plan Segment records that you want to view."
}
,{
"fieldCode":"4412",
"fieldName":"RECORD NUMBER",
"fieldFormat":"3N",
"helpText":"Record number that identifies each Credit Plan Segment record assigned to the account. The values are 000-999. The value 000 indicates a phantom plan used to disclose interest rates when no cash or retail plan exists for an account."
}
,{
"fieldCode":"4413",
"fieldName":"RECORD TYPE",
"fieldFormat":"2N",
"helpText":"Identification number of the type of record associated with the account provided in home page. The default value for this field is 2."
}
,{
"fieldCode":"4522",
"fieldName":"DISBURSEMENT BANK ID",
"fieldFormat":"10N",
"helpText":"It displays the bank identification number to which the loan disbursement credit transaction is sent. <br/>This field is the bank identification number of the account to which the loan disbursement credit transaction is sent. The value displayed in this field identifies the nine-digit routing/transit number (ACH format) or the ten-digit bank ID number (non-ACH format) defined in the BANK ID field on the Loan Input Locate->01-Loan input Data."
}
,{
"fieldCode":"4523",
"fieldName":"DISBURSEMENT ACCOUNT NUMBER",
"fieldFormat":"17C",
"helpText":"Account number to which the loan disbursement credit transaction is sent. The value displayed in this field is defined in the ACCOUNT field on the Loan Input Locate->01-Loan input Data."
}
,{
"fieldCode":"4524",
"fieldName":"DISBURSEMENT ACCT IND",
"fieldFormat":"10N",
"helpText":"This field indicates if the account credited with the loan disbursement is a checking (DDA) or savings account. The value displayed in this field is defined in the ACCOUNT INDICATOR field on the Loan Input Locate->01-Loan input Data."
}
,{
"fieldCode":"4525",
"fieldName":"DISBURSEMENT DATE",
"fieldFormat":"",
"helpText":"Date on which the loan disbursement credit transaction is generated. CMS updates this field on the date of the credit transaction generation."
}
,{
"fieldCode":"9649",
"fieldName":"BANK CD",
"fieldFormat":"11C",
"helpText":"Banks branch identification code of the account to which the loan disbursement credit transaction is sent. The default is spaces."
}
,{
"fieldCode":"9650",
"fieldName":"DISB CUSTNM",
"fieldFormat":"40C",
"helpText":"Name of the cardholder on whose account the loan disbursement credit transaction is sent. This is an optional field. The default is spaces."
}
],"section4":[
{
"fieldCode":"9614",
"fieldName":"ACCOUNT INDICATOR",
"fieldFormat":"1N",
"helpText":"Flag that indicates whether the account to be credited is a checking (DDA) or savings account. The values are:<br/>0 = Checking (DDA) or current account (Default)<br/>1 = Savings.<br/>When this field is 1, both the BANK ID and ACCOUNT FIELDS are required."
}
,{
"fieldCode":"4454",
"fieldName":"TOP-UP EXPIRY DATE",
"fieldFormat":"",
"helpText":"Date within the loan term through which loan top-up is allowed for the plan segment. After this date, top-up is not allowed for the loan."
}
,{
"fieldCode":"4455",
"fieldName":"REDRAW EXPIRY DATE",
"fieldFormat":"",
"helpText":"Date within the loan term through which loan redraw is allowed for the plan segment. After this date, redraw is not allowed for the loan."
}
,{
"fieldCode":"4456",
"fieldName":"LAST TOP-UP REQUEST DATE",
"fieldFormat":"",
"helpText":"Date of the last top-up request."
}
,{
"fieldCode":"4457",
"fieldName":"LAST REDRAW REQUEST DATE",
"fieldFormat":"",
"helpText":"Date of the last loan redraw."
}
,{
"fieldCode":"4458",
"fieldName":"LAST TOP UP AMOUNT",
"fieldFormat":"15N/2D",
"helpText":"Amount of last top-up request."
}
,{
"fieldCode":"4459",
"fieldName":"LAST REDRAW AMOUNT",
"fieldFormat":"15N/2D",
"helpText":"Amount of the last loan redraw."
}
,{
"fieldCode":"4460",
"fieldName":"LAST RESTRUCTURE DATE",
"fieldFormat":"",
"helpText":"Date on which the last loan restructure occurred."
}
,{
"fieldCode":"4461",
"fieldName":"LAST FIXED PAYMENT MAINTENANCE DATE",
"fieldFormat":"",
"helpText":"Date on which the fixed payment amount was last modified.<br/>NOTE:  This field is updated at any time that the fixed payment is modified, whether or not restructure has occurred."
}
,{
"fieldCode":"4462",
"fieldName":"LAST FIXED PAYMENT AMOUNT",
"fieldFormat":"15N/2D",
"helpText":"Fixed payment amount prior to restructure, or prior to a fixed payment change without restructure.<br/>NOTE:  This field is updated at any time that the fixed payment is modified, whether or not restructure has occurred."
}
,{
"fieldCode":"4463",
"fieldName":"LAST TERM MAINTENANCE DATE",
"fieldFormat":"",
"helpText":"Date on which the loan term was last modified due to reschedule or restructure."
}
,{
"fieldCode":"4464",
"fieldName":"LAST TERM",
"fieldFormat":"3N",
"helpText":"Initial loan term prior to reschedule or restructure."
}
,{
"fieldCode":"4465",
"fieldName":"RESTRUCTURE REASON",
"fieldFormat":"1N",
"helpText":"This field displays the reason that the loan plan was restructured. The values are:<br/>0 = Restructure has not occurred on the loan plan<br/>1 = Restructure due to top-up or redraw<br/>2 = Restructure due to manual component changes<br/>3 = Restructure due to fixed payment changes<br/>4 = Restructure due to increase or decrease of principal<br/>5 = Restructure due to interest rate change.<br/>NOTE:  A loan plan could meet more than one of the criteria for loan reschedule. Only the top priority reason will be executed and that corresponding reason will be displayed in this field. The priority of the reason matches the value of the reason, with priority 1 indicated by value 1, and so on."
}
,{
"fieldCode":"4471",
"fieldName":"RESTRUCTURE LETTER ID",
"fieldFormat":"3C",
"helpText":"This field displays the identification of the restructure notification letter generated for the customer, if applicable. <br/>NOTE:  This field displays the letter ID indicated in the AUTOMATIC RESTRUCTURE LETTER CODE field on Credit Plans->12-Top-up; Redraw & Restructure when the letter was generated. The RESTRUCTURE LETTER ID field is applicable only to restructures triggered by interest rate changes, principal increases or decreases, and fixed payment changes (values 3, 4, and 5 in the field-RESTRUCTURE REASON)."
}
,{
"fieldCode":"",
"fieldName":"FINAL PAYMENT OPTION",
"fieldFormat":"8N",
"helpText":"Field that indicates the date of the final payment. This date may be submitted from an external loan origination system or entered on the Loan Input screen (ARLE02); otherwise, CMS calculates the date. When the final payment date is not sent in at plan setup, CMS calculates the date using the loan term (INITIAL TERM on ARMA11), as follows: First payment date plus (Term � 1)."
}
,{
"fieldCode":"1501",
"fieldName":"CANCEL EXPIRY DATE",
"fieldFormat":"",
"helpText":"Date through which the loan plan is eligible for cancellation."
}
,{
"fieldCode":"9648",
"fieldName":"CHANNEL ID",
"fieldFormat":"3C",
"helpText":"This field identifies the Channel ID."
}
],"section5":[
{
"fieldCode":"9823",
"fieldName":"PRIMARY COMMISSION AMOUNT",
"fieldFormat":"15N/2D",
"helpText":"Primary commission amount included on the commission record and used for amortization."
}
,{
"fieldCode":"9824",
"fieldName":"PRIMARY COMMSSION AGENT NUMBER",
"fieldFormat":"9N",
"helpText":"Agent number of the primary commission record."
}
,{
"fieldCode":"9825",
"fieldName":"PRIMARY COMMISSION GEN DATE",
"fieldFormat":"",
"helpText":"Date the primary commission record is generated."
}
,{
"fieldCode":"9826",
"fieldName":"PRIMARY CLAWBACK REASON",
"fieldFormat":"1N",
"helpText":"Code that indicates the reason the primary commission clawback process is triggered. The values are:<br/>0 = Clawback not initiated (Default)<br/>1 = Clawback due to early settlement<br/>2 = Clawback due to delinquency."
}
,{
"fieldCode":"9827",
"fieldName":"PRIMARY CLAWBACK INITIAL DATE",
"fieldFormat":"",
"helpText":"Initial date that the primary commission clawback process started."
}
,{
"fieldCode":"9828",
"fieldName":"PRIMARY CLAWBACK GEN DATE",
"fieldFormat":"",
"helpText":"Date on which the primary commission clawback record is generated. <br/>NOTE:  This date is not the same as the date in the PRIMARY CLAWBACK INITIAL DATE field when delay parameters are used in the DAYS TO DELAY CLAWBACK field on Credit Plans->11-Commission; Subsidy & Disb Fee."
}
,{
"fieldCode":"9829",
"fieldName":"PRIMARY CLAWBACK AMOUNT",
"fieldFormat":"15N/2D",
"helpText":"Primary commission clawback amount."
}
,{
"fieldCode":"9830",
"fieldName":"PRIMARY CLAWBACK METHOD",
"fieldFormat":"1N",
"helpText":"Method used to calculate the primary commission clawback amount. This calculation uses the PRIMARY COMMISSION COMPUTATION METHOD field on Credit Plans->11-Commission; Subsidy & Disb Fee. The values are:<br/>0 = Clawback not initiated <br/>1 = Original primary commission amount used for clawback <br/>2 = Percentage of original primary commission amount used for clawback<br/>3 = Remaining unearned primary commission amount used for clawback."
}
,{
"fieldCode":"9831",
"fieldName":"SECONDARY COMMISSION AMOUNT",
"fieldFormat":"15N/2D",
"helpText":"Secondary commission amount included on the commission record and used for amortization."
}
,{
"fieldCode":"9832",
"fieldName":"SECONDARY COMMSSION AGENT NUMBER",
"fieldFormat":"9N",
"helpText":"Agent number of the secondary commission record."
}
,{
"fieldCode":"9833",
"fieldName":"SECONDARY COMMISSION GENERATION DATE",
"fieldFormat":"",
"helpText":"Date the secondary commission record is generated."
}
,{
"fieldCode":"9834",
"fieldName":"SECONDARY CLAWBACK REASON",
"fieldFormat":"1N",
"helpText":"Code that indicates the reason the secondary commission clawback process is triggered. The values are:<br/>0 = Clawback not initiated (Default)<br/>1 = Clawback due to early settlement<br/>2 = Clawback due to delinquency."
}
,{
"fieldCode":"9835",
"fieldName":"SECONDARY CLAWBACK INITIAL DATE",
"fieldFormat":"",
"helpText":"Initial date that the secondary commission clawback process started."
}
,{
"fieldCode":"9836",
"fieldName":"SECONDARY CLAWBACK GEN DATE",
"fieldFormat":"",
"helpText":"Date on which the secondary commission clawback record is generated. <br/>NOTE:  This date is not the same as the date in the SECONDARY CLAWBACK INITIAL DATE field when delay parameters are used in the DAYS TO DELAY CLAWBACK field on Credit Plans->11-Commission; Subsidy & Disb Fee."
}
,{
"fieldCode":"9837",
"fieldName":"SECONDARY CLAWBACK AMOUNT",
"fieldFormat":"15N/2D",
"helpText":"Secondary commission clawback amount."
}
,{
"fieldCode":"9838",
"fieldName":"SECONDARY CLAWBACK METHOD",
"fieldFormat":"1N",
"helpText":"Method used to calculate the subsidy clawback amount. This calculation uses the SECONDARY COMPUTATION METHOD field on Credit Plans->11-Commission; Subsidy & Disb Fee. The values are:<br/>0 = Clawback not initiated <br/>1 = Original primary commission amount used for clawback <br/>2 = Percentage of original primary commission amount used for clawback<br/>3 = Remaining unearned primary commission amount used for clawback."
}
,{
"fieldCode":"9839",
"fieldName":"SUBSIDY AMOUNT",
"fieldFormat":"15N/2D",
"helpText":"Subsidy amount included on the commission record and used for amortization."
}
,{
"fieldCode":"9840",
"fieldName":"SUBSIDY AGENT NUMBER",
"fieldFormat":"9N",
"helpText":"Agent number of the subsidy record."
}
,{
"fieldCode":"9841",
"fieldName":"SUBSIDY GENERATION DATE",
"fieldFormat":"",
"helpText":"Date the subsidy record is generated."
}
,{
"fieldCode":"9842",
"fieldName":"SUBSIDY CLAWBACK REASON",
"fieldFormat":"1N",
"helpText":"Code that indicates the reason the subsidy clawback process is triggered. The values are:<br/>0 = Clawback not initiated (Default)<br/>1 = Clawback due to early settlement<br/>2 = Clawback due to delinquency."
}
,{
"fieldCode":"9843",
"fieldName":"SUBSIDY CLAWBACK INITIAL DATE",
"fieldFormat":"",
"helpText":"Initial date that the subsidy clawback process started."
}
,{
"fieldCode":"9844",
"fieldName":"SUBSIDY CLAWBACK GEN DATE",
"fieldFormat":"",
"helpText":"Date on which the subsidy clawback record is generated. <br/>NOTE:  This date is not the same as the date in the SUBSIDY CLAWBACK INITIAL DATE field when delay parameters are used in the DAYS TO DELAY CLAWBACK field on Credit Plans->11-Commission; Subsidy & Disb Fee."
}
,{
"fieldCode":"9845",
"fieldName":"SUBSIDY CLAWBACK AMOUNT",
"fieldFormat":"15N/2D",
"helpText":"Subsidy clawback amount."
}
,{
"fieldCode":"9845",
"fieldName":"SUBSIDY CLAWBACK METHOD",
"fieldFormat":"1N",
"helpText":"Method used to calculate the subsidy clawback amount. This calculation uses the SUBSIDY COMPUTATION METHOD field on Credit Plans->11-Commission; Subsidy & Disb Fee. The values are:<br/>0 = Clawback not initiated <br/>1 = Original primary commission amount used for clawback <br/>2 = Percentage of original primary commission amount used for clawback<br/>3 = Remaining unearned primary commission amount used for clawback."
}
],"section6":[
{
"fieldCode":"4526",
"fieldName":"INTEREST FLAG",
"fieldFormat":"1N",
"helpText":"Flag that indicates whether the interest rate on the loan credit plan is a fixed interest rate or whether the interest rate is defined on an interest table attached to a processing control table (PCT). The values are:<br/>0 = Interest is calculated using the rate defined on the interest table attached to the PCT (Default)<br/>1 = Interest is calculated using a fixed interest rate. <br/>This value defaults from the FIXED INTEREST field on Credit Plans->10-Amortization; Bill Fee & interest Controls and cannot be modified."
}
,{
"fieldCode":"0654",
"fieldName":"INTEREST RATE",
"fieldFormat":"7N",
"helpText":"Fixed interest rate that is currently in effect for the loan plan."
}
,{
"fieldCode":"0655",
"fieldName":"NEXT INTEREST RATE",
"fieldFormat":"7N",
"helpText":"Interest rate that will go into effect on the next interest effective date (NEXT INTEREST EFFECTIVE DATE)."
}
,{
"fieldCode":"0656",
"fieldName":"NEXT INTEREST EFFECTIVE DATE",
"fieldFormat":"",
"helpText":"Effective date for the next interest rate. This date must be greater than the current processing date when NEXT INTEREST RATE contains a value. The format is MMDDYYYY or DDMMYYYY depending on the date format established on the System record (DATE FORMAT on System Control->01-System Processing Calendar)."
}
],"section7":[
{
"fieldCode":"0657",
"fieldName":"SKIP PAYMENT INDICATOR",
"fieldFormat":"1N",
"helpText":"Status of plan-level skip payment processing for the loan plan segment. The values are:<br/>0 = Plan-level skip payment is not available (Default)<br/>1 = Plan-level skip payment is initiated<br/>2 = Plan-level skip payment is processed (this value is system-generated and cannot be input by the user)."
}
,{
"fieldCode":"4530",
"fieldName":"DATE OF LAST SKIP PAYMENT",
"fieldFormat":"",
"helpText":"Date on which the last skip payment was accepted by the customer for the loan plan."
}
,{
"fieldCode":"4531",
"fieldName":"LIFE-TO-DATE SKIP PAYMENT COUNTER",
"fieldFormat":"3N",
"helpText":"Counter that tracks the number of skip payments accepted by the customer for the loan plan life-to-date. The values are 000-999."
}
,{
"fieldCode":"4532",
"fieldName":"YEAR TO DATE SKIP PAYMENT COUNTER",
"fieldFormat":"3N",
"helpText":"Counter that tracks the number of skip payments accepted by the customer for the loan plan year-to-date. The values are 000-999."
}
],"section8":[
{
"fieldCode":"1101",
"fieldName":"EPP CLOSURE",
"fieldFormat":"1C",
"helpText":"Field that indicates if the closure fee should be waived.  The valid values are:<br/>0 = Closure fee is not waived (default)<br/>1 = Closure fee is waived"
}
,{
"fieldCode":"1102",
"fieldName":"WAIVE EPP FEE INDICATOR",
"fieldFormat":"1N",
"helpText":"Flag that indicates whether to waive the EPP overlimit fee for the account. The values are: <br/>0 = Do not waive the overlimit fee (Default) <br/>1 = Waive the overlimit fee"
}
,{
"fieldCode":"9628",
"fieldName":"EPP CLOSURE REASON",
"fieldFormat":"1C",
"helpText":"Code that indicates the reason for closing the EPP plan. This field is system-generated when the EPP plan is paid off or closed. The values are:<br/>0 = EPP not closed (Default)<br/>1 = Automatic closure due to final payoff<br/>2 = Automatic closure due to delinquency<br/>3 = Manual closure due to customer request<br/>4 = Manual closure due to mistaken conversion<br/>5 = Automatic closure due to block code<br/>6 = Automatic closure due to account INT status."
}
,{
"fieldCode":"9632",
"fieldName":"TRANSACTION AMOUNT",
"fieldFormat":"17N",
"helpText":"Field that indicates the amount of the transaction to be converted."
}
,{
"fieldCode":"9646",
"fieldName":"ORIGINAL PLAN NUMBER",
"fieldFormat":"5N",
"helpText":"Field that indicates the plan number of the original transaction which was converted to the EPP plan.  This field will not appear online but will be utilized for EPP closure. It will be populated when the new plan segment is created during EPP conversion."
}
,{
"fieldCode":"9647",
"fieldName":"ORIGINAL CONVERTED AMOUNT",
"fieldFormat":"17N",
"helpText":"Field that indicates the amount of the transaction to be converted."
}
,{
"fieldCode":"9651",
"fieldName":"EPP BOOKING DATE",
"fieldFormat":"8N",
"helpText":"Field that indicates the booking date of the EPP promotion"
}
,{
"fieldCode":"9652",
"fieldName":"EPP BOOKING TIME",
"fieldFormat":"8N",
"helpText":"Field that indicates the booking date of the EPP promotion"
}
],"section9":[
{
"fieldCode":"4001",
"fieldName":"EXTRNL SYSTM INTEREST RATE CALC",
"fieldFormat":"7N",
"helpText":"Annual interest rate for the loan plan. This rate is calculated by an external system and is used for disclosures and letters. The rate is entered in CMS through batch user input or the loan generation service, but it can be changed on this screen."
}
],"section10":[
{
"fieldCode":"0199",
"fieldName":"DATE LAST MAINTENANCE",
"fieldFormat":"",
"helpText":"Date of last maintenance of the record."
}
,{
"fieldCode":"0198",
"fieldName":"LAST MAINTENANCE OPERATOR",
"fieldFormat":"3C",
"helpText":"This field indicates the operator who has done the last maintenance for this record. This field is system-generated; you cannot change it."
}
,{
"fieldCode":"4548",
"fieldName":"RECORD STATUS",
"fieldFormat":"1C",
"helpText":"Code that indicates the status of the credit plan segment table. The values are:<br/>0 = Record is inactive (Default)<br/>1 = Record is active<br/>9 = Record is to be purged."
}
],"section11":[
{
"fieldCode":"4560",
"fieldName":"PAYMENT HOLIDAY MONTHS",
"fieldFormat":"1N",
"helpText":"Code that identifies the payment holiday month for the loan plan."
}
,{
"fieldCode":"4561",
"fieldName":"FINAL PAYMENT OUTSTANDING",
"fieldFormat":"17N",
"helpText":"Final outstanding amount to be paid by the final payment due date. This field displays the current due amount including the project interest amount. System calculates this amount when the final payment functionality is enabled. This field is system-generated and cannot be modified."
}
,{
"fieldCode":"4562",
"fieldName":"FINAL PAYMENT OUTST DATE",
"fieldFormat":"8N",
"helpText":"Due date for the final payment functionality. The system calculates the due date when the final payment functionality is triggered. This field is system-generated and cannot be modified."
}
,{
"fieldCode":"4563",
"fieldName":"FINAL PAYMENT LETTER DATE",
"fieldFormat":"8N",
"helpText":"Due date within which the final payment letter is generated. The system calculates the due date when the final payment functionality is triggered. This field is system-generated and cannot be modified."
}
,{
"fieldCode":"4564",
"fieldName":"TOPUP AMOUNT",
"fieldFormat":"17N",
"helpText":"The top up amount on the existing loan top-up plan."
}
,{
"fieldCode":"4565",
"fieldName":"LOAN PAYOFF ORG",
"fieldFormat":"3N",
"helpText":"Field that indicates the details of the previous loan amount being paid off through the loan top-up amount."
}
,{
"fieldCode":"4566",
"fieldName":"LOAN PAYOFF ACCOUNT",
"fieldFormat":"19C",
"helpText":"Field that indicates the details of the previous loan amount being paid off through the loan top-up amount."
}
,{
"fieldCode":"4567",
"fieldName":"LOAN PAYOFF AMOUNT",
"fieldFormat":"17N",
"helpText":"Field that indicates the details of the previous loan amount being paid off through the loan top-up amount."
}
,{
"fieldCode":"4568",
"fieldName":"CARD PAYMENT ORG",
"fieldFormat":"3N",
"helpText":"Field that indicates the old card account details through which the payment for the loan top-up is made.<br/>Note: These fields are display only; you cannot modify them. The system updates these fields during loan boarding process and only when the value of the TOPUP IND field is greater than zero."
}
,{
"fieldCode":"4569",
"fieldName":"CARD PAYMENT ACCOUNT",
"fieldFormat":"19C",
"helpText":"Field that indicates the old card account details through which the payment for the loan top-up is made.<br/>Note: These fields are display only; you cannot modify them. The system updates these fields during loan boarding process and only when the value of the TOPUP IND field is greater than zero."
}
,{
"fieldCode":"4570",
"fieldName":"CARD PAYMENT AMOUNT",
"fieldFormat":"17N",
"helpText":"Field that indicates the old card account details through which the payment for the loan top-up is made.<br/>Note: These fields are display only; you cannot modify them. The system updates these fields during loan boarding process and only when the value of the TOPUP IND field is greater than zero."
}
],"section12":[
{
"fieldCode":"4560",
"fieldName":"PAYMENT HOLIDAY MONTHS",
"fieldFormat":"1N",
"helpText":"Code that identifies the payment holiday month for the loan plan"
}
,{
"fieldCode":"4561",
"fieldName":"FINAL PAYMENT OUTSTANDING",
"fieldFormat":"17N",
"helpText":"Final outstanding amount to be paid by the final payment due date. This field displays the current due amount including the project interest amount. System calculates this amount when the final payment functionality is enabled. This field is system-generated and cannot be modified."
}
,{
"fieldCode":"4562",
"fieldName":"FINAL PAYMENT OUTST DATE",
"fieldFormat":"8N",
"helpText":"Due date for the final payment functionality. The system calculates the due date when the final payment functionality is triggered. This field is system-generated and cannot be modified."
}
,{
"fieldCode":"4563",
"fieldName":"FINAL PAYMENT LETTER DATE",
"fieldFormat":"8N",
"helpText":"Due date within which the final payment letter is generated. The system calculates the due date when the final payment functionality is triggered. This field is system-generated and cannot be modified."
}
,{
"fieldCode":"4564",
"fieldName":"TOPUP AMOUNT",
"fieldFormat":"17N",
"helpText":"The top up amount on the existing loan top-up plan."
}
,{
"fieldCode":"4565",
"fieldName":"LOAN PAYOFF ORG",
"fieldFormat":"3N",
"helpText":"Field that indicates the details of the previous loan amount being paid off through the loan top-up amount."
}
,{
"fieldCode":"4566",
"fieldName":"LOAN PAYOFF ACCOUNT",
"fieldFormat":"19C",
"helpText":"Field that indicates the details of the previous loan amount being paid off through the loan top-up amount."
}
,{
"fieldCode":"4567",
"fieldName":"LOAN PAYOFF AMOUNT",
"fieldFormat":"17N",
"helpText":"Field that indicates the details of the previous loan amount being paid off through the loan top-up amount."
}
,{
"fieldCode":"4568",
"fieldName":"CARD PAYMENT ORG",
"fieldFormat":"3N",
"helpText":"Field that indicates the old card account details through which the payment for the loan top-up is made.<br/>Note: These fields are display only; you cannot modify them. The system updates these fields during loan boarding process and only when the value of the TOPUP IND field is greater than zero."
}
,{
"fieldCode":"4569",
"fieldName":"CARD PAYMENT ACCOUNT",
"fieldFormat":"19C",
"helpText":"Field that indicates the old card account details through which the payment for the loan top-up is made.<br/>Note: These fields are display only; you cannot modify them. The system updates these fields during loan boarding process and only when the value of the TOPUP IND field is greater than zero."
}
,{
"fieldCode":"4570",
"fieldName":"CARD PAYMENT AMOUNT",
"fieldFormat":"17N",
"helpText":"Field that indicates the old card account details through which the payment for the loan top-up is made.<br/>Note: These fields are display only; you cannot modify them. The system updates these fields during loan boarding process and only when the value of the TOPUP IND field is greater than zero."
}
]},"sections": {
"section0":""
,
"section1":"Loan Details - ARMA11/12/15/ARQA11/12/15"
,
"section2":"Loan Details - ARMA11/12/15/ARQA11/12/15 - 01-Loan Disclosed & Init Amts"
,
"section3":"Loan Details - ARMA11/12/15/ARQA11/12/15 - 02-Loan Disbrusement Credit"
,
"section4":"Loan Details - ARMA11/12/15/ARQA11/12/15 - 03-Loan Topup Redraw Can Restruc"
,
"section5":"Loan Details - ARMA11/12/15/ARQA11/12/15 - 04-Loan Commission Subsidy Clwb"
,
"section6":"Loan Details - ARMA11/12/15/ARQA11/12/15 - 05-Fixed Interest Data"
,
"section7":"Loan Details - ARMA11/12/15/ARQA11/12/15 - 06-Skip Payment Data"
,
"section8":"Loan Details - ARMA11/12/15/ARQA11/12/15 - 07-Equal Payment Plan Conversion"
,
"section9":"Loan Details - ARMA11/12/15/ARQA11/12/15 - 08-Plan Segment Rate/History"
,
"section10":"Loan Details - ARMA11/12/15/ARQA11/12/15 - 99-Status & Activity Information"
,
"section11":"Loan Details - ARMA11/12/15/ARQA11/12/15 - Z01-Loan Topup And JL Partnership Card"
,
"section12":"Loan Details - ARMA11/12/15 - Z01-Loan Topup And JL Partnership Card"
}}
