{"data":{
"section0":[
],"section1":[
{
"fieldCode":"5003",
"fieldName ":"BUSINESS UNIT",
"fieldFormat":"3N",
"helpText":"Identification number of the business unit associated with the account. The values are 001-998."
}
,{
"fieldCode":"5004",
"fieldName ":"ACCOUNT NUMBER",
"fieldFormat":"19C",
"helpText":"Identification number of the account associated with the Credit Plan Segment records that you want to view."
}
,{
"fieldCode":"4728",
"fieldName ":"RECORD NUMBER",
"fieldFormat":"3N",
"helpText":"Record number that identifies each Credit Plan Segment record assigned to the account. The values are 000-999. The value 000 indicates a phantom plan used to disclose interest rates when no cash or retail plan exists for an account."
}
,{
"fieldCode":"4729",
"fieldName ":"RECORD TYPE",
"fieldFormat":"2N",
"helpText":"Identification number of the type of record associated with the account provided in home page. The default value for this field is 7."
}
,{
"fieldCode":"",
"fieldName ":"PRODUCT",
"fieldFormat":"3N",
"helpText":"Identification number of the product associated with the account. The values are 001-998."
}
],"section2":[
{
"fieldCode":"4732",
"fieldName ":"PLAN NUMBER",
"fieldFormat":"5N",
"helpText":"Plan number that identifies the Credit Plan Master record associated with this loan credit plan."
}
,{
"fieldCode":"4733",
"fieldName ":"DATE ADDED",
"fieldFormat":"",
"helpText":"Date on which the Credit Plan Segment record was added to the account."
}
,{
"fieldCode":"4789",
"fieldName ":"AMORTIZATION TERM",
"fieldFormat":"3N",
"helpText":"Number of months over which the loan will be amortized and the term value to use in the amortization calculations. The values are 000-120. Value 000 means a component does not use amortization."
}
,{
"fieldCode":"4790",
"fieldName ":"AMORTIZATION REMAINING TERM",
"fieldFormat":"3N",
"helpText":"Number of months remaining over which the loan component will be amortized. This value is set to the amortization table term at plan setup and is decreased by one each month the loan component is amortized. The values are 000-120. Value 000 means a component does not use amortization."
}
,{
"fieldCode":"4791",
"fieldName ":"AMORTIZATION TABLE",
"fieldFormat":"3N",
"helpText":"Amortization table used to retrieve the amortization parameters for this loan component. The values are 001-999. The table number may default from the Credit Plan Master, be entered through batch user input, or be entered online using the service Loan Input Locate->01-Amortization input Data. Value 999 indicates that no table was used and all amortization data was brought in by user input or entered on service Loan Input Locate->01-Amortization input Data."
}
,{
"fieldCode":"4792",
"fieldName ":"AMORTIZATION METHOD",
"fieldFormat":"1N",
"helpText":"Method used to calculate the amortization of the component. The values are:<br/>1 = Straight line<br/>2 = Rule of 78ths<br/>3 = Fixed<br/>4 = Percentage<br/>5 = Loan payment schedule.<br/>Straight line amortization divides the initial amount to be amortized by the amortization term to calculate the monthly amortization amount. <br/>Rule of 78ths logic calculates the variable monthly amortization amounts. The Rule of 78ths logic uses the basic equation<br/>((r+1) / ((n(n+1)/2)) I <br/>where r = remaining term, n = term, and I = initial component amount.<br/>Once the denominator (n(n+1)/2) is determined, each month is calculated by taking the amortization term remaining plus 1 (r+1) and dividing this value by the calculated denominator to obtain the factor for the component for that month. CMS multiplies the initial component amount (I) by the factor to compute the individual monthly amortized amount for the component.<br/>Fixed method amortizes a specific amount to be amortized each cycle of the term of the loan. The amount must be entered by batch user input or online (Loan Input Locate->01-Amortization input Data).<br/>Percentage method multiplies the fee by the percentage entered into each of the term fields on the amortization table to determine the individual amortized amount.<br/>Loan payment schedule lists the amount to amortize for each component for each term."
}
,{
"fieldCode":"4793",
"fieldName ":"AMORTIZATION START INDICATOR",
"fieldFormat":"1N",
"helpText":"Code that indicates when amortization occurs. Amortization will only occur if the plan is balanced with a status of 01. The values are:<br/>0 = Begin amortization on the first cycle and amortize on the account cycle date thereafter<br/>1 = Begin amortization on the date the plan is balanced and amortize on the account cycle date thereafter<br/>2 = Begin amortization the number of months, as defined in AMORTIZATION START METHOD, after the first cycle date and amortize on the account cycle date thereafter<br/>3 = Begin amortization the number of days, as defined in AMORTIZATION START DAYS, after the first cycle date. Amortize this number of days after the first cycle date thereafter."
}
,{
"fieldCode":"4794",
"fieldName ":"AMORTIZATION START MONTH",
"fieldFormat":"2N",
"helpText":"Number of months after the plan is balanced and the account cycles that amortization begins. The values are 00-99. If AMORTIZATION START INDICATOR is 2 (number of months after first cycle), this field is 01-99. If AMORTIZATION START INDICATOR is 0 (at cycle), 1 (when balanced), or 3 (number of days after cycle), this field is 00."
}
,{
"fieldCode":"4795",
"fieldName ":"AMORTIZATION START DAYS",
"fieldFormat":"2N",
"helpText":"Number of days after the plan is balanced and the account cycles that amortization begins. The values are 00-26. If AMORTIZATION START INDICATOR is 3 (number of days after cycle), this field is 01-26. If AMORTIZATION START INDICATOR is 0 (at cycle), 1 (when balanced), or 2 (number of months after first cycle), this field is 00."
}
,{
"fieldCode":"4796",
"fieldName ":"AMORTIZATION ROUNDING",
"fieldFormat":"1N",
"helpText":"Code that indicates the rounding method that CMS uses to round or truncate the calculated amortization amount each month. Rounding is based on the currency NOD and the number that follows the last decimal in the currency. The values are:<br/>0 = Standard rounding. If the number that follows the last decimal in the currency is 1 to 4, CMS rounds down; if the number is 5 to 9, CMS rounds up. (Default)<br/>1 = Always round up. If the number is 1 to 9, CMS rounds up.<br/>2 = Truncate. CMS does not round.<br/>3 = Round, no decimal. CMS rounds to the nearest whole monetary unit."
}
,{
"fieldCode":"4797",
"fieldName ":"AMORT FIX AMOUNT",
"fieldFormat":"15N/2D",
"helpText":"Fixed amount to be amortized each cycle for the loan component. This field is used only if AMORTIZATION METHOD is 3 (fixed)."
}
,{
"fieldCode":"4798",
"fieldName ":"NEXT AMORTIZATION DATE",
"fieldFormat":"",
"helpText":"Date on which the next amortization is to occur on the loan component when the amortization does not occur on the cycle date. <br/>If AMORTIZATION START INDICATOR is 0 (amortize on cycle date), then NEXT AMORTIZATION DATE is always zeros.<br/>If AMORTIZATION START INDICATOR is 1 (amortize when balanced), the NEXT AMORTIZATION DATE is populated with the date the plan is balanced and is never updated again. This field is not used for subsequent amortization since it occurs on the cycle date. <br/>If AMORTIZATION START INDICATOR is 2 (number of months after first cycle), the NEXT AMORTIZATION DATE is populated on the first cycle after the plan is balanced. The calculated date will be the cycle date plus the number of months in the AMORTIZATIOM START METHOD field. This field is never updated since subsequent amortization occurs on each cycle date.<br/>If AMORTIZATION START INDICATOR is 3 (number of days after cycle), the NEXT AMORTIZATION DATE is populated on the first cycle after the plan is balanced. The calculated date will be the cycle date plus the number of days in the AMORTIZATION START DAYS field. When amortization occurs, this field is cleared to zeros. On each subsequent cycle, CMS calculates this field as the cycle date plus the number of days in the AMORTIZATION START DAYS field and updates the field with the new value."
}
,{
"fieldCode":"4799",
"fieldName ":"TBL OVRD",
"fieldFormat":"1N",
"helpText":"Value that indicates the source of the amortization data used during amortization processing (for each component). Either the Credit Plan Master points to an amortization table from which data is extracted for use in amortization processing, or amortization data is supplied via a user input file or online input (Loan Input Locate->01-Amortization input Data) to override the Credit Plan Master.<br/>The value in this field is system-generated; you cannot change it. The values are:<br/>0 = Amortization data was extracted from the table number supplied by the Credit Plan Master. Amortization data override does not apply.<br/>1 = Amortization data was extracted from the table whose number was supplied via a user input file or online input (Loan Input Locate->01-Amortization input Data).<br/>2 = Amortization data was supplied via a user input file or online input (Loan Input Locate->01-Amortization input Data).<br/>3 = All amortization data was supplied via a user input file or online input (Loan Input Locate->01-Amortization input Data) except for term and percentages. The amortization method is 4 (percentage). Percentages used were from the table whose number was supplied via a user input file or online input (Loan Input Locate->01-Amortization input Data)."
}
,{
"fieldCode":"4801",
"fieldName ":"BEGINNING QUOTE CALCULATED DATE",
"fieldFormat":"",
"helpText":"Date on which amortization begins for each loan component. This field is used only for early settlement quote calculations; this field is not used in amortization calculations for the loan."
}
],"section3":[
{
"fieldCode":"4735",
"fieldName ":"UNEARNED PRINCIPAL",
"fieldFormat":"15N/2D",
"helpText":"Remaining amount to be amortized during the term for the amortized components, that is, PRINCIPAL."
}
,{
"fieldCode":"4736",
"fieldName ":"UNEARNED PRINCIPAL REVERSAL",
"fieldFormat":"15N/2D",
"helpText":"Total unearned reversed amounts applied to this plan for loan reversals or adjustments affecting PRINCIPAL."
}
,{
"fieldCode":"4737",
"fieldName ":"EARNED PRINCIPAL",
"fieldFormat":"15N/2D",
"helpText":"Total amount earned over the life of the loan for the amortized components, that is, PRINCIPAL."
}
,{
"fieldCode":"4738",
"fieldName ":"EARNED PRINCIPAL REVERSAL",
"fieldFormat":"15N/2D",
"helpText":"Total earned reversed amounts applied to this plan for loan reversals or adjustments affecting PRINCIPAL."
}
,{
"fieldCode":"4739",
"fieldName ":"UNEARNED INTEREST",
"fieldFormat":"15N/2D",
"helpText":"Remaining amount to be amortized during the term for the amortized components, that is, INTEREST."
}
,{
"fieldCode":"4740",
"fieldName ":"UNEARNED INTEREST REVERSAL",
"fieldFormat":"15N/2D",
"helpText":"Total unearned reversed amounts applied to this plan for loan reversals or adjustments affecting INTEREST."
}
,{
"fieldCode":"4741",
"fieldName ":"EARNED INTEREST",
"fieldFormat":"15N/2D",
"helpText":"Total amount earned over the life of the loan for the amortized components, that is, PRINCIPAL."
}
,{
"fieldCode":"4742",
"fieldName ":"EARNED INTEREST REVERSAL",
"fieldFormat":"15N/2D",
"helpText":"Total earned reversed amounts applied to this plan for loan reversals or adjustments affecting INTEREST."
}
,{
"fieldCode":"4743",
"fieldName ":"DELINQUENCY INTEREST EARNED",
"fieldFormat":"15N/2D",
"helpText":"Amount of interest earned after the account has reached the level of delinquency specified on the associated Credit Plan Master record (LEVEL OF CONTRACTUAL DELINQUENCY on Credit Plans->10-Amortization; Bill Fee & Interest Controls)."
}
,{
"fieldCode":"4744",
"fieldName ":"DELINQUENCY INTEREST REVERSAL",
"fieldFormat":"15N/2D",
"helpText":"Amount of interest that was earned during the delinquent period and subsequently moved to the interest earned field due to curing delinquency, settlement, or cancellation."
}
,{
"fieldCode":"4746",
"fieldName ":"UNEARNED INSURANCE",
"fieldFormat":"15N/2D",
"helpText":"Remaining amount to be amortized during the term for the amortized components, that is, INSURANCE."
}
,{
"fieldCode":"4747",
"fieldName ":"UNEARNED INSURANCE REVERSAL",
"fieldFormat":"15N/2D",
"helpText":"Total unearned reversed amounts applied to this plan for loan reversals or adjustments affecting INSURANCE."
}
,{
"fieldCode":"4748",
"fieldName ":"EARNED INSURANCE",
"fieldFormat":"15N/2D",
"helpText":"Total amount earned over the life of the loan for the amortized components, that is, INSURANCE."
}
,{
"fieldCode":"4749",
"fieldName ":"EARNED INSURANCE REVERSAL",
"fieldFormat":"15N/2D",
"helpText":"Total earned reversed amounts applied to this plan for loan reversals or adjustments affecting INSURANCE."
}
,{
"fieldCode":"4750",
"fieldName ":"UNEARNED USER FEE 1",
"fieldFormat":"15N/2D",
"helpText":"Remaining amount to be amortized during the term for the amortized components, that is, USER FEE 1."
}
,{
"fieldCode":"4751",
"fieldName ":"UNEARNED USER FEE 1 REVERSAL",
"fieldFormat":"15N/2D",
"helpText":"Total unearned reversed amounts applied to this plan for loan reversals or adjustments affecting USER FEE 1."
}
,{
"fieldCode":"4752",
"fieldName ":"EARNED USER FEE 1",
"fieldFormat":"15N/2D",
"helpText":"Total amount earned over the life of the loan for the amortized components, that is, USER FEE 1."
}
,{
"fieldCode":"4753",
"fieldName ":"EARNED USER FEE 1 REVERSAL",
"fieldFormat":"15N/2D",
"helpText":"Total earned reversed amounts applied to this plan for loan reversals or adjustments affecting USER FEE 1."
}
,{
"fieldCode":"4754",
"fieldName ":"UNEARNED USER FEE 2",
"fieldFormat":"15N/2D",
"helpText":"Remaining amount to be amortized during the term for the amortized components, that is, USER FEE 2."
}
,{
"fieldCode":"4755",
"fieldName ":"UNEARNED USER FEE 2 REVERSAL",
"fieldFormat":"15N/2D",
"helpText":"Total unearned reversed amounts applied to this plan for loan reversals or adjustments affecting USER FEE 2."
}
,{
"fieldCode":"4756",
"fieldName ":"EARNED USER FEE 2",
"fieldFormat":"15N/2D",
"helpText":"Total amount earned over the life of the loan for the amortized components, that is, USER FEE 2."
}
,{
"fieldCode":"4757",
"fieldName ":"EARNED USER FEE 2 REVERSAL",
"fieldFormat":"15N/2D",
"helpText":"Total earned reversed amounts applied to this plan for loan reversals or adjustments affecting USER FEE 2."
}
,{
"fieldCode":"4758",
"fieldName ":"UNEARNED USER FEE 3",
"fieldFormat":"15N/2D",
"helpText":"Remaining amount to be amortized during the term for the amortized components, that is, USER FEE 3."
}
,{
"fieldCode":"4759",
"fieldName ":"UNEARNED USER FEE 3 REVERSAL",
"fieldFormat":"15N/2D",
"helpText":"Total unearned reversed amounts applied to this plan for loan reversals or adjustments affecting USER FEE 3."
}
,{
"fieldCode":"4760",
"fieldName ":"EARNED USER FEE 3",
"fieldFormat":"15N/2D",
"helpText":"Total amount earned over the life of the loan for the amortized components, that is, USER FEE 3."
}
,{
"fieldCode":"4761",
"fieldName ":"EARNED USER FEE 3 REVERSAL",
"fieldFormat":"15N/2D",
"helpText":"Total earned reversed amounts applied to this plan for loan reversals or adjustments affecting USER FEE 3."
}
,{
"fieldCode":"4762",
"fieldName ":"UNEARNED USER FEE 4",
"fieldFormat":"15N/2D",
"helpText":"Remaining amount to be amortized during the term for the amortized components, that is, USER FEE 4."
}
,{
"fieldCode":"4763",
"fieldName ":"UNEARNED USER FEE 4 REVERSAL",
"fieldFormat":"15N/2D",
"helpText":"Total unearned reversed amounts applied to this plan for loan reversals or adjustments affecting USER FEE 4."
}
,{
"fieldCode":"4764",
"fieldName ":"EARNED USER FEE 4",
"fieldFormat":"15N/2D",
"helpText":"Total amount earned over the life of the loan for the amortized components, that is, USER FEE 4."
}
,{
"fieldCode":"4765",
"fieldName ":"EARNED USER FEE 4 REVERSAL",
"fieldFormat":"15N/2D",
"helpText":"Total earned reversed amounts applied to this plan for loan reversals or adjustments affecting USER FEE 4."
}
,{
"fieldCode":"4766",
"fieldName ":"UNEARNED USER FEE 5",
"fieldFormat":"15N/2D",
"helpText":"Remaining amount to be amortized during the term for the amortized components, that is, USER FEE 5."
}
,{
"fieldCode":"4767",
"fieldName ":"UNEARNED USER FEE 5 REVERSAL",
"fieldFormat":"15N/2D",
"helpText":"Total unearned reversed amounts applied to this plan for loan reversals or adjustments affecting USER FEE 5."
}
,{
"fieldCode":"4768",
"fieldName ":"EARNED USER FEE 5",
"fieldFormat":"15N/2D",
"helpText":"Total amount earned over the life of the loan for the amortized components, that is, USER FEE 5."
}
,{
"fieldCode":"4769",
"fieldName ":"EARNED USER FEE 5 REVERSAL",
"fieldFormat":"15N/2D",
"helpText":"Total earned reversed amounts applied to this plan for loan reversals or adjustments affecting USER FEE 5."
}
,{
"fieldCode":"4770",
"fieldName ":"UNEARNED USER FEE 6",
"fieldFormat":"15N/2D",
"helpText":"Remaining amount to be amortized during the term for the amortized components, that is, USER FEE 6."
}
,{
"fieldCode":"4771",
"fieldName ":"UNEARNED USER FEE 6 REVERSAL",
"fieldFormat":"15N/2D",
"helpText":"Total unearned reversed amounts applied to this plan for loan reversals or adjustments affecting USER FEE 6."
}
,{
"fieldCode":"4772",
"fieldName ":"EARNED USER FEE 6",
"fieldFormat":"15N/2D",
"helpText":"Total amount earned over the life of the loan for the amortized components, that is, USER FEE 6."
}
,{
"fieldCode":"4773",
"fieldName ":"EARNED USER FEE 6 REVERSAL",
"fieldFormat":"15N/2D",
"helpText":"Total earned reversed amounts applied to this plan for loan reversals or adjustments affecting USER FEE 6."
}
],"section4":[
{
"fieldCode":"4774",
"fieldName ":"EARNED PRIMARY COMMISSION",
"fieldFormat":"15N/2D",
"helpText":"Total amount earned over the life of the loan for the amortized component (primary commission)."
}
,{
"fieldCode":"4775",
"fieldName ":"UNEARNED PRIMARY COMMISSION",
"fieldFormat":"15N/2D",
"helpText":"Remaining amount to be amortized during the term for the amortized component (primary commission)."
}
,{
"fieldCode":"4776",
"fieldName ":"EARNED PRIMARY COMMISSION REVERSAL",
"fieldFormat":"15N/2D",
"helpText":"Total earned reversed amounts applied to this plan for loan reversals or adjustments affecting primary commission."
}
,{
"fieldCode":"4777",
"fieldName ":"UNEARNED PRIMARY COMMISSION REVERSAL",
"fieldFormat":"15N/2D",
"helpText":"Total unearned reversed amounts applied to this plan for loan reversals or adjustments affecting primary commission."
}
,{
"fieldCode":"4778",
"fieldName ":"EARNED SECONDARY COMMISSION",
"fieldFormat":"15N/2D",
"helpText":"Total amount earned over the life of the loan for the amortized component (secondary commission)."
}
,{
"fieldCode":"4779",
"fieldName ":"UNEARNED SECONDARY COMMISSION",
"fieldFormat":"15N/2D",
"helpText":"Remaining amount to be amortized during the term for the amortized component (secondary commission)."
}
,{
"fieldCode":"4780",
"fieldName ":"EARNED SECONDARY COMMISSION REVERSAL",
"fieldFormat":"15N/2D",
"helpText":"Total earned reversed amounts applied to this plan for loan reversals or adjustments affecting secondary commission."
}
,{
"fieldCode":"4781",
"fieldName ":"UNEARNED SECONDARY COMMISSION REVERSAL",
"fieldFormat":"15N/2D",
"helpText":"Total unearned reversed amounts applied to this plan for loan reversals or adjustments affecting secondary commission."
}
,{
"fieldCode":"4782",
"fieldName ":"EARNED SUBSIDY AMOUNT",
"fieldFormat":"15N/2D",
"helpText":"Total amount earned over the life of the loan for the amortized component (subsidy)."
}
,{
"fieldCode":"4783",
"fieldName ":"UNEARNED SUBSIDY AMOUNT",
"fieldFormat":"15N/2D",
"helpText":"Remaining amount to be amortized during the term for the amortized component (subsidy)."
}
,{
"fieldCode":"4784",
"fieldName ":"EARNED SUBSIDY REVERSAL AMOUNT",
"fieldFormat":"15N/2D",
"helpText":"Total earned reversed amounts applied to this plan for loan reversals or adjustments affecting subsidy."
}
,{
"fieldCode":"4785",
"fieldName ":"UNEARNED SUBSIDY REVERSAL AMOUNT",
"fieldFormat":"15N/2D",
"helpText":"Total unearned reversed amounts applied to this plan for loan reversals or adjustments affecting subsidy."
}
],"section5":[
{
"fieldCode":"4731",
"fieldName ":"DATE LAST MAINTENANCE",
"fieldFormat":"",
"helpText":"Date of last maintenance of the record."
}
,{
"fieldCode":"4804",
"fieldName ":"RECORD STATUS",
"fieldFormat":"1C",
"helpText":"Code that indicates the status of the credit plan segment table. The values are:<br/>0 = record is inactive (Default)<br/>1 = record is active<br/>9 = record is to be purged."
}
,{
"fieldCode":"4803",
"fieldName ":"LAST MAINTENANCE OPERATOR",
"fieldFormat":"3C",
"helpText":"This field indicates the operator who has done the last maintenance for this record. This field is system-generated; you cannot change it."
}
]},"sections": {
"section0":""
,
"section1":"Amortization Details - ARMA09/10/16/ARQA"
,
"section2":"Amortization Details - ARMA09/10/16/ARQA - 01-Amortization Detail"
,
"section3":"Amortization Details - ARMA09/10/16/ARQA - 02-Loan Earned / Unearned Amounts"
,
"section4":"Amortization Details - ARMA09/10/16/ARQA - 03-Loan Commission & Subsidy Detail"
,
"section5":"Amortization Details - ARMA09/10/16/ARQA - 99-Status & Activity Information"
}}
