{"data":{
"section0":[
],"section1":[
{
"fieldCode":"4653",
"fieldName":"BUSINESS UNIT",
"fieldFormat":"3N",
"helpText":"Identification number of the business unit associated with the account. The values are 001-998."
}
,{
"fieldCode":"4654",
"fieldName":"ACCOUNT NUMBER",
"fieldFormat":"19C",
"helpText":"Identification number of the account associated with the Credit Plan Segment records that you want to view."
}
,{
"fieldCode":"4655",
"fieldName":"RECORD NUMBER",
"fieldFormat":"3N",
"helpText":"Record number that identifies each Credit Plan Segment record assigned to the account. The values are 000-999. The value 000 indicates a phantom plan used to disclose interest rates when no cash or retail plan exists for an account."
}
,{
"fieldCode":"4656",
"fieldName":"RECORD TYPE",
"fieldFormat":"2N",
"helpText":"Identification number of the type of record associated with the account provided in home page. The default value for this field is 6."
}
,{
"fieldCode":"4657",
"fieldName":"PRODUCT",
"fieldFormat":"3N",
"helpText":"Identification number of the product associated with the account. The values are 001-998."
}
],"section2":[
{
"fieldCode":"4002",
"fieldName":"PLAN NUMBER",
"fieldFormat":"5N",
"helpText":"It identifies the plan number of the Credit Plan Master record associated with the Credit Plan Segment record."
}
,{
"fieldCode":"4007",
"fieldName":"DATE OPENED",
"fieldFormat":"",
"helpText":"Date on which the Credit Plan Segment record was opened, or generated, for the account."
}
,{
"fieldCode":"4008",
"fieldName":"DATE OF AGREEMENT",
"fieldFormat":"",
"helpText":"Date of original loan agreement."
}
,{
"fieldCode":"4009",
"fieldName":"PRINCIPAL AMOUNT",
"fieldFormat":"15N/2D",
"helpText":"Original disclosed principal amount for this loan."
}
,{
"fieldCode":"4010",
"fieldName":"DEPOSIT AMOUNT",
"fieldFormat":"15N/2D",
"helpText":"Original disclosed deposit amount for this loan."
}
,{
"fieldCode":"4011",
"fieldName":"INTEREST AMOUNT",
"fieldFormat":"15N/2D",
"helpText":"Original disclosed interest amount for this loan."
}
,{
"fieldCode":"4012",
"fieldName":"INSURANCE AMOUNT",
"fieldFormat":"15N/2D",
"helpText":"Original disclosed insurance amount for this loan."
}
,{
"fieldCode":"4658",
"fieldName":"USER FEE 1 AMOUNT",
"fieldFormat":"15N/2D",
"helpText":"Original disclosed user-defined fees 1 for this loan."
}
,{
"fieldCode":"4659",
"fieldName":"USER FEE 2 AMOUNT",
"fieldFormat":"15N/2D",
"helpText":"Original disclosed user-defined fees 2 for this loan."
}
,{
"fieldCode":"4660",
"fieldName":"USER FEE 3 AMOUNT",
"fieldFormat":"15N/2D",
"helpText":"Original disclosed user-defined fees 3 for this loan."
}
,{
"fieldCode":"4661",
"fieldName":"USER FEE 4 AMOUNT",
"fieldFormat":"15N/2D",
"helpText":"Original disclosed user-defined fees 4 for this loan."
}
,{
"fieldCode":"4662",
"fieldName":"USER FEE 5 AMOUNT",
"fieldFormat":"15N/2D",
"helpText":"Original disclosed user-defined fees 5 for this loan."
}
,{
"fieldCode":"4663",
"fieldName":"USER FEE 6 AMOUNT",
"fieldFormat":"15N/2D",
"helpText":"Original disclosed user-defined fees 6 for this loan."
}
,{
"fieldCode":"4664",
"fieldName":"INTEREST FLAT AMOUNT",
"fieldFormat":"15N/2D",
"helpText":"Amount of interest to be billed each cycle when the interest CCI value (INTEREST CCI on Loan details->01-Loan Disclosed & Init Amts) is 2 (precomputed periodically charged)."
}
,{
"fieldCode":"4665",
"fieldName":"ORIGINAL TERM",
"fieldFormat":"3N",
"helpText":"Original number of months."
}
,{
"fieldCode":"4013",
"fieldName":"BILLING TERM",
"fieldFormat":"3N",
"helpText":"The number of months in which billing occurs."
}
,{
"fieldCode":"4014",
"fieldName":"FIRST PAYMENT AMOUNT",
"fieldFormat":"15N/2D",
"helpText":"Original first payment amount for this loan."
}
,{
"fieldCode":"4015",
"fieldName":"FINAL PAYMENT AMOUNT",
"fieldFormat":"15N/2D",
"helpText":"Original final payment amount for this loan."
}
,{
"fieldCode":"4016",
"fieldName":"FIRST PAYMENT DATE",
"fieldFormat":"",
"helpText":"Original first payment date for this loan."
}
,{
"fieldCode":"4017",
"fieldName":"FINAL PAYMENT DATE",
"fieldFormat":"",
"helpText":"Original final payment date for this loan."
}
,{
"fieldCode":"4678",
"fieldName":"PRODUCT CODE",
"fieldFormat":"5C",
"helpText":"Original user-defined product code for this plan."
}
,{
"fieldCode":"4679",
"fieldName":"ANNUAL PERCENTAGE RATE",
"fieldFormat":"7N",
"helpText":"Original interest rate of the loan. This field displays the decimal as needed for the rate; the percentage NOD does not determine the decimal position."
}
,{
"fieldCode":"4680",
"fieldName":"DISPERSAL METHOD",
"fieldFormat":"1C",
"helpText":"Original user-defined dispersal method."
}
],"section3":[
{
"fieldCode":"4666",
"fieldName":"PAYMENT START DATE",
"fieldFormat":"",
"helpText":"This field is the date on which the payment deferment period ends. CMS begins requesting payments on the first statement generated after this date."
}
,{
"fieldCode":"4667",
"fieldName":"PAYMENT TERM INDICATOR",
"fieldFormat":"1N",
"helpText":"This field is a code that indicates whether the payment deferment period is days, cycles, or months. The values are:<br/>0 = Not used<br/>1 = Cycles<br/>2 = Days<br/>3 = Months."
}
,{
"fieldCode":"4668",
"fieldName":"PAYMENT PERIOD",
"fieldFormat":"3N",
"helpText":"This field is the original number of periods in the payment deferment period. Purchases made during the payment deferment period appear on billing statements, but CMS does not request payments until the payment deferment period ends. The PAYMENT TERM INDICATOR field indicates whether the payment deferment period is in cycles, days, or months."
}
,{
"fieldCode":"4669",
"fieldName":"INTEREST START DATE",
"fieldFormat":"",
"helpText":"This field is the date on which the interest deferment period ends and interest assessment begins."
}
,{
"fieldCode":"4670",
"fieldName":"INTEREST TERM INDICATOR",
"fieldFormat":"1N",
"helpText":"This field is a code that indicates whether the interest deferment period is days, cycles, or months. The values are:<br/>0 = Not used<br/>1 = Cycles<br/>2 = Days<br/>3 = Months."
}
,{
"fieldCode":"4671",
"fieldName":"INTEREST PERIOD",
"fieldFormat":"3N",
"helpText":"The field is the original number of periods in the interest deferment period. CMS does not assess interest during the deferment period. The INTEREST TERM INDICATOR field indicates whether the interest deferment period is in cycles, days, or months."
}
,{
"fieldCode":"4672",
"fieldName":"BILLING START DATE",
"fieldFormat":"",
"helpText":"This field is the date on which the billing deferment period ends and billing begins."
}
,{
"fieldCode":"4673",
"fieldName":"BILLING TERM INDICATOR",
"fieldFormat":"1N",
"helpText":"This field is a code that indicates whether the billing deferment period is days, cycles, or months. The values are:<br/>0 = Not used<br/>1 = Cycles<br/>2 = Days<br/>3 = Months."
}
,{
"fieldCode":"4674",
"fieldName":"BILLING PERIOD",
"fieldFormat":"3N",
"helpText":"This field is the original number of periods in the billing deferment period. CMS does not bill the account for this credit plan segment during the deferment period. The BILLING TERM INDICATOR field indicates whether the billing deferment period is in cycles, days, or months."
}
,{
"fieldCode":"4675",
"fieldName":"INSURANCE START DATE",
"fieldFormat":"",
"helpText":"The field is the date on which the insurance deferment period ends and insurance premium assessment begins."
}
,{
"fieldCode":"4676",
"fieldName":"INSURANCE TERM INDICATOR",
"fieldFormat":"1N",
"helpText":"This field is a code that indicates whether the insurance deferment period is days, cycles, or months. The values are:<br/>0 = Not used<br/>1 = Cycles<br/>2 = Days<br/>3 = Months."
}
,{
"fieldCode":"4677",
"fieldName":"INSURANCE PERIOD",
"fieldFormat":"3N",
"helpText":"This field is the original number of periods in the insurance deferment period. CMS does not assess insurance premiums during the deferment period. The INSURANCE TERM INDICATOR field indicates whether the insurance deferment period is in cycles, days, or months."
}
,{
"fieldCode":"4701",
"fieldName":"REBATE PERIOD INDICATOR",
"fieldFormat":"1N",
"helpText":"This field is a code that indicates whether the rebate period is days, cycles, months, or a specific date. The values are:<br/>0 = Use the normal rebate and penalty rules, if applicable<br/>1 = Cycles<br/>2 = Days<br/>3 = Months<br/>4 = Specific date."
}
,{
"fieldCode":"4702",
"fieldName":"INITIAL REBATE PERIOD",
"fieldFormat":"3N",
"helpText":"This field is the original number of periods in the initial rebate period. The REBATE PERIOD INDICATOR field indicates whether the initial rebate period is in cycles, days, or months."
}
,{
"fieldCode":"4703",
"fieldName":"INITIAL REBATE EXPIRY DATE",
"fieldFormat":"",
"helpText":"This field is the date on which the initial rebate period ends."
}
,{
"fieldCode":"4713",
"fieldName":"SECOND REBATE PERIOD",
"fieldFormat":"3N",
"helpText":"This field is the original number of periods in the second rebate period. The REBATE PERIOD INDICATOR field indicates whether the second rebate period is in cycles, days, or months."
}
,{
"fieldCode":"4714",
"fieldName":"SECOND REBATE EXPIRY DATE",
"fieldFormat":"",
"helpText":"This field is the date on which the second rebate period ends."
}
],"section4":[
{
"fieldCode":"4653",
"fieldName":"BUSINESS UNIT",
"fieldFormat":"3N",
"helpText":"Identification number of the business unit associated with the account. The values are 001-998."
}
,{
"fieldCode":"4654",
"fieldName":"ACCOUNT NUMBER",
"fieldFormat":"19C",
"helpText":"Identification number of the account associated with the Credit Plan Segment records that you want to view."
}
,{
"fieldCode":"4655",
"fieldName":"RECORD NUMBER",
"fieldFormat":"3N",
"helpText":"Record number that identifies each Credit Plan Segment record assigned to the account. The values are 000-999. The value 000 indicates a phantom plan used to disclose interest rates when no cash or retail plan exists for an account."
}
,{
"fieldCode":"4656",
"fieldName":"RECORD TYPE",
"fieldFormat":"2N",
"helpText":"Identification number of the type of record associated with the account provided in home page. The default value for this field is 6."
}
,{
"fieldCode":"4657",
"fieldName":"PRODUCT",
"fieldFormat":"3N",
"helpText":"Identification number of the product associated with the account. The values are 001-998."
}
,{
"fieldCode":"",
"fieldName":"INITIAL INTEREST REBATE INDICATOR",
"fieldFormat":"1N",
"helpText":"Code that indicates if interest is rebated in the initial rebate period. The values are:<br/>0 = Use the normal rebate rules, if applicable (Default)<br/>1 = Rebate using the initial rebate percent, if the settlement payment amount is paid before the initial rebate expire date."
}
,{
"fieldCode":"",
"fieldName":"INITIAL INSURANCE REBATE INDICATOR",
"fieldFormat":"1N",
"helpText":"Code that indicates if insurance is rebated in the initial rebate period. The values are:<br/>0 = Use the normal rebate rules, if applicable (Default)<br/>1 = Rebate using the initial rebate percent, if the settlement payment amount is paid before the initial rebate expire date."
}
,{
"fieldCode":"",
"fieldName":"INITIAL USER FEE 1 REBATE INDICATOR",
"fieldFormat":"1N",
"helpText":"Code that indicates if user-defined fee 1 is rebated in the initial rebate period. The values are:<br/>0 = Use the normal rebate rules, if applicable (Default)<br/>1 = Rebate using the initial rebate percent, if the settlement payment amount is paid before the initial rebate expire date."
}
,{
"fieldCode":"",
"fieldName":"INITIAL USER FEE 2 REBATE INDICATOR",
"fieldFormat":"1N",
"helpText":"Code that indicates if user-defined fee 2 is rebated in the initial rebate period. The values are:<br/>0 = Use the normal rebate rules, if applicable (Default)<br/>1 = Rebate using the initial rebate percent, if the settlement payment amount is paid before the initial rebate expire date."
}
,{
"fieldCode":"",
"fieldName":"INITIAL USER FEE 3 REBATE INDICATOR",
"fieldFormat":"1N",
"helpText":"Code that indicates if user-defined fee 3 is rebated in the initial rebate period. The values are:<br/>0 = Use the normal rebate rules, if applicable (Default)<br/>1 = Rebate using the initial rebate percent, if the settlement payment amount is paid before the initial rebate expire date."
}
,{
"fieldCode":"",
"fieldName":"INITIAL USER FEE 4 REBATE INDICATOR",
"fieldFormat":"1N",
"helpText":"Code that indicates if user-defined fee 4 is rebated in the initial rebate period. The values are:<br/>0 = Use the normal rebate rules, if applicable (Default)<br/>1 = Rebate using the initial rebate percent, if the settlement payment amount is paid before the initial rebate expire date."
}
,{
"fieldCode":"",
"fieldName":"INITIAL USER FEE 5 REBATE INDICATOR",
"fieldFormat":"1N",
"helpText":"Code that indicates if user-defined fee 5 is rebated in the initial rebate period. The values are:<br/>0 = Use the normal rebate rules, if applicable (Default)<br/>1 = Rebate using the initial rebate percent, if the settlement payment amount is paid before the initial rebate expire date."
}
,{
"fieldCode":"",
"fieldName":"INITIAL USER FEE 6 REBATE INDICATOR",
"fieldFormat":"1N",
"helpText":"Code that indicates if user-defined fee 6 is rebated in the initial rebate period. The values are:<br/>0 = Use the normal rebate rules, if applicable (Default)<br/>1 = Rebate using the initial rebate percent, if the settlement payment amount is paid before the initial rebate expire date."
}
,{
"fieldCode":"",
"fieldName":"SECOND INTEREST REBATE INDICATOR",
"fieldFormat":"1N",
"helpText":"Code that indicates if interest is rebated in the second rebate period. The values are:<br/>0 = Use the normal rebate rules, if applicable (Default)<br/>1 = Rebate using the initial rebate percent, if the settlement payment amount is paid before the initial rebate expire date."
}
,{
"fieldCode":"",
"fieldName":"SECOND INSURANCE REBATE INDICATOR",
"fieldFormat":"1N",
"helpText":"Code that indicates if insurance is rebated in the second rebate period. The values are:<br/>0 = Use the normal rebate rules, if applicable (Default)<br/>1 = Rebate using the initial rebate percent, if the settlement payment amount is paid before the initial rebate expire date."
}
,{
"fieldCode":"",
"fieldName":"SECOND USER FEE 1 REBATE INDICATOR",
"fieldFormat":"1N",
"helpText":"Code that indicates if user-defined fee 1 is rebated in the second rebate period. The values are:<br/>0 = Use the normal rebate rules, if applicable (Default)<br/>1 = Rebate using the initial rebate percent, if the settlement payment amount is paid before the initial rebate expire date"
}
,{
"fieldCode":"",
"fieldName":"SECOND USER FEE 2 REBATE INDICATOR",
"fieldFormat":"1N",
"helpText":"Code that indicates if user-defined fee 2 is rebated in the second rebate period. The values are:<br/>0 = Use the normal rebate rules, if applicable (Default)<br/>1 = Rebate using the initial rebate percent, if the settlement payment amount is paid before the initial rebate expire date"
}
,{
"fieldCode":"",
"fieldName":"SECOND USER FEE 3 REBATE INDICATOR",
"fieldFormat":"1N",
"helpText":"Code that indicates if user-defined fee 3 is rebated in the second rebate period. The values are:<br/>0 = Use the normal rebate rules, if applicable (Default)<br/>1 = Rebate using the initial rebate percent, if the settlement payment amount is paid before the initial rebate expire date"
}
,{
"fieldCode":"",
"fieldName":"SECOND USER FEE 4 REBATE INDICATOR",
"fieldFormat":"1N",
"helpText":"Code that indicates if user-defined fee 4 is rebated in the second rebate period. The values are:<br/>0 = Use the normal rebate rules, if applicable (Default)<br/>1 = Rebate using the initial rebate percent, if the settlement payment amount is paid before the initial rebate expire date"
}
,{
"fieldCode":"",
"fieldName":"SECOND USER FEE 5 REBATE INDICATOR",
"fieldFormat":"1N",
"helpText":"Code that indicates if user-defined fee 5 is rebated in the second rebate period. The values are:<br/>0 = Use the normal rebate rules, if applicable (Default)<br/>1 = Rebate using the initial rebate percent, if the settlement payment amount is paid before the initial rebate expire date"
}
,{
"fieldCode":"",
"fieldName":"SECOND USER FEE 6 REBATE INDICATOR",
"fieldFormat":"1N",
"helpText":"Code that indicates if user-defined fee 6 is rebated in the second rebate period. The values are:<br/>0 = Use the normal rebate rules, if applicable (Default)<br/>1 = Rebate using the initial rebate percent, if the settlement payment amount is paid before the initial rebate expire date"
}
],"section5":[
{
"fieldCode":"4001",
"fieldName":"DATE LAST MAINTENANCE",
"fieldFormat":"",
"helpText":"Date of last maintenance of the record."
}
,{
"fieldCode":"4005",
"fieldName":"LAST MAINTENANCE OPERATOR",
"fieldFormat":"3C",
"helpText":"This field indicates the operator who has done the last maintenance for this record. This field is system-generated; you cannot change it."
}
,{
"fieldCode":"4006",
"fieldName":"RECORD STATUS",
"fieldFormat":"1C",
"helpText":"Code that indicates the status of the credit plan segment table. The values are:<br/>0 = Record is inactive (Default)<br/>1 = Record is active<br/>9 = Record is to be purged."
}
]},"sections": {
"section0":""
,
"section1":"Original Precomputed Loan Info - ARMA12"
,
"section2":"Original Precomputed Loan Info - ARMA12 - 01-Original Loan Data"
,
"section3":"Original Precomputed Loan Info - ARMA12 - 02-Deferment Info"
,
"section4":"Original Loan Details-03-Rebate Initial/Secondary"
,
"section5":"Original Precomputed Loan Info - ARMA12 - 99-Status & Activity Information"
}}
