{"data":{
"section0":[
],"section1":[
{
"fieldCode":"4547",
"fieldName":"BUSINESS UNIT",
"fieldFormat":"3N",
"helpText":"Identification number of the organization associated with the account entered on the Locate screen."
}
,{
"fieldCode":"4548",
"fieldName":"ACCOUNT NUMBER",
"fieldFormat":"19C",
"helpText":"Identification number of the account entered on the Locate screen."
}
,{
"fieldCode":"4549",
"fieldName":"RECORD NUMBER",
"fieldFormat":"3N",
"helpText":"Field that identifies the record number of the Credit Plan Segment record."
}
,{
"fieldCode":"4550",
"fieldName":"RECORD TYPE",
"fieldFormat":"2N",
"helpText":"Identification number of the type of record associated with the account provided in home page. The default value for this field is 1."
}
,{
"fieldCode":"4553",
"fieldName":"PLAN NUMBER",
"fieldFormat":"5N",
"helpText":"Field that identifies the the plan number of the Credit Plan Master record associated with the Credit Plan Segment record."
}
,{
"fieldCode":"4554",
"fieldName":"DATE ADDED",
"fieldFormat":"8N",
"helpText":"Date on which the Credit Plan Segment record was added to the account."
}
,{
"fieldCode":"0801",
"fieldName":"USER-DEFINED DATE 1",
"fieldFormat":"8N",
"helpText":"User-defined date 1."
}
,{
"fieldCode":"0805",
"fieldName":"USER-DEFINED AMOUNT 1",
"fieldFormat":"17N",
"helpText":"User-defined amount 1."
}
,{
"fieldCode":"0809",
"fieldName":"USER-DEFINED CODE 1",
"fieldFormat":"15C",
"helpText":"User-defined code 1."
}
,{
"fieldCode":"0802",
"fieldName":"USER-DEFINED DATE 2",
"fieldFormat":"8N",
"helpText":"User-defined date 2."
}
,{
"fieldCode":"0806",
"fieldName":"USER-DEFINED AMOUNT 2",
"fieldFormat":"17N",
"helpText":"User-defined amount 2."
}
,{
"fieldCode":"0810",
"fieldName":"USER-DEFINED CODE 2",
"fieldFormat":"15C",
"helpText":"User-defined code 2."
}
,{
"fieldCode":"0803",
"fieldName":"USER-DEFINED DATE 3",
"fieldFormat":"8N",
"helpText":"User-defined date 3."
}
,{
"fieldCode":"0807",
"fieldName":"USER DEFINED AMOUNT 3",
"fieldFormat":"17N",
"helpText":"User-defined amount 3."
}
,{
"fieldCode":"0811",
"fieldName":"USER-DEFINED CODE 3",
"fieldFormat":"15C",
"helpText":"User-defined code 3."
}
,{
"fieldCode":"0804",
"fieldName":"USER-DEFINED DATE 4",
"fieldFormat":"8N",
"helpText":"User-defined date 4."
}
,{
"fieldCode":"0808",
"fieldName":"USER-DEFINED AMOUNT 4",
"fieldFormat":"17N",
"helpText":"User-defined amount 4."
}
,{
"fieldCode":"0812",
"fieldName":"USER-DEFINED CODE 4",
"fieldFormat":"15C",
"helpText":"User-defined code 4."
}
,{
"fieldCode":"0199",
"fieldName":"LAST MAINTENANCE DATE",
"fieldFormat":"8N",
"helpText":"Date of the last maintenance on this Credit Plan Segment record."
}
,{
"fieldCode":"0198",
"fieldName":"LAST MAINTENANCE OPERATOR",
"fieldFormat":"3C",
"helpText":"Operator ID of the person who performed the maintenance."
}
,{
"fieldCode":"4571",
"fieldName":"REC STATUS",
"fieldFormat":"1C",
"helpText":"Code that indicates the status of the record. The values are:<br/>0 = Inactive. <br/>1 = Active."
}
],"section2":[
{
"fieldCode":"4547",
"fieldName":"BUSINESS UNIT",
"fieldFormat":"3N",
"helpText":"Identification number of the organization associated with the account entered on the Locate screen."
}
,{
"fieldCode":"4548",
"fieldName":"ACCOUNT NUMBER",
"fieldFormat":"19C",
"helpText":"Identification number of the account entered on the Locate screen."
}
,{
"fieldCode":"4549",
"fieldName":"RECORD NUMBER",
"fieldFormat":"3N",
"helpText":"Field that identifies the record number of the Credit Plan Segment record."
}
,{
"fieldCode":"4550",
"fieldName":"RECORD TYPE",
"fieldFormat":"2N",
"helpText":"Identification number of the type of record associated with the account provided in home page. The default value for this field is 1."
}
,{
"fieldCode":"4553",
"fieldName":"PLAN NUMBER",
"fieldFormat":"5N",
"helpText":"Field that identifies the the plan number of the Credit Plan Master record associated with the Credit Plan Segment record."
}
,{
"fieldCode":"4554",
"fieldName":"DATE ADDED",
"fieldFormat":"8N",
"helpText":"Date on which the Credit Plan Segment record was added to the account."
}
,{
"fieldCode":"0801",
"fieldName":"USER-DEFINED DATE 1",
"fieldFormat":"8N",
"helpText":"User-defined date 1."
}
,{
"fieldCode":"0805",
"fieldName":"USER-DEFINED AMOUNT 1",
"fieldFormat":"17N",
"helpText":"User-defined amount 1."
}
,{
"fieldCode":"0809",
"fieldName":"USER-DEFINED CODE 1",
"fieldFormat":"15C",
"helpText":"User-defined code 1."
}
,{
"fieldCode":"0802",
"fieldName":"USER-DEFINED DATE 2",
"fieldFormat":"8N",
"helpText":"User-defined date 2."
}
,{
"fieldCode":"0806",
"fieldName":"USER-DEFINED AMOUNT 2",
"fieldFormat":"17N",
"helpText":"User-defined amount 2."
}
,{
"fieldCode":"0810",
"fieldName":"USER-DEFINED CODE 2",
"fieldFormat":"15C",
"helpText":"User-defined code 2."
}
,{
"fieldCode":"0803",
"fieldName":"USER-DEFINED DATE 3",
"fieldFormat":"8N",
"helpText":"User-defined date 3."
}
,{
"fieldCode":"0807",
"fieldName":"USER DEFINED AMOUNT 3",
"fieldFormat":"17N",
"helpText":"User-defined amount 3."
}
,{
"fieldCode":"0811",
"fieldName":"USER-DEFINED CODE 3",
"fieldFormat":"15C",
"helpText":"User-defined code 3."
}
,{
"fieldCode":"0804",
"fieldName":"USER-DEFINED DATE 4",
"fieldFormat":"8N",
"helpText":"User-defined date 4."
}
,{
"fieldCode":"0808",
"fieldName":"USER-DEFINED AMOUNT 4",
"fieldFormat":"17N",
"helpText":"User-defined amount 4."
}
,{
"fieldCode":"0812",
"fieldName":"USER-DEFINED CODE 4",
"fieldFormat":"15C",
"helpText":"User-defined code 4."
}
],"section3":[
{
"fieldCode":"4547",
"fieldName":"BUSINESS UNIT",
"fieldFormat":"3N",
"helpText":"Identification number of the organization associated with the account entered on the Locate screen."
}
,{
"fieldCode":"4548",
"fieldName":"ACCOUNT NUMBER",
"fieldFormat":"19C",
"helpText":"Identification number of the account entered on the Locate screen."
}
,{
"fieldCode":"4549",
"fieldName":"RECORD NUMBER",
"fieldFormat":"3N",
"helpText":"Field that identifies the record number of the Credit Plan Segment record."
}
,{
"fieldCode":"4550",
"fieldName":"RECORD TYPE",
"fieldFormat":"2N",
"helpText":"Identification number of the type of record associated with the account provided in home page. The default value for this field is 1."
}
,{
"fieldCode":"0199",
"fieldName":"LAST MAINTENANCE DATE",
"fieldFormat":"8N",
"helpText":"Date of the last maintenance on this Credit Plan Segment record."
}
,{
"fieldCode":"0198",
"fieldName":"LAST MAINTENANCE OPERATOR",
"fieldFormat":"3C",
"helpText":"Operator ID of the person who performed the maintenance."
}
,{
"fieldCode":"4571",
"fieldName":"REC STATUS",
"fieldFormat":"1C",
"helpText":"Code that indicates the status of the record. The values are:<br/>0 = Inactive. <br/>1 = Active."
}
]},"sections": {
"section0":""
,
"section1":"Plan User Details - ARMA08/ARQA08"
,
"section2":"Plan User Details - ARMA08/ARQA08 - 01-User Defined Fields"
,
"section3":"Plan User Details - ARMA08/ARQA08 - 99-Status & Activity Information"
}}
