{"data":{
"section0":[
],"section1":[
{
"fieldCode":"4001",
"fieldName":"BUSINESS UNIT",
"fieldFormat":"3N",
"helpText":"Identification number of the business unit associated with the Relationship record. The values are 001-998.<br/>Note: The Relationship record and the subordinate accounts that make up a relationship must be assigned to the same business unit. The subordinate accounts in the relationship can be assigned to different products within that business unit."
}
,{
"fieldCode":"4002",
"fieldName":"RELATIONSHIP NUMBER",
"fieldFormat":"19C",
"helpText":"Identification number of the Relationship record.<br/>During the add mode, you can enter a specific relationship number to identify the new Relationship record."
}
],"section2":[
{
"fieldCode":"4001",
"fieldName":"BUSINESS UNIT",
"fieldFormat":"3N",
"helpText":"Identification number of the business unit associated with the Relationship record. The values are 001-998.<br/>Note: The Relationship record and the subordinate accounts that make up a relationship must be assigned to the same business unit. The subordinate accounts in the relationship can be assigned to different products within that business unit."
}
,{
"fieldCode":"4002",
"fieldName":"RELATIONSHIP NUMBER",
"fieldFormat":"19C",
"helpText":"Identification number of the Relationship record.<br/>During the add mode, you can enter a specific relationship number to identify the new Relationship record."
}
,{
"fieldCode":"0101",
"fieldName":"RELATIONSHIP NAME",
"fieldFormat":"26C",
"helpText":"Name or description of the relationship. The value entered in this field is the default value for the second name line of the Embosser record (NAME ON 2 LINE on Cardholder Details ->01-Embosser Name And Address Details) for relationship accounts. You can change the name on the Embosser record."
}
,{
"fieldCode":"0102",
"fieldName":"CUSTOMER NUMBER",
"fieldFormat":"19C",
"helpText":"Identification number of the customer record associated with this relationship. This customer number must identify an existing customer record previously added into CMS.<br/>Note: If you enter an invalid customer number, the following error message displays:<br/>CUSTOMER NUMBER NOT VALID <br/>You must enter a valid customer number to proceed. If an invalid customer number is entered through a user input file, CMS generates the Relationship record but prints an exception message on the Audit Exception Report (D15)."
}
,{
"fieldCode":"9902",
"fieldName":"NUMBER OF SUBORDINATE ACCOUNTS",
"fieldFormat":"5N",
"helpText":"This field indicates the number of subordinate accounts in the relationship. A relationship can have a maximum of 9,998 subordinate accounts. This number includes all accounts except those with a to be purged status (STATUS on Account Details->01-Account Base Segment)."
}
,{
"fieldCode":"0106",
"fieldName":"REL CREDIT LIMIT",
"fieldFormat":"15N/2D",
"helpText":"This field is the credit limit in whole monetary units for the Relationship record, which includes all the subordinate accounts in the relationship. This field is required."
}
,{
"fieldCode":"9903",
"fieldName":"TOTAL AVAILABLE",
"fieldFormat":"15N/2D",
"helpText":"Total amount of the credit limit available and not yet assigned to subordinate accounts in the relationship. This amount represents the relationship credit limit minus any credit limits already assigned to subordinate accounts within the relationship."
}
,{
"fieldCode":"9901",
"fieldName":"PRIMARY ACCOUNT",
"fieldFormat":"19C",
"helpText":"This field identifies the account number of the primary account.<br/>Note: A relationship can have only one primary account. If a relationship does not have a primary account or has more than one primary account, an exception message prints on the Relationship Integrity Report (R49)."
}
,{
"fieldCode":"0107",
"fieldName":"RELATIONSHIP BLOCK CODE",
"fieldFormat":"1C",
"helpText":"Block code that is associated with the relationship and defaults to the Account Base Segment record of the subordinate accounts, if it is of greater priority. This field enables you to place a block code on an entire relationship with a single entry. The values are A-Z or blank (space)."
}
,{
"fieldCode":"9950",
"fieldName":"TOTAL CREDIT LIMIT",
"fieldFormat":"15N/2D",
"helpText":"Total credit limit amount for all accounts in the relationship. CMS updates this field real-time whenever an account is added to or removed from the relationship, or when an accounts credit limit is increased or decreased (temporarily or permanently). This field is system-generated and cannot be modified."
}
,{
"fieldCode":"0108",
"fieldName":"CURRENT MAIL CODE",
"fieldFormat":"1N",
"helpText":"Code that indicates which address to use to send the card and PIN mailer when no address is entered on the Embosser record. The values are:<br/>0 = Use the address assigned to the Customer Name/Address record that is associated with the Account Base Segment record (CUSTOMER NBR on Account Details->01-Account Base Segment) (Default)<br/>1 = Use the address assigned to the Customer Name/Address record that is associated with the Relationship record (CUSTOMER NUMBER on Relationship Details->01-Relationship Details)."
}
,{
"fieldCode":"0109",
"fieldName":"SUBORDINATE CREDIT LIMIT",
"fieldFormat":"15N/2D",
"helpText":"This field is used to establish the default credit limit of the subordinate accounts in a relationship.It is the credit limit in whole monetary units that defaults to each subordinate account (CREDIT LIMIT on Account Details->01-Account Base Segment) in the relationship. The sum of all subordinate account credit limits within a relationship must not exceed the relationship credit limit (REL CREDIT LIMIT)."
}
,{
"fieldCode":"0110",
"fieldName":"MODIFY CREDIT LIMIT FLAG",
"fieldFormat":"1N",
"helpText":"This field is a code that indicates whether you can modify the credit limit at the subordinate account level. The values are:<br/>0 = Modification is allowed (Default)<br/>1 = Modification is not allowed."
}
,{
"fieldCode":"0111",
"fieldName":"BILLING CYCLE",
"fieldFormat":"2N",
"helpText":"This field is the billing cycle for the relationship. The billing cycle defaults to each subordinate account within the relationship (BILLING CYCLE on Account Details->01-Account Base Segment). The values are 01-31.<br/>Note: When you change the billing cycle for the relationship, it defaults to each subordinate account. CMS automatically adjusts the next statement date of the account accordingly. Exercise care when changing this field to ensure that no accounts within the relationship will cycle within 25 days of the previous cycle.<br/>Note: For subordinate accounts within a relationship, BILLING CYCLE on Account Details->01-Account Base Segment is a display field; you cannot modify it. This ensures that all accounts within a relationship have the same billing cycle.<br/>Note: If you enter a billing cycle that is not defined in the System record (VALID CYCLE CODES on System Control->05-Valid Cycle Codes), the following message is displayed:<br/>INVALID BILLING CYCLE"
}
,{
"fieldCode":"0112",
"fieldName":"BILLING LEVEL",
"fieldFormat":"1N",
"helpText":"The value entered in this field defines the default billing level for each subordinate account added to the relationship (BILLING LEVEL on System Control->05-Valid Cycle Codes). The values are:<br/>0 = Bill at relationship level<br/>1 = Bill at subordinate level (Default)<br/>2 = Combined billing either at relationship or subordinate level.<br/>Note: In maintenance mode, you cannot change BILLING LEVEL from 1 (subordinate level) to 0 (relationship level) if the relationship has subordinate accounts.<br/>Note: The BILLING LEVEL field is not open to input when consolidated payments are not allowed on the business unit record (ALLOW CONSOLIDATED PAYMENTS on Business Units->06-Procesing Controls is 0."
}
,{
"fieldCode":"0113",
"fieldName":"BILLING LVL CHANGE ALLOWED",
"fieldFormat":"1N",
"helpText":"This is a code that indicates whether you can modify the billing level at the subordinate account level or only at the relationship level. The values are:<br/>0 = Modification at the subordinate account level is allowed.<br/>1 = Modification at the subordinate account level is not allowed. Modification must be at the relationship level only. (Default)<br/>If the field (BILLING LEVEL) is 0 (bill at relationship level) or 1 (bill at subordinate level), the field (BILLING LVL CHANGE ALLOWED) must be 1 (modification at the subordinate account level is not allowed). If BILLING LEVEL is 2 (combined billing), MODIFY can be 0 (modification at the subordinate account level is allowed) or 1 (modification at the subordinate account level is not allowed)."
}
,{
"fieldCode":"0114",
"fieldName":"CREDIT LIMIT VERIFICATION SW",
"fieldFormat":"1N",
"helpText":"This field indicates whether the relationship credit limit should be verified against the available limit while boarding new subordinate accounts. The values are:<br/>0 = Do not validate against the available limit. New account can be boarded even when there is insufficient credit limit at the relationship level. (Default)<br/>1 = Validate against available limit. New account can be boarded only if there is sufficient credit limit at the relationship level. This option is valid only when the value in the second part of this field is set to 0."
}
,{
"fieldCode":"0115",
"fieldName":"BILLING CYL CHANGE ALLOWED",
"fieldFormat":"1N",
"helpText":"This field indicates whether modification of the billing cycle is allowed at the subordinate account level. The values are:<br/>0 = Modification is allowed<br/>1 = Modification is not allowed (Default).<br/>Caution: When you change the billing cycle for the relationship, it defaults to each subordinate account. CMS automatically adjusts the next statement date of the account accordingly. Exercise care when changing this field to ensure that no accounts within the relationship will cycle within 25 days of the previous cycle.<br/>Note: If you enter a billing cycle that is not defined in the System record (VALID CYCLE CODES on ARMS02), the following message is displayed: INVALID BILLING CYCLE"
}
,{
"fieldCode":"0116",
"fieldName":"ANNUAL FEE LEVEL",
"fieldFormat":"1N",
"helpText":"This field indicates the level at which to charge annual fees (also called membership fees) and a code that indicates whether you can modify the waive annual fee flag at the subordinate account level.<br/>This field is a code that indicates the level at which to charge the annual fee for the relationship. The values are:<br/>0 = Subordinate account level (Default)<br/>1 = Primary account level<br/>2 = Do not charge annual fee.<br/>If you enter 0, CMS sets the waive annual fee flag for the primary and subordinate accounts (WAIVE: MEMBERSHIP on Account Details-> 11-Waive Fees & Prepaid Reload) to 0 (do not waive) when the accounts are added to the relationship. Individual annual fees are assessed on the primary and subordinate accounts in the relationship.<br/>If you enter 1, CMS sets the waive annual fee flag for the primary account to 0 (do not waive) and for the subordinate accounts to 1 (waive) when the accounts are added to the relationship. An annual fee is assessed on the primary account only.<br/>If you enter 2, CMS sets the waive annual fee flag for the primary and subordinate accounts to 1 (waive) when the accounts are added to the relationship. An annual fee is not assessed on the primary and subordinate accounts in the relationship."
}
,{
"fieldCode":"0117",
"fieldName":"ANNUAL FEE CHANGE ALLOWED",
"fieldFormat":"1N",
"helpText":"This field indicates whether you can modify the waive annual fee flag at the subordinate account level. The values are:<br/>0 = Modification is allowed (Default)<br/>1 = Modification is not allowed."
}
,{
"fieldCode":"0120",
"fieldName":"NSF FEE LEVEL",
"fieldFormat":"1N",
"helpText":"This field indicates the level at which to charge fees for non-sufficient funds, also called not sufficient funds (NSF), and a code that indicates whether you can modify the waive NSF fee flag at the subordinate account level.<br/>The first part of this field is a code that indicates the level at which to charge NSF fees for the relationship. The values are:<br/>0 = Subordinate account level (Default) <br/>1 = Primary account level<br/>2 = Do not charge NSF fees.<br/>If you enter 0, CMS sets the waive NSF fee flag for the primary and subordinate accounts (WAIVE: NSF 1-5 on Account Details ->11-Waive Fees & Prepaid Reload) to 0 (do not waive) when the accounts are added to the relationship. Individual NSF fees are assessed on the primary and subordinate accounts in the relationship.<br/>If you enter 1, CMS sets the waive NSF fee flag for the primary account to 0 (do not waive) and for the subordinate accounts to 1 (waive) when the accounts are added to the relationship. An NSF fee is assessed on the primary account only.<br/>If you enter 2, CMS sets the waive NSF fee flag for the primary and subordinate accounts to 1 (waive) when the accounts are added to the relationship. An NSF fee is not assessed on the primary and subordinate accounts in the relationship."
}
,{
"fieldCode":"0121",
"fieldName":"NSF FEE CHANGE ALLOWED",
"fieldFormat":"1N",
"helpText":"This field indicates whether you can modify the waive NSF fee flag at the subordinate account level. The values are:<br/>0 = Modification is allowed (Default)<br/>1 = Modification is not allowed."
}
,{
"fieldCode":"0122",
"fieldName":"LATE FEE ASSESSMENT LEVEL",
"fieldFormat":"1N",
"helpText":"This field that indicates the level at which to charge late fees for the relationship and a code that indicates whether you can modify the waive late charges flag at the subordinate account level.<br/>The first part of this field is a code that indicates the level at which to charge late fees for the relationship. The values are:<br/>0 = Subordinate account level (Default) <br/>1 = Primary account level<br/>2 = Do not charge late fees.<br/>Note: For value 0, the Service Charge/Fee table associated with each subordinate account in a relationship should have late fees established. For value 1, only the Service Charge/Fee table associated with the primary account should have late fees established.<br/>If you enter 0, CMS sets the waive late charges flag for the primary and subordinate accounts (WAIVE: LATE CHARGES on Account Details->11-Waive Fees & Prepaid Reload) to 0 (do not waive) when the accounts are added to the relationship. Individual late charges are assessed on the primary and subordinate accounts in the relationship.<br/>If you enter 1, CMS sets the waive late charges flag for the primary account to 0 (do not waive) and for the subordinate accounts to 1 (waive) when the accounts are added to the relationship. A late fee is assessed on the primary account only.<br/>If you enter 2, CMS sets the waive late charges flag for the primary and subordinate accounts to 1 (waive) when the accounts are added to the relationship. A late fee is not assessed on the primary and subordinate accounts in the relationship."
}
,{
"fieldCode":"0123",
"fieldName":"LATE FEE CHANGE ALLOWED",
"fieldFormat":"1N",
"helpText":"This field indicates whether you can modify the late waive late charges flag assigned to the subordinate accounts within the relationship. The values are:<br/>0 = Modification is allowed (Default)<br/>1 = Modification is not allowed."
}
,{
"fieldCode":"0130",
"fieldName":"DUAL CURRENCY",
"fieldFormat":"1C",
"helpText":"Indicator that displays to identify a Relationship record that resides in two business units for dual currency processing. If this is not a dual currency Relationship record, the indicator does not display. The values are:<br/>0 = Relationship record resides in the local currency business unit<br/>1 = Relationship record resides in the foreign currency business unit.<br/>Note: The DUAL CURRENCY field displays only if the dual currency feature is active in the business unit record (DUPLICATE BUSSINESS UNIT in Business Units->01-Demographics). If the dual currency feature is active at the business unit level when adding a new Relationship record, CMS automatically duplicates the new Relationship record in the associated dual currency business unit."
}
,{
"fieldCode":"0133",
"fieldName":"STATEMENT TYPE",
"fieldFormat":"1N",
"helpText":"Code that determines the detail level at which statements will be produced. The values are:<br/>0 = Produce a relationship statement with summary subordinate account statements (Default)<br/>1 = Produce a relationship statement and detailed subordinate account statements.<br/>Note: To generate statements for subordinate accounts in a relationship, the statement for the primary account must be generated; the statement for the primary account cannot be suppressed."
}
,{
"fieldCode":"0135",
"fieldName":"ACCOUNT CONTROL TABLE OVERRIDE",
"fieldFormat":"3N",
"helpText":"Identification number of the Account Processing table used by subordinate accounts in this relationship. This table number overrides the Account Processing table in the Processing Control table that is assigned to each account. The table number entered must identify an existing Account Processing table established at the business unit level.<br/>Example: If the Processing Control table assigned at the account level indicates a particular Account Processing table, you can identify an business unit-level Account Processing table in this field that overrides the account-level table assigned to the account.<br/>Note: The ACCOUNT CONTROL TABLE OVERRIDE field is not open to input when consolidated payments are not allowed on the business unit record (ALLOW CONSOLIDATED PAYMENTS on Business Units ->06-Procesing Controls is 0)."
}
,{
"fieldCode":"0139",
"fieldName":"MEMO PAYMENT TRAN CODE",
"fieldFormat":"4N",
"helpText":"Transaction code that identifies the transaction for the relationship payment."
}
,{
"fieldCode":"0140",
"fieldName":"MEMO PAYMENT REVERSAL TRAN CODE",
"fieldFormat":"4N",
"helpText":"Transaction code that identifies the transaction for the relationship payment reversal. When a consolidated relationship payment reversal is received, a memo transaction for the total payment reversal amount will post to the relationship primary account for information purposes. This code is defined on Monetary transaction Control and is associated with logic module 099.<br/>Note: The MEMO PAYMENT REVERSAL TRAN CODE field is not open to input when consolidated payments are not allowed on the business unit record (ALLOWED CNSOLIDATED PAYMENTS on Business units->06-processing Controls is 0)."
}
,{
"fieldCode":"0136",
"fieldName":"RESERVE AMOUNT/PERCENTAGE",
"fieldFormat":"15/2D",
"helpText":"Amount or percentage available to accounts within this relationship if the account credit limit is exceeded.<br/>If an amount is entered, CMS allocates the amount to the subordinate accounts based on each accounts portion of the relationship credit limit. If a percentage is entered, CMS calculates a percentage of the relationship credit limit and allocates that amount to the subordinate accounts based on each accounts portion of the relationship credit limit.<br/>Enter an amount in whole monetary units. Enter a percentage using only the last seven positions of the field. The location of the decimal is determined by the percentage NOD. For example, if the percentage NOD is 7, enter 15% as 00000000001500000."
}
,{
"fieldCode":"0137",
"fieldName":"AMOUNT / PERCENTAGE INDICATOR",
"fieldFormat":"1N",
"helpText":"Flag that indicates whether the value entered in the RESERVE AMOUNT/PERCENTAGE field is an amount or a percentage. The values are:<br/>0 = Amount (Default)<br/>1 = Percentage."
}
,{
"fieldCode":"0141",
"fieldName":"VIP STATUS",
"fieldFormat":"1N",
"helpText":"User-defined code that identifies an important or influential customer."
}
,{
"fieldCode":"0142",
"fieldName":"COMMERCIAL INDICATOR",
"fieldFormat":"1N",
"helpText":"Flag that indicates whether this is a commercial card relationship. The values are:<br/>0 = Not a commercial card relationship (Default)<br/>1 = Visa corporate card relationship<br/>2 = Visa purchasing card relationship<br/>3 = HCS commercial card relationship, which can include Visa corporate cards, Visa purchasing cards, and/or MasterCard purchasing cards<br/>4 = Non-HCS commercial card.<br/><br/>Note: HCS processing in CMS is controlled by the relationship. If the relationship is defined as commercial (COMMERCIAL FLAG is 3), HCS processing will be active for accounts assigned to the relationship. <br/><br/>Note: When this field is 0, CMS does not display Relationship details->02-Relationship Record Corp Setup. When this field is 1, only accounts assigned to a Visa corporate card product (QUARTERLY AFFLIATE CARD PRODUCT on Products->01 Products Specification is V8, V9, VB, or VC) can be added to the relationship. When this field is 2, only accounts assigned to a Visa purchasing card product (QUARTERLY AFFLIATE CARD PRODUCT on Products->01 Products Specification is VA or VD) can be added to the relationship. When this field is 3, any combination of commercial cards can be added to the relationship, including MasterCard purchasing cards (QUARTERLY AFFLIATE CARD PRODUCT on Products->01 Products Specification is M9), Visa corporate cards, and Visa purchasing cards.<br/> <br/>Note: When using the HCS automatic-setup process, this field defaults to 3. <br/><br/>Note: Once a relationship has been established as a Visa corporate card relationship or a Visa purchasing card relationship, this field cannot be changed to 0 (not a commercial card relationship)."
}
,{
"fieldCode":"0213",
"fieldName":"FISCAL YEAR END",
"fieldFormat":"2N",
"helpText":"Month in which the fiscal year ends for the commercial card customer."
}
,{
"fieldCode":"0143",
"fieldName":"MEMO BILLING CURRENCY",
"fieldFormat":"3N",
"helpText":"ISO currency code used to generate converted memo-billing information on statements for this relationship. The values are:<br/>000 = Memo billing is not active. CMS does not generate converted memo-billing information for statements. (Default)<br/>001-999 = Memo billing is active. CMS generates converted memo-billing information in the currency identified by this currency code.<br/>Note: If memo billing is active, the business unit currency table (CURRENCY CONVERSION RATE TABLE on Business Units->01-Demographics) must contain an active currency rate definition that converts currency from the business unit currency (CURRENCY CODE on Business Units->01-Demographics) to the memo-billing currency of the relationship (MEMO BILLING CURRENCY on Relationship details->02-Relationship Details). Batch processing will abend if CMS cannot perform currency conversion using the currency code entered in this field.<br/>You can use the memo-billing feature to generate converted currency information on statements for relationships even if the dual currency feature is not active at the business unit level."
}
,{
"fieldCode":"0146",
"fieldName":"MEMO BALANCE INDICATOR",
"fieldFormat":"1N",
"helpText":"Flag that indicates whether the relationship is updated with the current balance, cash balance, memo debits, memo credits, and outstanding cash authorizations from the subordinate accounts. The balances at the relationship level are then used to calculate a memo balance and a memo cash balance for the relationship. The values are:<br/>0 = Do not update the relationship in batch with the current balance, cash balance, memo debits, memo credits, and outstanding cash authorizations from the subordinate accounts. Do not calculate a memo balance and memo cash balance for the relationship. (Default).<br/>1 = Update the relationship in batch with the current balance, cash balance, memo debits, memo credits, and outstanding cash authorizations from the subordinate accounts. Calculate a memo balance and a memo cash balance for the relationship.<br/>When the value in this field is 1, the balances at the relationship level are refreshed in batch processing.<br/>Note:  When the MEMO BALANCE INDICATOR is 1 (activated), the relationship memo level balances are refreshed in batch processing via the relationship tag records passing the balance information from each subordinate account. This increases the relationship processing requirements."
}
,{
"fieldCode":"0150",
"fieldName":"AUTHORIZATION AT RELATIONSHIP LEVEL",
"fieldFormat":"1N",
"helpText":"Flag that indicates whether relationship authorization is allowed for subordinate accounts in the relationship. The values are: <br/>0 = Relationship authorization is not allowed for subordinate accounts in the relationship (Default)<br/>1 = Relationship authorization is allowed for subordinate accounts in the relationship.<br/>This value defaults from the business unit record (RELATIONSHIP AUTHORIZATION ACTIVE on Business Unit ->11-Relationship & Tax Controls). When relationship authorization is not allowed at the business unit level, this field must be 0. When relationship authorization is allowed at the business unit level, this field can be 0 or 1. <br/>Note: If AUTHORIZATION AT RELATIONSHIP LEVEL is changed from 1 to 0, CMS changes the REL LEVEL AUTH, PURCHASE AUTH, and CASH AUTH fields on the Account Details->10-User Defined&Rel Auth & Debit Paramaeters to 0 during the next batch run. If AUTHORIZATION AT RELATIONSHIP LEVEL is changed from 0 to 1, CMS changes the REL LEVEL AUTH field on all subordinate accounts to 1 during the next batch run. CMS will not assign new values to the PURCHASE AUTH and CASH AUTH fields. When activating relationship authorization processing for individual accounts, you must manually update these values on the corresponding Account Base Segment records."
}
,{
"fieldCode":"0152",
"fieldName":"CASH LIMIT INDICATOR",
"fieldFormat":"1C",
"helpText":"This field indicates whether the cash credit limit is a monetary amount or a percentage of the relationship credit limit. The values are: <br/>A = Monetary amount<br/>P = Percentage of the relationship credit limit.<br/>Note:  When authorizations are not allowed at the relationship level (AUTHORIZATION AT RELATIONSHIP LEVEL IS 0), this field must be A."
}
,{
"fieldCode":"0153",
"fieldName":"CASH CREDIT LIMIT",
"fieldFormat":"15N/2D",
"helpText":"Amount of the cash credit limit for the relationship. CMS calculates this amount as an amount or percentage of the relationship credit limit (REL CREDIT LIMIT on Relationship details->01-Relationship Details) based on the CASH LIMIT INDICATOR field on Relationship details->01-Relationship Details. Maintenance to either of these fields (REL CREDIT LIMIT or CASH LIMIT INDICATOR) affects the cash credit limit field realtime."
}
,{
"fieldCode":"0154",
"fieldName":"LOAN LIMIT INDICATOR",
"fieldFormat":"1C",
"helpText":"This field indicates whether the loan limit is a monetary amount or a percentage of the relationship credit limit. The values are: <br/>A = Monetary amount<br/>P = Percentage of the relationship credit limit.<br/>The second part of this field is the loan credit limit expressed as a monetary amount or percentage of the relationship credit limit. <br/>Note:  When authorizations are not allowed at the relationship level (AUTHORIZATION AT RELATIONSHIP LEVEL is 0), this field must be A."
}
,{
"fieldCode":"0155",
"fieldName":"LOAN CREDIT LIMIT",
"fieldFormat":"15N/2D",
"helpText":"Amount of the loan credit limit for the relationship. CMS calculates this field as an amount or percentage of the loan credit limit (REL CREDIT LIMIT on Relationship details->01-Relationship Details) based on the LOAN LIMIT INDICATOR field on Relationship details->01-Relationship Details. Maintenance to either of these fields (REL CREDIT LIMIT or LOAN LIMIT INDICATOR) affects the LOAN CREDIT LIMIT field real-time."
}
,{
"fieldCode":"0157",
"fieldName":"CREDIT BALANCE",
"fieldFormat":"1N",
"helpText":"Flag that indicates how CMS treats credit balances in the open-to-buy calculation for accounts in this relationship. CMS defaults this value from the OTB CREDIT BALANCE DEFINITION field on Business units->11-Relationship & Tax Control when the Relationship record is added. The values are:<br/>0 = Include credit balance; exclude memo credits (Default)<br/>1 = Exclude credit balance; exclude memo credits <br/>2 = Exclude credit balance; include memo credits<br/>3 = Include credit balance; include memo credits.<br/>When authorizations are not allowed at the relationship level (AUTHORIZATION AT RELATIONSHIP LEVEL is 0), this field must be 0."
}
,{
"fieldCode":"0158",
"fieldName":"DISPUTED AMOUNT INCLUDED",
"fieldFormat":"1N",
"helpText":"Flag that indicates whether CMS includes disputed amounts of accounts in the open-to-buy (OTB) calculation of relationships. CMS defaults this value from the EXCLUDE DEFAULT DISPUTED AMOUNTS field on the Business Unit->11-Relationship & Tax Controls when the relationship is added. The values are: <br/>0 = Include disputed amounts<br/>1 = Exclude disputed amounts. <br/>Note: When authorizations are not allowed at the relationship level (AUTHORIZATION AT RELATIONSHIP LEVEL is 0), this field must be 0."
}
,{
"fieldCode":"0159",
"fieldName":"LOAN AMOUNT TO BE INCLUDED",
"fieldFormat":"1N",
"helpText":"Flag that indicates the loan amount that CMS includes when calculating the open-to-buy (OTB) for relationships that have accounts with loan credit plan balances. CMS defaults this value from the DEFAULT LOAN AMOUNT field on Business Unit->11-Relationship & Tax Controls when the relationship is added. The values are:<br/>0 = Include the loan balance<br/>1 = Include the original loan amount (initial principal amount) in the OTB calculation until the loan credit plan is paid in full<br/>2 = Include the last loan payment requested in the OTB calculation.<br/>Note: When authorizations are not allowed at the relationship level (AUTHORIZATION AT RELATIONSHIP LEVEL allowed is 0) this field must be 0."
}
,{
"fieldCode":"0160",
"fieldName":"DEFER PURCHASE AUTHORIZATION",
"fieldFormat":"1N",
"helpText":"Flag that defines how CMS authorizes purchase transactions for a subordinate account in this relationship. CMS defaults this value to the PURCH AUTH field on Business Unit->11-Relationship & Tax Controls. The values are:<br/>0 = Authorize subordinate accounts at the account level only (for purchase transactions). (Default)<br/>1 = Authorize subordinate accounts at the relationship level when sufficient funds are not available at the account level (for purchase transactions).<br/>2 = Authorize subordinate accounts at both account level and relationship level. An authorization request will be approved only when there is sufficient available credit at both account and relationship levels (for purchase transactions).<br/>Note: When authorizations are not allowed at the relationship level (AUTHORIZATION AT RELATIONSHIP LEVEL is 0), DEFER PURCHASE AUTHORIZATION must be 0."
}
,{
"fieldCode":"0161",
"fieldName":"DEFER CASH AUTHORIZATIONS",
"fieldFormat":"1N",
"helpText":"Flag that defines how CMS authorizes cash transactions for a subordinate account in this relationship. CMS defaults this value to the CASH AUTH field on the Account Base Segment record (Account Details ->10-User Defined&Rel Auth & Debit Parameters). The values are:<br/>0 = Authorize subordinate accounts at the account level only (for cash transactions). (Default)<br/>1 = Authorize subordinate accounts at the relationship level when sufficient funds are not available at the account level (for cash transactions).<br/>2 = Authorize subordinate accounts at both account level and relationship level. An authorization request will be approved only when there is sufficient available credit at both account and relationship levels (for cash transactions).<br/>Note: When authorizations are not allowed at the relationship level (AUTHORIZATION AT RELATIONSHIP LEVEL is 0), Defer Cash Authorization must be 0."
}
,{
"fieldCode":"9950",
"fieldName":"TOTAL CREDIT LIMIT",
"fieldFormat":"15N/2D",
"helpText":"Total credit limit amount for all accounts in the relationship. CMS updates this field real-time whenever an account is added to or removed from the relationship, or when an accounts credit limit is increased or decreased (temporarily or permanently). This field is system-generated and cannot be modified."
}
,{
"fieldCode":"0162",
"fieldName":"SYNC CASH LIMIT",
"fieldFormat":"1N",
"helpText":"This field indicates whether the modification to the relationship cash credit limit is synchronized to the cash limit of the subordinate account. The values are:<br/>0 = Change in cash limit amount or percentage at relationship level will not be synchronized to the subordinate accounts (Default)<br/>1 = Change in cash limit amount or percentage at relationship level will be synchronized to the subordinate accounts."
}
,{
"fieldCode":"0163",
"fieldName":"MAXIMUM CYCLE DUE",
"fieldFormat":"1N",
"helpText":"This field defines the maximum cycle due. The values are 0�9."
}
,{
"fieldCode":"4086",
"fieldName":"DELINQUENT DAYS",
"fieldFormat":"3N",
"helpText":"Highest number of delinquency days across all subordinate accounts under the relationship."
}
,{
"fieldCode":"0235",
"fieldName":"OVERLIMIT FEE",
"fieldFormat":"1N",
"helpText":"Code that indicates whether overlimit fee can be charged either at billing account level for accumulated balances of all subordinate accounts or at subordinate account level for an individual account. The values are:<br/>0 = Assess and bill individual accounts at the subordinate account level<br/>2 = Assess accumulated balances of all subordinate accounts and bill at the billing account level."
}
,{
"fieldCode":"0164",
"fieldName":"Over Limit Auth Consent",
"fieldFormat":"1N",
"helpText":"Code that indicates whether customer has opted-in or opted-out for over limit authorizations. The values are:<br/>0 = Consent not received or customer has opted out over limit authorizations<br/>1 = Customer consent not applicable or consent received from customer (opt-in) for over limit authorizations."
}
],"section3":[
{
"fieldCode":"4001",
"fieldName":"BUSINESS UNIT",
"fieldFormat":"3N",
"helpText":"Identification number of the business unit."
}
,{
"fieldCode":"4002",
"fieldName":"RELATIONSHIP NUMBER",
"fieldFormat":"19C",
"helpText":"Identification number of the Relationship record."
}
,{
"fieldCode":"0201",
"fieldName":"CUSTOMER GROUP CODE",
"fieldFormat":"3C",
"helpText":"Code used to identify relationships by group code. This field defaults to all subordinate accounts in the relationship and to all Embosser records added to the subordinate accounts."
}
,{
"fieldCode":"0204",
"fieldName":"COST CENTER REPORTING NUMBER",
"fieldFormat":"16C",
"helpText":"Number used to associate cardholder-initiated transactions to the relationship. <br/>Note: Transactions must occur at a Level III commercial card merchant to produce the full 16-character reporting number. The merchant captures this number and includes it on the settlement record received by the card issuer.<br/>"
}
,{
"fieldCode":"9951",
"fieldName":"CORP CUSTOMER NUMBER",
"fieldFormat":"19C",
"helpText":"Identification number of the Customer Name/Address record for the corporation to which the purchasing card is assigned."
}
,{
"fieldCode":"0202",
"fieldName":"CORPORATE ID NUMBER",
"fieldFormat":"10N",
"helpText":"Number used to associate relationships and hierarchies for corporate commercial card customers. The value entered in this field defaults to all subordinate accounts in the relationship (CORP-ID-NUMBER on Account Details->02-Credit Scores & Associated Parties)."
}
,{
"fieldCode":"0206",
"fieldName":"OFFICERS NAME",
"fieldFormat":"30C",
"helpText":"Name of the officer at the financial institution responsible for the commercial relationship."
}
,{
"fieldCode":"0207",
"fieldName":"CONTACT NAME",
"fieldFormat":"30C",
"helpText":"Name of the primary contact for the commercial relationship."
}
,{
"fieldCode":"0208",
"fieldName":"CONTACT PHONE NUMBER",
"fieldFormat":"20C",
"helpText":"Telephone number of the primary contact."
}
,{
"fieldCode":"0209",
"fieldName":"SOURCE CODE",
"fieldFormat":"10C",
"helpText":"User-defined source code assigned to the commercial card customer."
}
,{
"fieldCode":"0211",
"fieldName":"AUTHORIZATION CRITERIA TABLE NUMBER",
"fieldFormat":"3C",
"helpText":"Identification number of the Commercial Card Authorization Criteria table assigned to the account. This number must identify a valid table previously added using the Commercial Card Authorization Criteria service. The table number in this field defaults to all subordinate accounts in the relationship and to all Embosser records added to the subordinate accounts. <br/>Note:  If the relationship is active for HCS (COMMERCIAL INDICATOR on Relationship Details->01-Relationship details is 3), the table number that the HCS Product record assigned to the subordinate account overrides the relationship table number default."
}
,{
"fieldCode":"0214",
"fieldName":"CURRENT CONTRACT EXPIRY DATE",
"fieldFormat":"",
"helpText":"Month and year the contract expires for the commercial card customer. CMS uses this field to determine card issue and reissue dates. When you enter a new current contract expiration date in this field, CMS automatically stores the previous contract expiration date (PREVIOUS CONTRACT EXP EXPIRY DATE)."
}
,{
"fieldCode":"0215",
"fieldName":"PREVIOUS CONTRACT EXPIRY DATE",
"fieldFormat":"",
"helpText":"Month and year the previous contract expired for the commercial card customer. CMS updates this field when a new current contract expiration date is entered (CURRENT CONTRACT EXPIRY DATE)."
}
,{
"fieldCode":"0216",
"fieldName":"USER DATE 1",
"fieldFormat":"",
"helpText":"User-defined date field for the relationship. You can define a custom field name in the business unit record."
}
,{
"fieldCode":"0217",
"fieldName":"USER DATE 2",
"fieldFormat":"",
"helpText":"User-defined date field for the relationship. You can define a custom field name in the business unit record."
}
,{
"fieldCode":"0218",
"fieldName":"USER AMOUNT 1",
"fieldFormat":"15N/2D",
"helpText":"User-defined amount field for the relationship. You can define a custom field name in the business unit record."
}
,{
"fieldCode":"0219",
"fieldName":"USER AMOUNT 2",
"fieldFormat":"15N/2D",
"helpText":"User-defined amount field for the relationship. You can define a custom field name in the business unit record."
}
,{
"fieldCode":"0220",
"fieldName":"USER FIELD 5",
"fieldFormat":"15C",
"helpText":"User-defined field for any information about the relationship. You can define a custom field name in the business unit record."
}
,{
"fieldCode":"0221",
"fieldName":"USER FIELD 6",
"fieldFormat":"15C",
"helpText":"User-defined field for any information about the relationship. You can define a custom field name in the business unit record."
}
,{
"fieldCode":"0237",
"fieldName":"Company hierarchy",
"fieldFormat":"1N",
"helpText":"Flag that indicates whether the Hierarchy Company System (HCS) is active. The values are:<br/>0 = Inactive (Default)<br/>1 = Active."
}
],"section4":[
{
"fieldCode":"4001",
"fieldName":"BUSINESS UNIT",
"fieldFormat":"3N",
"helpText":"Identification number of the business unit."
}
,{
"fieldCode":"4002",
"fieldName":"RELATIONSHIP NUMBER",
"fieldFormat":"19C",
"helpText":"Identification number of the Relationship record."
}
,{
"fieldCode":"0222",
"fieldName":"VISA PRODUCTS",
"fieldFormat":"1N",
"helpText":"Flag that indicates the Visa products offered by the company for which external reporting is supported. The values are:<br/>0 = Not used (Default)<br/>1 = Visa corporate products only<br/>2 = Visa purchasing products only<br/>3 = Both Visa corporate and purchasing products."
}
,{
"fieldCode":"0223",
"fieldName":"MASTERCARD PRODUCTS",
"fieldFormat":"1N",
"helpText":"Flag that indicates the MasterCard products offered by the company for which external reporting is supported. The values are:<br/>0 = Not used (Default)<br/>1 = MasterCard corporate products only<br/>2 = MasterCard purchasing products only<br/>3 = Both MasterCard corporate and purchasing products."
}
,{
"fieldCode":"0224",
"fieldName":"VIM EXTERNAL REPORTING INDICATOR",
"fieldFormat":"1N",
"helpText":"Flag that indicates whether an extract is produced for Visa Information Management (VIM) external reporting. The values are:<br/>0 = No, a VIM extract is not produced (Default)<br/>1 = Yes, a VIM extract is produced.<br/>The field can be 1 only when the VISA PRODUCT flag is 1 or 3 (Visa purchasing cards are being used)."
}
,{
"fieldCode":"0225",
"fieldName":"SDOL EXTERNAL REPORTING INDICATOR",
"fieldFormat":"1N",
"helpText":"Flag that indicates whether an extract is produced for Smart Data Online (SDOL) external reporting. The values are:<br/>0 = No, an SDOL extract is not produced (Default)<br/>1 = Yes, an SDOL extract is produced.<br/>This flag can be 1 only when the MC product flag is greater than zero."
}
,{
"fieldCode":"0226",
"fieldName":"VGIS EXTERNAL REPORTING INDICAOTR",
"fieldFormat":"1N",
"helpText":"Flag that indicates whether an extract is produced for Visa Global Invoice Specification (VGIS) external reporting. The values are:<br/>0 = No, a VGIS extract is not produced (Default)<br/>1 = Yes, a VGIS extract is produced.<br/>This flag can be 1 only when the VISA PRODUCT flag is 2 or 3."
}
,{
"fieldCode":"0227",
"fieldName":"DCAL EXTERNAL REPORTING INDICATOR",
"fieldFormat":"1N",
"helpText":"Flag that indicates whether an extract is produced to interface with the D.Cal product. The values are:<br/>0 = No, a D.Cal interface extract is not produced (Default)<br/>1 = Yes, a D.Cal interface extract is produced.<br/>This flag can be 1 only when the COMMERCIAL INDICATOR on Relationship Details->01-Relationship Details is 4 and EXTERNAL REPORTING: FREQUENCY is 99."
}
,{
"fieldCode":"0229",
"fieldName":"DCAL LOAD",
"fieldFormat":"1N",
"helpText":"Flag that identifies whether the relationship or company has completed the D.Cal initial load process. This field is system-generated and cannot be modified. The values are:<br/>0 = Initial load process is not complete; interface file is not produced<br/>1 = Initial load process is complete; interface file has been produced."
}
,{
"fieldCode":"0230",
"fieldName":"VIM LOAD",
"fieldFormat":"1N",
"helpText":"Flag that identifies whether the relationship or company has completed the VIM initial load process. This field is system-generated and cannot be modified. The values are:<br/>0 = Initial load process is not complete; interface file is not produced<br/>1 = Initial load process is complete; interface file has been produced."
}
,{
"fieldCode":"0228",
"fieldName":"REPORT FREQUENCY",
"fieldFormat":"2N",
"helpText":"Code that defines when an extract file is produced for external reporting. The values are:<br/>00 = Not produced (Default)<br/>01-31 = Day of month<br/>41-47 = Day of week (where 41 is Monday, 42 is Tuesday, etc.)<br/>70 = Billing cycle<br/>99 = Daily.<br/>This field can be greater than zero only when at least one of the external reporting flags (VIM EXTERNAL REPORTING INDICATOR, SDOL EXTERNAL REPORTING INDICATOR, VGIS EXTERNAL REPORTING INDICATOR and DCAL EXTERNAL REPORTING INDICATOR) is set to zero."
}
],"section5":[
{
"fieldCode":"4001",
"fieldName":"BUSINESS UNIT",
"fieldFormat":"3N",
"helpText":"Identification number of the business unit."
}
,{
"fieldCode":"4002",
"fieldName":"RELATIONSHIP NUMBER",
"fieldFormat":"19C",
"helpText":"Identification number of the Relationship record."
}
],"section6":[
{
"fieldCode":"0301",
"fieldName":"COUNTRY CODE",
"fieldFormat":"3C",
"helpText":"Appears 20 times. Country code that corresponds to the corresponding VAT registration number. The default is spaces."
}
,{
"fieldCode":"0302",
"fieldName":"VAT REGISTRATION NUMBER",
"fieldFormat":"15C",
"helpText":"Appears 20 times. Value-added tax (VAT) registration number issued to a corresponding government entity. The default is spaces."
}
],"section7":[
{
"fieldCode":"4001",
"fieldName":"BUSINESS UNIT",
"fieldFormat":"3N",
"helpText":"Identification number of the business unit associated with the Relationship record. The values are 001-998."
}
,{
"fieldCode":"4002",
"fieldName":"RELATIONSHIP NUMBER",
"fieldFormat":"19C",
"helpText":"Identification number of the Relationship record."
}
,{
"fieldCode":"4020",
"fieldName":"STATEMENT BEGINNING BALANCE",
"fieldFormat":"15N/2D",
"helpText":"Balance of the relationship at the beginning of the last billing cycle, which is the sum of the beginning balances of all consolidated subordinate accounts within the relationship."
}
,{
"fieldCode":"4021",
"fieldName":"STATEMENT ENDING BALANCE",
"fieldFormat":"15N/2D",
"helpText":"The field is the sum of the ending balances of all consolidated subordinate accounts within the relationship."
}
,{
"fieldCode":"4022",
"fieldName":"DEBITS DURING STATEMENT PERIOD",
"fieldFormat":"15N/2D",
"helpText":"Amount of debits in the last billing cycle for the relationship. This field displays the sum of the debits for all consolidated subordinate accounts within the relationship."
}
,{
"fieldCode":"4023",
"fieldName":"CREDITS DURING STATEMENT PERIOD",
"fieldFormat":"15N/2D",
"helpText":"Amount of credits in the last billing cycle for the relationship. This field displays the sum of the credits for all consolidated subordinate accounts within the relationship."
}
,{
"fieldCode":"4024",
"fieldName":"DEFERRED BILLING BALANCE",
"fieldFormat":"15N/2D",
"helpText":"Total deferred billing balance for all consolidated subordinate accounts within the relationship."
}
,{
"fieldCode":"4025",
"fieldName":"CURRENT PAYMENT DUE",
"fieldFormat":"15N/2D",
"helpText":"Current payment due for the relationship, which is the sum of the current payment due of all consolidated subordinate accounts within the relationship."
}
,{
"fieldCode":"4026",
"fieldName":"TOTAL PAST DUE",
"fieldFormat":"15N/2D",
"helpText":"This field is the total amount past due for the relationship, which is the sum of the total past due of all consolidated subordinate accounts within the relationship."
}
,{
"fieldCode":"4027",
"fieldName":"TOTAL PAYMENT DUE",
"fieldFormat":"15N/2D",
"helpText":"This field is the sum of the total payment amount due for all consolidated subordinate accounts in the relationship, including the current payment due and the total past due."
}
,{
"fieldCode":"4028",
"fieldName":"CURRENT DUE DATE",
"fieldFormat":"",
"helpText":"Date the payment is due for the relationship."
}
,{
"fieldCode":"4029",
"fieldName":"CONSOLIDATED NUMBER OF ACCOUNTS",
"fieldFormat":"4N",
"helpText":"This field is the number of subordinate accounts in the relationship."
}
,{
"fieldCode":"4087",
"fieldName":"OVERLIMIT AMOUNT",
"fieldFormat":"15N/2D",
"helpText":"This field is calculated at cycle as the difference between the sums of the ending statement balance for the consolidated accounts, less the relationship credit limit. The amount is refreshed on cycle date."
}
,{
"fieldCode":"4088",
"fieldName":"DELIQUENCY LEVEL",
"fieldFormat":"1N",
"helpText":"This field indicates the level of delinquency for a relationship with commercial billing type accounts. CMS calculates this value daily by inspecting subordinate billing, control, and diversion accounts for the greatest level of delinquency."
}
,{
"fieldCode":"4089",
"fieldName":"NET PAYMENT DUE",
"fieldFormat":"15N/2D",
"helpText":"This field is the net payment due amount for the relationship. CMS calculates this field as the difference between the relationships total payments due less the relationships cycle-to-date payments."
}
,{
"fieldCode":"4097",
"fieldName":"MEMO BALANCE",
"fieldFormat":"15N/2D",
"helpText":"CMS calculates this field during batch processing when the MEMO BALANCE INDICATOR on Relationship details->01-Relationship Details is 1. This field is the sum of the subordinate accounts, calculated as follows:<br/>  Current balance<br/>  Plus (+) memo debits<br/>  Minus (-) memo credits"
}
,{
"fieldCode":"4098",
"fieldName":"MEMO BALANCE CASH",
"fieldFormat":"15N/2D",
"helpText":"This field is the sum of the subordinate accounts, calculated as follows:<br/>Cash balance<br/>Plus     (+)     outstanding cash authorizations<br/>The sum of subordinate accounts current, cash, memo debits, memo credits, and outstanding cash authorization balance are stored on the Relationship record only when the MEMO BALANCE INDICATOR on Relationship details->01-Relationship Details is 1."
}
],"section8":[
{
"fieldCode":"4001",
"fieldName":"BUSINESS UNIT",
"fieldFormat":"3N",
"helpText":"Identification number of the business unit associated with the Relationship record. The values are 001-998."
}
,{
"fieldCode":"4002",
"fieldName":"RELATIONSHIP NUMBER",
"fieldFormat":"19C",
"helpText":"Identification number of the Relationship record."
}
,{
"fieldCode":"4030",
"fieldName":"CONSOLIDATED AMOUNT FOR SUB ACCOUNTS",
"fieldFormat":"15N/2D",
"helpText":"Balance of the subordinate account."
}
,{
"fieldCode":"4090",
"fieldName":"CURRENT BALANCE",
"fieldFormat":"15N/2D",
"helpText":"Sum of current balances for all subordinate accounts in the relationship."
}
,{
"fieldCode":"4091",
"fieldName":"MEMO DEBIT AMOUNT",
"fieldFormat":"15N/2D",
"helpText":"Sum of outstanding memo debits for all subordinate accounts in the relationship."
}
,{
"fieldCode":"4092",
"fieldName":"MEMO CREDIT AMOUNT",
"fieldFormat":"15N/2D",
"helpText":"Sum of outstanding memo credits for all accounts in the relationship."
}
,{
"fieldCode":"4093",
"fieldName":"BALANCE IN DISPUTES",
"fieldFormat":"15N/2D",
"helpText":"Total amount of all outstanding disputed items for accounts in the relationship."
}
,{
"fieldCode":"4094",
"fieldName":"CASH BALANCE",
"fieldFormat":"15N/2D",
"helpText":"Current outstanding amount of cash portion of the current balance."
}
,{
"fieldCode":"4095",
"fieldName":"CASH OUTSTATNDING AUTHORIZATIONS",
"fieldFormat":"15N/2D",
"helpText":"Sum of outstanding cash authorizations for all subordinate accounts in the relationship."
}
,{
"fieldCode":"4096",
"fieldName":"DISPUTED CASH BALANCES",
"fieldFormat":"15N/2D",
"helpText":"Total amount of all outstanding disputed items of cash plans for accounts in the relationship."
}
,{
"fieldCode":"4099",
"fieldName":"OPEN TO BUY",
"fieldFormat":"15N/2D",
"helpText":"Current open-to-buy amount for the relationship. CMS calculates the relationship open-to-buy amount as follows:<br/>Relationship credit limit<br/>minus    (-)     current balance (or plus the credit balance if the CREDIT BALANCE field on Relationship details->01-Relationship Details is 0 or 3)<br/>plus        (+)    loan balance<br/>minus    (-)     memo debits<br/>plus        (+)     memo credits (if the CREDIT BALANCE field on Relationship details->01-Relationship Details is 2 or 3)<br/>plus        (+)     initial principal balance (if LOAN AMOUNT TO BE INCLUDED on Relationship details->01-Relationship Details is 1)<br/>minus    (-)     OTB loan amount (based on the value of the LOAN AMOUNT TO BE INCLUDED field on Relationship details->01-Relationship Details)<br/>plus        (+)     dispute balance (if the DISPUTED AMOUNT INCLUDED field on Relationship details->01-Relationship Details is 0)."
}
,{
"fieldCode":"4101",
"fieldName":"AVAILABLE CASH BALANCE",
"fieldFormat":"15N/2D",
"helpText":"Amount of the cash credit limit available for cash transaction authorizations for the relationship."
}
,{
"fieldCode":"4102",
"fieldName":"AVAILABLE LOAN BALANCE",
"fieldFormat":"15N/2D",
"helpText":"Amount of the loan credit limit available for the relationship. CMS computes this value by subtracting the loan balance from the loan credit limit for the relationship."
}
,{
"fieldCode":"4103",
"fieldName":"AVAILED LOAN BALANCE",
"fieldFormat":"15N/2D",
"helpText":"Total balance of all loan credit plans for all subordinate accounts in the relationship."
}
,{
"fieldCode":"4104",
"fieldName":"INTIAL PRINCIPAL BALANCE",
"fieldFormat":"15N/2D",
"helpText":"Sum of initial principal balances of all loan credit plans of all the subordinate accounts in the relationship."
}
,{
"fieldCode":"4105",
"fieldName":"TOTAL LOAN AMOUNT DUE",
"fieldFormat":"15N/2D",
"helpText":"Sum of last payments requested for all subordinate accounts in the relationship."
}
],"section9":[
{
"fieldCode":"4001",
"fieldName":"BUSINESS UNIT",
"fieldFormat":"3N",
"helpText":"Identification number of the business unit associated with the Relationship record. The values are 001-998."
}
,{
"fieldCode":"4002",
"fieldName":"RELATIONSHIP NUMBER",
"fieldFormat":"19C",
"helpText":"Identification number of the Relationship record."
}
,{
"fieldCode":"4033",
"fieldName":"CYCLE-TO-DATE PAYMENTS-COUNT",
"fieldFormat":"5N",
"helpText":"This field displays the number of payment transactions posted to consolidated subordinate accounts within this relationship cycle-to-date."
}
,{
"fieldCode":"4034",
"fieldName":"CYCLE-TO-DATE PAYMENTS-AMOUNT",
"fieldFormat":"15N/2D",
"helpText":"This field displays the amount of payment transactions posted to consolidated subordinate accounts within this relationship cycle-to-date."
}
,{
"fieldCode":"4035",
"fieldName":"YEAR-TO-DATE PAYMENTS-COUNT",
"fieldFormat":"5N",
"helpText":"This field displays the number of payment transactions posted to consolidated subordinate accounts within this relationship year-to-date."
}
,{
"fieldCode":"4036",
"fieldName":"YEAR-TO-DATE PAYMENTS-AMOUNT",
"fieldFormat":"15N/2D",
"helpText":"This field displays the amount of payment transactions posted to consolidated subordinate accounts within this relationship year-to-date."
}
,{
"fieldCode":"4037",
"fieldName":"LIFE-TO-DATE PAYMENTS-COUNT",
"fieldFormat":"5N",
"helpText":"This field displays the number of payment transactions posted to consolidated subordinate accounts within this relationship life-to-date."
}
,{
"fieldCode":"4038",
"fieldName":"LIFE-TO-DATE PAYMENTS-AMOUNT",
"fieldFormat":"15N/2D",
"helpText":"This field displays the amount of payment transactions posted to consolidated subordinate accounts within this relationship life-to-date."
}
,{
"fieldCode":"4045",
"fieldName":"CYCLE-TO-DATE LATE FEES-COUNT",
"fieldFormat":"5N",
"helpText":"This field displays the number of late fee transactions posted to consolidated subordinate accounts within this relationship cycle-to-date."
}
,{
"fieldCode":"4046",
"fieldName":"CYCLE-TO-DATE LATE FEES-AMOUNT",
"fieldFormat":"15N/2D",
"helpText":"This field displays the amount of late fee transactions posted to consolidated subordinate accounts within this relationship cycle-to-date."
}
,{
"fieldCode":"4047",
"fieldName":"YEAR-TO-DATE LATE FEES -COUNT",
"fieldFormat":"5N",
"helpText":"This field displays the number of late fee transactions posted to consolidated subordinate accounts within this relationship year-to-date."
}
,{
"fieldCode":"4048",
"fieldName":"YEAR-TO-DATE LATE FEES -AMOUNT",
"fieldFormat":"15N/2D",
"helpText":"This field displays the number of late fee transactions posted to consolidated subordinate accounts within this relationship year-to-date."
}
,{
"fieldCode":"4049",
"fieldName":"LIFE-TO-DATE LATE FEES-COUNT",
"fieldFormat":"5N",
"helpText":"This field displays the number of late fee transactions posted to consolidated subordinate accounts within this relationship life-to-date."
}
,{
"fieldCode":"4050",
"fieldName":"LIFE-TO-DATE LATE FEES-AMOUNT",
"fieldFormat":"15N/2D",
"helpText":"This field displays the amount of late fee transactions posted to consolidated subordinate accounts within this relationship life-to-date."
}
,{
"fieldCode":"4051",
"fieldName":"CYCLE-TO-DATE NSF FEES -COUNT",
"fieldFormat":"5N",
"helpText":"This field displays the number of NSF fee transactions posted to consolidated subordinate accounts within this relationship cycle-to-date."
}
,{
"fieldCode":"4052",
"fieldName":"CYCLE-TO-DATE NSF FEES -AMOUNT",
"fieldFormat":"15N/2D",
"helpText":"This field displays the amount of NSF fee transactions posted to consolidated subordinate accounts within this relationship cycle-to-date."
}
,{
"fieldCode":"4053",
"fieldName":"YEAR-TO-DATE NSF FEES-COUNT",
"fieldFormat":"5N",
"helpText":"This field displays the number of NSF fee transactions posted to consolidated subordinate accounts within this relationship year-to-date."
}
,{
"fieldCode":"4054",
"fieldName":"YEAR-TO-DATE NSF FEES-AMOUNT",
"fieldFormat":"15N/2D",
"helpText":"This field displays the amount of NSF fee transactions posted to consolidated subordinate accounts within this relationship year-to-date."
}
,{
"fieldCode":"4055",
"fieldName":"LIFE-TO-DATE NSF FEES-COUNT",
"fieldFormat":"5N",
"helpText":"This field displays the number of NSF fee transactions posted to consolidated subordinate accounts within this relationship life-to-date."
}
,{
"fieldCode":"4056",
"fieldName":"LIFE-TO-DATE NSF FEES-AMOUNT",
"fieldFormat":"15N/2D",
"helpText":"This field displays the amount of NSF fee transactions posted to consolidated subordinate accounts within this relationship life-to-date."
}
],"section10":[
{
"fieldCode":"4001",
"fieldName":"BUSINESS UNIT",
"fieldFormat":"3N",
"helpText":"Identification number of the business unit associated with the Relationship record. The values are 001-998."
}
,{
"fieldCode":"4002",
"fieldName":"RELATIONSHIP NUMBER",
"fieldFormat":"19C",
"helpText":"Identification number of the Relationship record."
}
,{
"fieldCode":"4107",
"fieldName":"CYCLE-TO-DATE CASH DEPOSITS - COUNT",
"fieldFormat":"5N",
"helpText":"This field displays the number of cash transactions posted to the consolidated subordinate accounts within this relationship cycle-to-date."
}
,{
"fieldCode":"4108",
"fieldName":"CYCLE-TO-DATE CASH DEPOSITS - AMOUNT",
"fieldFormat":"17N",
"helpText":"This field displays the amount of cash transactions posted to the consolidated subordinate accounts within this relationship cycle-to-date."
}
,{
"fieldCode":"4109",
"fieldName":"YEAR-TO-DATE CASH DEPOSITS - COUNT",
"fieldFormat":"5N",
"helpText":"This field displays the number of cash transactions posted to the consolidated subordinate accounts within this relationship year-to-date."
}
,{
"fieldCode":"4110",
"fieldName":"YEAR-TO-DATE CASH DEPOSITS - AMOUNT",
"fieldFormat":"17N",
"helpText":"This field displays the amount of cash transactions posted to the consolidated subordinate accounts within this relationship year-to-date."
}
,{
"fieldCode":"4111",
"fieldName":"LIFE-TO-DATE CASH DEPOSITS - COUNT",
"fieldFormat":"5N",
"helpText":"This field displays the number of cash transactions posted to the consolidated subordinate accounts within this relationship life-to-date."
}
,{
"fieldCode":"4112",
"fieldName":"LIFE-TO-DATE CASH DEPOSITS - AMOUNT",
"fieldFormat":"17N",
"helpText":"This field displays the amount of cash transactions posted to the consolidated subordinate accounts within this relationship life-to-date."
}
,{
"fieldCode":"4063",
"fieldName":"CYCLE-TO-DATE PURCHASES-COUNT",
"fieldFormat":"5N",
"helpText":"This field displays the number of retail purchase transactions posted to the consolidated subordinate accounts within this relationship cycle-to-date."
}
,{
"fieldCode":"4064",
"fieldName":"CYCLE-TO-DATE PURCHASES-AMOUNT",
"fieldFormat":"15N/2D",
"helpText":"This field displays the number of retail purchase transactions posted to the consolidated subordinate accounts within this relationship cycle-to-date."
}
,{
"fieldCode":"4065",
"fieldName":"YEAR-TO-DATE PURCHASES-COUNT",
"fieldFormat":"5N",
"helpText":"This field displays the number of retail purchase transactions posted to the consolidated subordinate accounts within this relationship year-to-date."
}
,{
"fieldCode":"4066",
"fieldName":"YEAR-TO-DATE PURCHASES-AMOUNT",
"fieldFormat":"15N/2D",
"helpText":"This field displays the number of retail purchase transactions posted to the consolidated subordinate accounts within this relationship year-to-date."
}
,{
"fieldCode":"4067",
"fieldName":"LIFE-TO-DATE PURCHASES-COUNT",
"fieldFormat":"5N",
"helpText":"This field displays the number of retail purchase transactions posted to the consolidated subordinate accounts within this relationship life-to-date."
}
,{
"fieldCode":"4068",
"fieldName":"LIFE-TO-DATE PURCHASES-AMOUNT",
"fieldFormat":"15N/2D",
"helpText":"This field displays the amount of retail purchase transactions posted to the consolidated subordinate accounts within this relationship life-to-date."
}
,{
"fieldCode":"4069",
"fieldName":"CYCLE-TO-DATE WITHDRAWALS-COUNT",
"fieldFormat":"5N",
"helpText":"This field displays the number of cash transactions posted to the consolidated subordinate accounts within this relationship cycle-to-date."
}
,{
"fieldCode":"4070",
"fieldName":"CYCLE-TO-DATE Cash WITHDRAWALS-AMOUNT",
"fieldFormat":"15N/2D",
"helpText":"This field displays the amount of cash transactions posted to the consolidated subordinate accounts within this relationship cycle-to-date"
}
,{
"fieldCode":"4071",
"fieldName":"YEAR-TO-DATE Cash WITHDRAWALS-COUNT",
"fieldFormat":"5N",
"helpText":"This field displays the number of cash transactions posted to the consolidated subordinate accounts within this relationship year-to-date."
}
,{
"fieldCode":"4072",
"fieldName":"YEAR-TO-DATE Cash WITHDRAWALS-AMOUNT",
"fieldFormat":"15N/2D",
"helpText":"This field displays the amount of cash transactions posted to the consolidated subordinate accounts within this relationship year-to-date."
}
,{
"fieldCode":"4073",
"fieldName":"LIFE-TO-DATE Cash WITHDRAWALS-COUNT",
"fieldFormat":"5N",
"helpText":"This field displays number of cash transactions posted to the consolidated subordinate accounts within this relationship life-to-date."
}
,{
"fieldCode":"4074",
"fieldName":"LIFE-TO-DATE Cash WITHDRAWALS-AMOUNT",
"fieldFormat":"15N/2D",
"helpText":"This field displays amount of cash transactions posted to the consolidated subordinate accounts within this relationship life-to-date."
}
,{
"fieldCode":"4075",
"fieldName":"CYCLE-TO-DATE RETURNS-COUNT",
"fieldFormat":"5N",
"helpText":"This field displays the number of return transactions posted to the consolidated subordinate accounts within this relationship cycle-to-date."
}
,{
"fieldCode":"4076",
"fieldName":"CYCLE-TO-DATE RETURNS-AMOUNT",
"fieldFormat":"15N/2D",
"helpText":"This field displays the amount of return transactions posted to the consolidated subordinate accounts within this relationship cycle-to-date."
}
,{
"fieldCode":"4077",
"fieldName":"YEAR-TO-DATE RETURNS-COUNT",
"fieldFormat":"5N",
"helpText":"This field displays the number of return transactions posted to the consolidated subordinate accounts within this relationship year-to-date."
}
,{
"fieldCode":"4078",
"fieldName":"YEAR-TO-DATE RETURNS-AMOUNT",
"fieldFormat":"15N/2D",
"helpText":"This field displays the number of return transactions posted to the consolidated subordinate accounts within this relationship year-to-date"
}
,{
"fieldCode":"4079",
"fieldName":"LIFE-TO-DATE RETURNS-COUNT",
"fieldFormat":"5N",
"helpText":"This field displays the number of return transactions posted to the consolidated subordinate accounts within this relationship life-to-date."
}
,{
"fieldCode":"4080",
"fieldName":"LIFE-TO-DATE RETURNS-AMOUNT",
"fieldFormat":"15N/2D",
"helpText":"This field displays the amount of return transactions posted to the consolidated subordinate accounts within this relationship life-to-date."
}
,{
"fieldCode":"4115",
"fieldName":"ACCUMULATED CASH AMOUNT TODAY",
"fieldFormat":"",
"helpText":""
}
,{
"fieldCode":"4116",
"fieldName":"ACCUMULATED CASH AMOUNT WEEK TO DATE",
"fieldFormat":"",
"helpText":""
}
,{
"fieldCode":"4117",
"fieldName":"ACCUMULATED CASH AMOUNT MONTH TO DATE",
"fieldFormat":"",
"helpText":""
}
],"section11":[
{
"fieldCode":"4001",
"fieldName":"BUSINESS UNIT",
"fieldFormat":"3N",
"helpText":"Identification number of the business unit associated with the Relationship record. The values are 001-998."
}
,{
"fieldCode":"4002",
"fieldName":"RELATIONSHIP NUMBER",
"fieldFormat":"19C",
"helpText":"Identification number of the Relationship record."
}
,{
"fieldCode":"4039",
"fieldName":"CYCLE-TO-DATE INTEREST -COUNT",
"fieldFormat":"5N",
"helpText":"This field displays the number of interest transactions charged to the consolidated subordinate accounts within this relationship cycle-to-date."
}
,{
"fieldCode":"4040",
"fieldName":"CYCLE-TO-DATE INTEREST -AMOUNT",
"fieldFormat":"15N/2D",
"helpText":"This field displays the amount of interest transactions charged to the consolidated subordinate accounts within this relationship cycle-to-date."
}
,{
"fieldCode":"4041",
"fieldName":"YEAR-TO-DATE INTEREST -COUNT",
"fieldFormat":"5N",
"helpText":"This field displays the number of interest transactions charged to the consolidated subordinate accounts within this relationship year-to-date."
}
,{
"fieldCode":"4042",
"fieldName":"YEAR-TO-DATE INTEREST -AMOUNT",
"fieldFormat":"15N/2D",
"helpText":"This field displays the number of interest transactions charged to the consolidated subordinate accounts within this relationship year-to-date."
}
,{
"fieldCode":"4043",
"fieldName":"LIFE-TO-DATE INTEREST -COUNT",
"fieldFormat":"5N",
"helpText":"This field displays the number of interest transactions charged to the consolidated subordinate accounts within this relationship life-to-date."
}
,{
"fieldCode":"4044",
"fieldName":"LIFE-TO-DATE INTEREST -AMOUNT",
"fieldFormat":"15N/2D",
"helpText":"This field displays the amount of interest transactions charged to the consolidated subordinate accounts within this relationship life-to-date."
}
,{
"fieldCode":"4057",
"fieldName":"CYCLE-TO-DATE CARD FEES-COUNT",
"fieldFormat":"5N",
"helpText":"This filed displays the number of card issuance fee transactions charged to the consolidated subordinate accounts within this relationship cycle-to-date."
}
,{
"fieldCode":"4058",
"fieldName":"CYCLE-TO-DATE CARD FEES-AMOUNT",
"fieldFormat":"15N/2D",
"helpText":"This field displays the amount of card issuance fee transactions charged to the consolidated subordinate accounts within this relationship cycle-to-date."
}
,{
"fieldCode":"4059",
"fieldName":"YEAR-TO-DATE CARD FEES-COUNT",
"fieldFormat":"5N",
"helpText":"This field displays the number of card issuance fee transactions charged to the consolidated subordinate accounts within this relationship year-to-date."
}
,{
"fieldCode":"4060",
"fieldName":"YEAR-TO-DATE CARD FEES-AMOUNT",
"fieldFormat":"15N/2D",
"helpText":"This field displays the amount of card issuance fee transactions charged to the consolidated subordinate accounts within this relationship year-to-date."
}
,{
"fieldCode":"4061",
"fieldName":"LIFE-TO-DATE CARD FEES-COUNT",
"fieldFormat":"5N",
"helpText":"This field displays the number of card issuance fee transactions charged to the consolidated subordinate accounts within this relationship life-to-date."
}
,{
"fieldCode":"4062",
"fieldName":"LIFE-TO-DATE CARD FEES-AMOUNT",
"fieldFormat":"15N/2D",
"helpText":"This field displays the amount of card issuance fee transactions charged to the consolidated subordinate accounts within this relationship life-to-date."
}
],"section12":[
{
"fieldCode":"4001",
"fieldName":"BUSINESS UNIT",
"fieldFormat":"3N",
"helpText":"Identification number of the business unit associated with the Relationship record. The values are 001-998."
}
,{
"fieldCode":"4002",
"fieldName":"RELATIONSHIP NUMBER",
"fieldFormat":"19C",
"helpText":"Identification number of the Relationship record."
}
,{
"fieldCode":"0199",
"fieldName":"DATE LAST MAINTENANCE",
"fieldFormat":"",
"helpText":"Identifies the last maintained date of this record."
}
,{
"fieldCode":"0198",
"fieldName":"LAST MAINTENANCE OPERATOR",
"fieldFormat":"3C",
"helpText":"Identifies the last maintained operator of this record."
}
,{
"fieldCode":"0103",
"fieldName":"STATUS",
"fieldFormat":"1C",
"helpText":"Identifies the current status of record.The values are:<br/> 1 = Active<br/> 9 = Purged."
}
,{
"fieldCode":"4006",
"fieldName":"DATE STATUS CHANGE",
"fieldFormat":"",
"helpText":"Identifies the date on which the status of the record was changed."
}
,{
"fieldCode":"4007",
"fieldName":"STATUS CHANGE OPERATOR",
"fieldFormat":"3C",
"helpText":"Identifies the operator who changed the status of the record."
}
,{
"fieldCode":"0236",
"fieldName":"NPA Status",
"fieldFormat":"1N",
"helpText":"Code that indicates whether the account is marked as non-performing asset (NPA) or non-NPA. The values are:<br/>0 = Account is not marked as NPA<br/>1 = Account is marked as NPA by system<br/>2 = Account is marked as NPA by operation."
}
],"section13":[
{
"fieldCode":"4015",
"fieldName":"BILL NEAR LMT IND",
"fieldFormat":"1N",
"helpText":"This field indicates the sub-ordinate accounts. This field is set to value 0. The values are:<br/>0 = Near limit alert is generated for sub-ordinate account (Default)<br/>1 = Near limit alert is suppressed for sub-ordinate account."
}
,{
"fieldCode":"4016",
"fieldName":"BILL OVER LMT IND",
"fieldFormat":"1N",
"helpText":"This field indicates the billing accounts. This field is set to value 1. The values are:<br/>0 = Overlimit alert is generated for billing account (Default)<br/>1 = Overlimit alert is suppressed for billing account."
}
,{
"fieldCode":"4017",
"fieldName":"ALERT PREF IND",
"fieldFormat":"",
"helpText":""
}
,{
"fieldCode":"4118",
"fieldName":"TOTAL CASH AMOUNT",
"fieldFormat":"17N",
"helpText":"Maximum amount of total cash authorizations (regardless of the other cash maximums) allowed for the frequency defined in the FREQ field."
}
,{
"fieldCode":"4119",
"fieldName":"CASH FREQUENCY",
"fieldFormat":"",
"helpText":""
}
,{
"fieldCode":"4004",
"fieldName":"POS RESTRICT FLAG",
"fieldFormat":"1N",
"helpText":"Code that indicates whether POS transactions are allowed for subordinate accounts within the relationship. The values are:<br/>0 = POS transactions are not restricted (Default)<br/>1 = POS transactions are restricted based on the POS restriction flag set at account and card levels<br/>2 = Domestic POS transactions are restricted for all accounts or cards within the relationship<br/>3 = International POS transactions are restricted for all accounts or cards within the relationship<br/>4 = All POS transactions are restricted for all accounts or cards within the relationship."
}
,{
"fieldCode":"4005",
"fieldName":"ECOMM RESTRICT FLAG",
"fieldFormat":"1N",
"helpText":"Code that indicates whether ECOM transactions are allowed for subordinate accounts within this relationship. The values are:<br/>0 = ECOM transactions are not restricted (Default)<br/>1 = ECOM transactions are restricted based on the e-commerce restriction flag set at account and card levels<br/>2 = Domestic ECOM transactions are restricted for all accounts or cards within the relationship<br/>3 = International ECOM transactions are restricted for all accounts or cards within the relationship<br/>4 = All ECOM transactions are restricted for all accounts or cards within the relationship."
}
,{
"fieldCode":"4009",
"fieldName":"MOTO RESTRICT FLAG",
"fieldFormat":"1N",
"helpText":"Code that indicates whether MOTO transactions are allowed for subordinate accounts within the relationship. The values are:<br/>0 = MOTO transactions are not restricted (Default)<br/>1 = MOTO transactions are restricted based on the MOTO restriction flag set at account and card levels<br/>2 = Domestic MOTO transactions are restricted for all accounts or cards within the relationship<br/>3 = International MOTO transactions are restricted for all accounts or cards within the relationship<br/>4 = All MOTO transactions are restricted for all accounts or cards within the relationship."
}
,{
"fieldCode":"4012",
"fieldName":"AUTH ALERT RESTRICT FLAG",
"fieldFormat":"1N",
"helpText":"Code that indicates the default authorization alert option for accounts boarded within the relationship. The valrues are:<br/>0 = Relationship level flag not used (Default)<br/>1 = Alert is sent via SMS<br/>2 = Alert is sent via e-mail<br/>3 = Alerts is sent via both SMS and e-mail<br/>9 = Alert is are suppressed for all subordinate accounts."
}
,{
"fieldCode":"4013",
"fieldName":"ATM RESTRICT FLAG",
"fieldFormat":"1N",
"helpText":"Code that indicates whether ATM transactions are allowed for subordinate accounts within the relationship. The values are:<br/>0 = ATM transactions are not restricted (Default)<br/>1 = ATM transactions are restricted based on the ATM restriction flag set at account and card levels<br/>2 = Domestic ATM transactions are restricted for all accounts or cards within the relationship<br/>3 = International ATM transactions are restricted for all accounts or cards within the relationship<br/>4 = All ATM transactions are restricted for all accounts or cards within the relationship."
}
,{
"fieldCode":"4014",
"fieldName":"CTLS RESTRICT FLG",
"fieldFormat":"1N",
"helpText":"Code that indicates whether contactless transactions are allowed for subordinate accounts within the relationship. The values are:<br/>0 = Contactless transactions are not restricted (Default)<br/>1 = Contactless transactions are restricted based on the contactless restriction flag set at account and card levels<br/>2 = Domestic contactless transactions are restricted for all accounts or cards within the relationship<br/>3 = International contactless transactions are restricted for all accounts or cards within the relationship<br/>4 = All contactless transactions are restricted for all accounts or cards within the relationship."
}
,{
"fieldCode":"4120",
"fieldName":"CASH FREQUENCY DEFAULT LEVEL",
"fieldFormat":"",
"helpText":""
}
,{
"fieldCode":"4018",
"fieldName":"TEMPORARY TOTAL CASH",
"fieldFormat":"",
"helpText":""
}
,{
"fieldCode":"9952",
"fieldName":"TEMPORARY CASH EXPIRY DT",
"fieldFormat":"",
"helpText":""
}
,{
"fieldCode":"5001",
"fieldName":"TEMPORARY CASH FREQUENCY NUMBER",
"fieldFormat":"",
"helpText":""
}
]},"sections": {
"section0":""
,
"section1":"Relationship Details - ARGM/ARGQ/ARGA"
,
"section2":"Relationship Details - ARGM/ARGQ/ARGA - 01-Relationship Details"
,
"section3":"Relationship Details - ARGM/ARGQ/ARGA - 02-Relationship Record Corp Setup"
,
"section4":"Relationship Details - ARGM/ARGQ/ARGA - 03-Relationship External Reporting"
,
"section5":"Relationship Details - ARGM/ARGQ/ARGA - 04-Relationship VAT Details"
,
"section6":"VAT MATRIX:"
,
"section7":"Relationship Details - ARGM/ARGQ/ARGA - 05-Relationship Account Details"
,
"section8":"Relationship Details - ARGM/ARGQ/ARGA - 06-Relationship Account Balance Details"
,
"section9":"Relationship Details - ARGM/ARGQ/ARGA - 07-Payments Late Fees NSF Fees"
,
"section10":"Relationship Details - ARGM/ARGQ/ARGA - 08-Purchases Cash Returns"
,
"section11":"Relationship Details - ARGM/ARGQ/ARGA - 09-Card Issuance Fees Interest"
,
"section12":"Relationship Details - ARGM/ARGQ/ARGA - 99-Status & Non Monetary Information"
,
"section13":"Relationship Details - ARGM/ARGQ/ARGA - Z40-Auth Restriction/Alert Details"
}}
