{"data":{
"section0":[
],"section1":[
{
"fieldCode":"4024",
"fieldName":"BUSINESS UNIT",
"fieldFormat":"3N",
"helpText":"Identification number of the business unit associated with this Insurance/Product table. The values are 000-998."
}
,{
"fieldCode":"4025",
"fieldName":"PRODUCT",
"fieldFormat":"3N",
"helpText":"Identification number of the product associated with this Insurance/Product table. The values are 000-998.<br/>Note:  The BUSINESS UNIT and PRODUCT fields determine whether an Insurance/Product table is at the system level, business unit level, or product level, as follows:<br/>If the BUSINESS UNIT and PRODUCT fields are zero, the Insurance/Product table is at the system level<br/>If the BUSINESS UNIT field is 001-998 and the PRODUCT field is zero, the Insurance/Product table is at the business unit level<br/>If the BUSINESS UNIT field is 001-998 and the PRODUCT field is 001-998, the Insurance/Product table is at the product level.<br/>Note:  An Insurance/Product table can be assigned only to a Processing Control Table that is established at the same processing level-system, business unit, or product. For example, you cannot assign a system-level Insurance/Product table to a Processing Control Table established at the business unit or product level.<br/>Caution:  When using a system-level table, all business units should be assigned the same currency code. If business units have different currency codes, do not use a system-level table."
}
,{
"fieldCode":"4027",
"fieldName":"INSURANCE TABLE NUMBER",
"fieldFormat":"3N",
"helpText":"Identification number of the Insurance/Product table. The values are 001-998."
}
,{
"fieldCode":"4028",
"fieldName":"ASSOCIATED INSURANCE PRODUCT",
"fieldFormat":"2C",
"helpText":"Code that identifies an insurance product or non-insurance (additional account) product associated with this Insurance/Product table.<br/>Note: When assigning an insurance product or additional account product to an account, use the Insurance/Product Data Service. You can add up to six products to an account, change information for products assigned to an account, and view the products assigned to an account."
}
],"section2":[
{
"fieldCode":"4024",
"fieldName":"BUSINESS UNIT",
"fieldFormat":"3N",
"helpText":"Identification number of the Business Unit."
}
,{
"fieldCode":"4025",
"fieldName":"PRODUCT",
"fieldFormat":"3N",
"helpText":"Identification number of the Product."
}
,{
"fieldCode":"4027",
"fieldName":"INSURANCE TABLE NUMBER",
"fieldFormat":"3N",
"helpText":"Identification number of the Insurance/Product table."
}
,{
"fieldCode":"4028",
"fieldName":"ASSOCIATED INSURANCE PRODUCT",
"fieldFormat":"2C",
"helpText":"Code that identifies an insurance product or non-insurance (additional account) product associated with this Insurance/Product table."
}
,{
"fieldCode":"0204",
"fieldName":"COMPANY NAME CODE",
"fieldFormat":"2C",
"helpText":"User-defined code that identifies the underwriter of the product."
}
,{
"fieldCode":"0201",
"fieldName":"INSURANCE DESCRIPTION",
"fieldFormat":"40C",
"helpText":"Description that prints on reports and statements to identify insurance premiums calculated with this Insurance/Product table. If you leave this field blank, the following default description prints on reports and statements: INSURANCE PREMIUM ASSESSED."
}
,{
"fieldCode":"0202",
"fieldName":"CUSTOM REPORTING",
"fieldFormat":"1C",
"helpText":"User-defined code assigned to an Insurance/Product table for custom reporting purposes. The values are A-Z and 0-9."
}
,{
"fieldCode":"0205",
"fieldName":"RATE METHOD",
"fieldFormat":"2N",
"helpText":"This field indicates the method that CMS uses to calculate insurance/product premiums. <br/>This field (RATE METHOD) indicates the method and balance. CMS uses to calculate insurance premiums. Certain rate methods are valid for insurance premium calculations at the account level, at the credit plan level, or at either level. The value definitions indicate the Rate Level Calculation for which a rate method is allowed. The values are: <br/>0 = Average daily balance. This method is valid for insurance premium calculations at the account level or credit plan level. (Default)<br/>1 = Cycle-ending balance. This method is valid for insurance premium calculations at the account level or credit plan level.<br/>2 = Payment last requested. This method is valid for insurance premium calculations at the account level or credit plan level.<br/>Note:  Insurance products can use any rate method; however, rate methods 2, 10, or 11 are not allowed for additional account products.<br/>3 = Credit limit. This method is valid for insurance premium calculations at the account level only.<br/>4 = Initial principal balance. This method is valid for insurance premium calculations at the credit plan level for loan credit plans only with component calculator indicator (CCI) of 0 and posting indicator (PI) of 1.<br/>5 = First purchase amount. This method is valid for insurance premium calculations at the credit plan level only.<br/>6 = Flat rate defined on the Insurance/Product table (FIXED PREMIUM AMOUNT on Insurance Table -> 01-Insurance Product Details). CMS does not charge this flat rate on accounts with a zero balance or a credit balance. This method is valid for insurance premium calculations at the account level only.<br/>7 = Flat rate defined on the account (PREMIUM BY AGE METHOD on Insurance Table -> 03-Insurance Premium Table). The flat rate overrides any other premium amount calculated by the Insurance/Product table. CMS does not charge this flat rate on accounts with a zero balance or a credit balance. This method is valid for insurance premium calculations at the account level only.<br/>8 = Flat rate defined on the Insurance/Product table (FIXED PREMIUM AMOUNT on Insurance Table -> 01-Insurance Product Details) applies to accounts with a value amount or percentage (QUAL FOR PREMIUM on Insurance Table -> 03-Insurance Premium Table) with a debit balance. This method allows CMS to consolidate insurance premiums for posting. This method is valid for insurance premium calculations at the account level only.<br/>NOTE: Although rate method 8 will assess premiums on accounts without a balance, the initial activation of the product is still controlled by the setting of the ACTIVATION LETTER CODE and INSURANCE ACTIVATION flag for statements and letters on Insurance Table -> 04-Letter & Statement Codes.<br/>NOTE:  For accounts with a credit balance, if the RATE METHOD is 8, CMS posts the consolidated insurance premium to the credit plan with the credit balance. For accounts with a zero balance or debit balance, if the RATE METHOD is 8, CMS posts the consolidated insurance premium to the consolidated insurance plan established on the Account Processing table (CONSOLIDATED INSURANCE PLAN on Account Processing Table -> 03-Limits; Default Plan & Others).<br/>If the RATE METHOD is 8, CONSOLIDATED INSURANCE PLAN on Account Processing Table -> 03-Limits; Default Plan & Others must be greater than zero. If CONSOLIDATED INSURANCE PLAN does not identify a valid credit plan, CMS uses the default fee credit plan on the Service Charge/Fee table (DEFAULT FEE CREDIT PLAN on Fee Table -> 01-Default Fee Controls) to post insurance premium transactions.<br/>9 = Account cycle-ending balance based on the age of the insured (QUAL FOR PREMIUM on Insurance Table -> 03-Insurance Premium Table). This method allows CMS to consolidate insurance premiums for posting to the consolidated insurance plan established on the Account Processing table (CONSOLIDATED INSURANCE PLAN on Account Processing Table -> 03-Limits; Default Plan & Others). This method is valid for insurance premium calculations at the account level only.<br/>Note:  If the RATE METHOD is 9, CONSOLIDATED INSURANCE PLAN on Account Processing Table -> 03-Limits; Default Plan & Others must be greater than zero. If CONSOLIDATED INSURANCE PLAN does not identify a valid credit plan, CMS uses the default fee credit plan on the Service Charge/Fee table (DEFAULT FEE CREDIT PLAN on Fee Table -> 01-Default Fee Controls) to post insurance premium transactions.<br/>10 = Combined minimum payment due (total due) at cycle time for two or more retail and cash credit plans. The premium is based on the total of the minimum payment amounts. CMS posts the premium to the consolidated insurance plan indicated on the Account Processing Table. This method is valid for insurance premium calculations at the account level or credit plan level.<br/>Note:  If the RATE METHOD is 10, CONSOLIDATED INSURANCE PLAN on Account Processing Table -> 03-Limits; Default Plan & Others must be greater than zero. If CONSOLIDATED INSURANCE PLAN does not identify a valid credit plan, CMS uses the default fee credit plan on the Service Charge/Fee table (DEFAULT FEE CREDIT PLAN on Fee Table -> 01-Default Fee Controls) to post insurance premium transactions.<br/>11 = The minimum payment due (total due) at cycle time for loan credit plans only with posting indicator (PI) of 3, or component calculator indicator (CCI) of 0 and posting indicator (PI) of 1. The calculated premiums are posted to the respective credit plan. This method is valid for insurance premium calculations at the credit plan level only.<br/>20 = User-defined balance or amount determined by a user exit. This method is valid for insurance premium calculations at the account level or credit plan level.<br/>Note:  For RATE METHOD 20 (user-defined), CMS calls a user exit during the insurance processing segment of the Posting run (ARD140). The user exit contains user-defined logic to calculate or determine which balance or amount to use for insurance premium calculations.<br/>Note:  When using the consolidated insurance option with RATE METHOD 20 (user-defined), CONSOLIDATED INSURANCE on Account Processing Table -> 03-Limits; Default Plan & Others must be greater than zero. If CONSOLIDATED INSURANCE PLAN does not identify a valid credit plan, CMS uses the default fee credit plan on the Service Charge/Fee table (DEFAULT FEE CREDIT PLAN on Fee Table -> 01-Default Fee Controls) to post insurance premium transactions. <br/>30 = User-input premiums. CMS does not calculate insurance premiums for this rate method. Use this method to record account-to-date-premium-totals specifically for insurance products where the premiums are calculated outside CMS. The insurance premium calculations level does not apply to this rate method.<br/>Note:  If the RATE METHOD is 30, the Insurance/Product table processing parameters do not apply."
}
,{
"fieldCode":"0206",
"fieldName":"BILLING METHOD",
"fieldFormat":"1C",
"helpText":"Code that indicates the method CMS uses to bill the insurance premium. The values are:<br/>0 = Add the insurance premium to the account balance only (Default)<br/>1 = Add the insurance premium to the account balance and to the payment amount due.<br/>Example: Assume the balance of an account is $1000, the payment due is $100, and the insurance premium is $20. If the BILLING METHOD is 0, CMS adds the $20 premium to the $1000 balance making the new balance $1020 and the payment amount due remains $100. If the BILLING METHOD is 1, CMS adds the $20 premium to the $1000 balance making the new balance $1020 and CMS adds the $20 premium to the payment amount due making a new payment amount due of $120.<br/>Note:  If the payment type in the Credit Plan Master bills the account balance (MINIMUM PAYMENT CALCULATION on Credit Plans -> 01-Credit Plan Specification is B), CMS adds the insurance premium to the minimum payment due regardless of the BILLING METHOD.<br/>Note:  CMS uses this field only if the insurance component calculation indicator on the credit plan indicates insurance is system-generated (INSURANCE CCI on Loan Details -> 01-Loan Disclosed & Init Amts is 0)."
}
,{
"fieldCode":"0207",
"fieldName":"BILLING FREQUENCY",
"fieldFormat":"1C",
"helpText":"Code that indicates the frequency at which CMS assesses insurance premiums. The values are:<br/>0 = Monthly on the cycle date (Default)<br/>1 = Bimonthly<br/>2 = Quarterly<br/>3 = Semiannually<br/>4 = Annually."
}
,{
"fieldCode":"0210",
"fieldName":"FIXED PREMIUM AMOUNT",
"fieldFormat":"15N/2D",
"helpText":"Fixed premium amount, in monetary units and subunits that CMS uses when calculating insurance premiums, as follows:<br/>If the RATE METHOD is 6, the fixed premium amount is the insurance premium<br/>If the RATE METHOD is 8, the fixed premium amount is the insurance premium for accounts with a zero balance or a credit balance<br/>If the RATE METHOD is 0, 1, 2, 3, 4, or 5, CMS adds the fixed premium to the calculated insurance premium.<br/>Note: If the RATE METHOD is 6 or 8 (indicating a flat rate), the FIXED PREMIUM AMOUNT cannot be zero."
}
,{
"fieldCode":"0211",
"fieldName":"CANCELLATION AGE",
"fieldFormat":"2N",
"helpText":"This field is the age of the insured party at which the insurance coverage expires. CMS automatically cancels the insurance and assigns the value A in CANCEL REASON field on Insurance Products -> 01-Insurance / Product Data during the Posting run. You also can assign this value manually.<br/>Note:  The age entered in the MAXIMUM ENROLLMENT AGE field must be less than the age entered in the CANCELLATION AGE field."
}
,{
"fieldCode":"0218",
"fieldName":"RECENCY LEVEL FOR CANCELLATION",
"fieldFormat":"1N",
"helpText":"Three-part field that establishes the recency and/or contractual delinquency level at which CMS automatically cancels<br/>insurance and the number of cycles that an account can remain at the delinquency warning level before CMS automatically<br/>cancels insurance. This is also called the delinquency cancellation level for insurance. The first part of this field (RECENCY LEVEL FOR CANCELLATION) indicates the recency delinquency level at which CMS cancels insurance. The recency delinquency level is the number of cycles since CMS posted a qualified payment. The values are:<br/>0 = Do not use recency delinquency to cancel insurance (Default)<br/>1-9 = Level of recency delinquency at which CMS cancels insurance."
}
,{
"fieldCode":"0219",
"fieldName":"CONTRACTUAL LEVEL FOR CANCELLATION",
"fieldFormat":"1N",
"helpText":"The second part of this field (CONTRACTUAL LEVEL FOR CANCELLATION) indicates the contractual delinquency level at which CMS cancels insurance. The contractual delinquency level (also called a cycle due code) is the number of cycles for which a payment is due. The values are:<br/>0 = Do not use contractual delinquency to cancel insurance (Default)<br/>1-9 = Level of contractual delinquency at which CMS cancels insurance."
}
,{
"fieldCode":"0213",
"fieldName":"REINSTATE DUE TO AGE",
"fieldFormat":"1N",
"helpText":"This field controls reinstatement of insurance products that were canceled for delinquency or that expired because of the age of the account holder.<br/>This field controls reinstatement of insurance products canceled because the age of the insured exceeds the expiration age allowed and the age has been changed. The values are:<br/>0 = Manually reinstate by changing STATUS on Insurance Products -> 01-Insurance / Product Data to F (Default)<br/>1 = CMS automatically reinstates insurance.<br/>Note:  CMS determines the age of the insured party based on the date of birth entered on the Customer Name/Address record (DATE OF BIRTH on Name and Address -> 03-Owner Employment Information and Name and Address -> 07-Co-Owner Employment Information) for the insured party.<br/>Note:  To manually reinstate an insurance product, change STATUS on Insurance Products -> 01-Insurance / Product Data to F."
}
,{
"fieldCode":"0214",
"fieldName":"MAXIMUM COVERAGE ALLOWED",
"fieldFormat":"15N/2D",
"helpText":"Maximum at-risk amount covered by this insurance product. The amount is in whole monetary units. This amount may be the current account balance, the average daily balance of the account, or the current payment amount due, depending on the rate method selected (RATE METHOD on Insurance Table -> 01-Insurance Product Details). CMS cancels the insurance<br/>product when this amount is reached if the ACTION FOR EXCEEDED COVERAGE value is set to 0 or 1 on Insurance Table  -> 01-Insurance Product Details. CMS then assigns the value T in the CANCEL REASON field in the Account Insurance Data function (Insurance Products ->01-Insurance Product Details) during the Posting run (ARD140)."
}
,{
"fieldCode":"0215",
"fieldName":"ACTION FOR EXCEEDED COVERAGE",
"fieldFormat":"1C",
"helpText":"Code that determines the actions CMS will take if the balance subject to insurance exceeds the maximum at risk defined as the maximum coverage. The values are:<br/>0 = Cancel the product. When the balance that is subject to insurance falls below the maximum allowable, you can reinstate the product manually by changing STATUS on Insurance Products ->01-Insurance Product Details to F. (Default)<br/>1 = Cancel the product until the balance subject to insurance is reduced below the maximum coverage amount.<br/>2 = Calculate the premium using the maximum coverage amount as the basis for the premium for the product in force."
}
,{
"fieldCode":"0220",
"fieldName":"ENROLLMENT ID INDICATOR",
"fieldFormat":"1C",
"helpText":"Code that determines whether CMS allows you to assign an insurance enrollment ID to an insurance product (ENROLLMENT ID on Insurance Products -> 01-Insurance / Product Data). The values are:<br/>0 = CMS does not allow data entry in the ENROLLMENT ID field on Insurance Products - 01-Insurance / Product Data. CMS uses the residence ID from the account (STATE OF RESIDENCY on Account Details -> 03-PCT Defaults) as the insurance enrollment ID. (Default)<br/>1 = CMS allows data entry in the ENROLLMENT ID field on Insurance Products -> 01-Insurance / Product Data.<br/>Note:  If ENROLLMENT ID INDICATOR on the Insurance Table -> 01-Insurance Product Details is 0 and ADDRESS CHANGE EFFECT on the LOGO record (Products -> 13-Product Processing Controls) is I (immediate), CMS moves RESIDENCE ID (Account Details -> 03-PCT Defaults) to ENROLLMENT ID (Insurance Products -> 01-Insurance / Product Data) before calculating the insurance premium. If ENROLLMENT ID INDICATOR on the Insurance/Product table is 0 and ADDRESS CHANGE EFFECT is S (statement), CMS calculates the premium, then moves STATE OF RESIDENCY to ENROLLMENT ID.<br/>Note:  If CMS cannot find the ENROLLMENT ID INDICATOR at the indicated PROCESSING CONTROL level, CMS uses the DEFAULT PCT ID on the Processing Control Table to calculate the insurance. CMS generates a message on the Audit Exception Report (D15).<br/>Note:  If CMS cannot find a table for the enrollment identification or the DEFAULT PCT ID, CMS cancels the insurance and prints an error message on the Audit Exception Report (D15). CMS assigns the value J in the CANCEL REASON field in the Account Insurance Data function (Insurance Products -> 01-Insurance / Product Data) during the Posting run (ARD140). You can also assign this value manually."
}
,{
"fieldCode":"0221",
"fieldName":"VENDOR BUSINESS UNIT NUMBER",
"fieldFormat":"3N",
"helpText":"Vendor number. For generated insurance transactions, CMS uses this number in place of the store number from the credit<br/>plan segment. The transactions can be sent to MBS for the settlement of insurance product activity to the insurance vendor."
}
,{
"fieldCode":"0203",
"fieldName":"INCLUDE PAST DUE AMOUNT",
"fieldFormat":"1N",
"helpText":"This field that indicates whether to include or exclude past due amounts from the account cycle-ending balance.<br/>The first part of this field (INCLUDE PAST DUE AMOUNT) indicates whether CMS includes or excludes past due amounts from the account cycle-ending balance. The values are:<br/>0 = Include past due amounts in the account cycle-ending balance (Default)<br/>1 = Exclude all past due amounts from the account cycle-ending balance subject to insurance calculation."
}
,{
"fieldCode":"0223",
"fieldName":"INCLUDE OVER LIMIT INDICATOR",
"fieldFormat":"1N",
"helpText":"This field that indicates whether to include or exclude over limit<br/>amounts from the account cycle-ending balance. This field (INCLUDE OVER LIMIT INDICATOR) indicates whether CMS includes or excludes overlimit amounts from the account cycle-ending balance. The values are:<br/>0 = Include overlimit amounts in the account cycle-ending balance (Default)<br/>1 = Exclude all overlimit amounts from the account cycle-ending balance subject to insurance calculation."
}
,{
"fieldCode":"0208",
"fieldName":"INCREMENT VALUES",
"fieldFormat":"1N",
"helpText":"This field determines the increment amount and whether CMS uses partial increments or exact increments when calculating insurance premiums. <br/>This field is a code that indicates whether CMS processes partial increments or exact increments of the amount subject to insurance (RATE METHOD on Insurance Table -> 01-Insurance Product Details). The values are:<br/>0 = Process partial increments (Default)<br/>1 = Process exact increments.<br/>Note:  Use the INCREMENTS field, along with the QUAL FOR PREMIUM on Insurance Table -> 03-Insurance Premium Table, to establish tiered insurance premiums. For more information, refer to the Insurance/Product Tables chapter in the CMS User Operations and Concepts Guide."
}
,{
"fieldCode":"0208",
"fieldName":"INCREMENT IN MONETARY UNITS OF",
"fieldFormat":"11N",
"helpText":"This field identifies the amount of each increment in whole monetary units. The values are 0000000001-9999999999. The default is 0000000100.<br/>Examples: <br/>If working in U.S. dollars and you want increments of $100, enter 0000000100.<br/>If working in Brazilian reais and you want increments of R$500, enter 0000000500.<br/>Note:  Use the INCREMENTS field, along with the QUAL FOR PREMIUM on Insurance Table -> 03-Insurance Premium Table, to establish tiered insurance premiums. For more information, refer to the Insurance/Product Tables chapter in the CMS User Operations and Concepts Guide."
}
]},"sections": {
"section0":""
,
"section1":"Insurance Table - ARMI/ARQI/ARAI"
,
"section2":"Insurance Table-01-Insurance Product Details"
}}
