{"data":{
"section0":[
],"section1":[
{
"fieldCode":"4038",
"fieldName":"BUSINESS UNIT",
"fieldFormat":"3N",
"helpText":"Identification number of the business unit associated with this Rate Index table. The values are 000-998. <br/>Note:  The BUSINESS UNIT field determines whether a Rate Index table is at the system level or business unit level, as follows:<br/>If the BUSINESS UNIT field is 000, the table is at the system level<br/>If the BUSINESS UNIT field is 001-998, the table is at the business unit level.<br/>Caution:  When using a system-level table, all business units should be assigned the same currency code. If business units have different currency codes, do not use a system-level table."
}
,{
"fieldCode":"4040",
"fieldName":"PRODUCT",
"fieldFormat":"3N",
"helpText":"Identification number of the product associated with this Rate Index table."
}
,{
"fieldCode":"4041",
"fieldName":"RECORD TYPE",
"fieldFormat":"3N",
"helpText":"Identification number of the record type associated with this Rate Index table."
}
,{
"fieldCode":"4043",
"fieldName":"RATE INDEX IDENTIFICATION NUMBER",
"fieldFormat":"3N",
"helpText":"Identification number of the rate index within a Rate Index table. Use this field to display a specific index. The values are 001-998."
}
,{
"fieldCode":"4044",
"fieldName":"RATE PRODUCT",
"fieldFormat":"2C",
"helpText":"Identifies the product id associated with the Rate Index table."
}
],"section2":[
{
"fieldCode":"",
"fieldName":"GROUP ID",
"fieldFormat":"5C",
"helpText":"Identification code of the group."
}
,{
"fieldCode":"0105",
"fieldName":"VERIFICATION STATUS",
"fieldFormat":"1C",
"helpText":"Verification status of the rate index. This field displays N (not verified) in add mode and you cannot change the value on this page. CMS automatically changes the status when the rate index is verified using the Rate Index Table Verification service.<br/>Caution: Use the Rate Index Table Verification service to verify an index rate in a Rate Index table. Verifying an index rate changes the verification status from N (not verified) to V (verified).<br/>Caution: The new rate will take effect the day after verification."
}
,{
"fieldCode":"0102",
"fieldName":"RATE INDEX DESCRIPTION",
"fieldFormat":"20C",
"helpText":"Description of the rate index.<br/>Examples: Index rates often used to calculate a variable interest rate and sample descriptions are:<br/>Prime rate (PRIME RATE)<br/>Discount rate (DISCOUNT RATE)<br/>London Interbank Offered Rate (LIBOR)<br/>U.S. Treasury Bill auction rate (6-MONTH T-BILL)."
}
,{
"fieldCode":"0101",
"fieldName":"PENDING RATE REVIEW DATE",
"fieldFormat":"",
"helpText":"Date to review the pending rate. The Rate Index Table Review Report (R47) lists all rate indices that have a review date of today, a review date that has passed, or a review date within the next seven days.<br/>The value entered into this field must be greater than todays date. The current rate (INTEREST RATE CURRENTLY ASSIGNED) remains in effect even if the review date has passed."
}
,{
"fieldCode":"0106",
"fieldName":"INTEREST RATE CURRENTLY ASSIGNED",
"fieldFormat":"7N",
"helpText":"Interest rate currently assigned to this rate index. This field is not open for input. After you add a new rate index, CMS copies the pending rate (PENDING INTEREST RATE) to this field if the rate index has been verified and the pending date has been reached."
}
,{
"fieldCode":"0107",
"fieldName":"CURRENT RATE EFFECTIVE DATE",
"fieldFormat":"",
"helpText":"Date on which the current rate became effective. This date is system-generated; you cannot change it."
}
,{
"fieldCode":"0103",
"fieldName":"PENDING INTEREST RATE",
"fieldFormat":"7N",
"helpText":"Pending interest rate assigned to the rate index. This interest rate does not take effect until the following criteria are met:<br/>The rate index has been verified using the Rate Index Table Verification service<br/>The pending date (pend date) has been reached."
}
,{
"fieldCode":"0104",
"fieldName":"PENDING EFFECTIVE DATE",
"fieldFormat":"",
"helpText":"Date on which the pending interest rate (PENDING INTEREST RATE) takes effect for this rate index. The rate index must be verified using the Rate Index Table Verification service."
}
,{
"fieldCode":"4051",
"fieldName":"CURRENT BBR DATE",
"fieldFormat":"8N",
"helpText":"Date on which the current rate is published as the new base rate by Regulatory Base Rate Changes/MasterCard Professional Card (MPC). This field is not open to input."
}
,{
"fieldCode":"4052",
"fieldName":"PENDING BBR DATE",
"fieldFormat":"8N",
"helpText":"Date on which the pending rate is published as the new base rate by Regulatory Base Rate Changes/MPC. The value in this field denotes the number of cycles from account open date onwards when BBR rates are restricted temporarily without affecting new accounts. This field is open to input in add mode (ARRA) and maintenance mode (ARRM) on Rate Index Table screens.<br/>Note: The date entered in this field must be equal to or earlier than the date entered in the PEND DATE field."
}
],"section3":[
{
"fieldCode":"4047",
"fieldName":"RATE",
"fieldFormat":"7N",
"helpText":"Appears 12 times. Interest rate assigned to the rate index as of each effective date (BEGIN DATE)."
}
,{
"fieldCode":"4048",
"fieldName":"BEGIN DATE",
"fieldFormat":"",
"helpText":"Appears 12 times. Effective date of each interest rate (RATE)."
}
,{
"fieldCode":"4050",
"fieldName":"HISTORY BBR DATE",
"fieldFormat":"10C",
"helpText":"Date on which the historical rate is published as the base rate by Regulatory Base Rate Changes/MPC."
}
],"section4":[
{
"fieldCode":"0199",
"fieldName":"DATE LAST MAINTENANCE",
"fieldFormat":"",
"helpText":"Identifies the last maintained date of this record"
}
,{
"fieldCode":"4049",
"fieldName":"RECORD STATUS",
"fieldFormat":"1C",
"helpText":"Identifies the current record status.The values are:<br/>1 = Active<br/>9 = Purge"
}
,{
"fieldCode":"0198",
"fieldName":"LAST MAINT OPER",
"fieldFormat":"3C",
"helpText":"Identifies the last maintained operator of this record."
}
],"section5":[
{
"fieldCode":"",
"fieldName":"COPY FROM",
"fieldFormat":"3N",
"helpText":"Key field which contain business unit and rule set."
}
,{
"fieldCode":"",
"fieldName":"COPY TO",
"fieldFormat":"3N",
"helpText":"Key field which contain business unit and rule set."
}
]},"sections": {
"section0":""
,
"section1":"Rate Index Table - ARRM/ARRQ/ARRA"
,
"section2":"Rate Index Table - ARRM/ARRQ/ARRA - 01-Rate Index Controls"
,
"section3":"Rate Index Table - ARRM/ARRQ/ARRA - 02-Rate Index History"
,
"section4":"Rate Index Table - ARRM/ARRQ/ARRA - 99-Status & Activity Information"
,
"section5":"Rate Index Table - ARRM/ARRQ/ARRA - COPY"
}}
