{"data":{
"section0":[
],"section1":[
{
"fieldCode":"4009",
"fieldName":"BUSINESS UNIT",
"fieldFormat":"3N",
"helpText":"Identification number of the business unit associated with the Relationship record. The values are 001-998."
}
,{
"fieldCode":"4002",
"fieldName":"RELATIONSHIP NUMBER",
"fieldFormat":"19C",
"helpText":"Identification number of the Relationship record."
}
,{
"fieldCode":"4003",
"fieldName":"ACCOUNT BUSINESS UNIT",
"fieldFormat":"3N",
"helpText":"Identification number of the business unit associated with the account."
}
,{
"fieldCode":"4010",
"fieldName":"ACCOUNT NUMBER",
"fieldFormat":"19C",
"helpText":"Identification number of the Account Base Segment record."
}
],"section2":[
{
"fieldCode":"4009",
"fieldName":"BUSINESS UNIT",
"fieldFormat":"3N",
"helpText":"Identification number of the business unit associated with the Relationship record. The values are 001-998."
}
,{
"fieldCode":"4002",
"fieldName":"RELATIONSHIP NUMBER",
"fieldFormat":"19C",
"helpText":"Identification number of the Relationship record."
}
,{
"fieldCode":"4003",
"fieldName":"ACCOUNT BUSINESS UNIT",
"fieldFormat":"3N",
"helpText":"Identification number of the business unit associated with the account."
}
,{
"fieldCode":"4010",
"fieldName":"ACCOUNT NUMBER",
"fieldFormat":"19C",
"helpText":"Identification number of the Account Base Segment record."
}
,{
"fieldCode":"9901",
"fieldName":"RECORD STATUS",
"fieldFormat":"1C",
"helpText":"Code that indicates the status of the record. The values are:<br/>0,1 = Active<br/>2 = Inactive<br/>P = Purged."
}
,{
"fieldCode":"4008",
"fieldName":"CONSOLIDATED INDICATOR",
"fieldFormat":"1C",
"helpText":"This field indicates the consolidation Flag. The values are: <br/>00= Account Consolidation<br/>01 = Account not Consolidation"
}
]},"sections": {
"section0":""
,
"section1":"RELATIONSHIP/ACCOUNT X-REF"
,
"section2":"RELATIONSHIP/ACCOUNT X-REF - 99-STATUS & ACTIVITY INFORMATION"
}}
