{"data":{
"section0":[
],"section1":[
{
"fieldCode":"4001",
"fieldName":"BUSINESS UNIT",
"fieldFormat":"3N",
"helpText":"Identification number of the business unit associated with this account. The values are 001-998."
}
,{
"fieldCode":"4002",
"fieldName":"ACCOUNT NUMBER",
"fieldFormat":"19N",
"helpText":"Identification number of the account for which you want to add, modify, or view a Secured Account record."
}
,{
"fieldCode":"9929",
"fieldName":"SECURED ACCOUNT RECORD",
"fieldFormat":"1N",
"helpText":"Identification number of the secured account record."
}
],"section2":[
{
"fieldCode":"4001",
"fieldName":"BUSINESS UNIT",
"fieldFormat":"3N",
"helpText":"Identification number of the business unit associated with this account. The values are 001-998."
}
,{
"fieldCode":"4002",
"fieldName":"ACCOUNT NUMBER",
"fieldFormat":"19N",
"helpText":"Identification number of the account for which you want to add, modify, or view a Secured Account record."
}
,{
"fieldCode":"9929",
"fieldName":"SECURED ACCOUNT RECORD",
"fieldFormat":"1N",
"helpText":"Identification number of the secured account record."
}
,{
"fieldCode":"4004",
"fieldName":"DATE ADDED",
"fieldFormat":"DATE",
"helpText":"This field indicates the date on which the Secured Account record was added. When you add a new record, this field defaults to the current system processing date. This date is system-generated; you cannot change it."
}
,{
"fieldCode":"0199",
"fieldName":"DATE LAST MAINTAINED",
"fieldFormat":"DATE",
"helpText":"Date of the last maintenance for this record. This date is system-generated; you cannot change it."
}
,{
"fieldCode":"0104",
"fieldName":"RECORD STATUS",
"fieldFormat":"1N",
"helpText":"This field indicates the status of the Secured Account record.<br/>The values are:<br/>0 = No status set (Default)<br/>1 = Active<br/>2 = Released, not yet reported<br/>3 = Released and reported<br/>9 = Purge record request.<br/>You can manually change the STATUS as follows:<br/>From 1 (active) to 2 (released, not yet reported)<br/>From 3 (released and reported) to 9 (purge record request).<br/>CMS can automatically update the STATUS as follows:<br/>From 0 (no status set) to 1 (active) when the Secured Account record is first added.<br/>From 2 (released, not yet reported) to 3 (released and reported) after the Secured Account record has been released and reported on the Secured/Collateral Review/Release Report (O45).<br/>From 3 (released and reported) to 9 (purge record request) when the number of months to retain released and reported Secured Account records has expired (MONTHS TO RETAIN RECORDS on Products -> 13-Product Processing Controls). CMS will then purge the Secured record.<br/>Note:  When you change the RECORD STATUS to 2 (released, not yet reported), CMS sets the DATE NEXT REVIEW and REVIEW MONTHS fields to zero."
}
,{
"fieldCode":"0107",
"fieldName":"LAST STATUS CHANGE DATE",
"fieldFormat":"DATE",
"helpText":"This field displays the date when the status of this record was last changed. This field is system-generated; you cannot change it."
}
,{
"fieldCode":"0105",
"fieldName":"STATUS CHANGE OPERATOR",
"fieldFormat":"3C",
"helpText":"This field displays the operator ID of the person who last changed the RECORD STATUS field or displays SYS if CMS automatically updated the RECORD STATUS field. This field is system-generated; you cannot change it."
}
,{
"fieldCode":"0108",
"fieldName":"RELEASE DATE",
"fieldFormat":"DATE",
"helpText":"This field indicates the ID of the operator who released it. CMS updates this field when you change RECORD STATUS to 2 (released, not yet reported). CMS updates RELEASE DATE with the next processing date. The value in this field is system-generated; you cannot change it."
}
,{
"fieldCode":"0122",
"fieldName":"RELEASED BY",
"fieldFormat":"3C",
"helpText":"This field indicates the date on which the security for the account was released. CMS updates this field when you change RECORD STATUS to 2 (released, not yet reported). CMS updates RELEASE BY with the operator ID of the person who released the record with the next processing date. The value in this field is system-generated; you cannot change it."
}
,{
"fieldCode":"0106",
"fieldName":"REVIEW MONTHS",
"fieldFormat":"3N",
"helpText":"This field indicates the number of months between each Secured Account record review. This field is maintainable. <br/>The values are 000-999. If you enter zeros in this field, CMS does not calculate the next review date for the Secured Account record. If you enter a number greater than zero, CMS automatically calculates the next review date for the Secured Account record, as follows:<br/>When you add a new Secured Account record through Add option from the home page, CMS calculates an initial next review date by adding the REVIEW MONTHS to the date the account was opened (DATE ACCOUNT OPENED on Account Details -> 01-Account Base Segment)<br/>When you modify an existing Secured Account record using Update from the home page and change the REVIEW MONTHS field, CMS calculates a new next review date by adding the new REVIEW MONTHS value to the existing next review date (DATE NEXT REVIEW).<br/>When you select the update option on Collateral Account Review -> 01-Collateral Review Data page, CMS calculates a new next review date by adding the existing REVIEW MONTHS value to the existing next review date (DATE NEXT REVIEW).<br/>Note: If you enter zeros in the REVIEW MONTHS field when adding a new Secured Account record, CMS does not calculate an initial next review date for the DATE NEXT REVIEW field. In addition, you cannot use the Collateral Account Review functional service to automatically update the next review date of the Secured Account record.<br/>Note: CMS clears the REVIEW MONTHS and DATE NEXT REVIEW  fields (resets the fields to zero) when you change the RECORD STATUS field to 2 (released, not yet reported) in Secured Card Information -> 99-Status & Activity Information.<br/>Example: Adding a new Secured Account record<br/>Suppose you use Secured Card Information service to add a Secured Account record for an account that was opened on Feb. 1, 1999. If you type 006 in the REVIEW MONTHS field, CMS adds six months to the date the account was opened (02/01/1999) and displays the date in the DATE NEXT REVIEW field (08/01/1999). This is the initial next review date. You can override the date that CMS calculates and type a different next review date.<br/>Example: Changing an existing Secured Account record<br/>Suppose you use the Secured Card Information service to modify a Secured Account record that has an existing next review date of 08/01/1999. If you type 003 in the REVIEW MONTHS field, CMS adds three months to the existing next review date (08/01/1999) and displays the date in the DATE NEXT REVIEW field (11/01/1999). This is the new next review date. You can override the date that CMS calculates and type a different next review date."
}
,{
"fieldCode":"0109",
"fieldName":"DATE NEXT REVIEW",
"fieldFormat":"DATE",
"helpText":"This field indicates the date when the next review is to be conducted for the Secured Account record. This field is maintainable.<br/>When you add a new Secured Account record using Add option from the home page, CMS calculates the initial next review date. You can change the initial next review date to a different date. The next review date determines when CMS lists the Secured Account record on the Secured/Collateral Review/Release Report (O45)."
}
,{
"fieldCode":"0121",
"fieldName":"DATE PREVIOUS REVIEW",
"fieldFormat":"DATE",
"helpText":"This field indicates the date of the previous review. The field is system-generated; you cannot change these values."
}
,{
"fieldCode":"0103",
"fieldName":"REVIEWED BY",
"fieldFormat":"3C",
"helpText":"This field indicates the ID of the operator who conducted the previous review. The field is system-generated; you cannot change these values."
}
,{
"fieldCode":"0110",
"fieldName":"DEPOSIT TYPE",
"fieldFormat":"1N",
"helpText":"Two-part field that identifies the type of security deposit pledged for the account. The first part is a code that identifies the type of security deposit. The values are:<br/>0 = Not specified (Default)<br/>1-9 = User-defined on the Logo record.<br/>The description for the security deposit is defined on the Logo record (DESCRIPTION on Product Description Record -> 07-Secured Acct Type Logo Description)."
}
,{
"fieldCode":"0101",
"fieldName":"SECURITY PERCENTAGE",
"fieldFormat":"1N",
"helpText":"Percentage applied to the SECURED AMOUNT to determine the maximum credit limit that can be assigned to the account. The default for this field is the security percentage entered on the Account Processing table (SECURITY PERCENT on Account Processing Table -> 03-Limits; Default Plan & Others). The percentage NOD does not apply to this field; the location of the decimal is indicated by the examples. The values are 000-999. <br/>Examples: Enter 0% as 000, 50% as 050, and 200% as 200.<br/>Note:  To determine the maximum credit limit of a secured account, CMS multiplies SECURITY PERCENTAGE by SECURED AMOUNT.<br/>Example 1: If SECURED AMOUNT is $5,000 and SECURITY PERCENTAGE is 90%, the maximum credit limit of the secured account is $4,500. ($5000 90% = $4500).<br/>Example 2: If SECURED AMOUNT is $200 and SECURITY PERCENTAGE is 250%, the maximum credit limit of the secured account is $500 ($200 250% =$500)."
}
,{
"fieldCode":"0102",
"fieldName":"SECURED AMOUNT",
"fieldFormat":"15N/2D",
"helpText":"Amount held as security for this account. Enter the secured amount in whole monetary units.<br/><br/>Note: CMS multiplies the percentage in the SECURITY PERCENTAGE field by the amount entered in the SECURED AMOUNT field and compares the result to the credit limit assigned to the account. If the credit limit of the account exceeds the calculated amount, the following error message displays:<br/>ACCOUNT CREDIT LIMIT EXCEEDS SECURITY PERCENTAGE Correct the entry as needed.<br/>Example:  If the SECURITY PERCENTAGE is 100% and the SECURED AMOUNT is $500, the credit limit of the account (CREDIT LIMIT on Account Details -> 01-Account Base Segment) cannot exceed $500. If the credit limit assigned to the account exceeds $500, the error message displays on the while adding the record.<br/><br/>Note: You can enter Secured Account records using user input. If the credit limit of an account exceeds the amount calculated by CMS (SECURITY PERCENTAGE multiplied by SECURED AMOUNT), the Audit Exception Report (D15) lists the account as an exception."
}
,{
"fieldCode":"0113",
"fieldName":"SECURITY DEPOSIT ACCOUNT NUMBER",
"fieldFormat":"19C",
"helpText":"Account number or certificate number of the funds pledged as a security deposit for the account."
}
,{
"fieldCode":"0111",
"fieldName":"SECURITY DEPOSIT BALANCE",
"fieldFormat":"15N/2D",
"helpText":"This field indicates the total balance of the security deposit. You can enter the balance online or by using an input file."
}
,{
"fieldCode":"0112",
"fieldName":"DEPOSIT BALANCE LAST DATE",
"fieldFormat":"DATE",
"helpText":"This field indicates the date on which the SECURITY DEPOSIT BALANCE was last determined. The date is system-generated; you cannot change it."
}
,{
"fieldCode":"0115",
"fieldName":"SECURITY DEPOSIT INTEREST RATE",
"fieldFormat":"7N",
"helpText":"This field identifies the interest rate charged on the security deposit account. You can enter the rate online or by using an input file."
}
,{
"fieldCode":"0116",
"fieldName":"INTEREST RATE LAST DATE",
"fieldFormat":"DATE",
"helpText":"This field indicates the date on which the interest rate was last determined. The date is system-generated; you cannot change it."
}
,{
"fieldCode":"0117",
"fieldName":"SECURITY DEPOSIT INTEREST AMOUNT",
"fieldFormat":"15N/2D",
"helpText":"This field identifies the amount of interest being capitalized on the security deposit account. You can enter the interest amount online or by using an input file."
}
,{
"fieldCode":"0118",
"fieldName":"INTEREST AMOUNT LAST DATE",
"fieldFormat":"DATE",
"helpText":"This field identifies the date on which this amount was last determined. The date is system-generated; you cannot change it."
}
,{
"fieldCode":"0114",
"fieldName":"ROUTING/TRANSIT NUMBER",
"fieldFormat":"9N",
"helpText":"Routing and transit number of the financial institution where the security deposit account is held."
}
,{
"fieldCode":"0119",
"fieldName":"MATURITY DATE",
"fieldFormat":"DATE",
"helpText":"This field identifies the maturity date associated with a certificate of deposit held as a security deposit account. You can enter the maturity date online or by using an input file."
}
,{
"fieldCode":"0120",
"fieldName":"MATURITY LAST DATE",
"fieldFormat":"DATE",
"helpText":"This field identifies the date on which the maturity date was last determined. The date in the second part of this field is system-generated; you cannot change it."
}
]},"sections": {
"section0":""
,
"section1":"Secured Card Information-ARMD/ARQD/ARAD"
,
"section2":"Secured Card Information-01-Secured Account Record Detail"
}}
