{"data":{
"section0":[
],"section1":[
{
"fieldCode":"4001",
"fieldName":"BUSINESS UNIT",
"fieldFormat":"3N",
"helpText":"Identification number of the business unit associated with this store. The values are 001-998."
}
,{
"fieldCode":"4002",
"fieldName":"STORE",
"fieldFormat":"9N",
"helpText":"Identification number of the Store Demographics record for this store. The values are 000000001-999999998."
}
],"section2":[
{
"fieldCode":"0210",
"fieldName":"OPEN DATE",
"fieldFormat":"",
"helpText":"Date on which the Store Demographics record was opened. This date is system-generated, you cannot change it."
}
,{
"fieldCode":"0107",
"fieldName":"STORE NAME (LINE 1)",
"fieldFormat":"40C",
"helpText":"Name of the store as it appears in the mailing address first line."
}
,{
"fieldCode":"0108",
"fieldName":"STORE NAME (LINE 2)",
"fieldFormat":"40C",
"helpText":"Name of the store as it appears in the mailing address second line."
}
,{
"fieldCode":"0109",
"fieldName":"ADDRESS LINE 1",
"fieldFormat":"40C",
"helpText":"Mailing address for the store first line."
}
,{
"fieldCode":"0110",
"fieldName":"ADDRESS LINE 2",
"fieldFormat":"40C",
"helpText":"Mailing address for the store second line."
}
,{
"fieldCode":"0111",
"fieldName":"CITY",
"fieldFormat":"30C",
"helpText":"City portion of the mailing address for the store."
}
,{
"fieldCode":"0114",
"fieldName":"COUNTRY",
"fieldFormat":"3C",
"helpText":"Country where the store is located."
}
,{
"fieldCode":"0113",
"fieldName":"POSTAL CODE",
"fieldFormat":"10C",
"helpText":"Postal code portion of the mailing address for the store."
}
,{
"fieldCode":"0104",
"fieldName":"NAME",
"fieldFormat":"40C",
"helpText":"Doing-business-as (DBA) name of the store."
}
,{
"fieldCode":"0106",
"fieldName":"STATE/PROVINCE",
"fieldFormat":"3C",
"helpText":"State, province, or country where the store is located."
}
,{
"fieldCode":"0134",
"fieldName":"PHONE NUMBER",
"fieldFormat":"20C",
"helpText":"Business phone number for the store."
}
,{
"fieldCode":"0136",
"fieldName":"ACQUIRER INSTITUTION ID",
"fieldFormat":"11N",
"helpText":"Number that identifies the acquiring institution for this store."
}
,{
"fieldCode":"0135",
"fieldName":"CURRENCY CODE",
"fieldFormat":"3N",
"helpText":"ISO standard currency code for the store."
}
],"section3":[
{
"fieldCode":"0202",
"fieldName":"MANAGER PHONE NUMBER",
"fieldFormat":"20C",
"helpText":"This field identifies the phone number of the manager to contact at the store."
}
,{
"fieldCode":"0204",
"fieldName":"CONTACT 1 PHONE NUMBER",
"fieldFormat":"20C",
"helpText":"This field identifies the phone number of the first person to contact at the store."
}
,{
"fieldCode":"0206",
"fieldName":"CONTACT 2 PHONE NUMBER",
"fieldFormat":"20C",
"helpText":"This field identifies the phone number of the second person to contact at the store."
}
,{
"fieldCode":"0203",
"fieldName":"CONTACT 1",
"fieldFormat":"40C",
"helpText":"This field identifies the name of the first person to contact at the store."
}
,{
"fieldCode":"0205",
"fieldName":"CONTACT 2",
"fieldFormat":"40C",
"helpText":"This field identifies the name of the second person to contact at the store."
}
,{
"fieldCode":"0201",
"fieldName":"MANAGER NAME",
"fieldFormat":"40C",
"helpText":"This field identifies the name of the manager to contact at the store."
}
,{
"fieldCode":"0208",
"fieldName":"MASTERCARD CATEGORY CODE",
"fieldFormat":"4N",
"helpText":"Merchant MasterCard category code for this store."
}
,{
"fieldCode":"0209",
"fieldName":"MASTERCARD FLOOR LIMIT",
"fieldFormat":"15N/2D",
"helpText":"Maximum amount of a sale, in whole monetary units, that a store can process without authorizing the sale through authorizations through MasterCard."
}
,{
"fieldCode":"0207",
"fieldName":"PRODUCT",
"fieldFormat":"3N",
"helpText":"Identification number of the product associated with this Store Demographics record."
}
,{
"fieldCode":"0211",
"fieldName":"VISA CATEGORY CODE",
"fieldFormat":"4N",
"helpText":"Merchant VISA category code for this store."
}
,{
"fieldCode":"0213",
"fieldName":"PL CATEGORY CODE",
"fieldFormat":"4N",
"helpText":"Merchant Private Label category code for this store."
}
,{
"fieldCode":"0212",
"fieldName":"VISA FLOOR LIMIT",
"fieldFormat":"15N/2D",
"helpText":"Maximum amount of a sale, in whole monetary units, that a store can process without authorizing the sale through authorizations through VISA."
}
,{
"fieldCode":"0214",
"fieldName":"PL FLOOR LIMIT",
"fieldFormat":"15N/2D",
"helpText":"Maximum amount of a sale, in whole monetary units, that a store can process without authorizing the sale through authorizations through Private Label."
}
,{
"fieldCode":"0225",
"fieldName":"JCB CATEGORY CODE",
"fieldFormat":"4N",
"helpText":"Merchant JCB category code for this store."
}
,{
"fieldCode":"0226",
"fieldName":"JCB FLOOR LIMIT",
"fieldFormat":"15N/2D",
"helpText":"Maximum amount of a sale, in whole monetary units, that a store can process without authorizing the sale through authorizations through JCB."
}
,{
"fieldCode":"",
"fieldName":"UCI CATEGORY CODE",
"fieldFormat":"4N",
"helpText":"Merchant UCI category code for this store."
}
,{
"fieldCode":"",
"fieldName":"UCI FLOOR LIMIT",
"fieldFormat":"15N/2D",
"helpText":"Maximum amount of a sale, in whole monetary units, that a store can process without authorizing the sale through authorizations through UPI."
}
,{
"fieldCode":"0223",
"fieldName":"AMEX CATEGORY CODE",
"fieldFormat":"4N",
"helpText":"Merchant AMEX category code for this store."
}
,{
"fieldCode":"0224",
"fieldName":"AMEX FLOOR LIMIT",
"fieldFormat":"15N/2D",
"helpText":"Maximum amount of a sale, in whole monetary units, that a store can process without authorizing the sale through authorizations through AMEX."
}
,{
"fieldCode":"0227",
"fieldName":"TAX TABLE",
"fieldFormat":"3N",
"helpText":"Identification number of the tax table assigned to this Tax Payer Table."
}
],"section4":[
{
"fieldCode":"0215",
"fieldName":"REPORT NUMBER 1",
"fieldFormat":"3N",
"helpText":"Channels 1 Activity Report number. The values are 001-999 (000 does not generate a report)."
}
,{
"fieldCode":"0216",
"fieldName":"DETAIL REPORT 1",
"fieldFormat":"1C",
"helpText":"Code that indicates whether a detail report is printed at this level. The values are:<br/>N = Do not print the detail report (Default)<br/>Y = Print the detail report."
}
,{
"fieldCode":"0217",
"fieldName":"REPORT NUMBER 2",
"fieldFormat":"3N",
"helpText":"Channels 2 Activity Report number. The values are 001-999 (000 does not generate a report)."
}
,{
"fieldCode":"0218",
"fieldName":"DETAIL REPORT 2",
"fieldFormat":"1C",
"helpText":"Code that indicates whether a detail report is printed at this level. The values are:<br/>N = Do not print the detail report (Default)<br/>Y = Print the detail report."
}
,{
"fieldCode":"0219",
"fieldName":"REPORT NUMBER 3",
"fieldFormat":"3N",
"helpText":"Channels 3 Activity Report number. The values are 001-999 (000 does not generate a report)."
}
,{
"fieldCode":"0220",
"fieldName":"DETAIL REPORT 3",
"fieldFormat":"1C",
"helpText":"Code that indicates whether a detail report is printed at this level. The values are:<br/>N = Do not print the detail report (Default)<br/>Y = Print the detail report."
}
,{
"fieldCode":"0221",
"fieldName":"REPORT NUMBER 4",
"fieldFormat":"3N",
"helpText":"Channels 4 Activity Report number. The values are 001-999 (000 does not generate a report)."
}
,{
"fieldCode":"0222",
"fieldName":"DETAIL REPORT 4",
"fieldFormat":"1C",
"helpText":"Code that indicates whether a detail report is printed at this level. The values are:<br/>N = Do not print the detail report (Default)<br/>Y = Print the detail report."
}
],"section5":[
{
"fieldCode":"0102",
"fieldName":"CURRENT STATUS",
"fieldFormat":"1N",
"helpText":"Status of this Store Demographics record. <br/>The values are: <br/>0 = Incomplete (MBS)<br/>1 = Active (CMS/MBS)<br/>2 = Inactive (CMS)<br/>3 = Model record (MBS)<br/>6 = Closed store (MBS)<br/>7 = Pending purge (MBS)<br/>8 = Purging (MBS)<br/>9 = Purged (CMS/MBS)."
}
,{
"fieldCode":"0199",
"fieldName":"LAST MAINTENANCE DATE",
"fieldFormat":"",
"helpText":"Date of the last maintenance on this Store Demographics record. This date is system-generated; you cannot change it."
}
,{
"fieldCode":"0198",
"fieldName":"LAST MAINTENANCE OPERATOR",
"fieldFormat":"3C",
"helpText":"Operator id of the last maintenance done on this Store Demographics record. This is system-generated; you cannot change it."
}
],"section6":[
{
"fieldCode":"",
"fieldName":"COPY FROM",
"fieldFormat":"3N",
"helpText":"Key field which contain business unit and rule set."
}
,{
"fieldCode":"",
"fieldName":"COPY TO",
"fieldFormat":"3N",
"helpText":"Key field which contain business unit and rule set."
}
]},"sections": {
"section0":""
,
"section1":"Store Demographics - ARMM/ARQM/ARAM"
,
"section2":"Store Demographics - ARMM/ARQM/ARAM - 01-Store Demographic Details"
,
"section3":"Store Demographics - ARMM/ARQM/ARAM - 02-Store Demographics Contacts"
,
"section4":"Store Demographics - ARMM/ARQM/ARAM - 03-Activity Recap Controls"
,
"section5":"Store Demographics - ARMM/ARQM/ARAM - 99-Status & Activity Information"
,
"section6":"Store Demographics - ARMM/ARQM/ARAM - COPY"
}}
