{"data":{
"section0":[
],"section1":[
{
"fieldCode":"4001",
"fieldName":"BUSINESS UNIT",
"fieldFormat":"3N",
"helpText":"Identification number of the business unit associated with this Frequent Shopper Program record. The values are 001-998."
}
,{
"fieldCode":"4002",
"fieldName":"PRODUCT",
"fieldFormat":"3N",
"helpText":"Identification number of the product associated with this Frequent Shopper Program record. The values are 000-998.<br/>Note:  The BUSINESS UNIT and PRODUCT fields determine whether a Frequent Shopper Program record is at the business unit level or product level, as follows:<br/>If BUSINESS UNIT is 001-998 and PRODUCT is 000, the record is at the business unit level.<br/>If BUSINESS UNIT is 001-998 and PRODUCT is 001-998, the record is at the product level.<br/>Note:  You can add Frequent Shopper Program records that meet the following conditions:<br/>The new record defined at the product level, CMS determines if the product is a revolving/retail accounts or bankcard product only (TYPE OF ACCOUNTS PROCESSED in Products -> 01-Product Specification is R , L ,P, B ,C ,D ,Y or X, respectively)<br/>Note: When adding frequent shopper controls, CMS performs a cross-check to determine if LMS is active at the product level (LOYALTY MANAGEMENT ACTIVE is 1 IN in Products -> 01-Product Specification). If LOYALTY MANAGEMENT ACTIVE is active for the product entered in this field, CMS cannot add frequent shopper programs, and the following error message displays:  LMS IS ACTIVE FOR THIS PRODUCT."
}
,{
"fieldCode":"4003",
"fieldName":"PROGRAM NUMBER",
"fieldFormat":"1N",
"helpText":"Identification number of the Frequent Shopper Program record you are adding. The values are 1-5.<br/>Use program numbers 1-4 to define a frequent shopper program based on individual transactions posted to an account. Use program number 5 to define a frequent shopper program based on the account cycle-to-date net sales volume."
}
],"section2":[
{
"fieldCode":"4001",
"fieldName":"BUSINESS UNIT",
"fieldFormat":"3N",
"helpText":"Identification number of the business unit associated with this account. The values are 001-998."
}
,{
"fieldCode":"4002",
"fieldName":"PRODUCT",
"fieldFormat":"3N",
"helpText":"Identification number of the product associated with this Frequent Shopper Program record. The values are 000-998.<br/>Note:  The BUSINESS UNIT and PRODUCT fields determine whether a Frequent Shopper Program record is at the business unit level or product level, as follows:<br/>If BUSINESS UNIT is 001-998 and PRODUCT is 000, the record is at the business unit level.<br/>If BUSINESS UNIT is 001-998 and PRODUCT is 001-998, the record is at the product level."
}
,{
"fieldCode":"4003",
"fieldName":"PROGRAM NUMBER",
"fieldFormat":"1N",
"helpText":"Identification number of the Frequent Shopper Program record you are adding. The values are 1-5.<br/>Note:  Use program numbers 1-4 to define a frequent shopper program based on individual transactions posted to an account. Use program number 5 to define a frequent shopper program based on the account cycle-to-date net sales volume"
}
,{
"fieldCode":"0199",
"fieldName":"LAST MAINTAINANCE DATE",
"fieldFormat":"DATE",
"helpText":"Date of the last maintenance on this Frequent Shopper Program record. This field displays only when the service is in maintenance mode or inquiry mode. This date is system-generated; you cannot change it."
}
,{
"fieldCode":"0101",
"fieldName":"DESCRIPTION",
"fieldFormat":"30C",
"helpText":"Description of the frequent shopper program."
}
,{
"fieldCode":"0102",
"fieldName":"PROGRAM BEGIN DATE",
"fieldFormat":"DATE",
"helpText":"Beginning date for the program. For a transaction to qualify for frequent shopper points calculations, the transaction effective date must be the same as or later than the date entered in this field. <br/>Note:  If you enter a PROGRAM END DATE but no begin date, CMS defaults the PROGRAM BEGIN DATE to todays date."
}
,{
"fieldCode":"0104",
"fieldName":"PROGRAM END DATE",
"fieldFormat":"DATE",
"helpText":"Ending date for the program. For a transaction to qualify for frequent shopper points calculations, the transaction effective."
}
,{
"fieldCode":"0106",
"fieldName":"PROGRAM REDEMPTION DATE",
"fieldFormat":"DATE",
"helpText":"Last date on which points accumulated under this program can be redeemed. When you enter a date in this field, all points accumulated under this program that are unredeemed are purged from the account after this date is reached. The date in this field must be later than the PROGRAM END DATE. Enter all nines in this field to turn off this feature.<br/>Note:  If you enter a PROGRAM BEGIN DATE but do not enter a PROGRAM END DATE, CMS defaults the end date to 12319999 and defaults the PROGRAM REDEMPTION DATE to 99999999."
}
,{
"fieldCode":"0108",
"fieldName":"AUTO DISBURSEMENT FLAG",
"fieldFormat":"1C",
"helpText":"Flag that indicates whether CMS automatically generates an interface record for the disbursement of customer points. If you enter a value other than N, you must identify the AUTO DISBURSEMENT FREQUENCY. The values are:<br/>F = Yes, CMS will automatically disburse the accounts program balance of points<br/>N = No, CMS will not automatically disburse customer points (Default)<br/>P = Yes, CMS will automatically disburse customer points when the accounts program balance is greater than or equal to the AUTO DISBURSEMENT POINTS field"
}
,{
"fieldCode":"0110",
"fieldName":"AUTO DISBURSEMENT POINTS",
"fieldFormat":"5N",
"helpText":"Number of points automatically disbursed to a customer if the AUTO DISBURSEMENT FLAG is P, and the accounts program balance is greater than or equal to this number of points.<br/>Note:  If an accounts program balance is greater than the AUTO DISBURSEMENT POINTS, CMS disburses all points in increments of the AUTO DISBURSEMENT POINTS field. For example, if the program balance is 730 points, and AUTO DISBURSEMENT POINTS equals 300, CMS disburses 600 points."
}
,{
"fieldCode":"0112",
"fieldName":"AUTO DISB FREQUENCY",
"fieldFormat":"1C",
"helpText":"The field identifies when automatic disbursement of points occurs. This field is required if the AUTO DISBURSEMENT FLAG is P or F.<br/>The values are:<br/>Blank = No period specified. The AUTO DISBURSEMENT FLAG is N. (Default)<br/>A = Anniversary. Automatic disbursement of points occurs annually in the same month as the account opened date.<br/>C = Cycle. Automatic disbursement of points occurs at cycle each month.<br/>D = Date. Automatic disbursement occurs at cycle on the month and year specified. If you enter D, you must enter the date in in the AUTO DISBURSEMENT DATE field.<br/>Y = Yearly. Automatic disbursement occurs at cycle on the month and year specified each year thereafter. If you enter Y, you must enter the date in AUTO DISBURSEMENT DATE field."
}
,{
"fieldCode":"0113",
"fieldName":"AUTO DISBURSEMENT DATE",
"fieldFormat":"DATE",
"helpText":"This date is required if you enter D (date) or Y (yearly) in the first part of this field.<br/>Note:  For value Y, CMS disburses points only if the year entered is less than or equal to the current year. For value D, CMS disburses points only if the year entered is equal to the current year."
}
,{
"fieldCode":"0115",
"fieldName":"DISBURSEMENT METHOD",
"fieldFormat":"1C",
"helpText":"Indicator used as disbursement method information on the interface record for accounts with redemption points disbursed under this program. The values are:<br/>C = Certificate<br/>H = Check<br/>R = Credit<br/>Blank = AUTO DISBURSEMENT FLAG is N. (Default)<br/>Note:  If the AUTO DISBURSEMENT FLAG is F or P, you must enter a value in this field."
}
,{
"fieldCode":"0103",
"fieldName":"MINIMUM TRANSACTION AMOUNT",
"fieldFormat":"15N/2D",
"helpText":"Minimum transaction amount, in whole monetary units, to qualify for point calculations in this program. If the transaction amount is less than the entry in this field, the transaction does not qualify. If the amount is greater than or equal to the entry in this field, further qualifying follows"
}
,{
"fieldCode":"0105",
"fieldName":"FIRST USAGE POINTS",
"fieldFormat":"5N",
"helpText":"Number of points (not a percentage) added to the customers earned points on the first cycle. Any value entered in this field is used to add additional points to the customers earned points on the first cycle under program 5. This is valid only for program 5 records. Enter zeros in this field to turn off this feature."
}
,{
"fieldCode":"0107",
"fieldName":"MAX YTD POINTS",
"fieldFormat":"9N",
"helpText":"Maximum points an account in this program can earn year-to-date. CMS compares this field to the Account Base Segment record YTD field and determines if points can accumulate. This field defaults to 999999999."
}
],"section3":[
{
"fieldCode":"0109",
"fieldName":"AUTO EARN POINTS TXN CODE",
"fieldFormat":"4N",
"helpText":"Transaction code to be used when automatically earning points. This transaction code must be defined on the service User Assigned TXN Codes Maint->01-User Assigned TXN Code using logic module 099. If this value is zero, the generated transaction code defined on Generated TXN Codes Add Maintain   01-Monetary Transactions Control for automatically earned points is used."
}
,{
"fieldCode":"0111",
"fieldName":"AUTO DISBURSEMENT TXN CODE",
"fieldFormat":"4N",
"helpText":"Transaction code to be used when automatically disbursing points. This transaction code must be defined on User Assigned TXN Codes Maint->01-User Assigned TXN Code using logic module 099. If this value is zero, the generated transaction code defined on Generated TXN Codes Add Maintain  01- Monetary Transactions Control for automatic point disbursement is used."
}
,{
"fieldCode":"0114",
"fieldName":"AUTO ADJUSTMENT TXN CODE",
"fieldFormat":"4N",
"helpText":"Transaction code to be used when automatically adjusting points. This transaction code must be defined on User Assigned TXN Codes Maint->01-User Assigned TXN Code using logic module 099. If this value is zero, the generated transaction code defined on Generated TXN Codes Add Maintain ->01-Monetary Transactions Control for automatic point adjustment is used."
}
],"section4":[
{
"fieldCode":"4001",
"fieldName":"BUSINESS UNIT",
"fieldFormat":"3N",
"helpText":"Identification number of the business unit associated with this account. The values are 001-998."
}
,{
"fieldCode":"4002",
"fieldName":"PRODUCT",
"fieldFormat":"3N",
"helpText":"Identification number of the product associated with this Frequent Shopper Program record. The values are 000-998.<br/>Note:  The BUSINESS UNIT and PRODUCT fields determine whether a Frequent Shopper Program record is at the business unit level or product level, as follows:<br/>If BUSINESS UNIT is 001-998 and PRODUCT is 000, the record is at the business unit level.<br/>If BUSINESS UNIT is 001-998 and PRODUCT Is 001-998, the record is at the product level."
}
,{
"fieldCode":"4003",
"fieldName":"PROGRAM NUMBER",
"fieldFormat":"1N",
"helpText":"Identification number of the Frequent Shopper Program record you are adding. The values are 1-5.<br/>Note:  Use program numbers 1-4 to define a frequent shopper program based on individual transactions posted to an account. Use program number 5 to define a frequent shopper program based on the account cycle-to-date net sales volume"
}
,{
"fieldCode":"0201",
"fieldName":"TRANSACTION CODE NBR",
"fieldFormat":"4N",
"helpText":"Appears 10 times. Transaction code that identifies the transaction eligible for accumulation of frequent shopper points under this program.<br/>Note:  If you enter a transaction code that you have not added to the Monetary Transactions Control Add Maintain service, CMS displays the message INVALID TRANSACTION CODE . If you enter a transaction code that is not associated with logic module 001, CMS displays the message TRAN CODE NOT ASSOCIATED WITH LOGIC MOD 001 ."
}
,{
"fieldCode":"0203",
"fieldName":"TXN CODE POINTS FLAG",
"fieldFormat":"7N",
"helpText":"Appears 10 times. Flag that indicates whether points for the transaction code are calculated as a percent or a number. The values are:<br/>Blank = Not used (Default)<br/>N = Number<br/>P = Percent"
}
,{
"fieldCode":"0204",
"fieldName":"TXN CODE POINTS NUMBER",
"fieldFormat":"7N",
"helpText":"Appears 10 times. Number or percent to be accumulated for the transaction code. Flag that indicates the format to use for points. This format can be a number or a percent, based on the value in TXN CODE POINTS FLAG. The formats are:<br/>Number   1000    = 0001000<br/>Percent  1.5%   = 0000150<br/>  15%    = 0001500<br/>  150%  = 0015000<br/>Note:  If a percentage is entered, the percentage NOD does not apply to this field; the location of the decimal is indicated in the examples of the percent format."
}
,{
"fieldCode":"0205",
"fieldName":"TXN CODE TIER",
"fieldFormat":"1C",
"helpText":"Appears 10 times. Flag that specifies which tier to use to calculate points for the transaction code. The values are:<br/>Blank = Do not use tiers (Default)<br/>1 = Use tier 1 (TIER POINTS FLAG 1 on Frequent Shopper Program -> 03- Transaction Tiers)<br/>2 = Use tier 2 (TIER POINTS FLAG  2 on Frequent Shopper Program -> 03- Transaction Tiers)<br/>3 = Use tier 3 (TIER POINTS FLAG 33 on Frequent Shopper Program -> 03- Transaction Tiers).<br/>Note:  If you enter a tier number (1-3) in this field, TXN CODE POINTS FLAG must be blank and TXN CODE POINTS NUMBER must be zero."
}
],"section5":[
{
"fieldCode":"4001",
"fieldName":"BUSINESS UNIT",
"fieldFormat":"3N",
"helpText":"Identification number of the business unit associated with this account. The values are 001-998."
}
,{
"fieldCode":"4002",
"fieldName":"PRODUCT",
"fieldFormat":"3N",
"helpText":"Identification number of the product associated with this Frequent Shopper Program record. The values are 000-998.<br/>Note:  The BUSINESS UNIT and PRODUCT Fields determine whether a Frequent Shopper Program record is at the business unit level or product level, as follows:<br/>If BUSINESS UNIT is 001-998 and PRODUCT is 000, the record is at the business unit level.<br/>If BUSINESS UNIT is 001-998 and PRODUCT is 001-998, the record is at the product level."
}
,{
"fieldCode":"4003",
"fieldName":"PROGRAM NUMBER",
"fieldFormat":"1N",
"helpText":"Identification number of the Frequent Shopper Program record you are adding. The values are 1-5.<br/>Note:  Use program numbers 1-4 to define a frequent shopper program based on individual transactions posted to an account. Use program number 5 to define a frequent shopper program based on the account cycle-to-date net sales volume"
}
],"section6":[
{
"fieldCode":"0301",
"fieldName":"TIER POINTS FLAG",
"fieldFormat":"1C",
"helpText":"Appears 3 times. Code that indicates whether points in the table are a number or a percent of the transaction amount. The values are:<br/>N = Number<br/>P = Percent<br/>Blank = Disregard. (Default)"
}
,{
"fieldCode":"0302",
"fieldName":"UPPER LIMIT",
"fieldFormat":"15N/2D",
"helpText":"Appears 27 times. Highest transaction amount, in monetary units and subunits, that can qualify for the number or percentage in the corresponding POINT EARNED field. You must enter amounts from lowest to highest. Enter all nines to indicate the end of a tier level.<br/>Example: Assume 1ST TRANSACTION TIER contains the following entries, the currency is in U.S. dollars, and no minimum amount is established on Frequent Shopper Program-> 01 - Program Control Parameters.<br/>1ST TRANSACTION TIER POINTS FLAG = N<br/>UPPER LIMIT POINT EARNED   UPPER LIMIT   POINT EARNED UPPER LIMIT   POINT EARNED<br/>    5000     10               10000            20         50000          50<br/>   100000      100            99999999         125<br/>For a transaction of $.01 to $50.00, an account earns 10 points. For a transaction of $50.01 to $100.00, an account earns 20 points. For a transaction of $100.01 to $500.00, an account earns 50 points. For a transaction of $500.01 to $1,000.00, an account earns 100 points. For a transaction greater than $1,000.00, an account earns 125 points."
}
,{
"fieldCode":"0303",
"fieldName":"POINT EARNED",
"fieldFormat":"7N",
"helpText":"Appears 27 times. Number of points earned or percentage of the transaction amount earned as points based on the value in TIER POINTS FLAG. The formats are:<br/>Number 1000 = 0001000<br/>Percent 1.5% = 0000150<br/> 15% = 0001500<br/> 150% = 0015000<br/><br/>Note:  If a percentage is entered, the percentage NOD does not apply to this field; the location of the decimal is indicated in the examples of the percent format.<br/><br/>Note:  When the UPPER LIMIT field is all nines, you can enter zero in the POINT EARNED field. This enables you to award points for smaller, more frequent purchases instead of large single purchases."
}
],"section7":[
{
"fieldCode":"4001",
"fieldName":"BUSINESS UNIT",
"fieldFormat":"3N",
"helpText":"Identification number of the business unit associated with this account. The values are 001-998."
}
,{
"fieldCode":"4002",
"fieldName":"PRODUCT",
"fieldFormat":"3N",
"helpText":"Identification number of the product associated with this Frequent Shopper Program record. The values are 000-998.<br/>Note:  The BUSINESS UNIT and PRODUCT fields determine whether a Frequent Shopper Program record is at the business unit level or product level, as follows:<br/>If BUSINESS UNIT is 001-998 and PRODUCT is 000, the record is at the business unit level.<br/>If BUSINESS UNIT is 001-998 and PRODUCT is 001-998, the record is at the product level."
}
,{
"fieldCode":"4003",
"fieldName":"PROGRAM NUMBER",
"fieldFormat":"1N",
"helpText":"Identification number of the Frequent Shopper Program record you are adding. The values are 1-5.<br/>Note:  Use program numbers 1-4 to define a frequent shopper program based on individual transactions posted to an account. Use program number 5 to define a frequent shopper program based on the account cycle-to-date net sales volume"
}
,{
"fieldCode":"0401",
"fieldName":"PRODUCT INCLUDE EXCLUDE FLAG",
"fieldFormat":"1C",
"helpText":"Code that indicates whether specific products are included in or excluded from the frequent shopper program. The values are:<br/>Blank = All products qualify (Default)<br/>E = Exclude<br/>I = Include"
}
,{
"fieldCode":"0403",
"fieldName":"PLAN INCLUDE EXCLUDE FLAG",
"fieldFormat":"1C",
"helpText":"Code that indicates whether specific credit plans are included in or excluded from the frequent shopper program. The values are:<br/>Blank = All plans qualify (Default)<br/>E = Exclude<br/>I = Include."
}
,{
"fieldCode":"0405",
"fieldName":"STORE INCLUDE EXCLUDE FLAG",
"fieldFormat":"1C",
"helpText":"Code that indicates whether specific stores are included in or excluded from the frequent shopper program. The values are:<br/>Blank = All stores qualify (Default)<br/>E = Exclude<br/>I = Include."
}
,{
"fieldCode":"0402",
"fieldName":"PRODUCT NUMBER",
"fieldFormat":"3N",
"helpText":"Appears 27 times. Identification numbers of the products included in or excluded from the frequent shopper program.<br/>Note:  CMS verifies whether the Loyalty Management System (LMS) is active for each product that is being added or maintained in Frequent Shopper Program->04-Selection Criteria. If LMS is active for the product (LOYALTY MANAGEMENT ACTIVE is 1 on Products->01-Product Specification), CMS displays an error message.<br/>Note:  If PRODUCT INCLUDE EXCLUDE FLAG is I or E, at least one valid product number is required.<br/>Note:  The selection criteria based on store number is used only for accounts in a revolving/retail product. This criteria cannot be used for accounts in a bankcard product.<br/>Note:  If MBS is installed, the store must be on file in the MBS business unit defined in the Store-Org User Exit. If the store is not defined in the user exit, the business unit number of the current CMS master record will be used as a default.<br/>Note:  If MBS is installed, only a store status of 1 (active) or 6 (closed) is valid. A store entry is considered invalid for the following status conditions: 0 (incomplete), 2 (inactive), 3 (model), 7 (pending purge), 8 (purging), and 9 (purged)."
}
,{
"fieldCode":"0404",
"fieldName":"PLAN NUMBER",
"fieldFormat":"5N",
"helpText":"Appears 21 times. Identification numbers of the credit plans included in or excluded from the frequent shopper program.<br/>Note:  If PLAN NCLUDE EXCLUDE FLAG is I or E, at least one valid plan number is required."
}
],"section8":[
{
"fieldCode":"4001",
"fieldName":"BUSINESS UNIT",
"fieldFormat":"3N",
"helpText":"Identification number of the business unit associated with this account. The values are 001-998."
}
,{
"fieldCode":"4002",
"fieldName":"PRODUCT",
"fieldFormat":"3N",
"helpText":"Identification number of the product associated with this Frequent Shopper Program record. The values are 000-998.<br/>Note:  The BUSINESS UNIT and PRODUCT fields determine whether a Frequent Shopper Program record is at the business unit level or product level, as follows:<br/>If BUSINESS UNIT is 001-998 and PRODUCT is 000, the record is at the business unit level.<br/>If BUSINESS UNIT is 001-998 and PRODUCT is 001-998, the record is at the product level."
}
,{
"fieldCode":"4003",
"fieldName":"PROGRAM NUMBER",
"fieldFormat":"1N",
"helpText":"Identification number of the Frequent Shopper Program record you are adding. The values are <br/>Note:  Use program numbers 1-4 to define a frequent shopper program based on individual transactions posted to an account. Use program number 5 to define a frequent shopper program based on the account cycle-to-date net sales volume."
}
,{
"fieldCode":"0501",
"fieldName":"DEPARTMENT INCLUDE EXCLUDE FLAG",
"fieldFormat":"1C",
"helpText":"Code that indicates whether specific departments are included in or excluded from the frequent shopper program. The values are:<br/>Blank = All departments qualify (Default)<br/>E = Exclude<br/>I = Include."
}
,{
"fieldCode":"0503",
"fieldName":"SKU INCLUDE EXCLUDE FLAG",
"fieldFormat":"1C",
"helpText":"Code that indicates whether specific SKU numbers (stock keeping unit numbers) are included in or excluded from the frequent shopper program. The values are:<br/>Blank = All SKU numbers qualify (Default)<br/>E = Exclude<br/>I = Include."
}
,{
"fieldCode":"0505",
"fieldName":"ST/PR INCLUDE EXCLUDE FLAG",
"fieldFormat":"1C",
"helpText":"Code that indicates whether specific states or provinces are included in or excluded from the frequent shopper program. The values are:<br/>Blank = All states and provinces qualify (Default)<br/>E = Exclude<br/>I = Include"
}
,{
"fieldCode":"0502",
"fieldName":"DEPARTMENT NUMBER",
"fieldFormat":"4C",
"helpText":"Appears 15 times. Codes that identify the departments included in or excluded from the frequent shopper program. This field defaults to zeros.<br/>You can enter asterisks to indicate wildcard positions in the field. For example, the value 12** indicates that departments with 12 in the first two positions qualify. You must fill all positions in the field.<br/>Note:  If DEPARTMEN INCLUDE EXCLUDE FLAG T is I or E, at least one valid department code is required."
}
,{
"fieldCode":"0504",
"fieldName":"SKU NUMBER",
"fieldFormat":"9N",
"helpText":"Appears 15 times. Identification number of the specific SKUs included in or excluded from the frequent shopper program. This field defaults to zeros.<br/>You can enter asterisks to indicate wildcard positions in the field. For example, the value 123****** indicates that SKU numbers with 123 in the first three positions qualify. You must fill all positions in the field.<br/>Note:  If SKU INCLUDE EXCLUDE FLAG is I or E, at least one valid SKU number is required."
}
,{
"fieldCode":"0506",
"fieldName":"ST/PR NUMBER",
"fieldFormat":"3C",
"helpText":"Appears 21 times. Abbreviations of the states and provinces included in or excluded from the frequent shopper program. The state or province is based on the residence ID assigned to an account (STATE OF RESIDENCE on Account Details->03 - PCT Defaults). <br/>Note:  If ST/PR INCLUDE EXCLUDE FLAG is I or E, at least one valid state or province abbreviation is required."
}
],"section9":[
{
"fieldCode":"4001",
"fieldName":"BUSINESS UNIT",
"fieldFormat":"3N",
"helpText":"Identification number of the business unit associated with this account. The values are 001-998."
}
,{
"fieldCode":"4002",
"fieldName":"PRODUCT",
"fieldFormat":"3N",
"helpText":"Identification number of the product associated with this Frequent Shopper Program record. The values are 000-998.<br/>Note:  The BUSINESS UNIT and PRODUCT fields determine whether a Frequent Shopper Program record is at the business unit level or product level, as follows:<br/>If BUSINESS UNIT is 001-998 and PRODUCT is 000, the record is at the business unit level.<br/>If BUSINESS UNIT is 001-998 and PRODUCT is 001-998, the record is at the product level."
}
,{
"fieldCode":"4003",
"fieldName":"PROGRAM NUMBER",
"fieldFormat":"1N",
"helpText":"Identification number of the Frequent Shopper Program record you are adding. The values are 1-5.<br/>Note:  Use program numbers 1-4 to define a frequent shopper program based on individual transactions posted to an account. Use program number 5 to define a frequent shopper program based on the account cycle-to-date net sales volume"
}
,{
"fieldCode":"0601",
"fieldName":"MERCHANT INCLUDE EXCLUDE FLAG",
"fieldFormat":"1C",
"helpText":"Code that indicates whether specific merchant category codes are included in or excluded from the frequent shopper program. The values are:<br/>Blank = All category codes qualify (Default)<br/>E = Exclude<br/>I = Include."
}
,{
"fieldCode":"0604",
"fieldName":"CATEGORY INCLUDE EXCLUDE FLAG",
"fieldFormat":"1C",
"helpText":"Code that defines whether specific merchants are included in or excluded from the frequent shopper program. The values are:<br/>Blank = All merchants qualify (Default)<br/>E = Exclude<br/>I = Include."
}
],"section10":[
{
"fieldCode":"0602",
"fieldName":"MERCHANT ORG",
"fieldFormat":"3N",
"helpText":"Appears 14 times. The first part of this field MERCHANT ACCOUNT NUMBER SELECTIONS is for the business unit number."
}
,{
"fieldCode":"0603",
"fieldName":"MERCHANT STORE",
"fieldFormat":"9N",
"helpText":"Appears 14 times. The second part of the field MERCHANT ACCOUNT NUMBER SELECTIONS is for the merchant number. <br/>You can identify merchants assigned to different business units than the business unit to which the frequent shopper program is assigned. The business unit number of a qualifying cardholder does not have to be the same as the business unit number of the merchant.<br/>Note:  If MERCHANT INCLUDE EXCLUDE FLAG is I or E, at least one valid merchant number is required.<br/>Note: If MBS is installed, the store must be on file in the MBS business unit defined in the Store-Org User Exit. If the store is not defined in the user exit, the business unit number of the current CMS master record will be used as a default.<br/>Note:  If MBS is installed, only a store status of 1 (active) or 6 (closed) will be valid. A store entry will be considered invalid for the following status conditions: 0 (incomplete), 2 (inactive), 3 (model), 7 (pending purge), 8 (purging), and 9 (purged)."
}
],"section11":[
{
"fieldCode":"0605",
"fieldName":"CATEGORY TYPE",
"fieldFormat":"1C",
"helpText":"Appears 11 times. This is the first part of this field of CATEGORY CODE SELECTIONS indicates whether the merchant category codes are a range of codes or specific codes. The values are:<br/>R = Range of category codes<br/>S = Specific category codes. (Default)"
}
,{
"fieldCode":"0606",
"fieldName":"CATEGORY 1",
"fieldFormat":"4N",
"helpText":"Appears 14 times. The second and third parts of this field CATEGORY CODE SELECTIONS identify up to two merchant category codes. If the CATEGORY TYPE is S (specific category code), you can enter one or two codes. If the CATEGORY TYPE field is R (range of category codes), you must enter both codes.<br/>Example 1: The following entries indicate one specific category code, which is 0001.<br/>( s ) ( 0001 )   (        )<br/>Example 2: The following entries indicate two specific category codes, which are 0001 and 0005.<br/>( s ) ( 0001 )   ( 0005 ) <br/>Example 3: The following entries indicate a range of category codes, from 0001 to 0005, inclusive.<br/>( r ) ( 0001 )   ( 0005 )<br/>Note:  If CATEGORY INCLUDE EXCLUDE FLAG is I or E, at least one valid merchant category code is required."
}
,{
"fieldCode":"0607",
"fieldName":"CATEGORY 2",
"fieldFormat":"4N",
"helpText":"Appears 14 times. The second and third parts of this field CATEGORY CODE SELECTIONS identify up to two merchant category codes. If the CATEGORY TYPE is S (specific category code), you can enter one or two codes. If the CATEGORY TYPE field is R (range of category codes), you must enter both codes.<br/>Example 1: The following entries indicate one specific category code, which is 0001.<br/>( s ) ( 0001 )   (        )<br/>Example 2: The following entries indicate two specific category codes, which are 0001 and 0005.<br/>( s ) ( 0001 )   ( 0005 ) <br/>Example 3: The following entries indicate a range of category codes, from 0001 to 0005, inclusive.<br/>( r ) ( 0001 )   ( 0005 )<br/>Note:  If CATEGORY INCLUDE EXCLUDE FLAG is I or E, at least one valid merchant category code is required."
}
],"section12":[
{
"fieldCode":"4001",
"fieldName":"BUSINESS UNIT",
"fieldFormat":"3N",
"helpText":"Identification number of the business unit associated with this account. The values are 001-998."
}
,{
"fieldCode":"4002",
"fieldName":"PRODUCT",
"fieldFormat":"3N",
"helpText":"Identification number of the product associated with this Frequent Shopper Program record. The values are 000-998.<br/>Note:  The BUSINESS UNIT and PRODUCT fields determine whether a Frequent Shopper Program record is at the business unit level or product level, as follows:<br/>If BUSINESS UNIT is 001-998 and PRODUCT is 000, the record is at the business unit level.<br/>If BUSINESS UNIT is 001-998 and PRODUCT is 001-998, the record is at the product level."
}
,{
"fieldCode":"4003",
"fieldName":"PROGRAM NUMBER",
"fieldFormat":"1N",
"helpText":"Identification number of the Frequent Shopper Program record you are adding. The values are 1-5.<br/>Note:  Use program numbers 1-4 to define a frequent shopper program based on individual transactions posted to an account. Use program number 5 to define a frequent shopper program based on the account cycle-to-date net sales volume"
}
,{
"fieldCode":"0709",
"fieldName":"BEGINNING DATE",
"fieldFormat":"DATE",
"helpText":"Beginning date for accumulating extra frequent shopper points. When this date is used, this date must be the same as or later than the beginning date for the program. <br/>Note:  If you enter an ENDING DATE but do not enter a BEGINNING DATE, CMS defaults the begin date to todays date or the PROGRAM BEGINNING DATE Frequent shopper Program->01-Program Control Parameter, whichever is greater."
}
,{
"fieldCode":"0710",
"fieldName":"ENDING DATE",
"fieldFormat":"DATE",
"helpText":"Ending date for accumulating extra frequent shopper points. When this date is used, this date must be the same as or earlier than the ending date for the program.<br/>Note:  If you enter a BEGINNING DATE but do not enter an ENDING DATE, CMS defaults the end date to the PROGRAM END DATE Frequent shopper Program->01- Program Control Parameter."
}
,{
"fieldCode":"0701",
"fieldName":"EXTRA POINTS INCLUDE EXCLUDE FLAG",
"fieldFormat":"1C",
"helpText":"Code that indicates whether the selection criteria defined on this page is included or excluded from the frequent shopper program for extra points. Extra points calculated by this table are in addition to the points calculated using the criteria on Frequent Shopper Program->01-Program Control Parameter. The values are:<br/>Blank = Extra points are not awarded (Default)<br/>E = Exclude<br/>I = Include."
}
,{
"fieldCode":"0702",
"fieldName":"EXTRA PRODUCT NUMBER",
"fieldFormat":"3N",
"helpText":"Appears 14 times. Product number that qualifies the transaction for extra frequent shopper points."
}
,{
"fieldCode":"0703",
"fieldName":"EXTRA PLAN NUMBER",
"fieldFormat":"5N",
"helpText":"Appears 14 times. Credit plan number that qualifies the transaction for extra frequent shopper points."
}
,{
"fieldCode":"0704",
"fieldName":"EXTRA STORE  NUMBER",
"fieldFormat":"9N",
"helpText":"Appears 14 times. Store number that qualifies the transaction for extra frequent shopper points.<br/>Note:  The selection criteria based on store number are used only for accounts assigned to a revolving/retail product. This selection criteria cannot be used for accounts assigned to a bankcard product.<br/>Note:  If MBS is installed, the store must be on file in the MBS business unit defined in the Store-Org User Exit. If the store is not defined in the user exit, the business unit number of the current CMS master record will be used as a default. <br/>Note:  If MBS is installed, only a store status of 1 (active) or 6 (closed) will be valid. A store entry will be considered invalid for the following status conditions: 0 (incomplete), 2 (inactive), 3 (model), 7 (pending purge), 8 (purging), and 9 (purged)."
}
,{
"fieldCode":"0705",
"fieldName":"EXTRA DEPARTMENT NUMBER",
"fieldFormat":"4C",
"helpText":"Appears 14 times. Department number that qualifies the transaction for extra frequent shopper points. This field defaults to zeros."
}
,{
"fieldCode":"0706",
"fieldName":"EXTRA SKU NUMBER",
"fieldFormat":"9N",
"helpText":"Appears 14 times. Stock keeping unit (SKU) number that qualifies the transaction for extra frequent shopper points. This field defaults to zeros.<br/>Note:  You can enter asterisks (*) In the EXTRA DEEPARTMENT NUMBER and EXTRA SKU NUMBER fields to identify wildcard positions. When using an asterisk as a wildcard, all positions to the right of the asterisk must also be asterisks. For example, you can enter 12** in the EXTRA DEPARTMENT NUMBER field to select all departments that begin with the numbers 12, but you cannot enter 1**2 to select departments that begin with the number 1 and end with the number 2."
}
,{
"fieldCode":"0707",
"fieldName":"EXTRA ST/PR NUMBER",
"fieldFormat":"3C",
"helpText":"Appears 14 times. State or province of the account that qualifies the transaction for extra frequent shopper points."
}
,{
"fieldCode":"0708",
"fieldName":"EXTRA POINTS",
"fieldFormat":"5N",
"helpText":"Appears 14 times. Number of frequent shopper points added to a customers earned points and program balance in addition to the normal points calculated.<br/>Note:  A transaction must meet all six selection criteria on a line (EXTRA PRODUCT NUMBER, EXTRA PLAN NUMBER, EXTRA STORE NUMBER, EXTRA DEPARTMENT NUMBER, EXTRA SKU NUMBER, and EXTRA ST/PR NUMBER) to earn the extra points in the corresponding POINTS field. When a transaction matches the selection criteria on a line, CMS adds the corresponding extra points to the customer account and does not search for another match."
}
],"section13":[
{
"fieldCode":"4001",
"fieldName":"BUSINESS UNIT",
"fieldFormat":"3N",
"helpText":"Identification number of the business unit associated with this account. The values are 001-998."
}
,{
"fieldCode":"4002",
"fieldName":"PRODUCT",
"fieldFormat":"3N",
"helpText":"Identification number of the product associated with this Frequent Shopper Program record. The values are 000-998.<br/>Note:  The BUSINESS UNIT and PRODUCT fields determine whether a Frequent Shopper Program record is at the business unit level or product level, as follows:<br/>If BUSINESS UNIT is 001-998 and PRODUCT is 000, the record is at the business unit level.<br/>If BUSINESS UNIT is 001-998 and PRODUCT is 001-998, the record is at the product level."
}
,{
"fieldCode":"4003",
"fieldName":"PROGRAM NUMBER",
"fieldFormat":"1N",
"helpText":"Identification number of the Frequent Shopper Program record you are adding. The values are 1-5.<br/>Note:  Use program numbers 1-4 to define a frequent shopper program based on individual transactions posted to an account. Use program number 5 to define a frequent shopper program based on the account cycle-to-date net sales volume"
}
,{
"fieldCode":"0801",
"fieldName":"EXTRA POINTS ASSIGNMENT",
"fieldFormat":"1C",
"helpText":"Code that indicates if extra points are awarded for qualifying transactions. The values are:<br/>N = Extra points are not awarded (Default)<br/>Y = Extra points are awarded."
}
,{
"fieldCode":"0802",
"fieldName":"EXTRA POINTS BEGINNING DATE",
"fieldFormat":"DATE",
"helpText":"Beginning date for the special award time period. This field is required when the EXTRA POINTS CALCULATION METHOD is A. This field is optional when the EXTRA POINTS CALCULATION METHOD is C or M. However, if C or M is used, this date is used to qualify transactions. When this date is used, it should be the same as or later than the beginning date used for this bonus program.<br/>Note:  If you enter an EXTRA POINTS ENDING DATE but do not enter a EXTRA BEGINNING DATE, CMS defaults the begin date to todays date or the PROGRAM BEGINNING DATE Frequent Shopper Program ->01-Program Control parameter, whichever is greater."
}
,{
"fieldCode":"0803",
"fieldName":"EXTRA POINTS ENDING DATE",
"fieldFormat":"DATE",
"helpText":"Ending date for the special award time period. This field is required when the CALCULATION METHOD is A. This field is optional when the EXTRA POINTS CALCULATION METHOD is C or M. However, if C or M is used, this date is used to qualify transactions. When this date is used, it should be the same as or earlier than the ending date for this bonus program.<br/>Note:  If you enter a EXTRA BEGINNING DATE but do not enter an EXTRA ENDING DATE, CMS defaults the end date to the PROGRAM END DATE Frequent Shopper Program ->01-Program Control parameter."
}
,{
"fieldCode":"0804",
"fieldName":"EXTRA POINTS CALCULATION METHOD",
"fieldFormat":"1C",
"helpText":"Code that defines the method CMS uses to calculate extra frequent shopper points. Extra points can be awarded for:<br/>Transactions within a specified time period<br/>Transactions with specific merchant category codes<br/>Transactions with specific business unit and merchant numbers.<br/>Extra points based on merchant category codes and merchant numbers can also be defined based on specific time periods. The values are:<br/>Blank = Not used (Default)<br/>A = All transactions whose effective date is within the dates defined for the special award period are granted extra points<br/>C = Transactions qualify for extra points based on the merchant category code in the monetary transaction<br/>E = Either merchant category codes or business unit and merchant account numbers can qualify an account for extra points<br/>M = Transactions qualify for extra points based on the business unit and merchant account number on the monetary transaction.<br/>Note:  This field is required if the value in EXTRA POINT ASSIGNMENT is Y."
}
,{
"fieldCode":"0805",
"fieldName":"EXTRA POINTS NBR/PCT FLAG",
"fieldFormat":"1C",
"helpText":"Code that indicates whether points for the transaction code are calculated as a number or as a percent. The values are:<br/>Blank = Not used (Default)<br/>N = Number<br/>P = Percent."
}
,{
"fieldCode":"0806",
"fieldName":"EXTRA POINTS",
"fieldFormat":"7N",
"helpText":"Points specified as a number or a percent based on the value in EXTRA NBR/PCT FLAG. The formats are:<br/>Number 1000  = 0001000<br/>Percent 1.5%  = 0000150<br/> 15%   = 0001500<br/> 150% = 0015000<br/>Note: If a percentage is entered, the percentage NOD does not apply to this field; the location of the decimal is indicated in the examples of the percent format."
}
,{
"fieldCode":"0807",
"fieldName":"EXTRA MERCHANT INCLUDE EXCLUDE FLAG",
"fieldFormat":"1C",
"helpText":"Code that defines whether transactions qualify for points based on a specific store number on the monetary transaction. The values are:<br/>Blank = Transactions are not tested for qualification based on the business unit and store number (Default)<br/>E = Exclude from qualification any transaction whose business unit and store number matches any of the values defined in the following fields<br/>I = Include for qualification only the transactions whose business unit and store number matches the values defined in the following fields.<br/>Note:  You must enter I or E if the EXTRA POINT CALCULATION METHOD is M."
}
,{
"fieldCode":"0810",
"fieldName":"EXTRA CATAGORY INCLUDE EXCLUDE FLAG",
"fieldFormat":"1C",
"helpText":"Code that defines whether transactions qualify based on the merchant category code contained in the monetary transaction. The values are:<br/>Blank = Transactions are not tested for qualification based on the merchant category code (Default)<br/>E = Exclude from qualification any transaction whose merchant category code matches any of the values defined in the following fields <br/>I = Include for qualification only the transactions whose merchant category code matches the values defined in the following fields.<br/>Note:  You must enter I or E if the EXTRA POINT CALCULATION METHOD is C."
}
],"section14":[
{
"fieldCode":"0808",
"fieldName":"EXTRA MERCHANT ORG",
"fieldFormat":"3N",
"helpText":"Appears 14 times. This field EXTRA MERCHANT ORG contain the business unit number. The business unit number of a qualifying cardholder does not have to be the same as the number of the store."
}
,{
"fieldCode":"0809",
"fieldName":"EXTRA MERCHANT STORE",
"fieldFormat":"9N",
"helpText":"Appears 14 times. This field contain the number assigned to the transaction or store. Stores selected here do not have to be defined to the same store as the point program<br/>Note:  If the prior selection field contains I or E, at least one store account number is required.<br/>Note:  Store selection criteria on this page is used only for bankcard accounts.<br/>Note:  If MBS is installed, the store must be on file in the MBS business unit defined in the Store-Org User Exit. If the store is not defined in the user exit, the business unit number of the current CMS master record will be used as a default.<br/>Note:  If MBS is installed, only a store status of 1 (active) or 6 (closed) will be valid. A store entry will be considered invalid for the following status conditions: 0 (incomplete), 2 (inactive), 3 (model), 7 (pending purge), 8 (purging), and 9 (purged)."
}
],"section15":[
{
"fieldCode":"0811",
"fieldName":"EXTRA CATEGORY TYPE",
"fieldFormat":"1C",
"helpText":"Appears 14 times. This first field EXTRA CATEGORY TYPE defines whether the merchant category code fields contain specific category code entries or a range of category codes. If the value is R, the two fields EXTRA CATEGORY 1 and EXTRA CATEGORY 2 following this value must contain values and the second range entry must be provided in this table."
}
,{
"fieldCode":"0812",
"fieldName":"EXTRA CATEGORY 1",
"fieldFormat":"4N",
"helpText":"Appears 14 times. If the EXTRA CATEGORY TYPE field value is R, this fields EXTRA CATEGORY 1 field value must contain values and the second range entry must be provided in this table. The values for the category code selection flag are:<br/>S = The following entries are for specific category code selections<br/>R = The following entries are for a range of category codes<br/>Blank = Disregard. (Default)"
}
,{
"fieldCode":"0813",
"fieldName":"EXTRA CATEGORY 2",
"fieldFormat":"4N",
"helpText":"Appears 14 times. If the EXTRA CATEGORY TYPE field value is R, This fields EXTRA CATEGORY 2 field value must contain values and the second range entry must be provided in this table. The values for the category code selection flag are:<br/>S = The following entries are for specific category code selections<br/>R = The following entries are for a range of category codes<br/>Blank = Disregard. (Default)"
}
],"section16":[
{
"fieldCode":"4001",
"fieldName":"BUSINESS UNIT",
"fieldFormat":"3N",
"helpText":"Identification number of the business unit associated with this account. The values are 001-998."
}
,{
"fieldCode":"4002",
"fieldName":"PRODUCT",
"fieldFormat":"3N",
"helpText":"Identification number of the product associated with this Frequent Shopper Program record. The values are 000-998.<br/>Note:  The BUSINESS UNIT and PRODUCT fields determine whether a Frequent Shopper Program record is at the business unit level or product level, as follows:<br/>If BUSINESS UNIT is 001-998 and PRODUCT is 000, the record is at the business unit level.<br/>If BUSINESS UNIT is 001-998 and PRODUCT is 001-998, the record is at the product level."
}
,{
"fieldCode":"4003",
"fieldName":"PROGRAM NUMBER",
"fieldFormat":"1N",
"helpText":"Identification number of the Frequent Shopper Program record you are adding. The values are 1-5.<br/>Note:  Use program numbers 1-4 to define a frequent shopper program based on individual transactions posted to an account. Use program number 5 to define a frequent shopper program based on the account cycle-to-date net sales volume"
}
,{
"fieldCode":"4007",
"fieldName":"POINTS EARNED",
"fieldFormat":"9N",
"helpText":"Appears 24 times. Number of points that were earned by customers each calendar month for this program. This field is updated by the automatic earn feature or by manual earned-point transactions entered into CMS through ASM or CMS."
}
,{
"fieldCode":"4008",
"fieldName":"POINTS DISBURSED",
"fieldFormat":"9N",
"helpText":"Appears 24 times. Number of points disbursed to customers each calendar month for this program. This field is updated by the automatic disbursement feature or by manual disbursement transactions entered into CMS through ASM or CMS."
}
,{
"fieldCode":"4009",
"fieldName":"POINTS ADJUSTED",
"fieldFormat":"9N",
"helpText":"Appears 24 times. Number of points that adjusted the total ending program balance for each month for this program. This field is updated by manual adjustment transactions, points zeroed due to delinquency, points zeroed due to the program purge date passing, and points adjusted due to returns."
}
,{
"fieldCode":"4010",
"fieldName":"POINTS BALANCE",
"fieldFormat":"7N",
"helpText":"Appears 24 times. Number of points earned or percentage of the transaction amount earned for the transaction code. Flag that indicates the format to use for points. This format can be a number or a percent. The formats are:<br/>Number   1000    = 0001000<br/>Percent  1.5%   = 0000150<br/>  15%    = 0001500<br/>150%  = 0015000"
}
,{
"fieldCode":"4011",
"fieldName":"NUMBER OF TRANSACTIONS",
"fieldFormat":"9N",
"helpText":"Appears 24 times. Number of transactions that qualified for points based on the parameters on this Program Control record (programs 1-4) for each calendar month.<br/>Note:  Program 5 does not accumulate a number of transactions since it works on net sales. The display shows only zeros."
}
,{
"fieldCode":"4012",
"fieldName":"AMOUNT OF TRANSACTIONS",
"fieldFormat":"17N",
"helpText":"Appears 24 times. Monetary amount of the transactions that qualified for points based on the parameters on this Program control record (programs 1-4) for each calendar month. This field reflects the net sales volume on each account that qualified for points under program 5 parameters each calendar month."
}
],"section17":[
{
"fieldCode":"4001",
"fieldName":"BUSINESS UNIT",
"fieldFormat":"3N",
"helpText":"Identification number of the business unit associated with this account. The values are 001-998."
}
,{
"fieldCode":"4002",
"fieldName":"PRODUCT",
"fieldFormat":"3N",
"helpText":"Identification number of the product associated with this Frequent Shopper Program record. The values are 000-998.<br/>Note:  The BUSINESS UNIT and PRODUCT fields determine whether a Frequent Shopper Program record is at the business unit level or product level, as follows:<br/>If BUSINESS UNIT is 001-998 and PRODUCT is 000, the record is at the business unit level.<br/>If BUSINESS UNIT is 001-998 and PRODUCT is 001-998, the record is at the product level."
}
,{
"fieldCode":"4003",
"fieldName":"PROGRAM NUMBER",
"fieldFormat":"1N",
"helpText":"Identification number of the Frequent Shopper Program record you are adding. The values are 1-5.<br/>Note:  Use program numbers 1-4 to define a frequent shopper program based on individual transactions posted to an account. Use program number 5 to define a frequent shopper program based on the account cycle-to-date net sales volume"
}
,{
"fieldCode":"4005",
"fieldName":"INT STATUS",
"fieldFormat":"1N",
"helpText":"Field indicates whether record is purged or active. It is a non-maintainable field.<br/>Value is 9 for purged record and 1 for active record."
}
,{
"fieldCode":"0198",
"fieldName":"LAST MAINTENANCE OPERATOR",
"fieldFormat":"3C",
"helpText":"Operator of the last maintenance for this record. This field is system-generated; you cannot change it."
}
]},"sections": {
"section0":""
,
"section1":"Frequent Shopper program-Home Page"
,
"section2":"Frequent Shopper Program-01-Program Control Parameter"
,
"section3":"TRAN CODES:"
,
"section4":"Frequent Shopper Program-02- Qualified Transactions"
,
"section5":"Frequent Shopper Program-03-Transaction Tiers"
,
"section6":"TRANSACTION TIER:"
,
"section7":"Frequent Shopper Program-04-Selection Criteria"
,
"section8":"Frequent Shopper Program-05-Retail Selection"
,
"section9":"Frequent Shopper Program-06-Bankcard Selections"
,
"section10":"MERCHANT ACCOUNT NUMBER SELECTIONS"
,
"section11":"CATEGORY CODE SELECTIONS"
,
"section12":"Frequent Shopper Program-07-Retail Extra Points"
,
"section13":"Frequent Shopper Program-08-Bankcard Extra Points"
,
"section14":"MERCHANT ACCOUNT NUMBER SELECTIONS"
,
"section15":"CATEGORY CODE SELECTIONS"
,
"section16":"Frequent Shopper Program-09-Historical Statistics"
,
"section17":"Frequent Shopper Program-99-Status & NonMonetary Information"
}}
