{"data":{
"section0":[
],"section1":[
{
"fieldCode":"4001",
"fieldName":"BUSINESS UNIT",
"fieldFormat":"3N",
"helpText":"The field displays the ASM business unit number."
}
,{
"fieldCode":"0101",
"fieldName":"REPRESENTATIVE ID",
"fieldFormat":"3C",
"helpText":"This field represents the identification of the representative you want to add, modify, or view."
}
],"section2":[
{
"fieldCode":"4001",
"fieldName":"BUSINESS UNIT",
"fieldFormat":"3N",
"helpText":"The field displays the ASM business unit number."
}
,{
"fieldCode":"0101",
"fieldName":"REPRESENTATIVE ID",
"fieldFormat":"3C",
"helpText":"This field represents the identification of the representative you want to add, modify, or view."
}
,{
"fieldCode":"0106",
"fieldName":"LEVEL NUMBER",
"fieldFormat":"1N",
"helpText":"Security level for this representative. The values are 1-4. The highest security level is 1."
}
,{
"fieldCode":"0103",
"fieldName":"REPRESENTATIVE NAME",
"fieldFormat":"40C",
"helpText":"Name of the representative."
}
,{
"fieldCode":"0104",
"fieldName":"EFFECTIVE DATE",
"fieldFormat":"DATE",
"helpText":"Date when the representative will first be able to access ASM. The default is the current processing date."
}
,{
"fieldCode":"0105",
"fieldName":"EXPIRATION DATE",
"fieldFormat":"DATE",
"helpText":"Date when the representative will no longer be able to access ASM. The default is zeros when you copy a record."
}
,{
"fieldCode":"0130",
"fieldName":"REFERRAL REPRESENTATIVE BUSINESS UNIT",
"fieldFormat":"3N",
"helpText":"This field displays the ASM business unit number."
}
,{
"fieldCode":"0107",
"fieldName":"REFERRAL REPRESENTATIVE ID",
"fieldFormat":"3C",
"helpText":"Identification of the representative to whom ASM refers this representatives point or monetary actions for approval. You must make an entry in this field if the representative has point or monetary transaction limits (field values other than 99999999999999999).<br/>NOTE:  ASM automatically refers to the referral representative the actions that a customer service representative is not authorized to process or that exceed the representatives transaction approval limits. The action is placed in the referral representatives referral queue to await approval, modification, or deletion.<br/>NOTE:  If the value in the REPRESENTATIVE TYPE field is N, entries in the REFERRAL REPRESENTATIVE BUSINESS UNIT, REFERRAL REPRESENTATIVE ID, 1ST ALTERNATE BUSINESS UNIT, 1ST ALTERNATE ID and 2ND ALTERNATE BUSINESSUNIT, 2ND ALTERNATE ID fields are invalid."
}
,{
"fieldCode":"0131",
"fieldName":"1ST ALTERNATE BUSINESS UNIT",
"fieldFormat":"3N",
"helpText":"This field displays the ASM business unit number."
}
,{
"fieldCode":"0108",
"fieldName":"1ST ALTERNATE ID",
"fieldFormat":"3C",
"helpText":"Identification of the representative to whom this representatives monetary actions will be referred for approval if the status of the representative identified in the REFERRAL REP field is set to V (vacation) on ASRS."
}
,{
"fieldCode":"0132",
"fieldName":"2ND ALTERNATE BUSINESS UNIT",
"fieldFormat":"3N",
"helpText":"This field displays the ASM business unit number."
}
,{
"fieldCode":"0109",
"fieldName":"2ND ALTERNATE ID",
"fieldFormat":"3C",
"helpText":"Identification of the representative to whom this representatives monetary actions will be referred for approval if the status of the representatives identified in the REFERRAL REPRESENATTIVE ID and 1ST ALTERNATE ID fields is set to V (vacation) on ASRS.<br/>NOTE:  If all three referral representatives (REFERRAL REPRESENATTIVE ID, 1ST ALTERNATE ID, and 2ND ALTERNATE ID) who are designated to approve monetary actions that are over the representatives limits are unavailable to provide an approval, a message displays indicating that the action should be manually referred. <br/>NOTE:  Referral representatives cannot be entered if the ASM business unit number of either the representative performing the addition or maintenance or the representative whose record is being added or modified is outside the ASM business unit security range. Similarly, the ASM business unit number of the representative whose record is being added or modified must be within the ASM business unit security range of the referral representatives."
}
,{
"fieldCode":"0110",
"fieldName":"DEBIT LIMIT",
"fieldFormat":"15N/2D",
"helpText":"Maximum monetary value this representative can authorize for debit transactions. ASM refers any monetary transaction exceeding this limit to the referral representative. The entry format is whole monetary units and subunits. The default is 99999999999999999. This limit is completely independent of the limit entered in the ADVANCE CHECK field."
}
,{
"fieldCode":"0111",
"fieldName":"CREDIT LIMIT",
"fieldFormat":"15N/2D",
"helpText":"Maximum monetary value this representative can authorize for credit transactions. ASM refers any monetary transaction exceeding this limit to the referral representative. The entry format is whole monetary units and subunits. The default is 99999999999999999."
}
,{
"fieldCode":"0112",
"fieldName":"CREDIT BALANCE REFUND",
"fieldFormat":"15N/2D",
"helpText":"Maximum monetary value this representative can authorize for credit balance refund transactions. ASM refers any monetary transaction exceeding this limit to the referral representative. The entry format is whole monetary units and subunits. The default is 99999999999999999."
}
,{
"fieldCode":"0133",
"fieldName":"POINTS LIMIT",
"fieldFormat":"9N",
"helpText":"Maximum number of points this representative can work for point transactions. ASM refers any point transaction exceeding this limit to the referral representative. The default is 999999999."
}
,{
"fieldCode":"0129",
"fieldName":"ADVANCE CHECK",
"fieldFormat":"15N/2D",
"helpText":"Maximum monetary value this representative can work for advance transactions. ASM refers any monetary transaction exceeding this limit to the referral representative. The entry format is whole monetary units and subunits. The default is 99999999999999999. This limit is completely independent of the limit entered in the DEBITS field."
}
,{
"fieldCode":"0113",
"fieldName":"PHONE",
"fieldFormat":"20C",
"helpText":"Work telephone number for this representative."
}
,{
"fieldCode":"0115",
"fieldName":"PHONE EXTENSION",
"fieldFormat":"4N",
"helpText":"Work telephone extension for this representative."
}
,{
"fieldCode":"0116",
"fieldName":"HOME PHONE",
"fieldFormat":"20C",
"helpText":"Home telephone number for this representative."
}
,{
"fieldCode":"0118",
"fieldName":"OTHER PHONE",
"fieldFormat":"20C",
"helpText":"Additional telephone number for this representative."
}
,{
"fieldCode":"0123",
"fieldName":"REPRESENTATIVE ADD",
"fieldFormat":"1C",
"helpText":"Code that indicates whether the representative can add other representatives to ASM. The values are:<br/>Y = Yes (Default)<br/>N = No."
}
,{
"fieldCode":"0124",
"fieldName":"REPRESENTATIVE MAINTAIN",
"fieldFormat":"1C",
"helpText":"Code that indicates whether the representative can modify existing Representative records. The values are:<br/>Y = Yes (Default)<br/>N = No."
}
,{
"fieldCode":"0127",
"fieldName":"REPRESENTATIVE DELETE",
"fieldFormat":"1C",
"helpText":"Code that indicates whether the representative can delete existing Representative records. The values are:<br/>Y = Yes (Default)<br/>N = No.<br/>NOTE:  Representatives are able to add, modify, or delete Representative records only at their own security level or below."
}
,{
"fieldCode":"0125",
"fieldName":"ACTION CODE ADD",
"fieldFormat":"1C",
"helpText":"Code that indicates whether the representative can add action codes to ASM. The values are:<br/>Y = Yes (Default)<br/>N = No."
}
,{
"fieldCode":"0126",
"fieldName":"ACTION CODE MAINTAIN",
"fieldFormat":"1C",
"helpText":"Code that indicates whether the representative can modify existing action codes. The values are:<br/>Y = Yes (Default)<br/>N = No."
}
,{
"fieldCode":"0128",
"fieldName":"ACTION CODE DELETE",
"fieldFormat":"1C",
"helpText":"Code that indicates whether the representative can delete existing action codes. The values are:<br/>Y = Yes (Default)<br/>N = No."
}
,{
"fieldCode":"0151",
"fieldName":"REPRESENTATIVE TYPE",
"fieldFormat":"1C",
"helpText":"Code that indicates whether the representative is a non-terminal user or a terminal user. The value in this field determines whether the representative maintains an active status after the daily batch run has been completed. The values are:<br/>N  =  Non-terminal user. This value is suggested for non-terminal based representatives (for example, WEB or ATM representatives).<br/>T  = Terminal user. This value is for representatives who use the online ASM system. The representatives status setting is deactivated at the beginning of the daily batch run. (Default)<br/>NOTE:  If the value in the REPRESENTATIVE TYPE field is N, entries in the REFERRAL REP BUSINESS UNIT, REFERRAL REPRESENATTIVE ID 1ST ALTERNATE BUSINESS UNIT, 1ST ALTERNATE ID and 2ND ALTERNATE BUSINESS UNIT, 2ND ALTERNATE ID fields are invalid."
}
,{
"fieldCode":"0135",
"fieldName":"PREPAID FUNDING",
"fieldFormat":"1N",
"helpText":"Code that indicates if the customer service representative is able to process prepaid funding actions. The values are:<br/>0 =  Representative is ineligible to process prepaid funding actions<br/>1  =  Representative is eligible to process prepaid funding actions."
}
,{
"fieldCode":"0142",
"fieldName":"PAYMENT REFUND",
"fieldFormat":"1N",
"helpText":"This field indicates if the rep is allowed to process payment refund.<br/>The valid values are:<br/>0 = No<br/>1 = Yes"
}
],"section3":[
{
"fieldCode":"4001",
"fieldName":"BUSINESS UNIT",
"fieldFormat":"3N",
"helpText":"The field displays the ASM business unit number."
}
,{
"fieldCode":"0101",
"fieldName":"REPRESENTATIVE ID",
"fieldFormat":"3C",
"helpText":"This field represents the identification of the representative you want to add, modify, or view."
}
,{
"fieldCode":"0120",
"fieldName":"LIST/RANGE INDICATOR",
"fieldFormat":"1C",
"helpText":"Code that indicates whether the CMS Business Unit entered to be excluded from the representatives access is a list or a range. The values are:<br/>L = List (Default)<br/>R = Range."
}
],"section4":[
{
"fieldCode":"4015",
"fieldName":"CMS BUSINESS UNIT",
"fieldFormat":"3N",
"helpText":"Appears 20 times. CMS business units the representative cannot access within ASM.<br/>If the assigned ASM organization record for the representative has a list or range of CMS business units that are excluded (E), as specified on Business Units->03-Business Unit Assignment, enter the CMS business units that are not excluded by the ASM organization record but are to be excluded for an individual representative.<br/>If the assigned ASM organization record for the representative has a list or range of CMS business units that are included (I), as specified on Business Units->03-Business Unit Assignment, enter the CMS business units that are included by the ASM organization record but are to be excluded for an individual representative if required.<br/>If you are entering CMS business units by range, enter them in groups of two (first CMS business unit number of the range, then last CMS business unit number of the range). Then, if needed, use the bottom line of CMS business unit fields. You do not need to enter a list of CMS business units in any particular order. To specify that the representatives can access all CMS business units established on the ASM organization record, leave these fields blank and ASM will fill them with zeros.<br/>NOTE:  If the representative record was created by copying an existing representative record, any CMS business units excluded on the copied record default to the new representative record."
}
],"section5":[
{
"fieldCode":"4001",
"fieldName":"BUSINESS UNIT",
"fieldFormat":"3N",
"helpText":"The field displays the ASM business unit number."
}
,{
"fieldCode":"0101",
"fieldName":"REPRESENTATIVE ID",
"fieldFormat":"3C",
"helpText":"This field represents the identification of the representative you want to add, modify, or view."
}
,{
"fieldCode":"0102",
"fieldName":"STATUS",
"fieldFormat":"1C",
"helpText":"Status of the representative record. The values are:<br/>N = New (Incomplete)<br/>A = Active<br/>B = On break<br/>L = At lunch<br/>S = Signed-off<br/>V = Vacation.<br/>A representatives status is N only during the add mode. Once<br/>added, ASM automatically changes this field to S. When the<br/>record is incomplete, the status is N (new). After the record is<br/>added, the status values reflect the status of the representative."
}
,{
"fieldCode":"0199",
"fieldName":"LAST MAINTENANCE DATE",
"fieldFormat":"DATE",
"helpText":"Date of the last maintenance on this record. This date is systemgenerated;<br/>you cannot change it."
}
,{
"fieldCode":"4004",
"fieldName":"OPERATOR BUSINESS UNIT",
"fieldFormat":"3C",
"helpText":"This field displays the ASM business unit number. This field is<br/>system-generated; you cannot change it."
}
,{
"fieldCode":"0198",
"fieldName":"LAST MAINTENANCE OPERATOR",
"fieldFormat":"3C",
"helpText":"Operator name that has last maintained this record. This<br/>field is system-generated; you cannot change it."
}
,{
"fieldCode":"4007",
"fieldName":"DATE ADDED",
"fieldFormat":"DATE",
"helpText":"Date when the representatives record was established."
}
,{
"fieldCode":"4153",
"fieldName":"RECORD STATUS",
"fieldFormat":"1C",
"helpText":"Status of this record. This status is system-generated; you<br/>cannot change it. The values are:<br/>2 = Active<br/>9 = Purge."
}
]},"sections": {
"section0":""
,
"section1":"Representatives"
,
"section2":"Representatives-ASMR/ASQR/ASAR-01-Customer Representative Assignments"
,
"section3":"Representatives-ASMR/ASQR/ASAR-02-Reps CMS Business Units Exclusions"
,
"section4":"BUSINESS UNIT DESCRIPTION"
,
"section5":"Representatives-ASMR/ASQR/ASAR-99-Status and Activity Information"
}}
