{"data":{
"section0":[
],"section1":[
{
"fieldCode":"4001",
"fieldName":"CMS BUSINESS UNIT",
"fieldFormat":"3N",
"helpText":"Number that identifies the CMS business unit associated with the batch. Both your assigned ASM organization record and representative record must also permit access. This field is required."
}
,{
"fieldCode":"4002",
"fieldName":"ASM BUSINESS UNIT",
"fieldFormat":"3N",
"helpText":"This field indicates the ASM BUSINESS UNIT; enter the ASM business unit number assigned to the representative associated with the batch. This field is required."
}
,{
"fieldCode":"4003",
"fieldName":"REPRESENTATIVE ID",
"fieldFormat":"3C",
"helpText":"This field indicates the REPRESENTATIVE ID; enter the identification of the representative associated with the batch. The representative identified must be assigned to your security level or below. This field is required."
}
,{
"fieldCode":"4004",
"fieldName":"SEQUENCE NUMBER",
"fieldFormat":"3N",
"helpText":"Sequence number of the transaction in the batch. This field is required."
}
,{
"fieldCode":"4054",
"fieldName":"TRANSACTION CODE INDICATOR",
"fieldFormat":"1C",
"helpText":"Transaction code indicator, valid values are <br/>D	=	Debit<br/>C	=	Credit<br/>M	=	Memo<br/>Space	=	Empty<br/>R	=	Refund<br/>P	=	Points<br/>A	=	Cash Advance<br/>L	=	Load<br/>V	=	 Load Reversal.<br/>This field is required."
}
],"section2":[
{
"fieldCode":"4001",
"fieldName":"CMS BUSINESS UNIT",
"fieldFormat":"3N",
"helpText":"Identification number of the CMS business unit associated with the batch."
}
,{
"fieldCode":"4002",
"fieldName":"ASM BUSINESS UNIT",
"fieldFormat":"3N",
"helpText":"This field indicates the ASM BUSINESS UNIT; enter the ASM business unit number assigned to the representative associated with the batch."
}
,{
"fieldCode":"4003",
"fieldName":"REPRESENTATIVE ID",
"fieldFormat":"3C",
"helpText":"This field indicates the REPRESENTATIVE ID; enter the identification of the representative associated with the batch. The representative identified must be assigned to your security level or below."
}
,{
"fieldCode":"4004",
"fieldName":"SEQUENCE NUMBER",
"fieldFormat":"3N",
"helpText":"Sequence number of the transaction in the batch."
}
,{
"fieldCode":"4054",
"fieldName":"TRANSACTION CODE INDICATOR",
"fieldFormat":"1C",
"helpText":"Transaction code indicator, valid values are <br/>D	=	Debit<br/>C	=	Credit<br/>M	=	Memo<br/>Space	=	Empty<br/>R	=	Refund<br/>P	=	Points<br/>A	=	Cash Advance<br/>L	=	Load<br/>V	=	 Load Reversal."
}
,{
"fieldCode":"4012",
"fieldName":"TRANSACTION STATUS",
"fieldFormat":"1C",
"helpText":"Code that identifies whether the monetary transaction is to remain active or be deleted during batch processing. The values are:<br/>A	=	Active (Default)<br/>D	=	Delete. <br/>If you enter D, the transaction will not post. The TRANSACTION STATUS field for the transaction will not be open for input and you will not be able to reactivate the transaction."
}
,{
"fieldCode":"4050",
"fieldName":"ACCOUNT NUMBER",
"fieldFormat":"19N",
"helpText":"Account number for the transaction."
}
,{
"fieldCode":"4052",
"fieldName":"TRANSACTION AMOUNT",
"fieldFormat":"15N/2D",
"helpText":"Monetary value of the transaction or the point total of the transaction."
}
,{
"fieldCode":"4053",
"fieldName":"TRANSACTION CODE",
"fieldFormat":"4N",
"helpText":"Monetary transaction code for the transaction."
}
,{
"fieldCode":"4055",
"fieldName":"TRANSACTION EFFECTIVE DATE",
"fieldFormat":"DATE",
"helpText":"Effective date of the transaction.<br/>The STORE NUMBER, CREDIT PLAN, TRANSACTION TICKET NUMBER, CARD NUMBER, TRANSACTION STOCK KEEPING UNIT NUMBER, TRANSACTION DESCRIPTION, TRANSACTION AUTH CODE, TRANSACTION DEPARTMENT NUMBER, and TRANSACTION SALES CLERK fields are not valid for point transactions."
}
,{
"fieldCode":"4056",
"fieldName":"TRANSACTION STOCK KEEPING UNIT NUMBER",
"fieldFormat":"9N",
"helpText":"Transaction Stock Keeping Unit number associated with the transaction."
}
,{
"fieldCode":"4057",
"fieldName":"TRANSACTION DESCRIPTION",
"fieldFormat":"20C",
"helpText":"Description of the monetary transaction code defined for the action code on Action Codes services.<br/>Action codes- Monetary <br/>Action codes-Non Monetary<br/>Action codes- Prepaid <br/>Action codes- Multi-Wallet <br/>Action codes- Manual Resolution <br/>Action codes- Transcript.<br/>		<br/>If you leave this field blank, CMS prefills this field with a description associated with the monetary transaction in the CMS Monetary Control table."
}
,{
"fieldCode":"4058",
"fieldName":"CREDIT PLAN",
"fieldFormat":"5N",
"helpText":"Credit plan number for the transaction."
}
,{
"fieldCode":"4059",
"fieldName":"TRANSACTION AUTHORIZATION CODE",
"fieldFormat":"4C",
"helpText":"Authorization code for the transaction."
}
,{
"fieldCode":"4060",
"fieldName":"TRANSACTION TICKET NUMBER",
"fieldFormat":"15N",
"helpText":"Ticket number for the transaction."
}
,{
"fieldCode":"4064",
"fieldName":"STORE NUMBER",
"fieldFormat":"9N",
"helpText":"Store number associated with the transaction."
}
,{
"fieldCode":"4065",
"fieldName":"TRASNSACTION DEPARTMENT NUMBER",
"fieldFormat":"4C",
"helpText":"Department number for the transaction."
}
,{
"fieldCode":"4066",
"fieldName":"TRASNACTION SALES CLERK",
"fieldFormat":"12C",
"helpText":"Salesclerk associated with the transaction."
}
,{
"fieldCode":"4091",
"fieldName":"FREQUENT SHOPPER POINTS",
"fieldFormat":"5N",
"helpText":"Points accumulated for the transaction"
}
,{
"fieldCode":"4093",
"fieldName":"FREQUENT SHOPPER PROGRAM NUMBER",
"fieldFormat":"1N",
"helpText":"For point frequent shopper transactions only. The program number (1-5) associated with this point transaction. This field displays only if you select TRANSACTION CODE INIDCATOR as P on Home Page."
}
,{
"fieldCode":"4104",
"fieldName":"CARD NUMBER",
"fieldFormat":"19N",
"helpText":"Card number associated with the transaction."
}
,{
"fieldCode":"4105",
"fieldName":"CARD SEQUENCE",
"fieldFormat":"4N",
"helpText":"Card sequence number associated with the transaction. This is used only for accounts with card numbering scheme 2."
}
,{
"fieldCode":"4107",
"fieldName":"INSURANCE PRODUCT",
"fieldFormat":"2C",
"helpText":"Code that identifies the insurance product associated with the transaction."
}
],"section3":[
{
"fieldCode":"4001",
"fieldName":"CMS BUSINESS UNIT",
"fieldFormat":"3N",
"helpText":"Identification number of the CMS business unit associated with the batch."
}
,{
"fieldCode":"4002",
"fieldName":"ASM BUSINESS UNIT",
"fieldFormat":"3N",
"helpText":"This field indicates the ASM BUSINESS UNIT; enter the ASM business unit number assigned to the representative associated with the batch."
}
,{
"fieldCode":"4003",
"fieldName":"REPRESENTATIVE ID",
"fieldFormat":"3C",
"helpText":"This field indicates the REPRESENTATIVE ID; enter the identification of the representative associated with the batch. The representative identified must be assigned to your security level or below."
}
,{
"fieldCode":"4004",
"fieldName":"SEQUENCE NUMBER",
"fieldFormat":"3N",
"helpText":"Sequence number of the transaction in the batch."
}
,{
"fieldCode":"4054",
"fieldName":"TRANSACTION CODE INDICATOR",
"fieldFormat":"1C",
"helpText":"Transaction code indicator. The values are <br/>D	=	Debit<br/>C	=	Credit<br/>M	=	Memo<br/>Space	=	Empty<br/>R	=	Refund<br/>P	=	Points<br/>A	=	Cash Advance<br/>L	=	Load<br/>V	=	Load Reversal."
}
,{
"fieldCode":"4184",
"fieldName":"INSTALLMENT TYPE",
"fieldFormat":"",
"helpText":""
}
,{
"fieldCode":"4185",
"fieldName":"INST BEGINNING SEQUENCE",
"fieldFormat":"",
"helpText":""
}
,{
"fieldCode":"4187",
"fieldName":"INSTALLMENT NUMBER",
"fieldFormat":"",
"helpText":""
}
],"section4":[
{
"fieldCode":"4001",
"fieldName":"CMS BUSINESS UNIT",
"fieldFormat":"3N",
"helpText":"Identification number of the CMS business unit associated with the batch."
}
,{
"fieldCode":"4002",
"fieldName":"ASM BUSINESS UNIT",
"fieldFormat":"3N",
"helpText":"This field indicates the ASM BUSINESS UNIT; enter the ASM business unit number assigned to the representative associated with the batch."
}
,{
"fieldCode":"4003",
"fieldName":"REPRESENTATIVE ID",
"fieldFormat":"3C",
"helpText":"This field indicates the REPRESENTATIVE ID; enter the identification of the representative associated with the batch. The representative identified must be assigned to your security level or below."
}
,{
"fieldCode":"4004",
"fieldName":"SEQUENCE NUMBER",
"fieldFormat":"3N",
"helpText":"Sequence number of the transaction in the batch."
}
,{
"fieldCode":"4054",
"fieldName":"TRANSACTION CODE INDICATOR",
"fieldFormat":"1C",
"helpText":"Transaction code indicator. The values are <br/>D	=	Debit<br/>C	=	Credit<br/>M	=	Memo<br/>Space	=	Empty<br/>R	=	Refund<br/>P	=	Points<br/>A	=	Cash Advance<br/>L	=	Load<br/>V	=	Load Reversal."
}
,{
"fieldCode":"4155",
"fieldName":"RECORD STATUS",
"fieldFormat":"1C",
"helpText":"Status of this record. This status is system-generated; you cannot change it. The values are:<br/>2	=	Active<br/>9	=	 Purge."
}
,{
"fieldCode":"0199",
"fieldName":"LAST MAINTENANCE DATE",
"fieldFormat":"DATE",
"helpText":"Date of the last maintenance on this record. This date is system-generated; you cannot change it."
}
,{
"fieldCode":"0198",
"fieldName":"LAST MAINTENANCE OPERATOR",
"fieldFormat":"8N",
"helpText":"Operator name that has last maintained this record. This field is system-generated; you cannot change it."
}
]},"sections": {
"section0":""
,
"section1":"Online Monetary Transactions-Home Page"
,
"section2":"Online Monetary Transactions-ASQB-01-Monetary Transaction Status"
,
"section3":"Online Monetary Transactions-ASQB-01-Monetary TXN Detail"
,
"section4":"Online Monetary Transactions ASQB-99-Status and Activity Information"
}}
