{"data":{
"section0":[
],"section1":[
{
"fieldCode":"4001",
"fieldName":"STATE/PROVINCE/COUNTRY",
"fieldFormat":"3C",
"helpText":"Abbreviation for the state, province, or country associated with the postal codes."
}
,{
"fieldCode":"4002",
"fieldName":"POSTAL CODE RANGE FROM",
"fieldFormat":"3C",
"helpText":"Beginning range of postal codes that are valid for the state, province, or country."
}
,{
"fieldCode":"4003",
"fieldName":"POSTAL CODE RANGE TO",
"fieldFormat":"3C",
"helpText":"Ending range of postal codes that are valid for the state, province, or country."
}
],"section2":[
{
"fieldCode":"4001",
"fieldName":"STATE/PROVINCE/COUNTRY",
"fieldFormat":"3C",
"helpText":"Abbreviation for the state, province, or country associated with the postal codes."
}
,{
"fieldCode":"4002",
"fieldName":"POSTAL CODE RANGE FROM",
"fieldFormat":"3C",
"helpText":"Beginning range of postal codes that are valid for the state, province, or country."
}
,{
"fieldCode":"4003",
"fieldName":"POSTAL CODE RANGE TO",
"fieldFormat":"3C",
"helpText":"Ending range of postal codes that are valid for the state, province, or country."
}
,{
"fieldCode":"0101",
"fieldName":"RECORD STATUS",
"fieldFormat":"1C",
"helpText":"Used to purge an entry from the Postal Code and State/Province Validation table. CMS does not actually delete the entry until the Master File Backup/Reload program (ARU020) is run. This field has two values, which are:<br/>A = Active <br/>D = To be purged."
}
]},"sections": {
"section0":""
,
"section1":"Postal Code to State/Province"
,
"section2":"Postal Code to State/Province-Status & Activity Information"
}}
