{"data":{
"section0":[
],"section1":[
{
"fieldCode":"",
"fieldName":"BUSINESS UNIT OF NEW FILESET",
"fieldFormat":"3N",
"helpText":"Organization number within the organization range of the new file set as defined in the users supplemental group for this application in the SSC Supplemental Security file."
}
,{
"fieldCode":"",
"fieldName":"NEW FILESET / FILESET LITERAL",
"fieldFormat":"8C",
"helpText":"Identification of the new file set to be used for subsequent transactions. Enter the one-character file set code or the predefined literal that represents the file set."
}
],"section2":[
]},"sections": {
"section0":""
,
"section1":"FILESET CHANGE UTILITYAR1I ARMU"
,
"section2":"REGION STATUS"
}}
