{"data":{
"section0":[
],"section1":[
{
"fieldCode":"5001",
"fieldName":"BUSINESS UNIT",
"fieldFormat":"3N",
"helpText":"Identification number of the organization associated with the account. The values are 001-998."
}
,{
"fieldCode":"5002",
"fieldName":"LOGO",
"fieldFormat":"3N",
"helpText":"Identification number of the logo associated with this account. The values are 001-998."
}
,{
"fieldCode":"5003",
"fieldName":"ACCOUNT",
"fieldFormat":"19C",
"helpText":"Identification number of the account for which perform a detailed inquiry. You can search an account number or select the account number from the list. This field is required."
}
]},"sections": {
"section0":""
,
"section1":"01-Account Inquiry"
}}
