{"data":{
"section0":[
],"section1":[
{
"fieldCode":"",
"fieldName":"PRODUCT",
"fieldFormat":"3N",
"helpText":"Product number associated with the account entered on the Locate screen."
}
,{
"fieldCode":"",
"fieldName":"ACCOUNT",
"fieldFormat":"19C",
"helpText":"Identification number of the account."
}
,{
"fieldCode":"",
"fieldName":"CONF TEMPLATE",
"fieldFormat":"10C",
"helpText":"BNPL configuration template of the iPlan record on the account."
}
,{
"fieldCode":"",
"fieldName":"IPLAN SEQ",
"fieldFormat":"5N",
"helpText":"Code that indicates the iPlan sequence number or iPlan record number to identify the iPlan record on the account to which the transaction was posted."
}
,{
"fieldCode":"",
"fieldName":"IPLAN TYPE",
"fieldFormat":"3C",
"helpText":"iPlan type. The values are:<br/>TXN = Transaction variant <br/>BDL = Bundle variant."
}
,{
"fieldCode":"",
"fieldName":"BUSINESS UNIT",
"fieldFormat":"3N",
"helpText":"Identification of the business unit associated with the account."
}
,{
"fieldCode":"",
"fieldName":"IPLAN STATUS",
"fieldFormat":"2N",
"helpText":"Code that indicates the status of the iPlan record. The values are:<br/>01 = Active<br/>10 = Pending activation <br/>11 = Pending auto activation."
}
,{
"fieldCode":"",
"fieldName":"PREVIOUS IPLAN STATUS",
"fieldFormat":"2N",
"helpText":"Code that indicates the status of the iPlan record. The values are:<br/>01 = Active<br/>10 = Pending activation <br/>11 = Pending auto activation."
}
,{
"fieldCode":"",
"fieldName":"IPLAN DESC",
"fieldFormat":"40C",
"helpText":"The description of the transaction that posted to the iPlan record."
}
,{
"fieldCode":"",
"fieldName":"CREDIT PLAN",
"fieldFormat":"5N",
"helpText":"Plan number of the Credit Plan Segment record associated with the iPlan."
}
,{
"fieldCode":"",
"fieldName":"BUNDLE START DATE",
"fieldFormat":"8N",
"helpText":"Start date for bundle variant posting."
}
,{
"fieldCode":"",
"fieldName":"BUNDLE END DATE",
"fieldFormat":"8N",
"helpText":"End date for bundle variant posting."
}
,{
"fieldCode":"",
"fieldName":"FIRST INST AMOUNT",
"fieldFormat":"17N",
"helpText":"Amount of first instalment for the iPlan."
}
,{
"fieldCode":"",
"fieldName":"FIRST INST DATE",
"fieldFormat":"8N",
"helpText":"Date of the first instalment."
}
,{
"fieldCode":"",
"fieldName":"FINAL INST AMOUNT",
"fieldFormat":"17N",
"helpText":"Amount of final instalment for the iPlan."
}
,{
"fieldCode":"",
"fieldName":"FINAL INST DATE",
"fieldFormat":"8N",
"helpText":"Date of the final instalment."
}
,{
"fieldCode":"",
"fieldName":"FIXED INST AMOUNT",
"fieldFormat":"17N",
"helpText":"Fixed instalment amount for the iPlan."
}
,{
"fieldCode":"",
"fieldName":"MISSED PMT COUNT",
"fieldFormat":"2N",
"helpText":"Missed payment counter value at the account level. This value is highest missed payment counter across all iPlans."
}
,{
"fieldCode":"",
"fieldName":"SNOOZE COUNT",
"fieldFormat":"2N",
"helpText":"Snooze counter value at the account level."
}
,{
"fieldCode":"",
"fieldName":"INITIAL TERM",
"fieldFormat":"2N",
"helpText":"Initial term of the iPlan in frequency."
}
,{
"fieldCode":"",
"fieldName":"CURRENT TERM",
"fieldFormat":"2N",
"helpText":"Current term of the iPlan in frequency."
}
,{
"fieldCode":"",
"fieldName":"REMAINING TERM",
"fieldFormat":"2N",
"helpText":"Remaining term of the iPlan in frequency."
}
,{
"fieldCode":"",
"fieldName":"CURRENT BALANCE",
"fieldFormat":"17N",
"helpText":"Current balance of the account, which is the total current balance of all credit plan segments, for the account."
}
,{
"fieldCode":"",
"fieldName":"TOTAL DUE",
"fieldFormat":"17N",
"helpText":"Total due amount of the iPlan."
}
,{
"fieldCode":"",
"fieldName":"PRINCIPAL BNP",
"fieldFormat":"17N",
"helpText":"Current outstanding principal balance for the iPlan."
}
,{
"fieldCode":"",
"fieldName":"UNBILLED PRINCIPAL BNP",
"fieldFormat":"17N",
"helpText":"Unbilled principal balance of the iPlan."
}
,{
"fieldCode":"",
"fieldName":"INTEREST BNP",
"fieldFormat":"17N",
"helpText":"Current outstanding interest balance for the iPlan."
}
,{
"fieldCode":"",
"fieldName":"BOOKING FEE BNP",
"fieldFormat":"17N",
"helpText":"Current outstanding booking fee balance for the iPlan."
}
,{
"fieldCode":"",
"fieldName":"SNOOZE FEE BNP",
"fieldFormat":"17N",
"helpText":"Current outstanding snooze fee balance for the iPlan."
}
,{
"fieldCode":"",
"fieldName":"MISSED PMT FEE BNP",
"fieldFormat":"17N",
"helpText":"Current outstanding missed payment fee balance for the iPlan."
}
,{
"fieldCode":"",
"fieldName":"REPAYMENT REFERENCE",
"fieldFormat":"17N",
"helpText":"Default repayment reference, which will be used as a default repayment instrument, for a new iPlan. The values are:<br/>0 = Repayment reference not provided (Default)<br/>1-5 = Valid repayment reference, which should be set up on the account."
}
,{
"fieldCode":"",
"fieldName":"ACTUAL DD",
"fieldFormat":"17N",
"helpText":"Actual amount of the direct debit transaction generated for the iPlan."
}
,{
"fieldCode":"",
"fieldName":"INTEREST RATE",
"fieldFormat":"7N",
"helpText":"Interest rate of the iPlan."
}
,{
"fieldCode":"",
"fieldName":"PRINCIPAL DISCLOSED",
"fieldFormat":"17N",
"helpText":"Total principal amount of all installments in monetary units and subunits."
}
,{
"fieldCode":"",
"fieldName":"INTEREST DISCLOSED",
"fieldFormat":"17N",
"helpText":"Total interest amount of all installments in monetary units and subunits."
}
,{
"fieldCode":"",
"fieldName":"BOOKING FEE DISCLOSED",
"fieldFormat":"17N",
"helpText":"Total booking fee amount billed on iPlan in monetary units and subunits."
}
,{
"fieldCode":"",
"fieldName":"TOTAL AMT DISCLOSED",
"fieldFormat":"17N",
"helpText":"Total amount to be paid for the iPlan."
}
,{
"fieldCode":"",
"fieldName":"PRINCIPAL BILLED",
"fieldFormat":"17N",
"helpText":"Total principal amount billed on iPlan in monetary units and subunits."
}
,{
"fieldCode":"",
"fieldName":"INTEREST BILLED",
"fieldFormat":"17N",
"helpText":"Total interest amount billed on iPlan in monetary units and subunits."
}
,{
"fieldCode":"",
"fieldName":"BOOKING FEE BILLED",
"fieldFormat":"17N",
"helpText":"Total booking fee amount billed on iPlan in monetary units and subunits."
}
,{
"fieldCode":"",
"fieldName":"SNOOZE FEE BILLED",
"fieldFormat":"17N",
"helpText":"Total snooze fee amount billed on iPlan in monetary units and subunits."
}
,{
"fieldCode":"",
"fieldName":"MISS PMT FEE BILLED",
"fieldFormat":"17N",
"helpText":"Total missed payment fee amount billed on iPlan in monetary units and subunits."
}
,{
"fieldCode":"",
"fieldName":"TOTAL AMT BILLED",
"fieldFormat":"17N",
"helpText":"Total amount billed for the iPlan."
}
,{
"fieldCode":"",
"fieldName":"NO OF SNOOZE FEES BILLED",
"fieldFormat":"2N",
"helpText":"Total number of snooze fees billed on the iPlan."
}
,{
"fieldCode":"",
"fieldName":"NO OF MISS PMT FEES BILLED",
"fieldFormat":"2N",
"helpText":"Total missed payment fees charged on the iPlan."
}
,{
"fieldCode":"",
"fieldName":"NEXT INST PAY DATE",
"fieldFormat":"8N",
"helpText":"Date the next instalment amount was requested on the iPlan."
}
,{
"fieldCode":"",
"fieldName":"SWITCH COUNT",
"fieldFormat":"2N",
"helpText":"Total number of BNPL configuration template switches requested on the iPlan. The values are:<br/>0 = No switch requested on the account (Default)<br/>01-99 = Holds the maximum BNPL plan switch count value."
}
],"section2":[
],"section3":[
{
"fieldCode":"",
"fieldName":"BEFORE SWITCH CONF TMPL",
"fieldFormat":"17C",
"helpText":"BNPL configuration template before switch on iPlan."
}
,{
"fieldCode":"",
"fieldName":"SWITH REQUESTED DATE",
"fieldFormat":"8N",
"helpText":"Date on which BNPL configuration template switch was requested."
}
,{
"fieldCode":"",
"fieldName":"INST NBR",
"fieldFormat":"3N",
"helpText":"Instalment number that identifies each instalment in the schedule. The values are 001-099. The value in this field is system-generated; you cannot change it."
}
,{
"fieldCode":"",
"fieldName":"INST AMT",
"fieldFormat":"17N",
"helpText":"Total amount of instalment in monetary units and subunits."
}
,{
"fieldCode":"",
"fieldName":"PRINCIPAL",
"fieldFormat":"17N",
"helpText":"Principal amount of instalment in monetary units and subunits."
}
,{
"fieldCode":"",
"fieldName":"INTEREST",
"fieldFormat":"17N",
"helpText":"Interest amount of instalment in monetary units and subunits."
}
,{
"fieldCode":"",
"fieldName":"BOOK FEE",
"fieldFormat":"17N",
"helpText":"Booking fee amount of instalment in monetary units and subunits."
}
,{
"fieldCode":"",
"fieldName":"TOTAL",
"fieldFormat":"17N",
"helpText":"Total amount of principal, interest, and booking fee for this instalment number."
}
,{
"fieldCode":"",
"fieldName":"PAY DATE",
"fieldFormat":"8N",
"helpText":"Instalment pay date."
}
,{
"fieldCode":"",
"fieldName":"GRACE DATE",
"fieldFormat":"8N",
"helpText":"Instalment grace date."
}
,{
"fieldCode":"",
"fieldName":"INST STATUS",
"fieldFormat":"1N",
"helpText":"Field that indicates the instalment status. The values are:<br/>0 = Not aged and not paid<br/>1 = Aged and not paid<br/>2 = Aged and paid."
}
]},"sections": {
"section0":""
,
"section1":"IPLAN DETAILS DISPLAY"
,
"section2":"DATE"
,
"section3":"AMOUNT"
}}
