{"data":{
"section0":[
],"section1":[
{
"fieldCode":"4009",
"fieldName":"BUSINESS UNIT",
"fieldFormat":"3N",
"helpText":"Identification number of the business unit associated with the Relationship record. The values are 001-998."
}
,{
"fieldCode":"0898",
"fieldName":"PRODUCT",
"fieldFormat":"3N",
"helpText":"Identification number of the product associated with this Account Base Segment record. The values are 001-998."
}
,{
"fieldCode":"4003",
"fieldName":"ACCOUNT",
"fieldFormat":"15N/2D",
"helpText":"Account number that identifies the subordinate account in the relationship. If the account is the primary account in the relationship, the letter P displays to the right of the account number."
}
,{
"fieldCode":"4004",
"fieldName":"IPLAN SEQ",
"fieldFormat":"5N",
"helpText":"iPlan sequence number (also called iPlan record number) that identifies the iPlan record on the account."
}
,{
"fieldCode":"4005",
"fieldName":"IPLAN",
"fieldFormat":"5N",
"helpText":"Identification number of the iPlan to perform payment history inquiry"
}
,{
"fieldCode":"5006",
"fieldName":"DATE POSTED",
"fieldFormat":"",
"helpText":"Date on which each payment was posted."
}
,{
"fieldCode":"5007",
"fieldName":"AMOUNT POSTED",
"fieldFormat":"15N/2D",
"helpText":"Amount of each payment that posted. The amount is in monetary units and subunits."
}
,{
"fieldCode":"5008",
"fieldName":"DESCRIPTION",
"fieldFormat":"20C",
"helpText":"Field that displays the description of payment history details of the account."
}
]},"sections": {
"section0":""
,
"section1":"PAYMENT HISTORY DETAILS"
}}
