{"data":{
"section0":[
],"section1":[
{
"fieldCode":"4001",
"fieldName":"BUSINESS UNIT",
"fieldFormat":"3N",
"helpText":"Identification number of the business unit associated with the Relationship record. The values are 001-998."
}
,{
"fieldCode":"4002",
"fieldName":"PRODUCT",
"fieldFormat":"3N",
"helpText":"Identification number of the product associated with this Account Base Segment record. The values are 001-998."
}
,{
"fieldCode":"4003",
"fieldName":"ACCOUNT",
"fieldFormat":"15N/2D",
"helpText":"Account number that identifies the subordinate account in the relationship. If the account is the primary account in the relationship, the letter P displays to the right of the account number."
}
,{
"fieldCode":"4004",
"fieldName":"IPLAN SEQ",
"fieldFormat":"5N",
"helpText":"iPlan sequence number (also called iPlan record number  that identifies the iPlan record on the account."
}
,{
"fieldCode":"4005",
"fieldName":"IPLAN",
"fieldFormat":"5N",
"helpText":"Identification number of the iPlan to perform payment history inquiry"
}
,{
"fieldCode":"5006",
"fieldName":"TERM",
"fieldFormat":"8N",
"helpText":"Term of the payment posted on iPlan."
}
,{
"fieldCode":"5007",
"fieldName":"PRINCIPAL",
"fieldFormat":"13N",
"helpText":"Payment amount for the principal."
}
,{
"fieldCode":"5008",
"fieldName":"INTEREST",
"fieldFormat":"13N",
"helpText":"Payment amount for the interest."
}
,{
"fieldCode":"5009",
"fieldName":"MISSED PAYMENT FEE",
"fieldFormat":"13N",
"helpText":"Payment amount for the missed payment fee."
}
,{
"fieldCode":"5010",
"fieldName":"OFFER BOOKING FEE",
"fieldFormat":"13N",
"helpText":"Payment amount for the booking fee."
}
,{
"fieldCode":"5011",
"fieldName":"SNOOZE FEE",
"fieldFormat":"13N",
"helpText":"Payment amount for the snooze fee."
}
]},"sections": {
"section0":""
,
"section1":"PAYMENT HISTORY DETAILS"
}}
