{"data":{
"section0":[
],"section1":[
{
"fieldCode":"",
"fieldName":"BUSINESS UNIT",
"fieldFormat":"3N",
"helpText":"Identification number of the business unit associated with the account. The values are 001�998."
}
,{
"fieldCode":"",
"fieldName":"LOGO",
"fieldFormat":"3N",
"helpText":"Identification number of the logo associated with this account."
}
,{
"fieldCode":"",
"fieldName":"ACCOUNT",
"fieldFormat":"19C",
"helpText":"Identification number of the account associated with the installment transaction that you want to display."
}
,{
"fieldCode":"",
"fieldName":"RECORD",
"fieldFormat":"3N",
"helpText":"Record number that identifies the loan credit plan segment."
}
,{
"fieldCode":"",
"fieldName":"INST CANCEL FEE IND",
"fieldFormat":"1C",
"helpText":"Code that indicates whether to charge installment cancellation fee. The values are:<br/>N = Do not charge installment cancellation fee (Default)<br/>Y = Charge installment cancellation fee."
}
,{
"fieldCode":"",
"fieldName":"ANTCP DUE DATE",
"fieldFormat":"8N",
"helpText":"Date on which the next anticipated amount is due. You can modify the date to any valid date between the processing date and the last payment due date of the installments (both days inclusive). Input to this field is mandatory when the selection field is A, I, or N.<br/>Note: The system generates the anticipation interest rebate transaction for ANTCP DUE DATE till the respective installment due date."
}
,{
"fieldCode":"",
"fieldName":"ANTCP AVAL AMT",
"fieldFormat":"17N",
"helpText":"Amount available for anticipation. This field is displayed and mandatory only when the selection is A."
}
,{
"fieldCode":"",
"fieldName":"ANTCP NBR INSTS",
"fieldFormat":"2N",
"helpText":"Number of installments to be anticipated. The value entered must be greater than zeros and less than the number of unposted installments. The number of unposted installments available for anticipation is displayed in the INST NUMBER. An installment term which is on hold ACT FLAG on ARTI04 is 3 will not be available for anticipation. This field is mandatory when the selection field is N."
}
,{
"fieldCode":"",
"fieldName":"ACTION",
"fieldFormat":"4C",
"helpText":"This field displays the action."
}
,{
"fieldCode":"",
"fieldName":"TRANSACTION TYPE",
"fieldFormat":"1N",
"helpText":"Code that identifies the type of installment billing transaction. Thevalues are:<br/>1 = Issuer installment billing transaction<br/>2 = Reserved<br/>3 = Acquirer installment billing transaction."
}
],"section2":[
{
"fieldCode":"",
"fieldName":"CANCEL REASON",
"fieldFormat":"1N",
"helpText":"Code that indicates whether the installment plan or transaction is canceled. The values are:<br/>Space = Installment is not canceled<br/>1 = Installment is canceled by the system<br/>2-9 = Installment is canceled manually."
}
],"section3":[
]},"sections": {
"section0":""
,
"section1":"INSTALLMNT BILLING DETAIL"
,
"section2":"ANTICIPATION STATUS"
,
"section3":"NEXT SERVICE"
}}
