{"data":{
"section0":[
],"section1":[
{
"fieldCode":"",
"fieldName":"BUSINESS UNIT",
"fieldFormat":"3N",
"helpText":"Identification number of the business unit associated with the account. The values are 001�998."
}
,{
"fieldCode":"",
"fieldName":"LOGO",
"fieldFormat":"3N",
"helpText":"Identification number of the logo associated with this account."
}
,{
"fieldCode":"",
"fieldName":"ACCOUNT",
"fieldFormat":"19C",
"helpText":"Identification number of the account associated with the installment transaction that you want to display."
}
,{
"fieldCode":"",
"fieldName":"RECORD",
"fieldFormat":"3N",
"helpText":"Record number that identifies the loan credit plan segment."
}
,{
"fieldCode":"",
"fieldName":"INST CANCL FEE IND",
"fieldFormat":"1C",
"helpText":"Code that indicates whether to charge installment cancellation fee. The values are:<br/>N = Do not charge installment cancellation fee (Default)<br/>Y = Charge installment cancellation fee."
}
,{
"fieldCode":"",
"fieldName":"ANTCP DUE DATE",
"fieldFormat":"8N",
"helpText":"Date on which the next anticipated amount is due. You can modify the date to any valid date between the processing date and the last payment due date of the installments (both days inclusive). Input to this field is mandatory when the selection field is A, I, or N.<br/>Note: The system generates the anticipation interest rebate transaction for ANTCP DUE DATE till the respective installment due date."
}
,{
"fieldCode":"",
"fieldName":"ANTCP AVAL AMT",
"fieldFormat":"17N",
"helpText":"Amount available for anticipation. This field is displayed and mandatory only when the selection is A."
}
,{
"fieldCode":"",
"fieldName":"ANTCP NBR INST",
"fieldFormat":"2N",
"helpText":"Number of installments to be anticipated. The value entered must be greater than zeros and less than the number of unposted installments. The number of unposted installments available for anticipation is displayed in the INST NUMBER. An installment term which is on hold ACT FLAG on ARTI04 is 3 will not be available for anticipation. This field is mandatory when the selection field is N."
}
,{
"fieldCode":"",
"fieldName":"ACTION",
"fieldFormat":"4C",
"helpText":"This field displays the action."
}
,{
"fieldCode":"",
"fieldName":"TRANSACTION TYPE",
"fieldFormat":"1N",
"helpText":"Code that identifies the type of installment billing transaction. Thevalues are:<br/>1 = Issuer installment billing transaction<br/>2 = Reserved<br/>3 = Acquirer installment billing transaction."
}
,{
"fieldCode":"",
"fieldName":"EARLY RELEASE DISCOUNT",
"fieldFormat":"7N",
"helpText":"Discount percentage that is used to generate an installment billing interest rebate on the installment billing transactions that are released early. The default is zero. The value entered must be ACT FLAG is 1 and TYPE on ARTI02/ARTI03 is 1. The location of the decimal is determined by the percentage NOD displayed on the screen.<br/>Examples:<br/>If the percentage NOD is 7, enter 50% as 5000000<br/>If the percentage NOD is 4, enter 50% as 0005000."
}
,{
"fieldCode":"",
"fieldName":"ANTCP REQ DATE",
"fieldFormat":"8N",
"helpText":"Anticipation request date.<br/>Note: When individual unbilled installements are selected, the EARLY RELEASE DISC % field does not display and the ANTCP DUE DATE and ANTCP REQ DATE fields will display in the ARTI04 screen.<br/>Note: When posted and unposted installment billing transactions or early release remaining unposted billing transactions are selected, the ANTCP DUE DATE and ANTCP REQ DATE fields do not display and the EARLY RELEASE DISC % field displays in the ARTI04 screen."
}
],"section2":[
],"section3":[
],"section4":[
{
"fieldCode":"",
"fieldName":"ACTION FLAG",
"fieldFormat":"1N",
"helpText":"Code that indicates the action for disposition of each transaction. The values are:<br/>0 = Transaction waiting to be posted<br/>1 = Release the transaction to be posted in the next batch processing run<br/>2 = Transaction posted. When a transaction is posted to the customer's account, CMS changes the value of this field to 2 if the existing value is 0, 1, 4, or 6. In the case of acquirer installment, the matching transaction must be received first<br/>3 = Hold transaction from posting on the release date<br/>4 = Acquirer transaction is released early and pending receipt of transaction from merchant. CMS changes the value of this field to 4 from 1 when the transaction is posted<br/>5 = Acquirer installment billing transaction is on hold state and the matching transaction has been received. CMS changes the value to 5 from 3 when the matching transaction is received<br/>6 = Post the acquirer transaction when received. CMS changes the value to 2 when the transaction is received and posted<br/>7 = Installment term is chosen for anticipation<br/>8 = Anticipation is paid-off. This value is system generated.<br/>Note: If this field is 0, TYPE is 3, and on ARML44 is set to not allow acquirer installment billing transactions to be released early, the field cannot be changed to 1.<br/>Note: If this field is 0, TYPE is 3, and ARML44 is set to allow acquirer installment billing transactions to be released early, this field can be changed to 1.<br/>Note: After CMS changes this field to 2, this field is closed for input.<br/>Note: If this field is 0 or 1, and TYPE is 1 or 2, then this field can be changed to 3.<br/>Note: If this field is 3, and TYPE is 1 or 2, then this field can be changed to 0 or 1.<br/>Note: If this field is 3, and TYPE 3, ARML44 is set to not allow acquirer installment billing transactions to be released early, and the release date is in the future , this field can be changed only to 0.<br/>Note: If TYPE is 3,this field cannot be set to 6 for first installment occurrence.<br/>Note: If this field is 3, TYPE is 3, ARML44 is set to allow acquirer installment billing transactions to be released early, and the release date is in the future, this field can be changed to 1 or 6.<br/>Note: After CMS changes this field to 4, this field is closed for input.<br/>Note: If this field is 5,it can be changed only to 0.<br/>Note: If this field is 6, it is closed for input."
}
],"section5":[
{
"fieldCode":"",
"fieldName":"EFFETCTIVE DATE",
"fieldFormat":"4N",
"helpText":"Effective date of the transaction. The format is MMDD."
}
,{
"fieldCode":"",
"fieldName":"RELEASE DATE",
"fieldFormat":"8N",
"helpText":"Date on which the installment billing transaction is released to be posted to the customer�s account."
}
,{
"fieldCode":"",
"fieldName":"INSTALLMENT AMOUNT",
"fieldFormat":"17N",
"helpText":"Amount of the individual installment billing transaction."
}
,{
"fieldCode":"",
"fieldName":"INSTALLMENT NUM",
"fieldFormat":"2N/2N",
"helpText":"Two-part field that identifies the number of this installment transaction and the total number of installments customer agreed to when the purchase was made at the merchant location."
}
,{
"fieldCode":"",
"fieldName":"FLAG CHANGE DATE",
"fieldFormat":"8N",
"helpText":"Date on which the action flag was last changed on this installment billing transaction."
}
,{
"fieldCode":"",
"fieldName":"LAST ACTION FLAG",
"fieldFormat":"1N",
"helpText":"Code that indicates the last action flag set for the transaction. The values are:<br/>0 = Transaction waiting to be posted<br/>1 = Release the transaction to be posted in the next batch processing run<br/>2 = Transaction posted. When a transaction is posted to the customer's account, CMS changes the value of this field to 2 if the existing value is 0, 1, 4, or 6. In the case of acquirer installment, the matching transaction must be received first<br/>3 = Hold transaction from posting on the release date<br/>4 = Acquirer transaction is released early and pending receipt of transaction from merchant. CMS changes the value of this field to 4 from 1 when the transaction is posted<br/>5 = Acquirer installment billing transaction is on hold state and the matching transaction has been received. CMS changes the value to 5 from 3 when the matching transaction is received<br/>6 = Post the acquirer transaction when received. CMS changes the value to 2 when the transaction is received and posted."
}
,{
"fieldCode":"",
"fieldName":"PRINCIPAL AMOUNT",
"fieldFormat":"17N",
"helpText":"Principal amount of the installment billing transaction."
}
,{
"fieldCode":"",
"fieldName":"INTEREST AMOUNT",
"fieldFormat":"17N",
"helpText":"Installment interest amount of the installment."
}
,{
"fieldCode":"",
"fieldName":"INST INS FEE",
"fieldFormat":"13N",
"helpText":"Code that indicates the fee calculated/billed for each term based on the INS FEE parameters on AMCP (AZMC03). This is a display-only field; you cannot change it."
}
,{
"fieldCode":"",
"fieldName":"INST FEE AMOUNT",
"fieldFormat":"13N",
"helpText":"Installment fee amount for the term. It includes disbursement fee and admin fee based on the settings in the ARMC screens. VAT/Tax is not included."
}
],"section6":[
{
"fieldCode":"",
"fieldName":"INST CANCEL FEE IND",
"fieldFormat":"1C",
"helpText":"Code that indicates whether to charge installment cancellation fee. The values are:<br/>N = Do not charge installment cancellation fee (Default)<br/>Y = Charge installment cancellation fee."
}
,{
"fieldCode":"",
"fieldName":"ANTCP NBR INSTS",
"fieldFormat":"2N",
"helpText":"Number of installments to be anticipated. The value entered must be greater than zeros and less than the number of unposted installments. The number of unposted installments available for anticipation is displayed in the INST NUMBER. An installment term which is on hold ACT FLAG on ARTI04 is 3 will not be available for anticipation. This field is mandatory when the selection field is N."
}
],"section7":[
]},"sections": {
"section0":""
,
"section1":"INSTALLMNT BILLING DTL"
,
"section2":"TOTAL RECORDS"
,
"section3":"TOTAL TERM NBR"
,
"section4":"ARTI04 SW"
,
"section5":"ACTION FLAG HIST"
,
"section6":"TERM FLAG"
,
"section7":"NEXT SERVICE"
}}
