{"data":{
"section0":[
],"section1":[
{
"fieldCode":"",
"fieldName":"BUSINESS UNIT",
"fieldFormat":"3N",
"helpText":"Identification number of the business unit associated with the account. The values are 001�998."
}
,{
"fieldCode":"",
"fieldName":"LOGO",
"fieldFormat":"3N",
"helpText":"Identification number of the logo associated with this account."
}
,{
"fieldCode":"",
"fieldName":"ACCOUNT",
"fieldFormat":"19C",
"helpText":"Identification number of the account associated with the installment transaction that you want to display."
}
,{
"fieldCode":"",
"fieldName":"RECORD",
"fieldFormat":"3N",
"helpText":"Record number that identifies the loan credit plan segment."
}
,{
"fieldCode":"",
"fieldName":"INST CANCL FEE IND",
"fieldFormat":"1C",
"helpText":"Code that indicates whether to charge installment cancellation fee. The values are:<br/>N = Do not charge installment cancellation fee (Default)<br/>Y = Charge installment cancellation fee."
}
,{
"fieldCode":"",
"fieldName":"ANTCP AVAL AMT",
"fieldFormat":"17N",
"helpText":"Amount available for anticipation. This field is displayed and mandatory only when the selection is A."
}
,{
"fieldCode":"",
"fieldName":"ANTCP NBR INST",
"fieldFormat":"2N",
"helpText":"Number of installments to be anticipated. The value entered must be greater than zeros and less than the number of unposted installments. The number of unposted installments available for anticipation is displayed in the INST NUMBER. An installment term which is on hold ACT FLAG on ARTI04 is 3 will not be available for anticipation. This field is mandatory when the selection field is N."
}
,{
"fieldCode":"",
"fieldName":"ACTION",
"fieldFormat":"4C",
"helpText":"This field displays the action."
}
,{
"fieldCode":"",
"fieldName":"TRANSACTION TYPE",
"fieldFormat":"1N",
"helpText":"Code that identifies the type of installment billing transaction. Thevalues are:<br/>1 = Issuer installment billing transaction<br/>2 = Reserved<br/>3 = Acquirer installment billing transaction."
}
],"section2":[
],"section3":[
],"section4":[
{
"fieldCode":"",
"fieldName":"TOTAL ANTCP PRIN AMT",
"fieldFormat":"17N",
"helpText":"Total of principal amount of all the anticipated installments."
}
,{
"fieldCode":"",
"fieldName":"TOTAL ANTCP INT AMT",
"fieldFormat":"17N",
"helpText":"Sum total of interest components of all the anticipated installments."
}
,{
"fieldCode":"",
"fieldName":"TOTAL ANTCP FEE AMT",
"fieldFormat":"13N",
"helpText":"Total fee amount of all the anticipated installments. This is a display-only field that displays the anticipated fee based on the user fee and existing admin fee parameters on AMCP (AZMC03). VAT/Tax is not included."
}
,{
"fieldCode":"",
"fieldName":"TOTAL ANTCP INS AMT",
"fieldFormat":"13N",
"helpText":"Code that indicates the anticipated insurance fee based on the INS FEE parameters on AMCP (AZMC03). This field is display-only; you cannot modify it."
}
,{
"fieldCode":"",
"fieldName":"TOTAL ANTCP INT RBT",
"fieldFormat":"17N",
"helpText":"Anticipation interest rebate, generated when the payment is received for the anticipated amount prior to the anticipation due date."
}
,{
"fieldCode":"",
"fieldName":"ANTCP PAYOFF AMT",
"fieldFormat":"17N",
"helpText":"Anticipation payment amount for the installment record. This amount is added to the account level anticipation payoff amount (ANTCP PMT AMT on ARIQ10)."
}
,{
"fieldCode":"",
"fieldName":"ANTCP REQ DATE",
"fieldFormat":"8N",
"helpText":"Anticipation request date."
}
,{
"fieldCode":"",
"fieldName":"ANTCP DUE DATE",
"fieldFormat":"8N",
"helpText":"Date on which the next anticipated amount is due. You can modify the date to any valid date between the processing date and the last payment due date of the installments (both days inclusive). Input to this field is mandatory when the selection field is A, I, or N.<br/>Note: The system generates the anticipation interest rebate transaction for ANTCP DUE DATE till the respective installment due date."
}
,{
"fieldCode":"",
"fieldName":"TOTAL ANTCP INSTS",
"fieldFormat":"2N",
"helpText":"Total number of anticipated installments."
}
,{
"fieldCode":"",
"fieldName":"SEQUENCE",
"fieldFormat":"2N<br/>(appears upto 8 times)",
"helpText":"Sequential number of the anticipated installment. The values are 01�99."
}
,{
"fieldCode":"",
"fieldName":"INSTALLMENT NUMBER",
"fieldFormat":"2N<br/>(appears upto 8 times)",
"helpText":"Two-part field of the number of this installment and the total number of installments customer agreed to pay when the purchase was made at the merchant location."
}
,{
"fieldCode":"",
"fieldName":"INSTALLMENT AMOUNT",
"fieldFormat":"17N",
"helpText":"Amount of the individual installment billing transaction."
}
],"section5":[
]},"sections": {
"section0":""
,
"section1":"INSTALLMENT ANTICIPATION"
,
"section2":"TOTAL RECORDS"
,
"section3":"TOTAL TERM NBR"
,
"section4":"ARTI05 SW"
,
"section5":"TERM FLAG"
}}
