{"data":{
"section0":[
],"section1":[
{
"fieldCode":"0101",
"fieldName":"SECURITY SIGNON",
"fieldFormat":"20C",
"helpText":"Users sign-on in security system."
}
,{
"fieldCode":"0102",
"fieldName":"SIGNON NAME",
"fieldFormat":"15C",
"helpText":"Sign-on name that the person assigned this User Security Signon record will use to sign on to the system."
}
,{
"fieldCode":"4074",
"fieldName":"ACCOUNT DATA",
"fieldFormat":"",
"helpText":""
}
,{
"fieldCode":"4002",
"fieldName":"POST TO ACCOUNT",
"fieldFormat":"19C",
"helpText":"Identification number of the Account Base Segment record to which CMS posts transactions received for this Embosser record."
}
,{
"fieldCode":"4009",
"fieldName":"BUSINESS UNIT",
"fieldFormat":"3N",
"helpText":"Identification number of the business unit associated with the Embosser record. The values are 001-998."
}
,{
"fieldCode":"4021",
"fieldName":"CARD NUMBER",
"fieldFormat":"19C",
"helpText":"Number that is embossed on the plastic card. Enter a value in this field only if the card number is different from the post-to account number (CARD SCHEME on Account Details ->01-Account Base Segment is 3).<br/>NOTE: If you enter a card number that is different from the post-to account number, you cannot enter a number already assigned to an existing Relationship record or Account Base Segment record. If you enter a number already in use, CMS displays an error message.<br/>NOTE: During the add mode, you can enter a slash ( / ) in the left-most position of the CARD NUMBER field. CMS generates a new card number using the Base Segment Account Number/Embossing Number Generation table defined in the Logo record on Products->16-Account Generation tables."
}
,{
"fieldCode":"9910",
"fieldName":"CARD SEQUENCE",
"fieldFormat":"4N",
"helpText":"Identification number assigned to an Embosser record to distinguish between multiple cards issued with the same card number.<br/>NOTE: Embosser records with a card numbering scheme of 3 always have a card sequence of 1 (because the card numbers are always different).<br/>NOTE: An account can have only 9,999 Embosser records assigned to it. However, for smart cards with card numbering schemes of 0 or 1, the maximum number of embosser records is 99."
}
,{
"fieldCode":"4005",
"fieldName":"CARD ACTION",
"fieldFormat":"1N",
"helpText":"This field is the card issue action code that determines the action CMS performs during the next run of the Card Issue program (ARU200). The values are:<br/>0 = No action. No cards requested. <br/>1 = Issue new card(s). If applicable, also issue a PIN mailer<br/>2 = Issue additional card(s). Value 2 is not valid for smart cards. <br/>3 = Issue replacement card(s). <br/>4 = Returned cards. <br/>5 = Produce a new PIN mailer. <br/>6 = Issue emergency replacement card(s). Use this value if a card is lost or stolen and the replacement card is to be embossed and mailed within 24 hours. <br/>7 = Reissue card. CMS automatically sets this system-generated value after running the Reissue Preview program (ARU290). <br/>8 = Reissue card with different card numbering scheme (CNS). This system-generated value indicates that CMS will reissue the card and update the card numbering scheme of the account (CARD SCHEME on Account Details->01-Account Base Segment) from 1 (duplicate card numbers with unique record numbers) to 3 (unique card numbers).<br/>9 = Card technology reissue. This systemgenerated value applies only to Embosser records in the local business unit; this value does not appear on an Embosser record in a foreign business unit.<br/>NOTE: When adding or maintaining an Embosser record, you cannot enter a value greater than 1 in the CARD ACTION field. If the DATE LAST PLASTIC ISSUED is equal to zeros. During maintenance, however, when the DATE LAST PLASTIC ISSUED field is greater than 0, values 0, 2, 3, 4, 5, 6, and 7 (TRIAD only) are allowed in the CARD ACTION field.<br/>NOTE: When CARD ACTION is 3, 6, or 7, the TYPE OF CARD REQUESTED must be greater than zero and less than or equal to the NUMBER OF CARDS OUTSTANDING value. For smart card accounts, CMS automatically sets the NUMBER OF CARDS REQUESTED value to 1 if ACTION is 3, 6, or 7.<br/>NOTE: When CARD ACTION is 5, CMS accepts only zeros in the NUMBER OF CARDS OUTSTANDING, NUMBER OF CARDS RETURNED, and the NUMBER OF CARDS REQUESTED fields.<br/>NOTE: The CARD ACTION field can be 5 for a mobile payment instrument (PI) only if the PIN MAILER field on Products ->06-Card & Pin Controls is 1 (mobile PI PIN mailers are supported).<br/>NOTE: You cannot enter values 7, 8, or 9; they are system-generated only."
}
,{
"fieldCode":"4006",
"fieldName":"NUMBER OF CARDS REQUESTED",
"fieldFormat":"2N",
"helpText":"This field identifies the number of cards required. You must enter a value when the card issue CARD ACTION is 1 (new card), 2 (additional card), 3 (replacement card), or 6 (emergency replacement card). The default is 01.<br/>NOTE: If the CARD TECHNOLOGY flag on Account Details -> 06-1099C, 1098, Embossing Data is 1, the NUMBER OF CARDS REQUESTED field defaults to 1, indicating that no more than one card can be requested for a Smart Card Embosser Detail record.<br/>NOTE: During maintenance, you can change the NUMBER OF CARDS REQUESTED field to any value if the card is undergoing a card technology change from smart card to magnetic-stripe (REISSUE TECHNOLOGY on Account Details -> 06-1099C, 1098, Embossing Data was changed from 1 to 0)."
}
,{
"fieldCode":"4007",
"fieldName":"TYPE OF CARD",
"fieldFormat":"2N",
"helpText":"This field is a user-defined code that indicates the type of plastic stock. You can change the value at the Embosser record level as needed."
}
,{
"fieldCode":"4008",
"fieldName":"REQUESTED CARD TYPE",
"fieldFormat":"2N",
"helpText":"This field is a user-defined code that identifies the type of card requested."
}
,{
"fieldCode":"4009",
"fieldName":"TYPE CARD MAILER",
"fieldFormat":"2C",
"helpText":"This field is a user-defined code that identifies the type of card mailer to use to mail the card. You can change the value at the Embosser record level."
}
,{
"fieldCode":"4010",
"fieldName":"PLASTIC ID",
"fieldFormat":"10C",
"helpText":"User-defined code that identifies the plastic stock used to create a card for this Embosser record. For HCS-associated accounts, this value defaults from the Company Product record (PLASTIC ID on Company Product 01-Company Product - Account Data). Maintenance to the embosser field can be performed from HCS."
}
,{
"fieldCode":"4011",
"fieldName":"NAME 1 TYPE INDICATOR",
"fieldFormat":"1N",
"helpText":"This field identifies the type of name for NAME LINE 1. This field displays only for prepaid cards. The values are:<br/>0 = Personal name (Default)<br/>3 = Generic name.<br/>If you enter 3 for the type and leave the NAME ON CARD field blank, the embossed name defaults from the EMBOSSED NAME 1 field on Products 38-Prepaid Product Control."
}
,{
"fieldCode":"4012",
"fieldName":"NAME 2 TYPE INDICATOR",
"fieldFormat":"1N",
"helpText":"This field identifies the type of name for NAME LINE 2. This field displays only for prepaid cards. The values are:<br/>0 = Personal name (Default)<br/>3 = Generic name.<br/>If you enter 3 for the type and leave the NAME LINE 2 field blank, the embossed name defaults from the EMBOSSED NAME 2 field on Products 38-Prepaid Product Control."
}
,{
"fieldCode":"4013",
"fieldName":"EMBOSSED NAME 1",
"fieldFormat":"26C",
"helpText":"Name to be embossed on the first embossing line of the card. Enter the name exactly as it is to appear on the card. You can use Name And Address service to search for Embosser records by the name embossed on the card."
}
,{
"fieldCode":"4014",
"fieldName":"EMBOSSED NAME 2",
"fieldFormat":"26C",
"helpText":"This is the Additional name to be embossed on the second embossing line of the card. Enter the name exactly as it is to appear on the card. For example, this field may contain the name of a business if the card is issued for a business account. If the Embosser record is assigned to an account in a relationship, the relationship name (RELATIONSHIP NAME on Relationship Details 01-Relationship Details) is the default value that displays in this field."
}
,{
"fieldCode":"4015",
"fieldName":"SECURED CODE ACTIVE",
"fieldFormat":"1N",
"helpText":"This flag indicates whether the account range defined for the product has been activated at MasterCard for Secure Code. The values are:<br/>0 = Secure Code is not active for this product (Default)<br/>1 = Secure Code is active for this product."
}
,{
"fieldCode":"4016",
"fieldName":"VISA PLUS INDICATOR",
"fieldFormat":"1N",
"helpText":"Code that indicates whether the PLUS, Cirrus, or Maestro symbol is displayed on the card. The values are:<br/>0 = Standard card with no PLUS, Cirrus, or Maestro symbol (Default)<br/>1 = Card displays Cirrus symbol<br/>2 = Card displays PLUS symbol<br/>3 = Card displays Maestro symbol<br/>4 = Card displays both Cirrus and Maestro symbols<br/>5 = Card displays Maestro symbol (chip cards only)."
}
,{
"fieldCode":"4018",
"fieldName":"EXPIRATION DATE",
"fieldFormat":"",
"helpText":"expiration date defined in the Account Base Segment record (CARD EXPIRATION DATE on Account Details->01-Account Base Segment). If the card expiration date in the Account Base Segment record is zero, you must manually complete EXPIRATION DATE for each Embosser record assigned to the account. If the card expiration date in the Account Base Segment record contains a valid date (month/year), EXPIRATION DATE displays this date and you can accept or change this date for each card assigned to the account. A new expiration date can be entered prior to issuing the first card for the Embosser record."
}
,{
"fieldCode":"4009",
"fieldName":"CUSTOMER NUMBER",
"fieldFormat":"19C",
"helpText":"Customer number that identifies the Customer Name/Address record which lists the mailing address of the cardholder. The customer number entered must identify an existing Customer Name/Address record previously added into CMS."
}
,{
"fieldCode":"4020",
"fieldName":"NAME 1",
"fieldFormat":"40C",
"helpText":"This field identifies the name of the cardholder. If you leave this field blank, this field is used when printing name and address information."
}
,{
"fieldCode":"4021",
"fieldName":"NAME 2",
"fieldFormat":"40C",
"helpText":"This field identifies the name of the cardholder used for mailing the card and PIN mailers. If NAME 1 is left blank but NAME 2 contains a value, the value in NAME 2 will not be used for mailing the card and PIN mailers; instead, CMS will use the value in NAME LINE 2 on Name and Address 02-Owner Mailing Information."
}
,{
"fieldCode":"4022",
"fieldName":"PIN OFFSET",
"fieldFormat":"7N",
"helpText":"This field that CMS uses to calculate the Personal Identification Number (PIN) for this card, it identifies the current PIN offset."
}
,{
"fieldCode":"4023",
"fieldName":"POS SERVICE CODE",
"fieldFormat":"3N",
"helpText":"Code that indicates the type of point-of-sale service in effect for a card. The values for each digit depend on whether the card is a Visa, MasterCard, or private label card product. CMS determines the type of card product based on the QUATERLY AFFILIATE CARD PRODUCT field on Products ->01-Product Specification of the Logo record. The values for the first digit are:<br/>0 = Invalid<br/>1 = International card<br/>2 = International card with alternate technology (integrated circuit card)<br/>3-4 = Invalid<br/>5 = National (domestic) use only<br/>6 = National (domestic) use only with alternate technology (integrated circuit card)<br/>7 = Private label or proprietary card; not valid for Visa and MasterCard<br/>8-9 = Invalid.<br/>The values for the second digit are:<br/>0 = Normal authorization<br/>1 = Low limit indicator for private label; not valid for Visa and MasterCard<br/>2 = Positive online authorization mandatory <br/>3 = High limit indicator for private label; not valid for Visa and MasterCard<br/>4 = Positive authorization procedure unless national or regional agreements apply for private label cards; not valid for Visa and MasterCard<br/>5-9 = Invalid.<br/>The values for the third digit are:<br/>0 = PIN required, valid for Visa; PIN required for private label cards<br/>1 = Normal verification, no restrictions<br/>2 = Normal verification�goods and services only at point-of-sale (no cash back); cash disbursements allowed at ATMs for private label cards; normal verification�goods and services only at point-of-sale, cash disbursements allowed at ATMs for Visa and MasterCard<br/>3 = Valid at ATMs only, PIN required for private label cards; valid at ATMs only for Visa and MasterCard<br/>4 = Cash only for private label cards; invalid for Visa and MasterCard<br/>5 = PIN required for goods and services at pointof-sale (no cash back), cash disbursements allowed at ATMs for private label cards; PIN required for goods and services at point-ofsale, cash disbursements allowed at ATMs; invalid for Visa<br/>6 = Prompt for PIN if PIN pad present; invalid for Europay<br/>7 = Prompt for PIN if PIN pad present for goods and services at point-of-sale (no cash back), cash disbursements allowed at ATMs for private label cards; prompt for PIN if PIN pad present for goods and services at point-of-sale, cash disbursements allowed at ATMs, invalid for Visa<br/>8-9 = Invalid."
}
,{
"fieldCode":"4024",
"fieldName":"CARDHOLDER FLAG",
"fieldFormat":"1C",
"helpText":"This is the code that indicates whether the card is issued as a primary or secondary card."
}
,{
"fieldCode":"4025",
"fieldName":"ADDRESS LINE 1",
"fieldFormat":"40C",
"helpText":"First line of address used for mailing the card and PIN mailer."
}
,{
"fieldCode":"4026",
"fieldName":"ADDRESS LINE 2",
"fieldFormat":"40C",
"helpText":"Second line of address used for mailing the card and PIN mailer.<br/>If you do not enter an address on the Embosser record and the account is in a relationship, CMS checks the mail code on the Relationship record (MAIL on Relationship Details 01-Relationship Details) to determine whether the card and PIN mailer should be mailed to the:<br/>Address assigned to the Customer Name/Address record that is associated with the Account Base Segment record, or the<br/>Address assigned to the Customer Name/Address record that is associated with the Relationship record."
}
,{
"fieldCode":"4027",
"fieldName":"CITY",
"fieldFormat":"22C",
"helpText":"This is the city portion of the mailing address for cards and PIN mailers."
}
,{
"fieldCode":"4028",
"fieldName":"STATE/PROVINCE",
"fieldFormat":"3C",
"helpText":"This field that identifies the state or province and the postal code portions of the mailing address for cards and PIN mailers."
}
,{
"fieldCode":"4029",
"fieldName":"POSTAL CODE",
"fieldFormat":"10C",
"helpText":"This field identifies the postal code portions of the mailing address for cards and pin mailers."
}
,{
"fieldCode":"4030",
"fieldName":"LANGUAGE CODE",
"fieldFormat":"3C",
"helpText":"Language specified on the home page for the transaction code descriptions."
}
,{
"fieldCode":"4031",
"fieldName":"VISA MINI INDICATOR",
"fieldFormat":"1C",
"helpText":"This Flag indicates whether Visa Mini cards are supported in this product. The values are:<br/>0 = Inactive (Default)<br/>1 = Active."
}
,{
"fieldCode":"4017",
"fieldName":"PIN MAILER DELAY DAYS",
"fieldFormat":"2N",
"helpText":"This field indicates the number of days to warehouse the PIN mailer before releasing it for printing. The values are:<br/>00-98 = Number of days to warehouse the PIN mailer.<br/>99 = Delete the PIN mailer from the warehouse. Enter this value to remove a mailer for this embosser from the warehouse in the next batch run."
}
,{
"fieldCode":"4032",
"fieldName":"PIN SUPPRESSION",
"fieldFormat":"1N",
"helpText":"Flag indicating whether the PIN number and PIN mailer are produced. The values are:<br/>0 = Yes, allow personal identification numbers (PINs)<br/>1 = No, suppress PIN generation."
}
,{
"fieldCode":"6604",
"fieldName":"BLOCK CODE",
"fieldFormat":"1C",
"helpText":"This identifies the block code assigned to the Embosser record."
}
,{
"fieldCode":"4034",
"fieldName":"CURRENT CARD ACTIVATION",
"fieldFormat":"1C",
"helpText":"This field indicates whether card activation needs to occur for the most recently issued card. The values are:<br/>N = No card activation is required or card activation has already occurred<br/>Y = Card activation needs to occur."
}
,{
"fieldCode":"4035",
"fieldName":"MAXIMUM AUTH FREQUENCY",
"fieldFormat":"1N",
"helpText":"Code that indicates the frequency for the maximum authorization parameters. This frequency code applies to the MAXIMUM AMOUNT RETAIL AUTHORIZATION ALLOWED through TXN LIMIT RETAIL fields, inclusive. The values are:<br/>0 = Not used (Default)<br/>1 = Daily<br/>2 = Cycle-to-date<br/>3 = Year-to-date.<br/>Example: If MAXIMUM AMOUNT OTC AUTHORIZATIONS ALLOWED is 1 (daily), the RETAIL PURCH AMT field is the maximum amount of retail authorizations allowed per day. If maximum amount OTC authorizations allowed is 2 (cycle-to-date), the maximum amount retail authorization allowed field is the MAXIMUM AMOUNT OF RETAIL AUTHORIZATIONS ALLOWED per cycle. If MAXIMUM AMOUNT OTC AUTHORIZATIONS ALLOWED is 3, the MAXIMUM AMOUNT OF RETAIL AUTHORIZATIONS ALLOWED field is the maximum amount of retail authorizations allowed per year."
}
,{
"fieldCode":"4036",
"fieldName":"ATM CASH AMOUNT",
"fieldFormat":"15N/2D",
"helpText":"Maximum amount in monetary units and subunits of ATM cash authorizations allowed for the frequency defined in the FREQ field."
}
,{
"fieldCode":"4037",
"fieldName":"ATM CASH NUMBER",
"fieldFormat":"9N",
"helpText":"Maximum number of ATM cash authorizations allowed for the frequency defined in the FREQ field."
}
,{
"fieldCode":"4038",
"fieldName":"ATM CASH TRANSACTION LIMIT",
"fieldFormat":"15N/2D",
"helpText":"This is the Maximum authorization amount in monetary units and subunits for a single ATM transaction."
}
,{
"fieldCode":"4039",
"fieldName":"OTC CASH AMOUNT",
"fieldFormat":"15N/2D",
"helpText":"Maximum amount in monetary units and subunits of over-thecounter (OTC) cash authorizations allowed for the frequency defined in the MAXIMUM AUTHORIZATION LIMIT FREQUENCY field."
}
,{
"fieldCode":"4040",
"fieldName":"OTC CASH NUMBER",
"fieldFormat":"9N",
"helpText":"Maximum number of OTC authorizations allowed for the frequency defined in the MAXIMUM AUTHORIZATION LIMIT FREQUENCY field."
}
,{
"fieldCode":"4041",
"fieldName":"OTC TRANSACTION LIMIT",
"fieldFormat":"15N/2D",
"helpText":"This is the Maximum amount in monetary units and subunits for a single OTC authorization."
}
,{
"fieldCode":"4042",
"fieldName":"RETAIL AMOUNT",
"fieldFormat":"15N/2D",
"helpText":"Maximum amount in monetary units and subunits of retail authorizations allowed for the frequency defined in the FREQ field."
}
,{
"fieldCode":"4043",
"fieldName":"RETAIL NUMBER",
"fieldFormat":"9N",
"helpText":"Maximum number of retail authorizations allowed for the frequency defined in the MAXIMUM AUTHORIZATION LIMIT FREQUENCY field."
}
,{
"fieldCode":"4044",
"fieldName":"RETAIL TRANSACTION LIMIT",
"fieldFormat":"15N/2D",
"helpText":"This is the Maximum amount in monetary units and subunits for a single retail authorization."
}
,{
"fieldCode":"4055",
"fieldName":"BRANCH NUMBER",
"fieldFormat":"9N",
"helpText":"This field is the number of the branch that owns this account and location of financial reporting for this account. When using the HCS account automatic-setup process, the branch number defaults from the HCS parent Node record"
}
,{
"fieldCode":"4056",
"fieldName":"REISSUE DELIVERY OPTION",
"fieldFormat":"3N",
"helpText":"Delivery option for reissued cards (all card actions except 1). The values are:<br/>000 = Regular mail (Default)<br/>001 = First-class mail<br/>002 = Registered mail<br/>003 = Internal delivery mail<br/>004-999 = User-defined.<br/>For HCS-controlled accounts, the value in this field defaults from the parent Node record in HCS (REISSUE DELIVERY OPTION on Nodes ->07- Node Definition-Mail/Transfer). Maintenance to embosser fields can be performed from HCS."
}
,{
"fieldCode":"4057",
"fieldName":"NEXT CARD EXPIRATION DATE",
"fieldFormat":"",
"helpText":"Next expiration date of the card. This date is calculated by CMS, but you can change it. CMS uses this value for the next card reissue. A value in this field must be greater than todays date and the current expiration date."
}
,{
"fieldCode":"4058",
"fieldName":"FIRST ISSUE BRANCH",
"fieldFormat":"9N",
"helpText":"Branch number that identifies the card mailing location for the issue of new cards when the branch delivery option is used.<br/>For HCS-controlled accounts, the value in this field defaults from the parent Node record in HCS (FIRST ISSUE BRANCH on Nodes ->06- Node Definition-Reporting). Maintenance to embosser fields can be performed from HCS."
}
,{
"fieldCode":"4059",
"fieldName":"DELIVERY OPTION",
"fieldFormat":"3N",
"helpText":"Delivery option for new cards. The values are:<br/>000 = Regular mail (Default)<br/>001 = First-class mail<br/>002 = Registered mail<br/>003 = Internal delivery mail<br/>004-999 = User-defined."
}
,{
"fieldCode":"4060",
"fieldName":"AUTH CRITERIA TABLE NUMBER",
"fieldFormat":"3C",
"helpText":"Identification number of the Authorization Criteria table assigned to the account. This number must identify a valid table previously added using the Authorization Criteria service. The table number in this field defaults from the appropriate ACCOUNT PROCESSING AUTHORISATION CRITERIA TABLE NBR field on the HCS Company Logo record (Company product->01-Company product-Account Data); otherwise, from the AUTHORIZATION CRITERIA TABLE NUMBER on the Relationship record (Relationship Details->02-Relationship Record Corp Setup). You can change the table number at the account level as needed. The table number in this field defaults to any Embosser records added to the account.<br/>Transaction accounts use the table number entered on the Embosser record during authorization processing. Diversion accounts use the table number defined on the account during authorization processing."
}
,{
"fieldCode":"4061",
"fieldName":"CARD DELAY DAYS",
"fieldFormat":"2N",
"helpText":"This field indicates the number of days to warehouse the card mailer before releasing it for printing (MAILER DATE). The values are:<br/>00-98 = Number of days to warehouse the card mailer.<br/>99 = Delete the card mailer from the warehouse. Enter this value to remove a mailer for this embosser from the warehouse in the next batch run."
}
,{
"fieldCode":"4251",
"fieldName":"TOT CASH AMOUNT",
"fieldFormat":"17N",
"helpText":"Two-part field that indicates the maximum authorization amount and number of authorizations allowed for all cash transactions allowed for the frequency defined in the FREQ field on ARME03. The first part of the field indicates the maximum authorization amount in monetary units and subunits for all cash transactions allowed for the frequency defined in the FREQ field on ARME03. This amount is inclusive of all ATM, OTC, and optional quasi cash authorizations. The default value is zeros"
}
,{
"fieldCode":"4099",
"fieldName":"TOTAL TRANSACTION AMOUNT",
"fieldFormat":"13N",
"helpText":"This field displays the cumulative total transaction amount limit. This field specifies the upper limit of the total amount of offline transactions in the designated currency allowed for this card before a transaction is forced to go online. The limit is in the designated currency for the card."
}
,{
"fieldCode":"4101",
"fieldName":"TOTAL TRANSACTION NUMBER",
"fieldFormat":"",
"helpText":""
}
,{
"fieldCode":"4045",
"fieldName":"USER-DEFINED 1",
"fieldFormat":"20C",
"helpText":"User-defined code or description for this Embosser record. You can change the field name in the Logo record (USER CODE 1 DESCRIPTION on Product Description Record -> 04-User Fields)."
}
,{
"fieldCode":"4046",
"fieldName":"USER-DEFINED 2",
"fieldFormat":"20C",
"helpText":"User-defined code or description for this Embosser record. You can change the field name in the Logo record (USER CODE 2 DESCRIPTION on Product Description Record -> 04-User Fields)."
}
,{
"fieldCode":"4047",
"fieldName":"USER-DEFINED 3",
"fieldFormat":"19C",
"helpText":"User-defined code or description for this Embosser record. You can change the field name in the Logo record (USER CODE 3 DESCRIPTION on Product Description Record -> 04-User Fields)."
}
,{
"fieldCode":"4048",
"fieldName":"USER-DEFINED 4",
"fieldFormat":"4N",
"helpText":"User-defined code or description for this Embosser record. You can change the field name in the Logo record (USER CODE 4 DESCRIPTION on Product Description Record -> 04-User Fields)."
}
,{
"fieldCode":"4049",
"fieldName":"USER-DEFINED 5",
"fieldFormat":"1C",
"helpText":"User-defined code or description for this Embosser record. You can change the field name in the Logo record (USER CODE 5 DESCRIPTION on Product Description Record -> 04-User Fields)."
}
,{
"fieldCode":"4050",
"fieldName":"USER-DEFINED 6",
"fieldFormat":"1C",
"helpText":"User-defined code or description for this Embosser record. You can change the field name in the Logo record (USER CODE 6 DESCRIPTION on Product Description Record -> 04-User Fields)."
}
,{
"fieldCode":"4051",
"fieldName":"USER-DEFINED 7",
"fieldFormat":"1C",
"helpText":"User-defined code or description for this Embosser record. You can change the field name in the Logo record (USER CODE 7 DESCRIPTION on Product Description Record -> 04-User Fields)."
}
,{
"fieldCode":"4052",
"fieldName":"USER-DEFINED 8",
"fieldFormat":"1C",
"helpText":"User-defined code or description for this Embosser record. You can change the field name in the Logo record (USER CODE 8 DESCRIPTION on Product Description Record -> 04-User Fields)."
}
,{
"fieldCode":"4053",
"fieldName":"USER-DEFINED DATE 1",
"fieldFormat":"7N",
"helpText":"User-defined dates for this Embosser record. You can change the field name in the Logo record (USER DATE 9 DESCRIPTION on Product Description Record -> 04-User Fields)."
}
,{
"fieldCode":"4054",
"fieldName":"USER-DEFINED DATE 2",
"fieldFormat":"7N",
"helpText":"User-defined dates for this Embosser record. You can change the field name in the Logo record (USER DATE 10 DESCRIPTION on Product Description Record -> 04-User Fields)."
}
,{
"fieldCode":"1101_1",
"fieldName":"PROGRAM ID",
"fieldFormat":"8N",
"helpText":"This is the identification number of the smart card program. This value must identify a valid Chip Card Program Definition record (Chip Card Program) for this business unit. The value in this field defaults from the DEFAULT CHIP/PIN CARD PROGRAM ID on Products 08-Smart Card Controls but can be changed on this service."
}
,{
"fieldCode":"4067",
"fieldName":"DEVICE INDICATOR",
"fieldFormat":"1C",
"helpText":"Code that indicates the type of device (form factor) written to the track data on the card. The values depend on the scheme. The MasterCard values are:<br/>Space = Default<br/>1 = Chip only with PIN<br/>2 = Chip only without PIN<br/>3 = Magnetic stripe only<br/>4 = PayPass only<br/>A = Chip with PIN and magnetic stripe only<br/>B = Chip with PIN and PayPass only<br/>C = Chip with PIN and magnetic stripe and PayPass<br/>D = Chip without PIN and with magnetic stripe<br/>E = Chip without PIN and with PayPass<br/>F = Chip without PIN and with magnetic<br/>G = Magnetic stripe only with PIN.<br/>The Visa values are:<br/>0 = Full-size standard card, noncontactless (Default)<br/>1 = Full-size contactless card<br/>2 = Standard mini card, noncontactless<br/>3 = Contactless mini card<br/>4 = Micro tag<br/>5 = Mobile device<br/>6 = Other contactless payment device <br/>7-9 = Reserved."
}
,{
"fieldCode":"4068",
"fieldName":"SDP PROCESS TYPE",
"fieldFormat":"1N",
"helpText":"Code that indicates whether CMS processes card reissue for the transfer to account during the nightly batch processing cycle or in the same-day embossing processing cycle. The values are:<br/>Space = Use default specified for the product (PROCESSING DAY DEFAULT on Products  07-Activation; Expiry & SDP Controls) (Default)<br/>0 = Same-day plastic processing is not required.<br/>1 = Same-day plastic processing is required.<br/>This field is open to input only when the SAME DAY EMBOSSING ALLOWED field on Products  07-Activation; Expiry & SDP Controls is 1."
}
,{
"fieldCode":"4069",
"fieldName":"VISA DEBIT ACCOUNT",
"fieldFormat":"",
"helpText":""
}
,{
"fieldCode":"4072",
"fieldName":"MODE",
"fieldFormat":"",
"helpText":""
}
,{
"fieldCode":"0898",
"fieldName":"PRODUCT",
"fieldFormat":"3N",
"helpText":"Identification number of the product associated with the account. The values are 001-998."
}
,{
"fieldCode":"4075",
"fieldName":"FORM FACTOR",
"fieldFormat":"1C",
"helpText":"Code that indicates the type of device written to the track data on the card. The values depend on the scheme. The MasterCard values are:<br/>Space = Default<br/>1 = Chip only with PIN<br/>2 = Chip only without PIN<br/>3 = Magnetic stripe only<br/>4 = PayPass only<br/>A = Chip with PIN and magnetic stripe only<br/>B = Chip with PIN and PayPass only<br/>C = Chip with PIN and magnetic stripe and PayPass<br/>D = Chip without PIN and with magnetic stripe<br/>E = Chip without PIN and with PayPass<br/>F = Chip without PIN and with magnetic<br/>G = Magnetic stripe only with PIN.<br/>The Visa values are:<br/>0 = Full-size standard card, noncontactless (Default)<br/>1 = Full-size contactless card<br/>2 = Standard mini card, noncontactless<br/>3 = Contactless mini card<br/>4 = Micro tag<br/>5 = Mobile device<br/>6 = Other contactless payment device <br/>7-9 = Reserved.<br/>When the scheme is Visa:<br/>NOTE: The DVC field must be 0 if the VISA FORM FACTORS ACTIVE field on (Products -> 01-Product Specification) is 0 (inactive).The DVC field cannot be 2 or 3 if the SUPPORT VISA MINI CARDS flag on the Logo record (Products -> 01-Product Specification) is 0 (inactive)."
}
,{
"fieldCode":"4076",
"fieldName":"AUTH ALERTS",
"fieldFormat":"1N",
"helpText":"Code that indicates whether the cardholder is enrolled to receive transaction-based alerts. The values are:<br/>0 = Cardholder is not enrolled (Default)<br/>1 = Cardholder is enrolled.<br/>NOTE: You can set this field to 1 only when (AUTH ALERTS on Products ->21-Electronic notification) is set to 1 or 2.<br/>NOTE: You can change the value of this field from 1 to 0 only when the TXN AMOUNT, CNP/MOTO, and CROSS BORDER fields are set to 0."
}
,{
"fieldCode":"4077",
"fieldName":"ALERT TRANSACTION AMOUNT",
"fieldFormat":"1N",
"helpText":"Minimum transaction amount for which an alert is sent to the cardholder.<br/>NOTE: You can set the transaction amount in this field only when AUTH ALERTS on Products ->21-Electronic notification is set to 1."
}
,{
"fieldCode":"4078",
"fieldName":"ALERT CROSS BORDER",
"fieldFormat":"1N",
"helpText":"Code that indicates whether an alert to be sent to the cardholder when a cross border transaction is performed. The values are:<br/>0 = No alert to be sent (Default)<br/>1 = Alert to be sent.<br/>NOTE: You can set the CNP/MOTO and CROSS BORDER fields to 1 only when AUTH ALERTS on Products ->21-Electronic notification is set to 1"
}
,{
"fieldCode":"4079",
"fieldName":"ALERT CNP MOTO",
"fieldFormat":"1N",
"helpText":"Code that indicates whether an alert to be sent to the cardholder when a card-not-present (CNP) or mail order/telephone order (MOTO) transaction is performed. The values are:<br/>0 = No alert to be sent (Default)<br/>1 = Alert to be sent."
}
,{
"fieldCode":"4096",
"fieldName":"DISABILITY IND",
"fieldFormat":"",
"helpText":""
}
,{
"fieldCode":"5002",
"fieldName":"FOREIGN BUSINESS UNIT",
"fieldFormat":"3N",
"helpText":"This is the identification number of the foreign organization number with which the account is associated"
}
,{
"fieldCode":"4003",
"fieldName":"ACCOUNT",
"fieldFormat":"19C",
"helpText":"Identification number of the account."
}
,{
"fieldCode":"5007",
"fieldName":"CURRENT CHIP SEQUENCE",
"fieldFormat":"2N",
"helpText":"Chip sequence number of the most recently issued card. This field points to the current Smart Card Embosser Detail record (AMEC) each time a smart card is reissued, replaced, or transferred."
}
,{
"fieldCode":"5008",
"fieldName":"CARD ACTIVATION STATUS",
"fieldFormat":"",
"helpText":""
}
,{
"fieldCode":"5009",
"fieldName":"NAME ON CARD",
"fieldFormat":"26C",
"helpText":"Name to be embossed on the first embossing line of the card. Enter the name exactly as it is to appear on the card. You can use Name And Address to search for Embosser records by the name embossed on the card"
}
,{
"fieldCode":"5010",
"fieldName":"CARD EXPIRY DATE",
"fieldFormat":"",
"helpText":""
}
,{
"fieldCode":"5011",
"fieldName":"SECURE CODE",
"fieldFormat":"",
"helpText":""
}
,{
"fieldCode":"5012",
"fieldName":"CARD ACTIVATION PHONE NBR",
"fieldFormat":"",
"helpText":""
}
,{
"fieldCode":"5013",
"fieldName":"ONLINE COMMUNICATION PREFERENCE",
"fieldFormat":"1C",
"helpText":"Code that indicates whether CMS delivers the card details and secure code directly to the card extractor using the selected communication channel. The valid values are:<br/>0 = Do not send details (Default)<br/>1 = Send details."
}
]},"sections": {
"section0":""
,
"section1":"EMBOSSER ADD SERVICE"
}}
