{"data":{
"section0":[
],"section1":[
{
"fieldCode":"",
"fieldName":"FUNCTIONAL SERVICE MODE",
"fieldFormat":"1C",
"helpText":"Field that indicates the functional service code. The values are:<br/>A = Add<br/>M = Maintain<br/>Q = Query."
}
,{
"fieldCode":"",
"fieldName":"FILE SOURCE",
"fieldFormat":"2C",
"helpText":"Code that indicates whether to display todays entry, reject reentry, or reject reentry with multiple reject reasons. The values are:<br/>T1 = Todays entry (Default)<br/>J1 = Reject reentry; rejected batches from previous batch run<br/>M1 = Reject reentry with multiple reject reasons; rejected batches from previous batch run."
}
,{
"fieldCode":"",
"fieldName":"BATCH SOURCE",
"fieldFormat":"4N",
"helpText":"Source code that indicates how the batch entered CMS. This field is system-generated; you cannot change it. The values are:<br/>0000 = Local input (originated from the AMT1 file during batch input)<br/>0001-9998 = User input (originated from user input file ATTD or ATTT)."
}
,{
"fieldCode":"",
"fieldName":"BATCH DATE",
"fieldFormat":"8N",
"helpText":"Original date on which the batch was entered into CMS."
}
,{
"fieldCode":"",
"fieldName":"BUSINESS UNIT (REQUIRED ONLY FOR ADD FUNCTION",
"fieldFormat":"3N",
"helpText":"Identification number of the organization associated with this batch of monetary transactions. The values are 001-998. This field is used only for Add function."
}
,{
"fieldCode":"",
"fieldName":"BATCH NUMBER",
"fieldFormat":"5N",
"helpText":"Number assigned to the batch for identification purposes. Every batch must be assigned a unique batch number. If you do not enter a value, CMS automatically assigns the next available number starting with 00001 each day."
}
,{
"fieldCode":"",
"fieldName":"CHANNEL ID",
"fieldFormat":"3C",
"helpText":"This field identifies the Channel ID."
}
,{
"fieldCode":"",
"fieldName":"PARTNER ID",
"fieldFormat":"3C",
"helpText":"This field identifies the Partner ID."
}
,{
"fieldCode":"",
"fieldName":"ADD EXISTING",
"fieldFormat":"1C",
"helpText":"Add Existing Transaction Details."
}
,{
"fieldCode":"",
"fieldName":"DISC AMT",
"fieldFormat":"17N",
"helpText":"Transaction dispute amount."
}
,{
"fieldCode":"",
"fieldName":"PCB DISP IND",
"fieldFormat":"1C",
"helpText":"Dispute Prior Cycle Balance Generated Transaction indicatior. The values are:<br/>Y = Dispute Yes<br/>N = Dispute No"
}
,{
"fieldCode":"",
"fieldName":"CURRENCY NUMBER",
"fieldFormat":"3N",
"helpText":"Currency Code of the transaction."
}
,{
"fieldCode":"",
"fieldName":"KEY CODE",
"fieldFormat":"31C",
"helpText":"Key code value for the type selected in the KEY CODE TYPE field.<br/>For type 1, the value is a card acceptor ID or merchant ID.<br/>For type 2, the value is a card terminal ID.<br/>For type 3, the value is a card acceptor ID plus a card terminal ID.<br/>For type 4, the value is an MCC."
}
,{
"fieldCode":"",
"fieldName":"ARTS SW",
"fieldFormat":"1C",
"helpText":"Field that indicates the art switch. The values are:<br/>Y = Arts switch yes<br/>N = Arts Switch no."
}
,{
"fieldCode":"",
"fieldName":"CURRENCY ARTS NUMBER",
"fieldFormat":"3N",
"helpText":"Transacton Currency code."
}
,{
"fieldCode":"",
"fieldName":"FPP IND",
"fieldFormat":"1N",
"helpText":"Field indicating flexible payment processing."
}
,{
"fieldCode":"",
"fieldName":"TRANSACTION SEQ NUMBER",
"fieldFormat":"3N",
"helpText":"Sequence number that identifies the credit plan segment associated with the transaction."
}
,{
"fieldCode":"",
"fieldName":"ACCOUNT NUMBER",
"fieldFormat":"19C",
"helpText":"Account number to which CMS is to post the transaction, or the card number if the card numbering scheme is 3 (CARD SCHEME on Account Details -> 01-Account Base Segment)."
}
,{
"fieldCode":"",
"fieldName":"TRANSACTION AMOUNT",
"fieldFormat":"9N/2D",
"helpText":"Amount of the transaction in monetary units and subunits."
}
,{
"fieldCode":"",
"fieldName":"TRANSACTION CODE",
"fieldFormat":"4N",
"helpText":"Transaction code that identifies the type of monetary transaction."
}
],"section2":[
{
"fieldCode":"",
"fieldName":"STORE NUMBER",
"fieldFormat":"9N",
"helpText":"Store number associated with the transaction."
}
,{
"fieldCode":"",
"fieldName":"CREDIT PLAN NUMBER",
"fieldFormat":"5N",
"helpText":"Plan number that identifies the Credit Plan Master record associated with the transaction."
}
,{
"fieldCode":"",
"fieldName":"PLAN SEQUENCE",
"fieldFormat":"2N",
"helpText":"Sequence number that identifies the credit plan segment associated with the transaction."
}
,{
"fieldCode":"",
"fieldName":"TICKET",
"fieldFormat":"15C",
"helpText":"Ticket or invoice number associated with the transaction. Use this field when entering purchase transactions for open item billing accounts."
}
,{
"fieldCode":"",
"fieldName":"STOCK KEEPING UNIT",
"fieldFormat":"9N",
"helpText":"Stock keeping unit (SKU) number associated with the transaction."
}
,{
"fieldCode":"",
"fieldName":"TRANSACTION DESCRIPTION",
"fieldFormat":"40C",
"helpText":"Description of the transaction."
}
,{
"fieldCode":"",
"fieldName":"AUTHENTICATION CODE",
"fieldFormat":"6C",
"helpText":"Authorization code associated with the transaction."
}
,{
"fieldCode":"",
"fieldName":"DEPARTMENT NUMBER",
"fieldFormat":"4N",
"helpText":"Department code associated with the transaction."
}
,{
"fieldCode":"",
"fieldName":"SALES CLERK",
"fieldFormat":"12C",
"helpText":"Salesclerk associated with the transaction."
}
,{
"fieldCode":"",
"fieldName":"TRANSACTION STATUS",
"fieldFormat":"1C",
"helpText":"Status code of this item. This field displays on maintain and Query only if working with a batch of todays entry transactions (FILE is T1). The values are:<br/>Blank = Active; status never changed<br/>A = Active; status changed<br/>D = Delete."
}
,{
"fieldCode":"",
"fieldName":"PURCHASE ORDER",
"fieldFormat":"16C",
"helpText":"Purchase order number associated with the transaction. For Visa purchasing card accounts, the value in this field is user-defined and can represent a purchase order number, general ledger account number, project number, or any other <br/>value."
}
,{
"fieldCode":"",
"fieldName":"RESOLUTION REF NUMBER",
"fieldFormat":"14N",
"helpText":"Resolution reference number generated during the Posting run for payments received for open item billing accounts. CMS generates this field as follows:<br/>Position Value<br/>1-4 Posting date of the transaction (month and day)<br/>5-9 Batch number that processed the payment transaction<br/>10-14 Item number assigned by CMS to all open items processed to the Open Item file."
}
,{
"fieldCode":"",
"fieldName":"WALLET ID",
"fieldFormat":"3C",
"helpText":"Code that uniquely identifies each wallet on a prepaid account. For multicurrency prepaid accounts, this field corresponds to the ISO numeric currency code."
}
,{
"fieldCode":"",
"fieldName":"WALLET AMOUNT",
"fieldFormat":"9N/2D",
"helpText":"This field indicates the transaction amount in the wallet currency."
}
,{
"fieldCode":"",
"fieldName":"CARD NUMBER",
"fieldFormat":"19C",
"helpText":"Number that is embossed on the plastic card associated with the transaction. The card number is different from the account number only for accounts with card numbering scheme 3 (CARD SCHEME On Account Details -> 01-Account Base Segment)."
}
,{
"fieldCode":"",
"fieldName":"CARD NUMBER SEQUENCE",
"fieldFormat":"4N",
"helpText":"Sequence number (also called record number) to distinguish between multiple cards issued with the same card number.<br/>NOTE: If posting a transaction for an account assigned card numbering scheme 3 (CARD SCHEME On Account Details -> 01-Account Base Segment), enter a valid sequence number in the Card Number Sequence field. If no value is entered, CMS assumes card sequence number 0001."
}
,{
"fieldCode":"",
"fieldName":"INSURANCE PRODUCT",
"fieldFormat":"2C",
"helpText":"Code that identifies the insurance product associated with the transaction."
}
,{
"fieldCode":"",
"fieldName":"REFERENCE NUMBER",
"fieldFormat":"23C",
"helpText":"Generated reference number"
}
,{
"fieldCode":"",
"fieldName":"INST TYPE",
"fieldFormat":"1N",
"helpText":"Code that indicates the type of the installment transaction. The values are:<br/>0 = Other retail (Default)<br/>1 = Issuer installment<br/>2 = Reserved<br/>3 = Acquirer installment."
}
,{
"fieldCode":"",
"fieldName":"INST NBR",
"fieldFormat":"2N",
"helpText":"Total number of installments for the transaction agreed to by the cardholder. The values are 00-99. The default value is 00."
}
,{
"fieldCode":"",
"fieldName":"INST BEG SEQ",
"fieldFormat":"2N",
"helpText":"This field indicates the individual billed installment or the first installment sequence from the range of installments flagged to release early from the installment billing file. The values are 00-99. The default value is 00.<br/>Note: When BEG INST SEQ is 0, the initial sale transaction is implied. When BEG INST SEQ is not 0, the transaction for the successive individual term is implied.<br/>If INST TYPE is 1 or 2, INST NBR must be greater than 00 and BEG INST SEQ must be 00. If INST TYPE is 3, INST NBR and BEG INST SEQ fields must be greater than 00."
}
,{
"fieldCode":"",
"fieldName":"SUPPLEMENTARY FLAG",
"fieldFormat":"1C",
"helpText":"Code that indicates whether to suppress the monetary transaction from physical statement. The values are:<br/>Y = Suppress the transaction from the statement<br/>N = Do not suppress the transaction from the statement."
}
,{
"fieldCode":"",
"fieldName":"MERCH ORG",
"fieldFormat":"3N",
"helpText":"Merchant organization."
}
,{
"fieldCode":"",
"fieldName":"POST DATE",
"fieldFormat":"6N",
"helpText":"Date on which the item originally posted to the account."
}
,{
"fieldCode":"",
"fieldName":"BATCH STATUS DESCRIPTION",
"fieldFormat":"1C",
"helpText":"Code that indicates the status of the batch. The values are:<br/>A = Complete batch. The batch was completed during after-hours processing. The batch can be deleted or reactivated using the Monetary Batch Control screens (ARBC) .<br/>B = Delete batch. The batch was deleted during after-hours processing. The batch can be reactivated using the Monetary Batch Control screens (ARBC).<br/>C = Complete batch. The batch is balanced. You cannot modify the batch unless you reactivate the batch using the Monetary Batch Control screens (ARBC).<br/>D = Delete batch. The batch has been flagged to be deleted using the Monetary Batch Control screens (ARBC). CMS ignores all transactions within this batch.<br/>I = Incomplete batch. The batch is out of balance either by amount or by items."
}
,{
"fieldCode":"",
"fieldName":"BUSINESS UNIT",
"fieldFormat":"3N",
"helpText":"Identification number of the business unit associated with the Relationship record. The values are 001-998."
}
,{
"fieldCode":"",
"fieldName":"TOTAL ITEMS",
"fieldFormat":"3N",
"helpText":"Number of items in the batch, including items flagged for deletion. If the batch is in reject/reentry and the number of items does not equal the calculated total number of items, this field is open for input. You can change the number of items to equal the calculated total number of items, or you can increase the number in this field to a number greater than the calculated total number. If you increase the number, you can add additional items to the batch."
}
,{
"fieldCode":"",
"fieldName":"TOTAL AMOUNT CREDITS",
"fieldFormat":"15D/2N",
"helpText":"Total amount of credit transactions in the batch in monetary units and subunits."
}
,{
"fieldCode":"",
"fieldName":"TOTAL AMOUNT DEBITS",
"fieldFormat":"15D/2N",
"helpText":"Total amount of debit transactions in the batch in monetary units and subunits."
}
,{
"fieldCode":"",
"fieldName":"BATCH STATUS",
"fieldFormat":"1C",
"helpText":"Code that indicates the status of the batch. The values are:<br/>A = Complete batch. The batch was completed during after-hours processing. The batch can be deleted or reactivated using the Monetary Batch Control Page.<br/>B = Delete batch. The batch was deleted during after-hours processing. The batch can be reactivated using the Monetary Batch Control Page.<br/>C = Complete batch. The batch is balanced. You cannot modify the batch unless you reactivate the batch using the Monetary Batch Control Page.<br/>D = Delete batch. The batch has been flagged to be deleted using the Monetary Batch Control page. CMS ignores all transactions within this batch.<br/>I = Incomplete batch. The batch is out of balance either by amount or by items."
}
],"section3":[
{
"fieldCode":"",
"fieldName":"BATCH SOURCE",
"fieldFormat":"4N",
"helpText":"Source code that indicates how the batch entered CMS. This field is system-generated; you cannot change it. The values are:<br/>0000 = Local input<br/>0001-9998 = User input."
}
]},"sections": {
"section0":""
,
"section1":"MONETARY BATCH TXN ARAT T1"
,
"section2":"TXN EFFECTIVE DATE"
,
"section3":"BATCH EFF DATE"
}}
