{"data":{
"section0":[
],"section1":[
{
"fieldCode":"4001",
"fieldName":"CONTEXT",
"fieldFormat":"",
"helpText":""
}
,{
"fieldCode":"4002",
"fieldName":"SIGN ON NAME",
"fieldFormat":"15C",
"helpText":"Sign-on name that the person assigned this User Security Signon record will use to sign on to the system."
}
,{
"fieldCode":"4009",
"fieldName":"BUSINESS UNIT",
"fieldFormat":"3N",
"helpText":"Identification number of the business unit associated with the Relationship record. The values are 001-998.<br/>NOTE: The Relationship record and the subordinate accounts that make up a relationship must be assigned to the same business unit. The subordinate accounts in the relationship can be assigned to different products within that business unit."
}
,{
"fieldCode":"4002",
"fieldName":"RELATIONSHIP NUMBER",
"fieldFormat":"19C",
"helpText":"Identification number of the Relationship record. During the add mode, you can enter a specific relationship number to identify the new Relationship record."
}
,{
"fieldCode":"4009",
"fieldName":"CUSTOMER NUMBER",
"fieldFormat":"19C",
"helpText":"Identification number of the customer record associated with this relationship. This customer number must identify an existing customer record previously added into CMS.<br/>NOTE: If you enter an invalid customer number, the following error message displays:<br/>CUSTOMER NUMBER NOT VALID<br/>You must enter a valid customer number to proceed. If an invalid customer number is entered through a user input file, CMS generates the Relationship record but prints an exception message on the Audit Exception Report (D15)."
}
,{
"fieldCode":"4008",
"fieldName":"CREDIT LIMIT",
"fieldFormat":"15N/2D",
"helpText":"Total credit limit amount for all accounts in the relationship. CMS updates this field real-time whenever an account is added to or removed from the relationship, or when an accounts credit limit is increased or decreased (temporarily or permanently). This field is system-generated and cannot be modified."
}
,{
"fieldCode":"4005",
"fieldName":"RELATIONSHIP NAME",
"fieldFormat":"26C",
"helpText":"Name or description of the relationship. The value entered in this field is the default value for the second name line of the Embosser record (NAME ON 2 LINE on Cardholder Details ->01-Embosser Name And Address Details) for relationship accounts. You can change the name on the Embosser record."
}
,{
"fieldCode":"6604",
"fieldName":"BLOCK CODE",
"fieldFormat":"1C",
"helpText":"Block code that is associated with the relationship and defaults to the Account Base Segment record of the subordinate accounts, if it is of greater priority. This field enables you to place a block code on an entire relationship with a single entry. The values are A-Z or blank (space)."
}
,{
"fieldCode":"4009",
"fieldName":"MAIL CODE",
"fieldFormat":"1N",
"helpText":"Code that indicates which address to use to send the card and PIN mailer when no address is entered on the Embosser record. The values are:<br/>0 = Use the address assigned to the Customer Name/Address record that is associated with the Account Base Segment record (CUSTOMER NBR on Account Details->01-Account Base Segment) (Default)<br/>1 = Use the address assigned to the Customer Name/Address record that is associated with the Relationship record (CUSTOMER NUMBER on Relationship Details->01-Relationship Details)."
}
,{
"fieldCode":"4010",
"fieldName":"RESERVED AMT/PCT FLAG",
"fieldFormat":"",
"helpText":"Reserved for future use."
}
,{
"fieldCode":"4011",
"fieldName":"RESERVED AMT/PCT",
"fieldFormat":"",
"helpText":"Reserved for future use."
}
,{
"fieldCode":"4012",
"fieldName":"STATEMENT TYPE",
"fieldFormat":"1N",
"helpText":"Code that determines the detail level at which statements will be produced. The values are:<br/>0 = Produce a relationship statement with summary subordinate account statements (Default)<br/>1 = Produce a relationship statement and detailed subordinate account statements.<br/>NOTE: To generate statements for subordinate accounts in a relationship, the statement for the primary account must be generated; the statement for the primary account cannot be suppressed."
}
,{
"fieldCode":"4013",
"fieldName":"ACCOUNT CONTROL TABLE OVERRIDE",
"fieldFormat":"3N",
"helpText":"Identification number of the Account Processing table used by subordinate accounts in this relationship. This table number overrides the Account Processing table in the Processing Control table that is assigned to each account. The table number entered must identify an existing Account Processing table established at the business unit level.<br/>Example: If the Processing Control table assigned at the account level indicates a particular Account Processing table, you can identify an business unit-level Account Processing table in this field that overrides the account-level table assigned to the account.<br/>NOTE: The ACCOUNT CONTROL TABLE OVERRIDE field is not open to input when consolidated payments are not allowed on the business unit record (ALLOW CONSOLIDATED PAYMENTS on Business Units ->06-Procesing Controls is 0)."
}
,{
"fieldCode":"4012",
"fieldName":"BILLING CURRENCY",
"fieldFormat":"3N",
"helpText":"This is ISO currency code that identifies the currency of this account. This code defaults from the Organization record."
}
,{
"fieldCode":"4015",
"fieldName":"CREDIT TXN CODE FOR REL PMT",
"fieldFormat":"",
"helpText":""
}
,{
"fieldCode":"4016",
"fieldName":"DEBIT TXN CODE FOR REL PMT",
"fieldFormat":"",
"helpText":""
}
,{
"fieldCode":"4017",
"fieldName":"COMMERCIAL INDICATOR",
"fieldFormat":"1N",
"helpText":"Flag that indicates whether this is a commercial card relationship. The values are:<br/>0 = Not a commercial card relationship (Default)<br/>1 = Visa corporate card relationship<br/>2 = Visa purchasing card relationship<br/>3 = HCS commercial card relationship, which can include Visa corporate cards, Visa purchasing cards, and/or MasterCard purchasing cards<br/>4 = Non-HCS commercial card.<br/>NOTE: HCS processing in CMS is controlled by the relationship. If the relationship is defined as commercial (COMMERCIAL FLAG is 3), HCS processing will be active for accounts assigned to the relationship. <br/>NOTE: When this field is 0, CMS does not display Relationship details->02-Relationship Record Corp Setup. When this field is 1, only accounts assigned to a Visa corporate card product (QUARTERLY AFFLIATE CARD PRODUCT on Products->01 Products Specification is V8, V9, VB, or VC) can be added to the relationship. When this field is 2, only accounts assigned to a Visa purchasing card product (QUARTERLY AFFLIATE CARD PRODUCT on Products->01 Products Specification is VA or VD) can be added to the relationship. When this field is 3, any combination of commercial cards can be added to the relationship, including MasterCard purchasing cards (QUARTERLY AFFLIATE CARD PRODUCT on Products->01 Products Specification is M9), Visa corporate cards, and Visa purchasing cards. <br/>NOTE: When using the HCS automatic-setup process, this field defaults to <br/>3. <br/>NOTE: Once a relationship has been established as a Visa corporate card relationship or a Visa purchasing card relationship, this field cannot be changed to 0 (not a commercial card relationship)."
}
,{
"fieldCode":"4018",
"fieldName":"MEMO BALANCE INDICATOR",
"fieldFormat":"1N",
"helpText":"Flag that indicates whether the relationship is updated with the current balance, cash balance, memo debits, memo credits, and outstanding cash authorizations from the subordinate accounts. The balances at the relationship level are then used to calculate a memo balance and a memo cash balance for the relationship. <br/>The values are:<br/>0 = Do not update the relationship in batch with the current balance, cash balance, memo debits, memo credits, and outstanding cash authorizations from the subordinate accounts. Do not calculate a memo balance and memo cash balance for the relationship. (Default).<br/>1 = Update the relationship in batch with the current balance, cash balance, memo debits, memo credits, and outstanding cash authorizations from the subordinate accounts. Calculate a memo balance and a memo cash balance for the relationship.<br/>When the value in this field is 1, the balances at the relationship level are refreshed in batch processing.<br/>CAUTION: When the MEMO BALANCE INDICATOR is 1 (activated), the relationship memo level balances are refreshed in batch processing via the relationship tag records passing the balance information from each subordinate account. This increases the relationship processing requirements."
}
,{
"fieldCode":"4025",
"fieldName":"BILLING CYCLE",
"fieldFormat":"2C",
"helpText":"This field is the billing cycle for the relationship. The billing cycle defaults to each subordinate account within the relationship (BILLING CYCLE on Account Details->01-Account Base Segment). The values are 01-31.<br/>CAUTION: When you change the billing cycle for the relationship, it defaults to each subordinate account. CMS automatically adjusts the next statement date of the account accordingly. Exercise care when changing this field to ensure that no accounts within the relationship will cycle within 25 days of the previous cycle.<br/>NOTE: For subordinate accounts within a relationship, BILLING CYCLE on Account Details->01-Account Base Segment is a display field; you cannot modify it. This ensures that all accounts within a relationship have the same billing cycle.<br/>NOTE: If you enter a billing cycle that is not defined in the System record (VALID CYCLE CODES on System Control->05-Valid Cycle Codes), the following message is displayed:<br/>INVALID BILLING CYCLE"
}
,{
"fieldCode":"4013",
"fieldName":"BILLING LEVEL",
"fieldFormat":"1N",
"helpText":"The value entered in this field defines the default billing level for each subordinate account added to the relationship (BILLING LEVEL on System Control->05-Valid Cycle Codes). The values are:<br/>0 = Bill at relationship level<br/>1 = Bill at subordinate level (Default)<br/>2 = Combined billing either at relationship or subordinate level.<br/>NOTE: In maintenance mode, you cannot change BILLING LEVEL from 1 (subordinate level) to 0 (relationship level) if the relationship has subordinate accounts.<br/>NOTE: The BILLING LEVEL field is not open to input when consolidated payments are not allowed on the business unit record (ALLOW CONSOLIDATED PAYMENTS on Business Units->06-Procesing Controls is 0"
}
,{
"fieldCode":"4021",
"fieldName":"BILLNG LEVEL MODIFY",
"fieldFormat":"1N",
"helpText":"This is a code that indicates whether you can modify the billing level at the subordinate account level or only at the relationship level. The values are:<br/>0 = Modification at the subordinate account level is allowed.<br/>1 = Modification at the subordinate account level is not allowed. Modification must be at the relationship level only. (Default)<br/>If the field (BILLING LEVEL) is 0 (bill at relationship level) or 1 (bill at subordinate level), the field (BILLING LVL CHANGE ALLOWED) must be 1 (modification at the subordinate account level is not allowed). If BILLING LEVEL is 2 (combined billing), MODIFY can be 0 (modification at the subordinate account level is allowed) or 1 (modification at the subordinate account level is not allowed)."
}
,{
"fieldCode":"4022",
"fieldName":"ANNUAL FEE ASSESSMENT LEVEL",
"fieldFormat":"1N",
"helpText":"This field indicates the level at which to charge annual fees (also called membership fees) and a code that indicates whether you can modify the waive annual fee flag at the subordinate account level.<br/>This field is a code that indicates the level at which to charge the annual fee for the relationship. The values are:<br/>0 = Subordinate account level (Default)<br/>1 = Primary account level<br/>2 = Do not charge annual fee.<br/>If you enter 0, CMS sets the waive annual fee flag for the primary and subordinate accounts (WAIVE: MEMBERSHIP on Account Details-> 11-Waive Fees & Prepaid Reload) to 0 (do not waive) when the accounts are added to the relationship. Individual annual fees are assessed on the primary and subordinate accounts in the relationship.<br/>If you enter 1, CMS sets the waive annual fee flag for the primary account to 0 (do not waive) and for the subordinate accounts to 1 (waive) when the accounts are added to the relationship. An annual fee is assessed on the primary account only.<br/>If you enter 2, CMS sets the waive annual fee flag for the primary and subordinate accounts to 1 (waive) when the accounts are added to the relationship. An annual fee is not assessed on the primary and subordinate accounts in the relationship."
}
,{
"fieldCode":"4023",
"fieldName":"ANNUAL FEE CHANGE ALLOWED",
"fieldFormat":"1N",
"helpText":"This field indicates whether you can modify the waive annual fee flag at the subordinate account level. The values are:<br/>0 = Modification is allowed (Default)<br/>1 = Modification is not allowed."
}
,{
"fieldCode":"4024",
"fieldName":"LATE FEE ASSESSMENT LEVEL",
"fieldFormat":"1N",
"helpText":"This field that indicates the level at which to charge late fees for the relationship and a code that indicates whether you can modify the waive late charges flag at the subordinate account level.<br/>The first part of this field is a code that indicates the level at which to charge late fees for the relationship. The values are:<br/>0 = Subordinate account level (Default) <br/>1 = Primary account level<br/>2 = Do not charge late fees.<br/>NOTE: For value 0, the Service Charge/Fee table associated with each subordinate account in a relationship should have late fees established. For value 1, only the Service Charge/Fee table associated with the primary account should have late fees established.<br/>If you enter 0, CMS sets the waive late charges flag for the primary and subordinate accounts (WAIVE: LATE CHARGES on Account Details->11-Waive Fees & Prepaid Reload) to 0 (do not waive) when the accounts are added to the relationship. Individual late charges are assessed on the primary and subordinate accounts in the relationship.<br/>If you enter 1, CMS sets the waive late charges flag for the primary account to 0 (do not waive) and for the subordinate accounts to 1 (waive) when the accounts are added to the relationship. A late fee is assessed on the primary account only.<br/>If you enter 2, CMS sets the waive late charges flag for the primary and subordinate accounts to 1 (waive) when the accounts are added to the relationship. A late fee is not assessed on the primary and subordinate accounts in the relationship."
}
,{
"fieldCode":"4025",
"fieldName":"LATE FEE CHANGE ALLOWED",
"fieldFormat":"1N",
"helpText":"This field indicates whether you can modify the late waive late charges flag assigned to the subordinate accounts within the relationship. The values are:<br/>0 = Modification is allowed (Default)<br/>1 = Modification is not allowed."
}
,{
"fieldCode":"4026",
"fieldName":"NSF FEE ASSESSMENT LEVEL",
"fieldFormat":"1N",
"helpText":"This field indicates the level at which to charge fees for nonsufficient funds, also called not sufficient funds (NSF), and a code that indicates whether you can modify the waive NSF fee flag at the subordinate account level.The first part of this field is a code that indicates the level at which to charge NSF fees for the relationship. The values are:<br/>0 = Subordinate account level (Default) <br/>1 = Primary account level<br/>2 = Do not charge NSF fees.<br/>If you enter 0, CMS sets the waive NSF fee flag for the primary and subordinate accounts (WAIVE: NSF 1-5 on Account Details ->11-Waive Fees & Prepaid Reload) to 0 (do not waive) when the accounts are added to the relationship. Individual NSF fees are assessed on the primary and subordinate accounts in the relationship.<br/>If you enter 1, CMS sets the waive NSF fee flag for the primary account to 0 (do not waive) and for the subordinate accounts to 1 (waive) when the accounts are added to the relationship. An NSF fee is assessed on the primary account only.<br/>If you enter 2, CMS sets the waive NSF fee flag for the primary and subordinate accounts to 1 (waive) when the accounts are added to the relationship. An NSF fee is not assessed on the primary and subordinate accounts in the relationship."
}
,{
"fieldCode":"4027",
"fieldName":"NSF FEE CHANGE ALLOWED",
"fieldFormat":"1N",
"helpText":"This field indicates whether you can modify the waive NSF fee flag at the subordinate account level. The values are:<br/>0 = Modification is allowed (Default)<br/>1 = Modification is not allowed."
}
,{
"fieldCode":"4028",
"fieldName":"DEFAULT CREDIT LIMIT",
"fieldFormat":"15N/2D",
"helpText":"This field is used to establish the default credit limit of the subordinate accounts in a relationship .It is the credit limit in whole monetary units that defaults to each subordinate account (CREDIT LIMIT on Account Details01-Account Base Segment) in the relationship. The sum of all subordinate account credit limits within a relationship must not exceed the relationship credit limit (RELATIONSHIP CREDIT LIMIT)."
}
,{
"fieldCode":"4029",
"fieldName":"UPDATE CREDIT LIMIT",
"fieldFormat":"1N",
"helpText":"This this field is a code that indicates whether you can modify the credit limit at the subordinate account level. The values are:<br/>0 = Modification is allowed (Default)<br/>1 = Modification is not allowed."
}
,{
"fieldCode":"4030",
"fieldName":"CORPORATE CUSTOMER NUMBER",
"fieldFormat":"19C",
"helpText":"This is the identification number of the Customer Name/Address record for the corporation to which the purchasing card is assigned."
}
,{
"fieldCode":"4031",
"fieldName":"CUSTOMER GROUP CODE",
"fieldFormat":"3C",
"helpText":"Code used to identify relationships by group code. This field defaults to all subordinate accounts in the relationship and to all Embosser records added to the subordinate accounts."
}
,{
"fieldCode":"4060",
"fieldName":"AUTH CRITERIA TABLE NUMBER",
"fieldFormat":"",
"helpText":""
}
,{
"fieldCode":"4033",
"fieldName":"COST CENTER REPORTING NUMBER",
"fieldFormat":"16C",
"helpText":"Number used to associate cardholder-initiated transactions to the relationship. <br/>NOTE: Transactions must occur at a Level III commercial card merchant to produce the full 16-character reporting number. The merchant captures this number and includes it on the settlement record received by the card issuer."
}
,{
"fieldCode":"4034",
"fieldName":"FISCAL YEAR END",
"fieldFormat":"2N",
"helpText":"This is the month in which the fiscal year ends for the commercial card customer."
}
,{
"fieldCode":"4035",
"fieldName":"CURRENT EXPIRY DATE",
"fieldFormat":"",
"helpText":""
}
,{
"fieldCode":"4036",
"fieldName":"CORPORATE ID NUMBER",
"fieldFormat":"10N",
"helpText":"Number used to associate relationships and hierarchies for corporate commercial card customers. The value entered in this field defaults to all subordinate accounts in the relationship (CORP-ID-NUMBER on Account Details->02-Credit Scores & Associated Parties)"
}
,{
"fieldCode":"4190",
"fieldName":"SOURCE CODE",
"fieldFormat":"10C",
"helpText":"User-defined source code assigned to the commercial card customer."
}
,{
"fieldCode":"4038",
"fieldName":"CONTACT NAME",
"fieldFormat":"30C",
"helpText":"Name of the primary contact for the commercial relationship."
}
,{
"fieldCode":"4039",
"fieldName":"CONTACT PHONE NUMBER",
"fieldFormat":"20C",
"helpText":"Telephone number of the primary contacT."
}
,{
"fieldCode":"4040",
"fieldName":"OFFICERS NAME",
"fieldFormat":"30C",
"helpText":"Name of the officer at the financial institution responsible for the commercial relationship."
}
,{
"fieldCode":"4162",
"fieldName":"USER DATE 1",
"fieldFormat":"",
"helpText":"User-defined date field for the relationship. You can define a custom field name in the business unit record."
}
,{
"fieldCode":"4163",
"fieldName":"USER DATE 2",
"fieldFormat":"",
"helpText":"User-defined date field for the relationship. You can define a custom field name in the business unit record."
}
,{
"fieldCode":"4176",
"fieldName":"USER AMOUNT 1",
"fieldFormat":"15N/2D",
"helpText":"User-defined amount field for the relationship. You can define a custom field name in the business unit record."
}
,{
"fieldCode":"4177",
"fieldName":"USER AMOUNT 2",
"fieldFormat":"15N/2D",
"helpText":"User-defined amount field for the relationship. You can define a custom field name in the business unit record."
}
,{
"fieldCode":"4045",
"fieldName":"USER FIELD 5",
"fieldFormat":"15C",
"helpText":"User-defined field for any information about the relationship. You can define a custom field name in the business unit record."
}
,{
"fieldCode":"4046",
"fieldName":"USER FIELD 6",
"fieldFormat":"15C",
"helpText":"User-defined field for any information about the relationship. You can define a custom field name in the business unit record."
}
,{
"fieldCode":"4047",
"fieldName":"DCAL EXTERNAL REPORTING INDICATOR",
"fieldFormat":"1N",
"helpText":"Flag that indicates whether an extract is produced to interface with the D.Cal product. The values are:<br/>0 = No, a D.Cal interface extract is not produced (Default)<br/>1 = Yes, a D.Cal interface extract is produced.<br/>This flag can be 1 only when the COMMERCIAL INDICATOR on Relationship Details->01-Relationship Details is 4 and EXTERNAL REPORTING: FREQUENCY is 99."
}
,{
"fieldCode":"4048",
"fieldName":"REPORT FREQUENCY",
"fieldFormat":"2N",
"helpText":"Code that defines when an extract file is produced for external reporting. The values are:<br/>00 = Not produced (Default)<br/>01-31 = Day of month<br/>41-47 = Day of week (where 41 is Monday, 42 is Tuesday, etc.)<br/>70 = Billing cycle<br/>99 = Daily.<br/>This field can be greater than zero only when at least one of the external reporting flags (VIM EXTERNAL REPORTING INDICATOR, SDOL EXTERNAL REPORTING INDICATOR, VGIS EXTERNAL REPORTING INDICATOR and DCAL EXTERNAL REPORTING INDICATOR) is set to zero."
}
,{
"fieldCode":"4049",
"fieldName":"TOTAL CASH AMOUNT",
"fieldFormat":"",
"helpText":""
}
,{
"fieldCode":"4050",
"fieldName":"CASH FREQUENCY",
"fieldFormat":"1C",
"helpText":"Code that indicates the frequency to assess cash advance fees when a cash advance transaction posts. The values are:<br/>D = Daily (Default)<br/>M = Monthly."
}
,{
"fieldCode":"4051",
"fieldName":"CASH FREQUENCY DEFAULT LEVEL",
"fieldFormat":"1N",
"helpText":"This field indicates that relationship level cash limit frequency to be defaulted to account or card or both. The values are:<br/>0 = Limit frequency field will be defaulted from relationship to account / Card<br/>1 = Indicates limit frequency Field will not be defaulted from relationship to account/ card."
}
,{
"fieldCode":"4052",
"fieldName":"AUTHORIZATION AT RELATIONSHIP LEVEL",
"fieldFormat":"1N",
"helpText":"Flag that indicates whether relationship authorization is allowed for subordinate accounts in the relationship. The values are: <br/>0 = Relationship authorization is not allowed for subordinate accounts in the relationship (Default)<br/>1 = Relationship authorization is allowed for subordinate accounts in the relationship.<br/>This value defaults from the business unit record (RELATIONSHIP AUTHORIZATION ACTIVE on Business Unit ->11-Relationship & Tax Controls). When relationship authorization is not allowed at the business unit level, this field must be 0. When relationship authorization is allowed at the business unit level, this field can be 0 or 1. <br/>NOTE: If AUTHORIZATION AT RELATIONSHIP LEVEL is changed from 1 to 0, CMS changes the REL LEVEL AUTH, PURCHASE AUTH, and CASH AUTH fields on the Account Details->10-User Defined&Rel Auth & Debit Paramaeters to 0 during the next batch run. If AUTHORIZATION AT RELATIONSHIP LEVEL is changed from 0 to 1, CMS changes the REL LEVEL AUTH field on all subordinate accounts to 1 during the next batch run. CMS will not assign new values to the PURCHASE AUTH and CASH AUTH fields. When activating relationship authorization processing for individual accounts, you must manually update these values on the corresponding Account Base Segment records"
}
,{
"fieldCode":"4053",
"fieldName":"COMPANY HIERARCHY",
"fieldFormat":"",
"helpText":""
}
]},"sections": {
"section0":""
,
"section1":"RELATIONSHIP ADD"
}}
