{"data":{
"section0":[
],"section1":[
{
"fieldCode":"4001",
"fieldName":"BUSINESS UNIT",
"fieldFormat":"3N",
"helpText":"Identification number of the business unit associated with the Relationship record. The values are 001-998."
}
,{
"fieldCode":"5007",
"fieldName":"PLAN NUMBER",
"fieldFormat":"5N",
"helpText":"Identification number of the Credit Plan Master record. The values are 00001-99998. You can establish as many as 99,998 Credit Plan Master records for each organization."
}
,{
"fieldCode":"4004",
"fieldName":"CD",
"fieldFormat":"1N",
"helpText":"Code that indicates the maximum cycle due allowed for the postpurchase conversion. The values are 0-9. The default is 0."
}
,{
"fieldCode":"4205",
"fieldName":"STATUS",
"fieldFormat":"20C",
"helpText":"Code that indicates whether the account status code is valid for postpurchase installment conversion. If an account has a status code included in this list, the conversion is not allowed. The values are:<br/>0 = Status code is valid for post-purchase conversion (Default)<br/>1 = Status code is restricted from post-purchase conversion."
}
,{
"fieldCode":"6604",
"fieldName":"BLOCK CODE",
"fieldFormat":"27C",
"helpText":"Code that indicates whether the account status code is valid for postpurchase installment conversion. If an account has a block code included in the list, the conversion is not allowed. The values are:<br/>0 = Block code is valid for post-purchase conversion (Default)<br/>1 = Block code is restricted from post-purchase conversion."
}
,{
"fieldCode":"4055",
"fieldName":"EXPIRE",
"fieldFormat":"1N",
"helpText":"Code that indicates whether the transaction should be restricted from post-purchase conversion if the card which initiated the transaction is expired. The values are:<br/>0 = Do not restrict from conversion if the card is expired (Default)<br/>1 = Restrict from conversion if the card is expired.<br/>NOTE: When the card number is available for the transaction conversion, the expiry date of the card is validated. If the card number is not available for the transaction conversion, the greatest expiry date on the account is used for validation."
}
,{
"fieldCode":"4060",
"fieldName":"MODE",
"fieldFormat":"",
"helpText":""
}
]},"sections": {
"section0":""
,
"section1":"EPP PARAMETER"
}}
