{"data":{
"section0":[
],"section1":[
{
"fieldCode":"4009",
"fieldName":"BUSINESS UNIT",
"fieldFormat":"3N",
"helpText":"Identification number of the business unit associated with this account taken from home page."
}
,{
"fieldCode":"0898",
"fieldName":"PRODUCT",
"fieldFormat":"3N",
"helpText":"Identification number of the product associated with this account from home page."
}
,{
"fieldCode":"5003",
"fieldName":"ACCOUNT",
"fieldFormat":"19C",
"helpText":"Identification number of the account taken from the home page."
}
,{
"fieldCode":"5004",
"fieldName":"CURRENT BALANCE",
"fieldFormat":"17N",
"helpText":"Current balance of the accoun"
}
,{
"fieldCode":"5005",
"fieldName":"TRANSFER ORG",
"fieldFormat":"3N",
"helpText":"Organization associated with the account. You cannot copy or transfer an account outside its original organization."
}
,{
"fieldCode":"5006",
"fieldName":"TRANSFER ACCT",
"fieldFormat":"19C",
"helpText":"Account number to which you want to transfer or copy account information (transfer to account). CMS automatically adds a new Account Base Segment record identified by this account number. You can enter a specific account number or enter a slash (/). If you enter a slash, CMS automatically generates the new account number."
}
,{
"fieldCode":"5008",
"fieldName":"DATE REQUESTED",
"fieldFormat":"8N",
"helpText":"Date on which the payment was requested for each billing occurrence."
}
,{
"fieldCode":"5013",
"fieldName":"ITEM SEL",
"fieldFormat":"1C",
"helpText":"Selection field used to choose a specific billing occurrence. Type X next to the billing occurrence you want to choose. This untitled field displays to the left of the payment request date (DATE RQST field)."
}
,{
"fieldCode":"4037",
"fieldName":"CURRENCY NUMBER",
"fieldFormat":"1C",
"helpText":"Field that indicates billing occurences in order by payment request date."
}
,{
"fieldCode":"5004",
"fieldName":"BILLING DATE",
"fieldFormat":"",
"helpText":"Date on which bill is generated."
}
,{
"fieldCode":"5016",
"fieldName":"CURRENCY NUMBER1",
"fieldFormat":"1C",
"helpText":"Field that indicates billing occurences in order by payment request date."
}
,{
"fieldCode":"5006",
"fieldName":"SEQ NUMBER",
"fieldFormat":"3N",
"helpText":"Sequence number that identifies a credit plan segment. This is the same as the record number on the Credit Plan Segment record (REC on ARMA01)."
}
,{
"fieldCode":"5007",
"fieldName":"PLAN NUMBER",
"fieldFormat":"5N",
"helpText":"Plan number that identifies the Credit Plan Master record associated with the credit plan segmen"
}
,{
"fieldCode":"5008",
"fieldName":"PLAN TYPE",
"fieldFormat":"1C",
"helpText":"Code that indicates the credit plan type as defined on the Credit Plan Master (PLAN TYPE on ARMC01). The values are:<br/>A = Access checks (cash plan)<br/>B = Balance transfers (retail plan)<br/>C = Cash plan<br/>L = Loan plan<br/>K = Access checks (retail plan)<br/>R = Retail plan<br/>T = Balance transfers (cash plan)."
}
,{
"fieldCode":"5012",
"fieldName":"CURRENCY-INDICATOR",
"fieldFormat":"1C",
"helpText":"Field that indicates billing occurences in order by payment request date."
}
,{
"fieldCode":"4024",
"fieldName":"DATE OPENED",
"fieldFormat":"8N",
"helpText":"Date on which credit plan segment was opened."
}
,{
"fieldCode":"5009",
"fieldName":"PAYMENT REQUESTED",
"fieldFormat":"17N",
"helpText":"Amount of the payment requested for the credit plan segment."
}
,{
"fieldCode":"5012",
"fieldName":"TOTAL DUE",
"fieldFormat":"17N",
"helpText":"Total amount due for the credit plan segment."
}
]},"sections": {
"section0":""
,
"section1":"BILLING HISTORY PLAN SEL"
}}
