{"data":{
"section0":[
],"section1":[
{
"Field code":"0101",
"FieldName":"SECURITY SIGNON",
"FieldFormat":"20C",
"FieldDescription":"Users sign-on in security system."
}
,{
"Field code":"0102",
"FieldName":"SIGNON NAME",
"FieldFormat":"20C",
"FieldDescription":"Users sign-on name."
}
,{
"Field code":"5001",
"FieldName":"BUSINESS UNIT",
"FieldFormat":"3N",
"FieldDescription":"Identification number of the business unit associated with this account. The values are 001-998."
}
,{
"Field code":"5003",
"FieldName":"ACCOUNT DESCRIPTION",
"FieldFormat":"12C",
"FieldDescription":"This field indicates the type of account if its a Transferred account  or Active Account."
}
,{
"Field code":"5005",
"FieldName":"ACCOUNT",
"FieldFormat":"19C",
"FieldDescription":"Identification number of the account for which you want to display billing history information.<br/>Note: If you enter an account with no credit plan segments or no billing history, CMS displays an error message and does not allow you to continue.<br/>Note: When a card scheme 3 account transfer and card replacement occurs, one of the cards transferred to the new account may have the same number as the old transferred-from account number."
}
,{
"Field code":"0103",
"FieldName":"SERVICE RETURN CODE",
"FieldFormat":"",
"FieldDescription":""
}
,{
"Field code":"5002",
"FieldName":"CURRENCY NUMBER",
"FieldFormat":"",
"FieldDescription":""
}
,{
"Field code":"5004",
"FieldName":"ORG",
"FieldFormat":"3N",
"FieldDescription":"Identification number of the organization associated with the account selected on the Locate screen. The organization number displays for reference on the remaining Account Insurance/Product Data screens."
}
,{
"Field code":"5005",
"FieldName":"ACCOUNT NUMBER",
"FieldFormat":"19C",
"FieldDescription":"Identification number of the account selected on the Locate screen. The account number displays for reference on the remaining Account Insurance/Product Data screens."
}
,{
"Field code":"5006",
"FieldName":"LOGO",
"FieldFormat":"3N",
"FieldDescription":"Identification number of the logo associated with this account."
}
,{
"Field code":"5007",
"FieldName":"SELECTION",
"FieldFormat":"1C",
"FieldDescription":"Selection field used to choose a specific credit plan. Type X next to the credit plan you want to choose. This untitled field displays to the left of the SEQ field."
}
]},"sections": {
"section0":""
,
"section1":"Billing History Locate  ARBH"
}}
