{"data":{
"section0":[
],"section1":[
{
"fieldCode":"4009",
"fieldName":"BUSINESS UNIT",
"fieldFormat":"3N",
"helpText":"Identification number of the business unit associated with the Relationship record. The values are 001-998."
}
,{
"fieldCode":"4003",
"fieldName":"ACCOUNT",
"fieldFormat":"19C",
"helpText":"Identification number of the account for which you want to display billing history information.<br/>NOTE: If you enter an account with no credit plan segments or no billing history, CMS displays an error message and does not allow you to continue.<br/>NOTE: When a card scheme 3 account transfer and card replacement occurs, one of the cards transferred to the new account may have the same number as the old transferred-from account number. If the number you enter on the Locate screen meets this condition, CMS displays the following additional locate fields that you can select from. If you leave the select field blank and press Enter, however, CMS displays the new account on the next screen."
}
,{
"fieldCode":"4002",
"fieldName":"LOGO",
"fieldFormat":"3N",
"helpText":"This field is the identification number of the Logo record."
}
,{
"fieldCode":"5004",
"fieldName":"CURRENT BALANCE",
"fieldFormat":"17N",
"helpText":"Current balance of the account."
}
,{
"fieldCode":"4009",
"fieldName":"BUSINESS UNIT",
"fieldFormat":"3N",
"helpText":"Identification number of the business unit associated with the Relationship record. The values are 001-998."
}
,{
"fieldCode":"4037",
"fieldName":"CURRENCY NUMBER",
"fieldFormat":"3N",
"helpText":"Currency Code of the transaction"
}
,{
"fieldCode":"5013",
"fieldName":"ITEM SEL",
"fieldFormat":"1C",
"helpText":"Selection field used to choose a specific billing occurrence. Type X next to the billing occurrence you want to choose. This untitled field displays to the left of the payment request date (DATE RQST field)."
}
,{
"fieldCode":"4005",
"fieldName":"XFR ORG",
"fieldFormat":"",
"helpText":""
}
,{
"fieldCode":"4006",
"fieldName":"XFR ACCT",
"fieldFormat":"",
"helpText":""
}
,{
"fieldCode":"5003",
"fieldName":"ACCOUNT DESCRIPTION",
"fieldFormat":"12C",
"helpText":"Identification number of the transferred-to card scheme 3 account. This field is system-generated; you cannot change it."
}
,{
"fieldCode":"5004",
"fieldName":"ORG",
"fieldFormat":"3C",
"helpText":"Organization name"
}
,{
"fieldCode":"4010",
"fieldName":"ACCOUNT NUMBER",
"fieldFormat":"15N/2D",
"helpText":"Account number that identifies the subordinate account in the relationship. If the account is the primary account in the relationship, the letter P displays to the right of the account number."
}
,{
"fieldCode":"6504",
"fieldName":"SELECTION",
"fieldFormat":"1C",
"helpText":"By selecting PLAN SELECT button the page will be routed to Billing History Plan Sel 01-Account Billing History."
}
]},"sections": {
"section0":""
,
"section1":"BILLING HISTORY LOCATEX"
}}
