{"data":{
"section0":[
],"section1":[
{
"fieldCode":"4009",
"fieldName":"BUSINESS UNIT",
"fieldFormat":"3N",
"helpText":"Identification number of the business unit associated with this account."
}
,{
"fieldCode":"0898",
"fieldName":"PRODUCT",
"fieldFormat":"3N",
"helpText":"Identification number of the product associated with this account."
}
,{
"fieldCode":"5003",
"fieldName":"ACCOUNT",
"fieldFormat":"19C",
"helpText":"Identification number of the account."
}
,{
"fieldCode":"5004",
"fieldName":"BILLING DATE",
"fieldFormat":"",
"helpText":"Date on which bill is generated."
}
,{
"fieldCode":"5013",
"fieldName":"ITEM SEL",
"fieldFormat":"1C",
"helpText":"Selection field used to choose a specific billing occurrence. Type X next to the billing occurrence you want to choose. This untitled field displays to the left of the payment request date (DATE RQST field)."
}
,{
"fieldCode":"4006",
"fieldName":"SEQ NBR",
"fieldFormat":"3N",
"helpText":"Sequence number that identifies each credit plan segment on the account. This is the same as the record number (RECORD NUMBER) on the Plan Details ->01-Credit Plan Seg. The values are 001-999."
}
,{
"fieldCode":"4007",
"fieldName":"PLAN NBR",
"fieldFormat":"5N",
"helpText":"Plan number that identifies the Credit Plan Master record associated with this credit plan segment."
}
,{
"fieldCode":"5008",
"fieldName":"PLAN TYPE",
"fieldFormat":"1C",
"helpText":"Code that indicates the credit plan type as defined on the PLAN TYPE on Credit Plan -> 01-Credit Plan Specification. The values are:<br/>A = Access checks (cash plan)<br/>B = Balance transfers (retail plan)<br/>C = Cash plan<br/>K = Access checks (retail plan)<br/>L = Loan plan<br/>R = Retail plan<br/>T = Balance transfers (cash plan)."
}
,{
"fieldCode":"4024",
"fieldName":"DATE OPENED",
"fieldFormat":"",
"helpText":"Date on which credit plan segment was opened."
}
,{
"fieldCode":"5009",
"fieldName":"PAYMENT REQUESTED",
"fieldFormat":"15N/2D",
"helpText":"Amount of the payment requested."
}
,{
"fieldCode":"5012",
"fieldName":"TOTAL DUE",
"fieldFormat":"15N/2D",
"helpText":"Total due for this credit plan segment."
}
,{
"fieldCode":"5005",
"fieldName":"TRANSFER ORG",
"fieldFormat":"3N",
"helpText":"Organization associated with the account. You cannot copy or transfer an account outside its original organization."
}
,{
"fieldCode":"5006",
"fieldName":"TRANSFER ACCT",
"fieldFormat":"19C",
"helpText":"Account number to which you want to transfer or copy account information (transfer to account). CMS automatically adds a new Account Base Segment record identified by this account number. You can enter a specific account number or enter a slash (/). If you enter a slash, CMS automatically generates the new account number."
}
,{
"fieldCode":"4037",
"fieldName":"CURRENCY NUMBER",
"fieldFormat":"",
"helpText":""
}
,{
"fieldCode":"5007",
"fieldName":"PLAN NUMBER",
"fieldFormat":"5N",
"helpText":"Plan number that identifies the Credit Plan Master record associated with the credit plan segment."
}
,{
"fieldCode":"5006",
"fieldName":"SEQ NUMBER",
"fieldFormat":"3N",
"helpText":"Sequence number that identifies a credit plan segment."
}
,{
"fieldCode":"5008",
"fieldName":"DATE REQUESTED",
"fieldFormat":"",
"helpText":"Date on which CMS requested the payment."
}
,{
"fieldCode":"5008",
"fieldName":"DUE DATE",
"fieldFormat":"",
"helpText":"Date when the payment is due."
}
,{
"fieldCode":"5009",
"fieldName":"FIXED PAYMENT",
"fieldFormat":"15N/2D",
"helpText":"Amount of the fixed payment"
}
,{
"fieldCode":"5004",
"fieldName":"CURRENT BALANCE",
"fieldFormat":"15N/2D",
"helpText":"Current balance for this credit plan segment at the time CMS requested the payment."
}
,{
"fieldCode":"5012",
"fieldName":"PRINCIPAL",
"fieldFormat":"15N/2D",
"helpText":"Amount of principal at the time CMS requested the payment."
}
,{
"fieldCode":"5013",
"fieldName":"INTEREST",
"fieldFormat":"15N/2D",
"helpText":"Amount of billed-not-paid (BNP) finance charges at the time CMS requested the payment."
}
,{
"fieldCode":"5014",
"fieldName":"INSURANCE",
"fieldFormat":"15N/2D",
"helpText":"Amount of BNP insurance charges at the time CMS requested the payment."
}
,{
"fieldCode":"5015",
"fieldName":"NSF FEES",
"fieldFormat":"15N/2D",
"helpText":"Amount of BNP charges for non-sufficient funds at the time CMS requested the payment."
}
,{
"fieldCode":"5016",
"fieldName":"SERVICE CHARGES",
"fieldFormat":"15N/2D",
"helpText":"Amount of BNP service charges at the time CMS requested the payment. This amount includes interim statement fees, letter fees; cash advance fees, card issue fees, and service charge fees."
}
,{
"fieldCode":"5017",
"fieldName":"LATE CHARGES",
"fieldFormat":"15N/2D",
"helpText":"Amount of BNP late charges at the time CMS requested the payment."
}
,{
"fieldCode":"5018",
"fieldName":"ANNUAL FEES",
"fieldFormat":"15N/2D",
"helpText":"Amount of BNP annual fees at the time CMS requested the payment. Annual fees are also called membership fees."
}
,{
"fieldCode":"5019",
"fieldName":"OVERLIMIT FEES",
"fieldFormat":"15N/2D",
"helpText":"Amount of BNP over limit charges at the time CMS requested the payment."
}
,{
"fieldCode":"5020",
"fieldName":"RECOVERY FEES",
"fieldFormat":"15N/2D",
"helpText":"Amount of BNP recovery charges at the time CMS requested the payment."
}
,{
"fieldCode":"5021",
"fieldName":"COLLECTION FEES",
"fieldFormat":"15N/2D",
"helpText":"Amount of BNP collection charges at the time CMS requested the payment."
}
,{
"fieldCode":"5008",
"fieldName":"DESCRIPTION",
"fieldFormat":"40C",
"helpText":"This field displays the description."
}
,{
"fieldCode":"5023",
"fieldName":"AMOUNT",
"fieldFormat":"15N/2D",
"helpText":"Amount of the transaction."
}
]},"sections": {
"section0":""
,
"section1":"BILLING HISTORY PLAN INFO"
}}
