{"data":{
"section0":[
],"section1":[
{
"fieldCode":"4009",
"fieldName":"BUSINESS UNIT",
"fieldFormat":"3N",
"helpText":"Identification number of the business unit associated with this account. The values are 001-998."
}
,{
"fieldCode":"4002",
"fieldName":"RELATIONSHIP NUMBER",
"fieldFormat":"19C",
"helpText":"Identification number of the Relationship record."
}
,{
"fieldCode":"4037",
"fieldName":"CURRENCY NUMBER",
"fieldFormat":"3N",
"helpText":"Currency Code of the transaction"
}
,{
"fieldCode":"4009",
"fieldName":"BUSINESS UNIT",
"fieldFormat":"3N",
"helpText":"Identification number of the business unit associated with this account. The values are 001-998."
}
,{
"fieldCode":"0898",
"fieldName":"PRODUCT",
"fieldFormat":"3N",
"helpText":"Identification number of the product associated with this Account Base Segment record. The values are 001-998."
}
,{
"fieldCode":"5003",
"fieldName":"ACCOUNT",
"fieldFormat":"19N",
"helpText":"Identification number of the account for which you want to display billing history information."
}
,{
"fieldCode":"5004",
"fieldName":"CURRENT BALANCE",
"fieldFormat":"17N",
"helpText":"Current balance of the account identified by the adjacent ACCTfield.<br/>For non-prepaid card accounts, a minus sign (-) after this amount indicates a credit balance.<br/>For prepaid card accounts, a C after this amount indicates a credit balance and a D after this amount indicates a debit balance."
}
,{
"fieldCode":"5005",
"fieldName":"TRANSFER ORG",
"fieldFormat":"3N",
"helpText":"Organization associated with the account. You cannot copy or transfer an account outside its original organization."
}
,{
"fieldCode":"5006",
"fieldName":"TRANSFER ACCT",
"fieldFormat":"19C",
"helpText":"Account number to which you want to transfer or copy account information (transfer to account). CMS automatically adds a new Account Base Segment record identified by this account number. You can enter a specific account number or enter a slash (/). If you enter a slash, CMS automatically generates the new account number."
}
,{
"fieldCode":"5007",
"fieldName":"CREDIT PLAN NBR",
"fieldFormat":"5N",
"helpText":"Plan number that identifies the Credit Plan Master record associated with the transaction"
}
,{
"fieldCode":"5008",
"fieldName":"DATE REQUESTED",
"fieldFormat":"8N",
"helpText":"Payment request date for each billing occurrence."
}
,{
"fieldCode":"5009",
"fieldName":"PAYMENT REQUESTED",
"fieldFormat":"17N",
"helpText":"Amount of each payment requested in the local currency."
}
,{
"fieldCode":"5010",
"fieldName":"CYCLE DUE",
"fieldFormat":"1N",
"helpText":"Cycle due code at the time CMS requested each payment. The cycle due code identifies the number of billing cycles for which a payment is due and indicates the level of contractual delinquency. The values are:<br/>0 = No amount due<br/>1 = Current amount due; not past due<br/>2 = Amount past due 1-29 days (or X days)<br/>3 = Amount past due 30-59 days<br/>4 = Amount past due 60-89 days<br/>5 = Amount past due 90-119 days<br/>6 = Amount past due 120-149 days<br/>7 = Amount past due 150-179 days<br/>8 = Amount past due 180-209 days<br/>9 = Amount past due 210 or more days."
}
,{
"fieldCode":"5011",
"fieldName":"RECENCY CODE",
"fieldFormat":"1N",
"helpText":"Recency code at the time CMS requested each payment. The recency code identifies the number of billing cycles since CMS posted the last qualified payment and indicates the level of recency delinquency. The values are 0-9."
}
,{
"fieldCode":"5012",
"fieldName":"TOTAL DUE",
"fieldFormat":"17N",
"helpText":"Total amount due for the account at the time CMS requested each payment. This amount includes the current amount due and all past due amounts."
}
,{
"fieldCode":"5013",
"fieldName":"ITEM SEL",
"fieldFormat":"1C",
"helpText":"Selection field used to choose a specific billing occurrence. Type X next to the billing occurrence you want to choose. This untitled field displays to the left of the payment request date (DATE RQST field)."
}
,{
"fieldCode":"4037",
"fieldName":"CURRENCY NUMBER",
"fieldFormat":"3N",
"helpText":"Currency Code of the transaction"
}
,{
"fieldCode":"5014",
"fieldName":"CURR",
"fieldFormat":"3N",
"helpText":"ISO currency code that identifies the local currency."
}
,{
"fieldCode":"5008",
"fieldName":"DATE REQUESTED",
"fieldFormat":"8N",
"helpText":"Payment request date for each billing occurrence."
}
,{
"fieldCode":"5009",
"fieldName":"PAYMENT REQUESTED",
"fieldFormat":"17N",
"helpText":"Amount of each payment requested in the local currency."
}
,{
"fieldCode":"5017",
"fieldName":"RATE",
"fieldFormat":"12N",
"helpText":"Conversion rate used to convert the payment requested and the total amount due from the account currency into the local currency."
}
,{
"fieldCode":"5018",
"fieldName":"NOD",
"fieldFormat":"1N",
"helpText":"Number of decimal positions associated with the conversion rate in the RATE field."
}
,{
"fieldCode":"5012",
"fieldName":"TOTAL DUE",
"fieldFormat":"17N",
"helpText":"Total amount due for this account in the foreign currency at the time CMS requested each payment. This amount includes the current amount due and all past due amounts."
}
]},"sections": {
"section0":""
,
"section1":"ACCOUNT BILLING HISTORY"
}}
