{"data":{
"section0":[
],"section1":[
{
"fieldCode":"4001",
"fieldName":"PRIMARY KEY FIELD",
"fieldFormat":"40C",
"helpText":"Primary search field entered on the 01-Customer Name Extended."
}
,{
"fieldCode":"4055",
"fieldName":"LAST NAME",
"fieldFormat":"40C",
"helpText":"Last name, business, store, or generic name of the customer."
}
,{
"fieldCode":"4056",
"fieldName":"FIRST NAME",
"fieldFormat":"40C",
"helpText":"First name of the customer."
}
,{
"fieldCode":"4057",
"fieldName":"MIDDLE NAME",
"fieldFormat":"40C",
"helpText":"Middle name of the customer."
}
,{
"fieldCode":"4058",
"fieldName":"IDENTIFICATION NUMBER",
"fieldFormat":"25C",
"helpText":"Identification number of the customer."
}
,{
"fieldCode":"4059",
"fieldName":"PHONE NUMBER",
"fieldFormat":"20C",
"helpText":"Phone number for the customer. This field can contain the home, work, fax, or mobile phone number."
}
,{
"fieldCode":"4060",
"fieldName":"DATE OF BIRTH",
"fieldFormat":"8C",
"helpText":"Date of birth of the customer."
}
,{
"fieldCode":"4061",
"fieldName":"TITLE",
"fieldFormat":"20C",
"helpText":"Professional or honorary title of the customer."
}
,{
"fieldCode":"4062",
"fieldName":"SUFFIX",
"fieldFormat":"20C",
"helpText":"Suffix for the customer. Examples include Jr., Sr., etc."
}
,{
"fieldCode":"4063",
"fieldName":"COUNTRY",
"fieldFormat":"3C",
"helpText":"Country for the customer. If you use this field, enter the exact country code."
}
,{
"fieldCode":"4064",
"fieldName":"POSTAL CODE",
"fieldFormat":"10C",
"helpText":"Data entered in the POSTAL CODE field on ARCL00."
}
,{
"fieldCode":"4065",
"fieldName":"USER 14",
"fieldFormat":"20C",
"helpText":"User-defined field for the search. This field literal displays as USER 14 unless changed on the Organization record (ARMO11)."
}
,{
"fieldCode":"4066",
"fieldName":"USER 15",
"fieldFormat":"20C",
"helpText":"User-defined field for the search. This field literal displays as USER 15 unless changed on the Organization record (ARMO11)."
}
,{
"fieldCode":"4067",
"fieldName":"BUSINESS UNIT",
"fieldFormat":"3N",
"helpText":"Identification number of the business unit for the search. The values are:<br/>000 = Search all business units (Default)<br/>001�998 = Search a specific business unit."
}
,{
"fieldCode":"4068",
"fieldName":"SELECT",
"fieldFormat":"1C",
"helpText":"Selection field used to select a record from the list displayed on the screen. The values are:<br/>C = Select the Customer Name/Address record associated with this record. CMS displays the record you selected on the Customer Name/Address screen in inquiry mode (ARQN01).<br/>X = Select the customers account data or a merchant or store record. CMS displays ARCL02, which lists the Relationship, Account Base Segment, and Embosser records associated with the record."
}
,{
"fieldCode":"4004",
"fieldName":"CUST#/STORE#/MERCH#",
"fieldFormat":"19C",
"helpText":"Number of the customer, store, or merchant record that was found to contain the name information."
}
,{
"fieldCode":"4007",
"fieldName":"SOURCE CODE",
"fieldFormat":"2C",
"helpText":"Source of the name that matches the search criteria. This field is system-generated and cannot be modified. The values are:<br/>O1 = Owners name line 1<br/>O2 = Owners ID number<br/>O3 = Owners phone number<br/>C1 = Co-owners name line 1<br/>C2 = Co-owners ID number<br/>C3 = Co-owners phone number<br/>M1 = Merchant primary name<br/>MD = Merchant DBA name<br/>S1 = Store primary name<br/>SD = Store DBA name."
}
,{
"fieldCode":"4008",
"fieldName":"NAME FIELD",
"fieldFormat":"30C",
"helpText":"Name found during the search."
}
,{
"fieldCode":"4009",
"fieldName":"PRIMARY DATA",
"fieldFormat":"60C",
"helpText":"This field identifies the field entry for the primary search. You can enter the exact data to be searched or as many characters as are known, followed by an asterisk. <br/>Examples:<br/>For a specific name search on SMITH, type 0 in the PRIMARY DATA field and SMITH in this field.<br/>For a generic identification search, type 1 in the PRIMARY DATA field and IJ123 asterisk in this field.<br/>Note: An error message will display if values are missing in this field."
}
,{
"fieldCode":"4010",
"fieldName":"PRIMARY DATA SWITCH",
"fieldFormat":"1N",
"helpText":"This field identifies the primary search option field to be used. The values are:<br/>0 = Last/business/store/generic name<br/>1 = Identification number<br/>2 = Phone number<br/>3 = Postal code<br/>4 = Email ID.<br/>Note: The Mobile Issuing Payment Enablement functionality is an optional feature available under a license agreement. For more information, contact your Fiserv relationship manager or client services representative. An error message will display if values are missing in this field."
}
,{
"fieldCode":"4011",
"fieldName":"OPTIONAL DATA MATCH",
"fieldFormat":"1N",
"helpText":"Code that indicates the degree of matching required for optional data fields. When an optional field contains a value greater than spaces, this field defines whether the resulting search data should match on all optional fields or on any optional field. The values are:<br/>0 = Display any optional field match (Default)<br/>1 = Display only those records that match all requested optional fields."
}
,{
"fieldCode":"5004",
"fieldName":"RELATIONSHIP NUMBER",
"fieldFormat":"19C",
"helpText":"Identification number of the Relationship record."
}
,{
"fieldCode":"5009",
"fieldName":"REC",
"fieldFormat":"3N",
"helpText":"Record number that identifies each Credit Plan Segment record assigned to the account. The values are 000�999."
}
,{
"fieldCode":"5043",
"fieldName":"TYPE",
"fieldFormat":"1C",
"helpText":"Code that indicates the type of record. The values are:<br/>A = Account Base Segment record<br/>E = Embosser record<br/>R = Relationship record."
}
,{
"fieldCode":"5090",
"fieldName":"CUSTOMER NUMBER",
"fieldFormat":"19C",
"helpText":"Identifies the customer number of the Account Base Segment record provided in home page."
}
,{
"fieldCode":"5080",
"fieldName":"ACCOUNT NUMBER",
"fieldFormat":"19C",
"helpText":"Identifies the account number of the Account Base Segment record provided in home page."
}
,{
"fieldCode":"5089",
"fieldName":"POST TO ACCOUNT",
"fieldFormat":"19C",
"helpText":"Identification number of the Account Base Segment record to which CMS posts transactions received for this Embosser record taken from homepage."
}
,{
"fieldCode":"5086",
"fieldName":"EMBOSSER NUMBER",
"fieldFormat":"19C",
"helpText":"This field that identifies the embosser number of the card that initiated the transaction."
}
]},"sections": {
"section0":""
,
"section1":"Extended Name Lookup"
}}
