{"data":{
"section0":[
],"section1":[
{
"fieldCode":"4001",
"fieldName":"BUSINESS UNIT",
"fieldFormat":"3N",
"helpText":"Identification number of the business unit."
}
,{
"fieldCode":"4002",
"fieldName":"CARD NUMBER",
"fieldFormat":"19C",
"helpText":"Card number for this transaction."
}
,{
"fieldCode":"4003",
"fieldName":"EXPIRATION DATE",
"fieldFormat":"",
"helpText":"Expiration date of the card."
}
,{
"fieldCode":"4004",
"fieldName":"CVV2/CVC2/CAV2/CSC2",
"fieldFormat":"4N",
"helpText":"Card Verification Value 2 (CVV2), Card Validation Code 2 (CVC2), Card Authentication Value (CAV2) or Card Security Code (CSC2) imprinted on the signature panel of Visa, MasterCard, and JCB and AMEX bankcards."
}
,{
"fieldCode":"5005",
"fieldName":"RESPONSE",
"fieldFormat":"",
"helpText":""
}
]},"sections": {
"section0":""
,
"section1":"CVV2 Validation ARCV"
}}
