{"data":{
"section0":[
],"section1":[
{
"fieldCode":"4001",
"fieldName":"BUSINESS UNIT",
"fieldFormat":"3N",
"helpText":"Identification number of the business unit associated with the account. The values are 001–998."
}
,{
"fieldCode":"5001",
"fieldName":"ORGANIZATION",
"fieldFormat":"3N",
"helpText":"Identification number of the organization associated with the account. The values are 001-998. This field is required."
}
,{
"fieldCode":"5002",
"fieldName":"ACCOUNT",
"fieldFormat":"19C",
"helpText":"Identification number of the account to which the loan to be rescheduled is assigned. This field is required."
}
,{
"fieldCode":"",
"fieldName":"(SELECT)",
"fieldFormat":"1C",
"helpText":"Selection field used to choose a specific loan credit plan to reschedule. Type X next to the loan credit plan you want to choose. This untitled field displays to the left of the SEQ field."
}
,{
"fieldCode":"5003",
"fieldName":"SEQ",
"fieldFormat":"3N",
"helpText":"Sequence number (also called record number) that CMS assigns to a credit plan segment for identification purposes."
}
,{
"fieldCode":"5004",
"fieldName":"PLAN",
"fieldFormat":"5N",
"helpText":"Plan number that identifies the Credit Plan Master record associated with each loan credit plan."
}
,{
"fieldCode":"5005",
"fieldName":"CURRENT BALANCE",
"fieldFormat":"17N",
"helpText":"Current balance of the loan credit plan in monetary units and subunits."
}
,{
"fieldCode":"5006",
"fieldName":"ST",
"fieldFormat":"2N",
"helpText":"Code that indicates the status of the credit plan segment. Status codes are grouped into ranges. CMS assigns some status codes within each range and other status codes are user-defined via a user exit. The values are: <br/>01 = Active credit plan segment. Sales transaction posted; plan is not in imbalance condition. (Status is system-generated.)<br/>02-09 = User-defined status for active credit plan segment. Generated during the Posting run (ARD140) via a user exit.<br/>10 = Inactive loan credit plan segment. No monetary transactions posted to plan. (Status is system-generated.)<br/>11-19 = User-defined status for inactive credit plan segment. Generated during the Posting run (ARD140) via a user exit.<br/>20 = Canceled credit plan segment. CMS canceled the plan. (Status is system-generated.)<br/>21-29 = User-defined status for canceled credit plan segment. Generated during the Posting run (ARD140) via a user exit.<br/>30 = Expired credit plan segment. Plan reached the deferment expiration date. (Status is system-generated.)<br/>31-39 = User-defined status for expired credit plan segment. Generated during the Posting run (ARD140) via a user exit.<br/>40 = Paid out credit plan segment. Plan has been paid out in full. (Status is system-generated.)<br/>41-49 = User-defined status for paid out credit plan segment. Generated during the Posting run (ARD140) via a user exit.<br/>50 = Return received on credit plan segment. (Status is system-generated.) <br/>51-59 = User-defined status for credit plan segment for which a return was received. Generated during the Posting run (ARD140) via a user exit.<br/>60 = User-defined status for credit plan segment involved in a plan transfer or a partial plan transfer today (transfer from or transfer to plan). Generated during the Posting run (ARD140) via a user exit.<br/>61 = Plan transfer from this credit plan segment is pending for the next Posting run (ARD140).<br/>62 = Partial plan transfer from this credit plan segment is pending for the next Posting run (ARD140).<br/>64-69 = User-defined status for credit plan segment involved in a plan transfer or a partial plan transfer today (transfer from or transfer to plan). Generated during the Posting run (ARD140) via a user exit.<br/>70 = Imbalance condition on credit plan segment that has never been active. (Status is system-generated.)<br/>71 = Imbalance condition on credit plan segment that was previously active. (Status is system-generated.)<br/>72 = No sale has posted against the loan amount.<br/>73-79 = User-defined status for credit plan segment with an imbalance condition. Generated during the Posting run (ARD140) via a user exit.<br/>80 = Plan is set to purge. (Status is system-generated.)<br/>81 = Settled loan plan; no reschedule pending. (Status is system-generated.)<br/>82 = Loan plan settled due to multiple payments; no reschedule pending. This status code is system-generated when a plan with settlement type X, Y, or Z (SETTLEMENT TYPE on ARMA13) is settled. If a settlement reversal occurs, the settlement type is reset to its original value of P, W, or S, and the plan status is updated to 01.<br/>83-89 = User-defined status for the credit plan segment."
}
,{
"fieldCode":"5007",
"fieldName":"PLAN REFERENCE NUMBER",
"fieldFormat":"23N",
"helpText":"User-defined reference number assigned to the loan credit plan."
}
]},"sections": {
"section0":""
,
"section1":"ARCI00-Loan Reschedule Locate"
}}
