{"data":{
"section0":[
],"section1":[
{
"fieldCode":"5001",
"fieldName":"BUSINESS UNIT",
"fieldFormat":"3N",
"helpText":"Identification number of the business unit associated with the account."
}
,{
"fieldCode":"5002",
"fieldName":"PRODUCT",
"fieldFormat":"3N",
"helpText":"Identification number of the product associated with this account."
}
,{
"fieldCode":"5003",
"fieldName":"ACCOUNT NUMBER",
"fieldFormat":"19C",
"helpText":"Identification number of the account."
}
,{
"fieldCode":"5017",
"fieldName":"PLAN NUMBER",
"fieldFormat":"5N",
"helpText":"Identification number of the Credit Plan Master record."
}
,{
"fieldCode":"5018",
"fieldName":"CURRENT BALANCE",
"fieldFormat":"17N",
"helpText":"Current balance of the account."
}
,{
"fieldCode":"5019",
"fieldName":"TOTAL DUE AMOUNT",
"fieldFormat":"11N",
"helpText":"Total amount due on the account at the time of each billing cycle."
}
,{
"fieldCode":"5004",
"fieldName":"REAGE PERIOD",
"fieldFormat":"3N",
"helpText":"Period in months during which the account can be reaged a limited number of times. The limited number of times that the account can be reaged during this period is defined in REAGE PERIOD LIMIT. The values are:<br/>000 = No time period. This value indicates no limit on the number of times the account can be reaged by time period. (Default)<br/>001-999 = Number of months that define the period during which the account can be reaged a limited number of times."
}
,{
"fieldCode":"5005",
"fieldName":"REAGE PERIOD LIMIT",
"fieldFormat":"1N",
"helpText":"Number of times that the account can be reaged within a specified period. The specified period during which the account can be reaged is defined in REAGE PERIOD. The values are:<br/>0 = No restriction. This value indicates no limit on the number of time the account can be reaged by time period.<br/>1-9 = Number of times the account can be reaged with the specified time period."
}
,{
"fieldCode":"5006",
"fieldName":"REAGE TIMES",
"fieldFormat":"1N",
"helpText":"Number of times the account has been reaged, either automatically or manually, within the specified time period. The time period is defined by REAGE PERIOD."
}
,{
"fieldCode":"5007",
"fieldName":"REAGE CYCLE DUE",
"fieldFormat":"1C",
"helpText":"Cycle due code at which to reset delinquency and automatically reage the account. This code indicates the number of billing cycles for which a payment is due. This code also indicates the level of contractual delinquency for the account. The values are:<br/>X = Do not use automatic reaging (Default)<br/>0-8 = Cycle due code at which to reset the delinquency and reage the account automatically."
}
,{
"fieldCode":"5008",
"fieldName":"CURRENT DUE",
"fieldFormat":"15N/2D",
"helpText":"Current amount due. This amount is not past due."
}
,{
"fieldCode":"5009",
"fieldName":"PAST DUE X DAYS",
"fieldFormat":"15N/2D",
"helpText":"Amount past due 1-29 days (also known as X days)."
}
,{
"fieldCode":"5010",
"fieldName":"030 DAYS",
"fieldFormat":"15N/2D",
"helpText":"Amount past due 30-59 days."
}
,{
"fieldCode":"5011",
"fieldName":"060 DAYS",
"fieldFormat":"15N/2D",
"helpText":"Amount past due 60-89 days."
}
,{
"fieldCode":"5012",
"fieldName":"090 DAYS",
"fieldFormat":"15N/2D",
"helpText":"Amount past due 90-119 days."
}
,{
"fieldCode":"5013",
"fieldName":"120 DAYS",
"fieldFormat":"15N/2D",
"helpText":"Amount past due 120-149 days."
}
,{
"fieldCode":"5014",
"fieldName":"150 DAYS",
"fieldFormat":"15N/2D",
"helpText":"Amount past due 150-179 days."
}
,{
"fieldCode":"5015",
"fieldName":"180 DAYS",
"fieldFormat":"15N/2D",
"helpText":"Amount past due 180-209 days."
}
,{
"fieldCode":"5016",
"fieldName":"210 DAYS",
"fieldFormat":"15N/2D",
"helpText":"Amount past due 210 or more days.<br/>The sum of the current amount due and the past due amounts (CURRENT DUE + PAST DUE X DAYS  + 030 DAYS, up to 210+DAYS) cannot exceed the current balance of the account (CURRENT ACCOUNT BALANCE) unless the account is a layaway. If the account is a layaway, the sum of the current due amount and the past due amounts may exceed the account balance."
}
,{
"fieldCode":"5020",
"fieldName":"OPEN TO BUY",
"fieldFormat":"15N/2D",
"helpText":"Current open-to-buy amount of the account. CMS calculates the open-to-buy amount as follows:<br/>Total credit limit<br/>Multiplied by over limit percentage<br/>minus (-) current balance (or plus the credit balance if the OPEN TO BUY CREDIT BALANCE field on Products->14-Product Processing Additional is 0 or 3)<br/>Plus (+) loan balance<br/>Minus (-) memo debits<br/>Plus (+) memo credits (if the OPEN TO BUY CREDIT BALANCE field on Products->14-Product Processing Additional is 2 or 3)<br/>Plus (+) account reserve amount<br/>Minus (-) OTB loan amount (based on the value of the OPEN TO BUY LOAN AMOUNT field on Products->14-Product Processing Additional)<br/>Plus (+) dispute balance (if the INCUDE DISPUTED AMOUNTS field on Products->14-Product Processing Additional is 0)"
}
,{
"fieldCode":"5021",
"fieldName":"CURRENT ACCOUNT BALANCE",
"fieldFormat":"15N/2D",
"helpText":"Current balance of the account."
}
,{
"fieldCode":"5022",
"fieldName":"TOTAL AMOUNT DUE BASE",
"fieldFormat":"15N/2D",
"helpText":"Sum of the entire current amount due and past due amounts on the account. This field is the sum of the amounts in CURRENT DUE + PAST DUE X DAYS + 030 DAYS up to 210+DAYS."
}
,{
"fieldCode":"5023",
"fieldName":"TOTAL AMT DUE PLAN",
"fieldFormat":"15N/2D",
"helpText":"Sum of the total amount due for all credit plan segments on the account. This field is the sum of the amounts in TOTAL DUE for all credit plan segments on the account. The sum of the total amount due of all the credit plan segments (TOTAL AMT DUE PLAN) cannot exceed the current balance of the account (CURRENT ACCOUNT BALANCE) unless the account is a layaway. For layaway accounts, the total amount due of all credit plan segments can exceed the account balance. The sum of the total amount due of all credit plan segments (TOTAL AMT DUE PLANS) must equal the sum of the current amount due and past due amounts of the account (TOTAL AMT DUE BASE). The total due amount of each plan (TOTAL DUE) must be less than or equal to the balance of each plan (CURRENT BALANCE). If the total due amount is highlighted on a single plan (multiple plans on one account), the total due has exceeded the plan balance and must be adjusted to be equal to or less than the plan balance."
}
,{
"fieldCode":"5024",
"fieldName":"DIFFERENCE IN TOTAL",
"fieldFormat":"15N/2D",
"helpText":"Difference between the total amount due on the account and the total amount due on the credit plan segments. If this field indicates a difference, you must make an adjustment until the difference is zero. If the difference is a positive amount, the total amount due on the account is greater than the total amount due on the credit plan segments. If the difference is a negative amount, the total amount due on the account is less than the total amount due on the credit plan segments."
}
,{
"fieldCode":"5031",
"fieldName":"RCC",
"fieldFormat":"2C",
"helpText":"User-defined value that indicates the category code for reaging. This value is not validated in VisionPLUS. CMS populates this field with the value 99 when automatic reaging occurs via the batch reage process or based on the parameters entered at the logo level (REAGE QUAL CD LVL and REAGE BLK CODE on AZML06). The default is spaces."
}
,{
"fieldCode":"5032",
"fieldName":"EXCEPT",
"fieldFormat":"1N",
"helpText":"The field indicates the user-defined value that indicates the category code for reaging and is not validated in VisionPLUS. CMS populates this field with the value 99 when automatic reaging occurs via the batch reage process or based on the parameters entered at the logo level (REAGE QUAL CD LVL and REAGE BLK CODE on AZML06). The default is spaces."
}
]},"sections": {
"section0":""
,
"section1":"Delinquency Adjustment  ARDJ"
}}
