{"data":{
"section0":[
],"section1":[
{
"fieldCode":"4001",
"fieldName":"FILE",
"fieldFormat":"2C",
"helpText":"Code that indicates whether to display batch transactions from todays entry file, a reject reentry file, or a reject reentry file with multiple reject reasons. The values are:<br/>T1 = Todays entry (Default)<br/>J1 = Reject reentry (rejected batches from the prior day)<br/>M1 = Reject reentry (rejected batches with multiple reject reasons from the prior day)."
}
,{
"fieldCode":"4002",
"fieldName":"ACTION",
"fieldFormat":"1C",
"helpText":"Code that indicates how you want this batch displayed. The values are:<br/>A = Show all batches (Default)<br/>C = Show only complete batches<br/>D = Show only deleted batches<br/>I = Show only incomplete batches<br/>X = Show deleted/incomplete batches."
}
,{
"fieldCode":"4003",
"fieldName":"BATCH NUMBER",
"fieldFormat":"5N",
"helpText":"Starting number of the batch to be displayed."
}
,{
"fieldCode":"4004",
"fieldName":"J1 ORIG DATE",
"fieldFormat":"",
"helpText":"Date the batch originated. This page displays transactions processed from this date forward."
}
,{
"fieldCode":"4005",
"fieldName":"SOURCE",
"fieldFormat":"4N",
"helpText":"Code that indicates how the batch entered CMS. The value in this field is system-generated; you cannot change it. The values are:<br/>0000 = Local input (originated from the AMT1 file during batch input)<br/>0001-9998 = User input (originated from user input file ATTD or ATTT)."
}
,{
"fieldCode":"4006",
"fieldName":"ACTION INDICATOR",
"fieldFormat":"1C",
"helpText":"Action indicator for CMS for late fee calculation. The values are:<br/>B = Both the fixed amount and the percentage<br/>D = Late fee calculated based on the account balance range for an account that is more than 30 days delinquent<br/>F = Fixed amount (Default)<br/>G = Greater of the fixed amount or the percentage<br/>L = Lesser of the fixed amount or the percentage<br/>O = Percentage of last cycle ending balance<br/>P = Percentage<br/>R = Late fee calculated based on the range of the account balance for a normal account<br/>Z = Tiered rate.<br/>When the ACTION field is set to Z, the LATE FEE AMOUNT AND PERCENT field should be reused to define the tiered ranges of qualifying grace balance and late fee amount.<br/>The first part of this field should be the tiered range of the qualifying grace balance. Enter the amount without considering the decimal values.<br/>Example: Enter 10000.00 as 000010000"
}
,{
"fieldCode":"5003",
"fieldName":"DATE OF BATCH",
"fieldFormat":"",
"helpText":"Original date of the batch. This is the date the batch was entered either through online or through a user input file. This date is system-generated; you cannot change it."
}
,{
"fieldCode":"5006",
"fieldName":"DEBIT AMOUNT IN BATCH",
"fieldFormat":"9N/2D",
"helpText":"Total amount of all debits in the batch."
}
,{
"fieldCode":"5007",
"fieldName":"CREDIT AMOUNT IN BATCH",
"fieldFormat":"9N/2D",
"helpText":"Total amount of all credits in the batch."
}
,{
"fieldCode":"5008",
"fieldName":"NUMBER",
"fieldFormat":"3N",
"helpText":"Total number of debit and credit transactions in the batch, including items flagged as deleted."
}
,{
"fieldCode":"5009",
"fieldName":"OPERATOR 1",
"fieldFormat":"3C",
"helpText":"This field is used to display the operator ID of the person who entered the batch."
}
,{
"fieldCode":"5014",
"fieldName":"OPERATOR 2",
"fieldFormat":"3C",
"helpText":"This field is used to display the operator ID of the person who balanced the batch."
}
,{
"fieldCode":"5010",
"fieldName":"MESSAGE1",
"fieldFormat":"",
"helpText":""
}
,{
"fieldCode":"5015",
"fieldName":"MESSAGE",
"fieldFormat":"8C",
"helpText":"Message that indicates which page CMS displays next. Three messages may display�USE..MP , USE..MT , and USE..MH ."
}
,{
"fieldCode":"5011",
"fieldName":"BATCH STATUS",
"fieldFormat":"18C",
"helpText":"Message that CMS displays to indicate whether the batch is in balance, incomplete, or deleted. <br/>Note: If the batch is in balance, the (BATCH STATUS) message displays the following:<br/>*---IN BALANCE---*"
}
,{
"fieldCode":"5012",
"fieldName":"BUSINESS UNIT",
"fieldFormat":"3C",
"helpText":"Identification number of the business unit."
}
,{
"fieldCode":"5013",
"fieldName":"NAME",
"fieldFormat":"",
"helpText":""
}
]},"sections": {
"section0":""
,
"section1":"Mon Batch Header Display  ARDH  ARBC"
}}
