{"data":{
"section0":[
],"section1":[
{
"fieldCode":"",
"fieldName":"RUN NUMBER",
"fieldFormat":"2N",
"helpText":"Run number assigned by the Memo Post Extract program (ARU010)."
}
,{
"fieldCode":"",
"fieldName":"SEQ NUMBER",
"fieldFormat":"2N",
"helpText":"Sequence number (also called a record number) that identifies the credit plan segment on the account to which the transaction was posted."
}
],"section2":[
{
"fieldCode":"",
"fieldName":"RUN STATUS",
"fieldFormat":"6C",
"helpText":"Status of the batch. The values are:<br/>COMP = Complete<br/>INCOMP = Incomplete."
}
,{
"fieldCode":"",
"fieldName":"ONLINE STATUS",
"fieldFormat":"6C",
"helpText":"Status of the file for online. The values are:<br/>COMP = Complete<br/>INCOMP = Incomplete<br/>NEW = Not selected for memo posting.<br/>Note: Errors encountered during the memo-posting process are logged to the system operator�s console and the CICS memo-posting message log. Review this information if the ONLINE STATUS is not COMP(complete). If the memo-posting process encounters errors, the system operator can reselect this run and continue from the point where the run stopped."
}
,{
"fieldCode":"",
"fieldName":"NBR CR ITEMS",
"fieldFormat":"3N",
"helpText":"Number of extracted credit items in the batch."
}
,{
"fieldCode":"",
"fieldName":"CREDIT AMOUNT",
"fieldFormat":"9N/2D",
"helpText":"Amount of extracted credit items in the batch."
}
]},"sections": {
"section0":""
,
"section1":"REAL TIME DISPLAY LOCATE"
,
"section2":"AMBM KEY"
}}
