{"data":{
"section0":[
],"section1":[
{
"fieldCode":"4090",
"fieldName":"SEQ",
"fieldFormat":"3N",
"helpText":"Sequence number that identifies each credit plan."
}
,{
"fieldCode":"4009",
"fieldName":"BUSINESS UNIT",
"fieldFormat":"3N",
"helpText":"Identification number of the business unit associated with the Relationship record. The values are 001-998."
}
,{
"fieldCode":"4003",
"fieldName":"ACCOUNT",
"fieldFormat":"19C",
"helpText":"Identification number of the account."
}
,{
"fieldCode":"4002",
"fieldName":"LOGO",
"fieldFormat":"3N",
"helpText":"This field is the identification number of the Logo record."
}
,{
"fieldCode":"0899",
"fieldName":"RECORD NUMBER",
"fieldFormat":"4N",
"helpText":"Identification number assigned to an Embosser record."
}
,{
"fieldCode":"5004",
"fieldName":"PLAN",
"fieldFormat":"5N",
"helpText":"Plan number that identifies each credit plan."
}
,{
"fieldCode":"5005",
"fieldName":"SEQUENCE",
"fieldFormat":"3N",
"helpText":"Sequence number assigned to the credit plan."
}
,{
"fieldCode":"5006",
"fieldName":"DATE POSTED",
"fieldFormat":"8N",
"helpText":"Date on which the last payment was posted to the credit plan."
}
,{
"fieldCode":"5009",
"fieldName":"PAYMENT REQUESTED",
"fieldFormat":"17N",
"helpText":"Amount of the last payment that was requested for the credit plan."
}
,{
"fieldCode":"5009",
"fieldName":"FIXED PAYMENT",
"fieldFormat":"17N",
"helpText":"Fixed payment amount for the credit plan, if applicable."
}
,{
"fieldCode":"5004",
"fieldName":"CURRENT BALANCE",
"fieldFormat":"17N",
"helpText":"Current balance for this plan segment after the payment was posted."
}
,{
"fieldCode":"5012",
"fieldName":"TOTAL DUE",
"fieldFormat":"17N",
"helpText":"Total amount due for this plan after the payment posted."
}
,{
"fieldCode":"5008",
"fieldName":"DESCRIPTION",
"fieldFormat":"40C",
"helpText":"This field displays the description."
}
,{
"fieldCode":"5007",
"fieldName":"AMOUNT POSTED",
"fieldFormat":"17N",
"helpText":"Amount of the last payment that was posted to the credit plan."
}
,{
"fieldCode":"5013",
"fieldName":"AFTER PAYMENT",
"fieldFormat":"17N",
"helpText":"Fields that identifies billed-not-paid (BNP) components. It also indicates the amount of each component after CMS applied the payment."
}
]},"sections": {
"section0":""
,
"section1":"PAYMENT HISTORY LOCATE"
}}
