{"data":{
"section0":[
],"section1":[
{
"fieldCode":"0101",
"fieldName":"SECURITY SIGNON",
"fieldFormat":"20C",
"helpText":"User�s sign-on in security system"
}
,{
"fieldCode":"0102",
"fieldName":"SIGNON NAME",
"fieldFormat":"20C",
"helpText":"User�s sign-on name"
}
,{
"fieldCode":"4002",
"fieldName":"CARD NUMBER",
"fieldFormat":"19C",
"helpText":"Number that is embossed on the plastic card associated with the transaction. The card number is different from the account  number only for accounts with card numbering scheme 3 (CRD#  SCM on ARMB01)."
}
,{
"fieldCode":"4003",
"fieldName":"FUNCTION",
"fieldFormat":"1C",
"helpText":"Action that you want to take on the card. The values are:<br/>R = Reverse a card transfer<br/>T = Transfer the card (lost, stolen, or fraud).<br/>Note: If the transfer request was processed in a same-day embosser processing (SDP) cycle, it cannot be reversed."
}
,{
"fieldCode":"4001",
"fieldName":"BUSINESS UNIT",
"fieldFormat":"3N",
"helpText":"Identification number of the organization. The values are 001-998."
}
,{
"fieldCode":"4004",
"fieldName":"SERVICE TYPE",
"fieldFormat":"1C",
"helpText":"Service Type. The values are:<br/>A = Activate all services<br/>S = Activate specific services"
}
,{
"fieldCode":"5001",
"fieldName":"KEY CODE",
"fieldFormat":"31C",
"helpText":"Key code value for the type selected in the TYPE field.<br/>For type 1, the value is a card acceptor ID or merchant ID.<br/>For type 2, the value is a card terminal ID.<br/>For type 3, the value is a card acceptor ID plus a card terminal ID.<br/>For type 4, the value is an MCC."
}
,{
"fieldCode":"5005",
"fieldName":"CARD SEQUENCE",
"fieldFormat":"4N",
"helpText":"Identification number assigned to an Embosser record to distinguish between multiple cards issued with the same card number."
}
,{
"fieldCode":"5006",
"fieldName":"ACCOUNT OR CARD NUMBER",
"fieldFormat":"19C",
"helpText":"Account number to which CMS is to post the transaction, or the card number if the card numbering scheme is 3 (CRD# SCM on ARMB01). If using an account number prefix (ACCT PREFIX on ARMT01), enter a dash as the first character in this field."
}
,{
"fieldCode":"5007",
"fieldName":"PRODUCT",
"fieldFormat":"3N",
"helpText":"Product number associated with the account entered on the page."
}
,{
"fieldCode":"5008",
"fieldName":"CUSTOMER BUSINESS UNIT",
"fieldFormat":"3N",
"helpText":"Identification number of the Organization record where Customer Name/Address records reside. To maintain customer records and account records in the same business unit, enter the business unit number currently displayed in the BUSINESS UNIT field. To maintain customer records and account records in separate business units, enter a different business unit number. This field is open for input only during add mode . You cannot change the value in this field in Update mode. Use this page to enter and display the Customer/Relationship Number Generation Table that CMS uses to automatically generate customer numbers that identify Customer Name/Address records and relationship numbers that identify Relationship records."
}
,{
"fieldCode":"5009",
"fieldName":"CUSTOMER NUMBER",
"fieldFormat":"19C",
"helpText":"Customer number, store number, or merchant number that identifies the record containing the name information that was located during the search."
}
,{
"fieldCode":"5010",
"fieldName":"POST-TO ACCOUNT",
"fieldFormat":"19C",
"helpText":"Identification number of the Account Base Segment record to which CMS posts transactions received for this Embosser record."
}
,{
"fieldCode":"5011",
"fieldName":"EMBOSSED NAME 1",
"fieldFormat":"26C",
"helpText":"Name to be embossed on the first embossing line of the card. Enter the name exactly as it is to appear on the card. You can use the Name Locate screens (ARNL) to search for Embosser records by the name embossed on the card.<br/>Note: The value in the EMBOSSED NAME 1 field is used in the card issue/reissue process by the Issue/Reissue Report files (ATI1 and ATI5) and the Embossing Tape files (ATET and ATCT)."
}
,{
"fieldCode":"5012",
"fieldName":"EMBOSSED NAME 2",
"fieldFormat":"1N",
"helpText":"Additional name to be embossed on the second embossing line of the card. Enter the name exactly as it is to appear on the card. For example, this field may contain the name of a business if the card is issued for a business account. If the Embosser record is assigned to an account in a relationship, the relationship name (RELATIONSHIP NAME on ARGM01) is the default value that displays in this field.<br/>For HCS-associated accounts, the value in this field defaults from the parent Node record in HCS (COMPANY: EMBOSSER NAME on HCMN01) upon setup. Maintenance to embosser fields can be performed from HCS."
}
,{
"fieldCode":"5013",
"fieldName":"BLOCK CODE",
"fieldFormat":"1C",
"helpText":"Block code assigned to the Embosser record"
}
,{
"fieldCode":"5014",
"fieldName":"MAIL LINES 1",
"fieldFormat":"40C",
"helpText":"Mail Lines 1"
}
,{
"fieldCode":"5015",
"fieldName":"MAIL LINES 2",
"fieldFormat":"40C",
"helpText":"Mail Lines 2"
}
,{
"fieldCode":"5016",
"fieldName":"MAIL LINES 3",
"fieldFormat":"40C",
"helpText":"Mail Lines 3"
}
,{
"fieldCode":"5017",
"fieldName":"MAIL LINES 4",
"fieldFormat":"40C",
"helpText":"Mail Lines 4"
}
,{
"fieldCode":"5018",
"fieldName":"MAIL LINES 5",
"fieldFormat":"40C",
"helpText":"Mail Lines 5"
}
,{
"fieldCode":"5019",
"fieldName":"MAIL LINES 6",
"fieldFormat":"40C",
"helpText":"Mail Lines 6"
}
,{
"fieldCode":"5020",
"fieldName":"DATE",
"fieldFormat":"8N",
"helpText":"Date."
}
,{
"fieldCode":"5021",
"fieldName":"TRANSFER PENDING SWITCH",
"fieldFormat":"1C",
"helpText":"Transfer Pending Switch."
}
,{
"fieldCode":"5022",
"fieldName":"FRAUD ACCOUNT NUMBER",
"fieldFormat":"19C",
"helpText":"Fraud account number."
}
,{
"fieldCode":"5023",
"fieldName":"CUSTOMER",
"fieldFormat":"19C",
"helpText":"Identification number of the Customer Name/Address record associated with the account."
}
,{
"fieldCode":"5024",
"fieldName":"TRANSFER REPLACEMENT INDICATOR",
"fieldFormat":"1N",
"helpText":"Code that indicates whether CMS replaces the transfer card by generating a new Embosser record on the original account. The values are:<br/>0 = Replace lost/stolen/fraud card (Default)<br/>1 = Do not replace lost/stolen/fraud card."
}
]},"sections": {
"section0":""
,
"section1":"Card Transfer Navigation"
}}
