{"data":{
"section0":[
],"section1":[
{
"fieldCode":"4001",
"fieldName":"BUSINESS UNIT",
"fieldFormat":"3N",
"helpText":"Identification number of the business unit associated with this account. The values are 001-998."
}
,{
"fieldCode":"4002",
"fieldName":"ACCOUNT NUMBER",
"fieldFormat":"19C",
"helpText":"Identification number of the account for insurance claims."
}
],"section2":[
{
"fieldCode":"5001",
"fieldName":"BUSINESS UNIT",
"fieldFormat":"3N",
"helpText":"Identification number of the business unit associated with this account. The values are 001-998."
}
,{
"fieldCode":"5002",
"fieldName":"ACCOUNT NUMBER",
"fieldFormat":"19C",
"helpText":"Identification number of the account for insurance claims."
}
],"section3":[
{
"fieldCode":"5003",
"fieldName":"ACCOUNT DESCRIPTION",
"fieldFormat":"19C",
"helpText":"Identification number of the account for insurance claims."
}
,{
"fieldCode":"5004",
"fieldName":"ACCOUNT NUMBER",
"fieldFormat":"19C",
"helpText":"Identification number of the account for insurance claims."
}
,{
"fieldCode":"5005",
"fieldName":"ACCOUNT ORG",
"fieldFormat":"3N",
"helpText":"Identification number of the business unit associated with this account. The values are 001-998."
}
,{
"fieldCode":"5006",
"fieldName":"ACCOUNT PRODUCT",
"fieldFormat":"3N",
"helpText":"Product number of the account for insurance claims."
}
]},"sections": {
"section0":""
,
"section1":"Acct Insurance Claim Data AREM"
,
"section2":"01-Account Details"
,
"section3":"ACCOUNT DETAILS TABLE:"
}}
