{"data":{
"section0":[
],"section1":[
{
"fieldCode":"4009",
"fieldName":"BUSINESS UNIT",
"fieldFormat":"3N",
"helpText":"Identification number of the business unit associated with the Relationship record. The values are 001-998."
}
,{
"fieldCode":"4002",
"fieldName":"RELATIONSHIP NUMBER",
"fieldFormat":"19C",
"helpText":"Identification number of the Relationship record for which you want to perform an inquiry on the billing and payment history."
}
,{
"fieldCode":"5006",
"fieldName":"DATE POSTED",
"fieldFormat":"",
"helpText":"Date on which each payment was posted."
}
,{
"fieldCode":"4005",
"fieldName":"REV DATE",
"fieldFormat":"",
"helpText":"Date on which each payment was reversed."
}
,{
"fieldCode":"5008",
"fieldName":"DATE REQUESTED",
"fieldFormat":"",
"helpText":"Date on which the payment was requested."
}
,{
"fieldCode":"4008",
"fieldName":"DATE DUE",
"fieldFormat":"",
"helpText":"Date on which the payment was due"
}
,{
"fieldCode":"4006",
"fieldName":"SELECT",
"fieldFormat":"1C",
"helpText":"Select button field is used to choose a specific payment occurrence for a more detailed inquiry. Press select button to go  Billing and Payment History 01-Billing Payment History"
}
,{
"fieldCode":"5013",
"fieldName":"ITEM SEL",
"fieldFormat":"1C",
"helpText":"Selection field used to choose a specific billing occurrence. Type X next to the billing occurrence you want to choose. This untitled field displays to the left of the payment request date (DATE RQST field)."
}
,{
"fieldCode":"5006",
"fieldName":"CURRENCY",
"fieldFormat":"3C",
"helpText":"Series of fields that provide information about the data displayed on the screen."
}
,{
"fieldCode":"4003",
"fieldName":"ACCOUNT",
"fieldFormat":"19C",
"helpText":"Identification number of the account."
}
,{
"fieldCode":"4007",
"fieldName":"SHORT NAME",
"fieldFormat":"20C",
"helpText":"Short name of the account holder."
}
,{
"fieldCode":"5005",
"fieldName":"PRIMARY ACCT FLAG",
"fieldFormat":"1C",
"helpText":"If the account is the primary account in the relationship, the letter P displays to the right of the account number."
}
,{
"fieldCode":"5007",
"fieldName":"SERVICE",
"fieldFormat":"30C",
"helpText":"Service name that is triggered to send SMS alert for card activation."
}
,{
"fieldCode":"4002",
"fieldName":"LOGO",
"fieldFormat":"3N",
"helpText":"This field is the identification number of the Logo record."
}
,{
"fieldCode":"5004",
"fieldName":"CURRENT BALANCE",
"fieldFormat":"15N/2D",
"helpText":"Current balance of the account."
}
,{
"fieldCode":"4005",
"fieldName":"XFR ORG",
"fieldFormat":"",
"helpText":""
}
,{
"fieldCode":"4006",
"fieldName":"XFR ACCT",
"fieldFormat":"",
"helpText":""
}
,{
"fieldCode":"5014",
"fieldName":"INDICAT",
"fieldFormat":"1C",
"helpText":"Series of fields that provide information about the data .displayed on the screen."
}
]},"sections": {
"section0":""
,
"section1":"BILLING AND PAYMENT HISTORY"
}}
