{"data":{
"section0":[
],"section1":[
{
"fieldCode":"4009",
"fieldName":"BUSINESS UNIT",
"fieldFormat":"3N",
"helpText":"Identification number of the business unit associated with the Relationship record. The values are 001-998."
}
,{
"fieldCode":"4003",
"fieldName":"ACCOUNT",
"fieldFormat":"15N/2D",
"helpText":"Account number that identifies the subordinate account in the relationship. If the account is the primary account in the relationship, the letter P displays to the right of the account number."
}
,{
"fieldCode":"4002",
"fieldName":"LOGO",
"fieldFormat":"3N",
"helpText":"This field is the identification number of the Logo record."
}
,{
"fieldCode":"4090",
"fieldName":"SEQ",
"fieldFormat":"3N",
"helpText":"Credit plan sequence number assigned to the item by CMS."
}
,{
"fieldCode":"5004",
"fieldName":"AMOUNT TOTAL DUE",
"fieldFormat":"17N",
"helpText":"Total amount due for this plan after the payment posted."
}
,{
"fieldCode":"5010",
"fieldName":"CYCLE DUE",
"fieldFormat":"1N",
"helpText":"Cycle due code that indicates the number of cycles for which a payment is due. The cycle due code indicates the level of contractual delinquency for the account. The values are:<br/>0 = No amount due<br/>1 = Current amount due; not past due<br/>2 = Amount past due 1-29 days (also called X days)<br/>3 = Amount past due 30-59 days<br/>4 = Amount past due 60-89 days<br/>5 = Amount past due 90-119 days<br/>6 = Amount past due 120-149 days<br/>7 = Amount past due 150-179 days<br/>8 = Amount past due 180-209 days<br/>9 = Amount past due 210 or more days."
}
,{
"fieldCode":"5007",
"fieldName":"AMOUNT POSTED",
"fieldFormat":"15N/2D",
"helpText":"Amount of the transaction."
}
,{
"fieldCode":"5007",
"fieldName":"RECENCY",
"fieldFormat":"4N",
"helpText":"Recency code at the time the payment was posted. This code indicates the number of cycles since the last qualified payment Was received. The values are 1-9."
}
,{
"fieldCode":"5008",
"fieldName":"PRE-PAYMENT",
"fieldFormat":"17N",
"helpText":"Outstanding prepayment amount on the account after posting each of the last six payments"
}
,{
"fieldCode":"5013",
"fieldName":"PRE-PAYMENT AVAILABLE",
"fieldFormat":"13N",
"helpText":"Prepayment amount available from this payment to clear any future payment request. This value is reduced when this amount is utilized to auto-clear any payment due on the account."
}
,{
"fieldCode":"0506",
"fieldName":"CURRENCY CODE",
"fieldFormat":"3N",
"helpText":"Transaction Currency code."
}
,{
"fieldCode":"5015",
"fieldName":"PMT LOCL",
"fieldFormat":"17N",
"helpText":"Code that indicates the total payment amount in local currency as per the account level payment history record."
}
,{
"fieldCode":"5016",
"fieldName":"PMT FRGN",
"fieldFormat":"17N",
"helpText":"Code that indicates the total payment amount in foreign currency as per the account level payment history record."
}
,{
"fieldCode":"5017",
"fieldName":"PMT RATE",
"fieldFormat":"9N",
"helpText":"Code that indicates the conversion rate used during currency payment distribution as per the account level payment history record."
}
,{
"fieldCode":"0000",
"fieldName":"PAYMENT PRIN OVLM AMT",
"fieldFormat":"11N",
"helpText":"Field to indicate the total principal over-limit amount which has been already adjusted to principal due."
}
,{
"fieldCode":"5009",
"fieldName":"REVERSAL",
"fieldFormat":"1C",
"helpText":"Transfer reversal flag if the transaction has been transferred (values T, R, and D only), or the source of the memo-posted transaction (all values except T, R, and D). The values are:<br/>A = ASM or AMEX interface<br/>B = Batch authorization file<br/>D = Deleted transaction or MDS interface<br/>E = MasterCard Europe network<br/>H = Host system<br/>J = JCB interface<br/>P = Point-of-sale (POS) interface<br/>M = MasterCard network <br/>R = Reversed transfer<br/>S = SMS interface<br/>T = Transferred<br/>U = User input<br/>V = Visa network."
}
,{
"fieldCode":"4083",
"fieldName":"EFFECTIVE DATE",
"fieldFormat":"",
"helpText":"Effective date (month/day) of the transaction. The format is MMDD or DDMM depending on the date format established in the System record (DATE FORMAT on DATE FORMAT on System Control  01-System Processing Calendar)."
}
,{
"fieldCode":"5008",
"fieldName":"DESCRIPTION",
"fieldFormat":"40C",
"helpText":"This field displays the description."
}
,{
"fieldCode":"5023",
"fieldName":"AMOUNT",
"fieldFormat":"15N/2D",
"helpText":"Amount of the transaction."
}
]},"sections": {
"section0":""
,
"section1":"PAYMENT HISTORY LOCATE"
}}
