{"data":{
"section0":[
],"section1":[
{
"fieldCode":"4001",
"fieldName":"BUSINESS UNIT",
"fieldFormat":"3N",
"helpText":"Identification number of the organization associated with the Relationship record. The values are 001�998."
}
,{
"fieldCode":"4002",
"fieldName":"RELATIONSHIP NUMBER",
"fieldFormat":"19C",
"helpText":"Identification number of the Relationship record for which you want to perform an inquiry on the billing and payment history."
}
,{
"fieldCode":"5006",
"fieldName":"DATE REQUESTED",
"fieldFormat":"8N",
"helpText":"Date on which the payment was requested."
}
,{
"fieldCode":"5007",
"fieldName":"AMOUNT DUE",
"fieldFormat":"17N",
"helpText":"Amount that was due for each billing occurrence."
}
,{
"fieldCode":"5008",
"fieldName":"DUE DATE",
"fieldFormat":"8N",
"helpText":"Date on which the payment was due."
}
,{
"fieldCode":"5013",
"fieldName":"ITEM SEL",
"fieldFormat":"1C",
"helpText":"Selection field used to choose a specific billing occurrence for a more detailed inquiry. This untitled field displays to the left of the DATE RQST field for each billing occurrence. Type X next to the billing occurrence that you want to choose."
}
,{
"fieldCode":"5009",
"fieldName":"BUSINESS UNIT1",
"fieldFormat":"3N",
"helpText":"Identification number of the organization associated with the Relationship record. The values are 001�998."
}
,{
"fieldCode":"5010",
"fieldName":"RELATIONSHIP NUMBER1",
"fieldFormat":"19C",
"helpText":"Identification number of the Relationship record for which you want to perform an inquiry on the billing and payment history."
}
,{
"fieldCode":"5003",
"fieldName":"DATE POSTED",
"fieldFormat":"8N",
"helpText":"Date on which each payment was posted."
}
,{
"fieldCode":"5004",
"fieldName":"AMOUNT POSTED",
"fieldFormat":"17N",
"helpText":"Amount of each payment that posted. The amount is in monetary units and subunits."
}
,{
"fieldCode":"5005",
"fieldName":"REVERSAL DATE",
"fieldFormat":"8N",
"helpText":"Date on which each payment was reversed."
}
,{
"fieldCode":"5012",
"fieldName":"ITEM SEL",
"fieldFormat":"1C",
"helpText":"Selection field used to choose a specific payment occurrence for a more detailed inquiry. This untitled field displays to the left of the DATE POSTED field for each payment occurrence. Type X next to the payment occurrence that you want to choose."
}
]},"sections": {
"section0":""
,
"section1":"Billing  Payment History  ARRH"
}}
