{"data":{
"section0":[
],"section1":[
],"section2":[
{
"fieldCode":"4001",
"fieldName":"BUSINESS UNIT",
"fieldFormat":"3N",
"helpText":"Identification number of the business unit associated with the account."
}
,{
"fieldCode":"4002",
"fieldName":"ACCOUNT NUMBER",
"fieldFormat":"19C",
"helpText":"Identification number of the account."
}
,{
"fieldCode":"4004",
"fieldName":"PRODUCT CODE",
"fieldFormat":"2C",
"helpText":"Code that identifies the product as defined on the Insurance table (ASSOCIATED INSURANCE PRODUCT on Insurance Table-> 01-Insurance Product Details).<br/>Use the Insurance Table service to add, modify, and view Insurance/Product tables and products."
}
,{
"fieldCode":"4005",
"fieldName":"STATUS CODE",
"fieldFormat":"1C",
"helpText":"Status of the product. The values are:<br/> F	=	 Product is in force.<br/> I	=	 Product is inactive due to a user-defined condition. CMS will not calculate or bill the premium while the status is inactive."
}
,{
"fieldCode":"4009",
"fieldName":"INSURED PARTY INDICATOR",
"fieldFormat":"1C",
"helpText":"This field is a code that identifies the party whose date of birth is used. The values are:<br/>0	=	Owner (Default)<br/>1	=	Co-owner<br/>2	 =	Product third party<br/>3	 =	Owner and co-owner."
}
,{
"fieldCode":"4012",
"fieldName":"FICHE NUMBER",
"fieldFormat":"1C",
"helpText":"This field is the identification number of the microfiche where documents for this product are located. The fiche number may be required using an option on the Insurance/Product table (FICHE NUMBER REQUIRED on Insurance Table->01-Insurance Product details is 1). If the fiche number is not required, (FICHE NUMBER REQUIRED on Insurance Table->01-Insurance Product details is 0), you can still enter a fiche number in this field. If the fiche number is required, CMS does not assess insurance premiums until the fiche number has been entered."
}
,{
"fieldCode":"",
"fieldName":"DUAL INDICATOR",
"fieldFormat":"1C",
"helpText":"Identification of the Dual indicator flag. The values are:<br/>L	=	Local account<br/>F	=	Foreign account."
}
,{
"fieldCode":"4006",
"fieldName":"EFFECTIVE DATE",
"fieldFormat":"DATE",
"helpText":"Effective date of the product. This+D74 date may be a future date. CMS assesses the first premium in the cycle that this date occurs.<br/>Even if you+D52 backdate this field to a date in a previous cycle, CMS calculates charges for the current cycle only.<br/>If no entry is made to the EFFECTIVE DATE field when the product is added to the account, CMS assigns the business units next processing date to the field."
}
,{
"fieldCode":"4007",
"fieldName":"ENROLLMENT ID",
"fieldFormat":"3C",
"helpText":"Code that identifies the product enrollment ID of the account holder, which determines the Processing Control Table and the Insurance/Product table for an account.<br/>You can enter a code in this field only if the enrollment ID option is established in the Insurance/Product table associated with a product (ENROLLMENT ID INDICATOR on Insurance Table->01-Insurance Product Details)."
}
,{
"fieldCode":"4008",
"fieldName":"CUSTOMER NUMBER",
"fieldFormat":"19C",
"helpText":"Customer number of the Customer Name/Address record that identifies the insured customer for the product. This customer number must identify a valid, active Customer Name/Address record. CMS does not automatically populate this field.<br/>The CUSTOMER NUMBER field is used only when the PRODUCT PARTY flag is 2 (product third party)."
}
,{
"fieldCode":"4011",
"fieldName":"PREMIUM RATE",
"fieldFormat":"7N/2D",
"helpText":"This field is a fixed premium amount. This field is open for input. The RATE METHOD on the Insurance/Product table (Insurance Table->01-Insurance Product Details) must be 07 (flat rate defined on the account) to enter a fixed premium amount in. For other methods, the field must be blank."
}
,{
"fieldCode":"4013",
"fieldName":"SOURCE CODE",
"fieldFormat":"2C",
"helpText":"This field is used to indicate how the product was acquired for the account. CMS accepts any source code entered. However, if the code is not defined on the logo record (INSURANCE/PRODUCT SOURCE CODE DEFINITION on Products->35-Insurance/Product Source Code), the source code description field is blank."
}
,{
"fieldCode":"4031",
"fieldName":"CANCEL REASON",
"fieldFormat":"1C",
"helpText":"Code that indicates the reason for canceling a product. The values are:<br/>Blank	=	Not canceled. (Default)<br/>A	=	Canceled the month after the product party reached the policy expiration age (CANCELLATION AGE on Insurance Table->01-Insurance Product Details page)<br/>B	=	Canceled because the block code assigned to the account cancels insurance and non-insurance products (BC CANCEL INS on Products-> 09-Block Code Matrix is A). CMS automatically reinstates the product on the cycle date when you remove the block code from the account.<br/>C	=	Canceled because the account is charged off <br/>(CHARGE OFF STATUS on Account Details->01-Account Base Segment page is 5 or 6).<br/>D	=	Canceled due to delinquency. The account is past due the number of cycles defined by the delinquency cancellation options on the Insurance table (DELIQUENCY TREATMENT on Insurance Table->01-Insurance Product Details).<br/>F	=	Canceled because a fiche number is required but is not assigned to the account and the number of cancellation days has been reached. (FICHE NUMBER REQUIRED on Insurance Table->01-Insurance Product Details).<br/>G	=	Canceled because the product partys date of birth was updated and the product party no longer meets the enrollment age requirement (MAXIMUM ENROLLMENT AGE on Insurance Table->01-Insurance Product Details).<br/>I	=	Canceled because the product partys date of birth was updated and the product party no longer meets the minimum age requirement (MINIMUM ENROLLMENT AGE on Insurance Table->01-Insurance Product Details).<br/>J	= 	Canceled because CMS cannot find the Insurance/Product table for the product. This value indicates CMS could not find the Insurance/Product table on the Processing Control Table and attempted to use the default Insurance/Product table; however, CMS did not locate the default Insurance/Product table, either.<br/>M	=	Canceled because the block code assigned to the account cancels insurance/products (BC CANCEL INS on Products->09-Block Code Matrix is M). CMS does not automatically reinstate the product when you remove the block code from the account; however, after removing the block code you can manually reinstate the product by changing STATUS on Insurance/ Product maintenance page to F.<br/>P	=	Manually canceled because the credit line or account was closed.<br/>R	=	Manually canceled at the request of the product party or customer.<br/>T	=	Canceled because the maximum amount at risk exceeded the maximum coverage (MAX COVERAGE ALLOWED on Insurance Table-> 01-Insurance Product Details). <br/>U	=	Manually canceled at the request of the underwriter.<br/>X	=	Manually canceled for a miscellaneous reason."
}
,{
"fieldCode":"4032",
"fieldName":"MAIL LETTER",
"fieldFormat":"1N",
"helpText":"Code that determines whether CMS sends letters to the product third party. The values are:<br/>0	=	Do not send letters to the product third party (Default)<br/>1	=	Send letters to the product third party.<br/>This field must be 0 (do not send letters) if PRODUCT PARTY is 0 (owner), 1 (co-owner), or 3 (owner and co-owner)."
}
,{
"fieldCode":"4033",
"fieldName":"MAIL LETTER FEE",
"fieldFormat":"1N",
"helpText":"Code determines whether CMS charges a fee for the letter. The values are:<br/>0	=	Charge the letter fee specified on the Letter Record <br/>1	=	Do not charge a letter fee.<br/>For CMS to charge a letter fee, you must enter a valid letter fee on the Letter Record."
}
,{
"fieldCode":"4034",
"fieldName":"MAIL STATEMENT",
"fieldFormat":"1N",
"helpText":"Code that determines if statements are sent to the product third party in addition to the account holder. The values are:<br/>0	=	Do not send statements to the product third party (Default)<br/>1	=	Send statements to the product third party.<br/>This field must be 0 (do not send statements) if PRODUCT PARTY is 0 (owner), 1 (co-owner), or 3 (owner and co-owner)."
}
]},"sections": {
"section0":""
,
"section1":"Insurance History-01-Insurance History record"
,
"section2":"Insurance Add Request"
}}
