{"data":{
"section0":[
],"section1":[
{
"fieldCode":"",
"fieldName":"BUSINESS UNIT",
"fieldFormat":"3N",
"helpText":"Identification number of the business unit to which the product is assigned."
}
,{
"fieldCode":"",
"fieldName":"PRODUCT",
"fieldFormat":"3N",
"helpText":"Identification number of the product associated with the account."
}
,{
"fieldCode":"",
"fieldName":"ACCOUNT NUMBER",
"fieldFormat":"19N",
"helpText":"Number that identifies the CMS business unit associated with the account. This number must be within the CMS business unit range specified on your Security record. Both your assigned ASM business unit record and representative record must permit access."
}
,{
"fieldCode":"",
"fieldName":"CURRENCY INDICATOR",
"fieldFormat":"3N",
"helpText":"ISO currency code that identifies the currency of this account. This code defaults from the Organization record (CURRENCY CODE on ARMO01); you cannot change it at the account level."
}
,{
"fieldCode":"",
"fieldName":"STATEMENT DATE",
"fieldFormat":"8N",
"helpText":"Processing date of the account statement currently displayed."
}
,{
"fieldCode":"",
"fieldName":"CREDIT PLAN",
"fieldFormat":"5N",
"helpText":"Credit plan number associated with the account."
}
,{
"fieldCode":"",
"fieldName":"PERIODIC INTEREST RATE",
"fieldFormat":"7N",
"helpText":"Periodic interest rate. This rate is equal to the annual interest rate (ANNUAL on ARSD08) multiplied by 100 and divided by the number of days in the year base (CALCULATED YEAR BASE on ARSD07)."
}
,{
"fieldCode":"",
"fieldName":"ANNUAL INTEREST RATE",
"fieldFormat":"7N",
"helpText":"Annual interest rate."
}
,{
"fieldCode":"",
"fieldName":"UP TO LIMIT",
"fieldFormat":"19N",
"helpText":"Interest limit in whole monetary units for the interest rate listed in the previous PERIODIC and ANNUAL fields."
}
,{
"fieldCode":"",
"fieldName":"LMT NO",
"fieldFormat":"1C",
"helpText":"This field indicates the limit number indicator."
}
]},"sections": {
"section0":""
,
"section1":"CREDIT PLAN INTEREST RATE HISTORY"
}}
