{"data":{
"section0":[
],"section1":[
{
"fieldCode":"5001",
"fieldName":"BUSINESS UNIT",
"fieldFormat":"3N",
"helpText":"Identification number of the organization associated with the account. The values are 001-998."
}
,{
"fieldCode":"",
"fieldName":"SELECT",
"fieldFormat":"1C",
"helpText":"Selection field used to choose for which you want to perform a detailed inquiry."
}
,{
"fieldCode":"5003",
"fieldName":"LABEL",
"fieldFormat":"",
"helpText":"Code that indicates whether the displayed number is a card number or account number."
}
,{
"fieldCode":"5004",
"fieldName":"ACCOUNT",
"fieldFormat":"19C",
"helpText":"You can search an account number or select the account number from the list. This field is required."
}
]},"sections": {
"section0":""
,
"section1":"Account Inquiry  ARIQ"
}}
