{"data":{
"section0":[
],"section1":[
{
"fieldCode":"4001",
"fieldName":"BUSINESS UNIT",
"fieldFormat":"3N",
"helpText":"Identification number of the organization associated with the Relationship record. The values are 001-998."
}
,{
"fieldCode":"4002",
"fieldName":"RELATIONSHIP NUMBER",
"fieldFormat":"19C",
"helpText":"Identification number of the Relationship record for which you want to perform an inquiry."
}
,{
"fieldCode":"5003",
"fieldName":"RELATIONSHIP NAME",
"fieldFormat":"26C",
"helpText":"Field that identifies the relationship name assigned to the Relationship record (RELATIONSHIP NAME on ARGM01)."
}
,{
"fieldCode":"5004",
"fieldName":"TOTAL ACCOUNTS",
"fieldFormat":"4N",
"helpText":"Field the identifies total number of subordinate accounts within the relationship."
}
,{
"fieldCode":"5005",
"fieldName":"AUTHORIZATION CRITERIA TABLE NUMBER",
"fieldFormat":"3C",
"helpText":"Identification number of the commercial card Authorization Criteria table assigned to the relationship. This number identifies a valid table established using the commercial card Authorization Criteria Table screens (TABLE NUMBER on ARLM01). The table number in this field defaults to all subordinate accounts in the relationship and all Embosser records added to the subordinate accounts. If the relationship is active for HCS (COMMERCIAL FLAG on ARGM01), the table number on the HCS Company Product record assigned to the subordinate account will override the relationship table number default."
}
,{
"fieldCode":"5006",
"fieldName":"TOTAL CREDIT LIMIT",
"fieldFormat":"17N",
"helpText":"Total credit limit for the relationship."
}
,{
"fieldCode":"5007",
"fieldName":"TOTAL AVAILABLE",
"fieldFormat":"17N",
"helpText":"Total amount of the credit limit available and not yet assigned to subordinate accounts in the relationship. This amount represents the relationship credit limit minus any credit limits already assigned to subordinate accounts within the relationship."
}
,{
"fieldCode":"5008",
"fieldName":"MEMO BALANCE",
"fieldFormat":"17N",
"helpText":"Field that indicates the memo balance for the relationship. CMS calculates this field during batch processing when the MEMO BAL FLAG on ARGM01 is 1. <br/>The MEMO BALANCE is the sum of the subordinate accounts, calculated as follows:<br/>Current balance<br/>plus (+) memo debits<br/>minus (-) memo credits<br/>The sum of subordinate accounts current, cash, memo debits, memo credits, and outstanding cash authorization balance are stored on the Relationship record only when the MEMO BAL FLAG on ARGM01 is 1."
}
,{
"fieldCode":"5009",
"fieldName":"MEMO BALANCE - CASH",
"fieldFormat":"17N",
"helpText":"Field that indicates the memo cash balance for the relationship. CMS calculates these fields during batch processing when the MEMO BAL FLAG on ARGM01 is 1. <br/>The MEMO CASH is the sum of the subordinate accounts, calculated as follows:<br/>Cash balance<br/>plus (+) outstanding cash authorizations<br/>The sum of subordinate accounts current, cash, memo debits, memo credits, and outstanding cash authorization balance are stored on the Relationship record only when the MEMO BAL FLAG on ARGM01 is 1."
}
,{
"fieldCode":"5010",
"fieldName":"TOTAL CREDIT LIMIT",
"fieldFormat":"17N",
"helpText":"Total credit limit amount for all accounts in the relationship. CMS updates this field real-time whenever an account is added to or removed from the relationship, or when an accounts credit limit is increased or decreased (temporarily or permanently). This field is system-generated and cannot be modified."
}
,{
"fieldCode":"5011",
"fieldName":"CONSOLIDATED NUMBER OF ACCOUNTS",
"fieldFormat":"4N",
"helpText":"Number of consolidated subordinate accounts within this relationship."
}
,{
"fieldCode":"5012",
"fieldName":"STATEMENT BEGINNING BALANCE",
"fieldFormat":"17N",
"helpText":"Balance of the relationship at the beginning of the last billing cycle, which is the sum of the beginning balances of all consolidated subordinate accounts within the relationship."
}
,{
"fieldCode":"5013",
"fieldName":"DEBITS DURING STATEMENT PERIOD",
"fieldFormat":"17N",
"helpText":"Amount of debits in the last billing cycle for the relationship. This field displays the sum of the debits for all consolidated subordinate accounts within the relationship."
}
,{
"fieldCode":"5014",
"fieldName":"CREDITS DURING STATEMENT PERIOD",
"fieldFormat":"17N",
"helpText":"Amount of credits in the last billing cycle for the relationship. This field displays the sum of the credits for all consolidated subordinate accounts within the relationship."
}
,{
"fieldCode":"5015",
"fieldName":"DEFERRED BILLING BALANCE",
"fieldFormat":"17N",
"helpText":"Total deferred billing balance for all consolidated subordinate accounts within the relationship."
}
,{
"fieldCode":"5016",
"fieldName":"STATEMENT ENDING BALANCE",
"fieldFormat":"17N",
"helpText":"Field that indicates the statement ending balance, which is the sum of the ending balances of all consolidated subordinate accounts within the relationship."
}
,{
"fieldCode":"5017",
"fieldName":"OVERLIMIT AMOUNT",
"fieldFormat":"17N",
"helpText":"Field that indicates the the relationships overlimit amount. This field is calculated at cycle as the difference between the sum of the ending statement balance for the consolidated accounts, less the relationship credit limit. The amount is refreshed on cycle date."
}
,{
"fieldCode":"5018",
"fieldName":"CURRENT PAYMENT DUE",
"fieldFormat":"17N",
"helpText":"Current payment due for the relationship, which is the sum of the current payment due of all consolidated subordinate accounts within the relationship."
}
,{
"fieldCode":"5019",
"fieldName":"TOTAL PAST DUE",
"fieldFormat":"17N",
"helpText":"Field that indicatest the total amount past due for the relationship, which is the sum of the total past due of all consolidated subordinate accounts within the relationship."
}
,{
"fieldCode":"5020",
"fieldName":"DELINQUENCY LEVEL",
"fieldFormat":"1N",
"helpText":"Field that indicates the level of delinquency for a relationship with commercial billing type accounts. CMS calculates this value daily by inspecting subordinate billing, control, and diversion accounts for the greatest level of delinquency. The relationship must support HCS processing (COMMERCIAL FLAG on ARGM01 must be 3) to have these types of accounts. The COMMERCIAL FLAG cannot be 3 unless HCS is active (HCS ACTIVE on ARMS02 is 1) and the organization allows HCS commercial cards (COMMERCIAL CARD on ARMO10 is 2)."
}
,{
"fieldCode":"5021",
"fieldName":"DELINQUENT DAYS",
"fieldFormat":"3N",
"helpText":"Number of times the account was past due 30-59, 60-89, 90-119, 120-149, 150-179, 180-209, and 210 or more days."
}
,{
"fieldCode":"5022",
"fieldName":"TOTAL PAYMENT DUE",
"fieldFormat":"17N",
"helpText":"Field that indicates the total payment amount due for all consolidated subordinate accounts in the relationship, including the current payment due and the total past due."
}
,{
"fieldCode":"5023",
"fieldName":"NET PAYMENT DUE",
"fieldFormat":"1N",
"helpText":"Field that indicates the net payment due amount for the relationship. CMS calculates this field as the difference between the relationships total payment due less the relationships cycle-to-date payments."
}
,{
"fieldCode":"5024",
"fieldName":"CURRENT DUE DATE",
"fieldFormat":"8N",
"helpText":"Date the payment is due for the relationship."
}
,{
"fieldCode":"5119",
"fieldName":"ACCOUNT NUMBER",
"fieldFormat":"17N",
"helpText":"Identification number of a subordinate account within the relationship. A letter P to the right of the account number identifies the primary account in the relationship."
}
,{
"fieldCode":"5120",
"fieldName":"PRIMARY FLAG",
"fieldFormat":"",
"helpText":"Untitled field."
}
,{
"fieldCode":"5121",
"fieldName":"BILLING LEVEL",
"fieldFormat":"1N",
"helpText":"This is the Code which indicates whether billing occurs for the account at the relationship level or subordinate account level.<br/>The values are:<br/>0 = Relationship level<br/>1 = Subordinate account level. (Default)<br/>This field defaults to the subordinate account when the account is added to the relationship, and may be changed at the<br/>subordinate level, if allowed.<br/>When using the HCS account automatic-setup process, the value in this field defaults from the parent Node record in HCS.<br/>If the BILLING LEVEL field on the parent node is 2, this field defaults to 0 but can be changed to 1.<br/>Note: The billing level of an account in a relationship must be 0 (relationship level) if the billing level of the relationship<br/>(Relationship Details -> 01-Relationship Details) is 0 (bill at relationship level).<br/>The billing level of an account in a relationship must be 1 (account level) if the billing level of the relationship is 1 (account level).<br/>The billing level of an account can be 0 or 1 if the billing level of the relationship is 2 (combined)."
}
,{
"fieldCode":"5122",
"fieldName":"CURRENT BALANCE",
"fieldFormat":"17N",
"helpText":"Sum of current balances for all subordinate accounts in the relationship."
}
,{
"fieldCode":"5101",
"fieldName":"RELATIONSHIP NAME",
"fieldFormat":"26C",
"helpText":"Name or description of the relationship on the Relationship record."
}
,{
"fieldCode":"5103",
"fieldName":"OPEN TO BUY",
"fieldFormat":"17N",
"helpText":"Current open-to-buy amount for the relationship. CMS calculates the relationship open-to-buy amount as follows:<br/>Relationship credit limit<br/>minus (-) current balance (or plus the credit balance if the CREDIT BALANCE field on ARGM01 is 0 or 3)<br/>plus (+) loan balance<br/>minus (-) memo debits<br/>plus (+) memo credits (if the CREDIT BALANCE field on ARGM01 is 2 or 3)<br/>plus (+) initial principal balance (if LOAN AMOUNT on ARGM01 is 1)<br/>minus (-) OTB loan amount (based on the value of the LOAN AMOUNT field on ARGM01)<br/>plus (+) dispute balance (if the DISPUTE field on ARGM01 is 0)"
}
,{
"fieldCode":"5104",
"fieldName":"AVAILABLE CASH BALANCE",
"fieldFormat":"17N",
"helpText":"Amount of the cash credit limit available for cash transaction authorizations for the relationship."
}
,{
"fieldCode":"5105",
"fieldName":"CURRENT BALANCE",
"fieldFormat":"17N",
"helpText":"Sum of current balances for all subordinate accounts in the relationship."
}
,{
"fieldCode":"5106",
"fieldName":"CASH BALANCE",
"fieldFormat":"17N",
"helpText":"Current outstanding amount of cash portion of the current balance."
}
,{
"fieldCode":"5107",
"fieldName":"BALANCE IN DISPUTES",
"fieldFormat":"17N",
"helpText":"Total amount of all outstanding disputed items for accounts in the relationship."
}
,{
"fieldCode":"5108",
"fieldName":"DISPUTED CASH BALANCES",
"fieldFormat":"17N",
"helpText":"Total amount of all outstanding disputed items of cash plans for  accounts in the relationship."
}
,{
"fieldCode":"5109",
"fieldName":"MEMO DEBIT AMOUNT",
"fieldFormat":"17N",
"helpText":"Sum of outstanding memo debits for all subordinate accounts in the relationship."
}
,{
"fieldCode":"5110",
"fieldName":"CASH OUTSTANDING AUTHORIZATIONS",
"fieldFormat":"17N",
"helpText":"Sum of outstanding cash authorizations for all subordinate accounts in the relationship."
}
,{
"fieldCode":"5111",
"fieldName":"MEMO CREDIT AMOUNT",
"fieldFormat":"17N",
"helpText":"Sum of outstanding memo credits for all accounts in the relationship."
}
,{
"fieldCode":"5112",
"fieldName":"CASH CREDIT LIMIT",
"fieldFormat":"17N",
"helpText":"Amount of the cash credit limit for the relationship. CMS calculates this amount as an amount or percentage of the relationship credit limit (REL CREDIT LIMIT on ARGM01) based on the CASH LIMIT field on ARGM01. Maintenance to either of these fields (REL CREDIT LIMIT or CASH LIMIT) affects the CASH CRLIM field realtime."
}
,{
"fieldCode":"5113",
"fieldName":"REL CREDIT LIMIT",
"fieldFormat":"17N",
"helpText":"Amount of the credit limit for the relationship. This is the same credit limit displayed on the Relationship record (REL CREDIT LIMIT on ARGM01)."
}
,{
"fieldCode":"5114",
"fieldName":"LOAN CREDIT LIMIT",
"fieldFormat":"17N",
"helpText":"Amount of the loan credit limit for the relationship. CMS calculates this field as an amount or percentage of the loan credit limit (REL CREDIT LIMIT on ARGM01) based on the loan limit field on ARGM01. Maintenance to either of these fields (REL CREDIT LIMIT or LOAN LIMIT) affects the LOAN CRLIM field realtime."
}
,{
"fieldCode":"5115",
"fieldName":"AVAILABLE LOAN BALANCE",
"fieldFormat":"17N",
"helpText":"Amount of the loan credit limit available for the relationship. CMS computes this value by subtracting the loan balance (LOAN BAL) from the loan credit limit for the relationship."
}
,{
"fieldCode":"5116",
"fieldName":"INITIAL PRINCIPAL BALANCE",
"fieldFormat":"17N",
"helpText":"Sum of initial principal balances of all loan credit plans of all the subordinate accounts in the relationship."
}
,{
"fieldCode":"5117",
"fieldName":"AVAILED LOAN BALANCE",
"fieldFormat":"17N",
"helpText":"Total balance of all loan credit plans for all subordinate accounts in the relationship."
}
,{
"fieldCode":"5118",
"fieldName":"TOTAL LOAN AMOUNT DUE",
"fieldFormat":"17N",
"helpText":"Sum of last payments requested for all subordinate accounts in the relationship."
}
,{
"fieldCode":"5201",
"fieldName":"CYCLE-TO-DATE PAYMENTS - COUNT",
"fieldFormat":"5N",
"helpText":"Field that indicatest the number of payment transactions posted to consolidated subordinate accounts within this relationship cycle-to-date"
}
,{
"fieldCode":"5202",
"fieldName":"CYCLE-TO-DATE PAYMENTS - AMOUNT",
"fieldFormat":"17N",
"helpText":"Field that indicatest the amount of payment transactions posted to consolidated subordinate accounts within this relationship cycle-to-date"
}
,{
"fieldCode":"5203",
"fieldName":"YEAR-TO-DATE PAYMENTS - COUNT",
"fieldFormat":"5N",
"helpText":"Field that indicates the number of payment transactions posted to consolidated subordinate accounts within this relationship year-to-date."
}
,{
"fieldCode":"5204",
"fieldName":"YEAR-TO-DATE PAYMENTS - AMOUNT",
"fieldFormat":"17N",
"helpText":"Field that indicates the amount of payment transactions posted to consolidated subordinate accounts within this relationship year-to-date."
}
,{
"fieldCode":"5205",
"fieldName":"LIFE-TO-DATE PAYMENTS - COUNT",
"fieldFormat":"5N",
"helpText":"Field that indicates the number of payment transactions posted to consolidated subordinate accounts within this relationship life-to-date."
}
,{
"fieldCode":"5206",
"fieldName":"LIFE-TO-DATE PAYMENTS - AMOUNT",
"fieldFormat":"17N",
"helpText":"Field that indicates the amount of payment transactions posted to consolidated subordinate accounts within this relationship life-to-date."
}
,{
"fieldCode":"5207",
"fieldName":"CYCLE-TO-DATE LATE FEES - COUNT",
"fieldFormat":"5N",
"helpText":"Field that displays the number of late fee transactions posted to consolidated subordinate accounts within this relationship cycle-to-date."
}
,{
"fieldCode":"5208",
"fieldName":"CYCLE-TO-DATE LATE FEES - AMOUNT",
"fieldFormat":"17N",
"helpText":"Field that displays the amount of late fee transactions posted to consolidated subordinate accounts within this relationship cycle-to-date."
}
,{
"fieldCode":"5209",
"fieldName":"YEAR-TO-DATE LATE FEES - COUNT",
"fieldFormat":"5N",
"helpText":"Field that displays the number of late fee transactions posted to consolidated subordinate accounts within this relationship year-to-date."
}
,{
"fieldCode":"5210",
"fieldName":"YEAR-TO-DATE LATE FEES - AMOUNT",
"fieldFormat":"17N",
"helpText":"Field that displays the amount of late fee transactions posted to consolidated subordinate accounts within this relationship year-to-date."
}
,{
"fieldCode":"5211",
"fieldName":"LIFE-TO-DATE LATE FEES - COUNT",
"fieldFormat":"5N",
"helpText":"Field that displays the number of late fee transactions posted to consolidated subordinate accounts within this relationship life-to-date."
}
,{
"fieldCode":"5212",
"fieldName":"LIFE-TO-DATE LATE FEES - AMOUNT",
"fieldFormat":"17N",
"helpText":"Field that displays the amount of late fee transactions posted to consolidated subordinate accounts within this relationship life-to-date."
}
,{
"fieldCode":"5213",
"fieldName":"CYCLE-TO-DATE NSF FEES - COUNT",
"fieldFormat":"5N",
"helpText":"Field that displays the number of NSF fee transactions posted to consolidated subordinate accounts within this relationship cycle-to-date."
}
,{
"fieldCode":"5214",
"fieldName":"CYCLE-TO-DATE NSF FEES - AMOUNT",
"fieldFormat":"17N",
"helpText":"Field that displays the amount of NSF fee transactions posted to consolidated subordinate accounts within this relationship cycle-to-date."
}
,{
"fieldCode":"5215",
"fieldName":"YEAR-TO-DATE NSF FEES - COUNT",
"fieldFormat":"5N",
"helpText":"Field that displays the number of NSF fee transactions posted to consolidated subordinate accounts within this relationship year-to-date."
}
,{
"fieldCode":"5216",
"fieldName":"YEAR-TO-DATE NSF FEES - AMOUNT",
"fieldFormat":"17N",
"helpText":"Field that displays the amount of NSF fee transactions posted to consolidated subordinate accounts within this relationship year-to-date."
}
,{
"fieldCode":"5217",
"fieldName":"LIFE-TO-DATE NSF FEES - COUNT",
"fieldFormat":"5N",
"helpText":"Field that displays the number of NSF fee transactions posted to consolidated subordinate accounts within this relationship life-to-date."
}
,{
"fieldCode":"5218",
"fieldName":"LIFE-TO-DATE NSF FEES - AMOUNT",
"fieldFormat":"17N",
"helpText":"Field that displays the amount of NSF fee transactions posted to consolidated subordinate accounts within this relationship life-to-date."
}
,{
"fieldCode":"5301",
"fieldName":"CYCLE-TO-DATE PURCHASES - COUNT",
"fieldFormat":"5N",
"helpText":"Field that displays the number of retail purchase transactions posted to the consolidated subordinate accounts within this relationship cycle-to-date."
}
,{
"fieldCode":"5302",
"fieldName":"CYCLE-TO-DATE PURCHASES - AMOUNT",
"fieldFormat":"17N",
"helpText":"Field that displays the amount of retail purchase transactions posted to the consolidated subordinate accounts within this relationship cycle-to-date."
}
,{
"fieldCode":"5303",
"fieldName":"YEAR-TO-DATE PURCHASES - COUNT",
"fieldFormat":"5N",
"helpText":"Field that displays the number of retail purchase transactions posted to the consolidated subordinate accounts within this relationship year-to-date."
}
,{
"fieldCode":"5304",
"fieldName":"YEAR-TO-DATE PURCHASES - AMOUNT",
"fieldFormat":"17N",
"helpText":"Field that displays the amount of retail purchase transactions posted to the consolidated subordinate accounts within this relationship year-to-date."
}
,{
"fieldCode":"5305",
"fieldName":"LIFE-TO-DATE PURCHASES - COUNT",
"fieldFormat":"5N",
"helpText":"Field that displays the number of retail purchase transactions posted to the consolidated subordinate accounts within this relationship life-to-date."
}
,{
"fieldCode":"5306",
"fieldName":"LIFE-TO-DATE PURCHASES - AMOUNT",
"fieldFormat":"17N",
"helpText":"Field that displays the amount of retail purchase transactions posted to the consolidated subordinate accounts within this relationship life-to-date."
}
,{
"fieldCode":"5307",
"fieldName":"CYCLE-TO-DATE CASH WITHDRAWLS - COUNT",
"fieldFormat":"5N",
"helpText":"Field that displays the number of cash transactions posted to the consolidated subordinate accounts within this relationship cycle-to-date."
}
,{
"fieldCode":"5308",
"fieldName":"CYCLE-TO-DATE CASH WITHDRAWLS - AMOUNT",
"fieldFormat":"17N",
"helpText":"Field that displays the amount of cash transactions posted to the consolidated subordinate accounts within this relationship cycle-to-date."
}
,{
"fieldCode":"5309",
"fieldName":"YEAR-TO-DATE CASH WITHDRAWLS - COUNT",
"fieldFormat":"5N",
"helpText":"Field that displays the number of cash transactions posted to the consolidated subordinate accounts within this relationship year-to-date."
}
,{
"fieldCode":"5310",
"fieldName":"YEAR-TO-DATE CASH WITHDRAWLS - AMOUNT",
"fieldFormat":"17N",
"helpText":"Field that displays the amount of cash transactions posted to the consolidated subordinate accounts within this relationship year-to-date."
}
,{
"fieldCode":"5311",
"fieldName":"LIFE-TO-DATE CASH WITHDRAWLS - COUNT",
"fieldFormat":"5N",
"helpText":"Field that displays the number of cash transactions posted to the consolidated subordinate accounts within this relationship life-to-date."
}
,{
"fieldCode":"5312",
"fieldName":"LIFE-TO-DATE CASH WITHDRAWLS - AMOUNT",
"fieldFormat":"17N",
"helpText":"Field that displays the amount of cash transactions posted to the consolidated subordinate accounts within this relationship life-to-date."
}
,{
"fieldCode":"5313",
"fieldName":"CYCLE-TO-DATE RETURNS - COUNT",
"fieldFormat":"5N",
"helpText":"Field that displays the number of return transactions posted to the consolidated subordinate accounts within this relationship cycle-to-date."
}
,{
"fieldCode":"5314",
"fieldName":"CYCLE-TO-DATE RETURNS - AMOUNT",
"fieldFormat":"17N",
"helpText":"Field that displays the amount of return transactions posted to the consolidated subordinate accounts within this relationship cycle-to-date."
}
,{
"fieldCode":"5315",
"fieldName":"YEAR-TO-DATE  RETURNS - COUNT",
"fieldFormat":"5N",
"helpText":"Field that displays the number of return transactions posted to the consolidated subordinate accounts within this relationship year-to-date."
}
,{
"fieldCode":"5316",
"fieldName":"YEAR-TO-DATE  RETURNS - AMOUNT",
"fieldFormat":"17N",
"helpText":"Field that displays the amount of return transactions posted to the consolidated subordinate accounts within this relationship year-to-date."
}
,{
"fieldCode":"5317",
"fieldName":"LIFE-TO-DATE RETURNS - COUNT",
"fieldFormat":"5N",
"helpText":"Field that displays the number of return transactions posted to the consolidated subordinate accounts within this relationship life-to-date."
}
,{
"fieldCode":"5318",
"fieldName":"LIFE-TO-DATE RETURNS - AMOUNT",
"fieldFormat":"17N",
"helpText":"Field that displays the amount of return transactions posted to the consolidated subordinate accounts within this relationship life-to-date."
}
,{
"fieldCode":"5401",
"fieldName":"CYCLE-TO-DATE CARD FEES - COUNT",
"fieldFormat":"5N",
"helpText":"Field that displays the number of card issuance fee transactions charged to the consolidated subordinate accounts within this relationship cycle-to-date."
}
,{
"fieldCode":"5402",
"fieldName":"CYCLE-TO-DATE CARD FEES - AMOUNT",
"fieldFormat":"17N",
"helpText":"Field that displays the amount of card issuance fee transactions charged to the consolidated subordinate accounts within this relationship cycle-to-date."
}
,{
"fieldCode":"5403",
"fieldName":"YEAR-TO-DATE CARD FEES - COUNT",
"fieldFormat":"5N",
"helpText":"Field that displays the number of card issuance fee transactions charged to the consolidated subordinate accounts within this relationship year-to-date."
}
,{
"fieldCode":"5404",
"fieldName":"YEAR-TO-DATE CARD FEES - AMOUNT",
"fieldFormat":"17N",
"helpText":"Field that displays the amount of card issuance fee transactions charged to the consolidated subordinate accounts within this relationship year-to-date."
}
,{
"fieldCode":"5405",
"fieldName":"LIFE-TO-DATE CARD FEES - COUNT",
"fieldFormat":"5N",
"helpText":"Field that displays the number of card issuance fee transactions charged to the consolidated subordinate accounts within this relationship life-to-date."
}
,{
"fieldCode":"5406",
"fieldName":"LIFE-TO-DATE CARD FEES - AMOUNT",
"fieldFormat":"17N",
"helpText":"Field that displays the amount of card issuance fee transactions charged to the consolidated subordinate accounts within this relationship life-to-date."
}
,{
"fieldCode":"5407",
"fieldName":"CYCLE-TO-DATE INTEREST - COUNT",
"fieldFormat":"5N",
"helpText":"Field that displays the number of interest transactions charged to the consolidated subordinate accounts within this relationship cycle-to-date."
}
,{
"fieldCode":"5408",
"fieldName":"CYCLE-TO-DATE INTEREST - AMOUNT",
"fieldFormat":"17N",
"helpText":"Field that displays the amount of interest transactions charged to the consolidated subordinate accounts within this relationship cycle-to-date."
}
,{
"fieldCode":"5409",
"fieldName":"YEAR-TO-DATE INTEREST - COUNT",
"fieldFormat":"5N",
"helpText":"Field that displays the number of interest transactions charged to the consolidated subordinate accounts within this relationship year-to-date."
}
,{
"fieldCode":"5410",
"fieldName":"YEAR-TO-DATE INTEREST - AMOUNT",
"fieldFormat":"17N",
"helpText":"Field that displays the amount of interest transactions charged to the consolidated subordinate accounts within this relationship year-to-date."
}
,{
"fieldCode":"5411",
"fieldName":"LIFE-TO-DATE INTEREST - COUNT",
"fieldFormat":"5N",
"helpText":"Field that displays the number of interest transactions charged to the consolidated subordinate accounts within this relationship life-to-date."
}
,{
"fieldCode":"5412",
"fieldName":"LIFE-TO-DATE INTEREST - AMOUNT",
"fieldFormat":"17N",
"helpText":"Field that displays the amount of interest transactions charged to the consolidated subordinate accounts within this relationship life-to-date."
}
]},"sections": {
"section0":""
,
"section1":"Relationship Inquiry  ARIG"
}}
