{"data":{
"section0":[
],"section1":[
{
"fieldCode":"5001",
"fieldName":"Business Unit",
"fieldFormat":"3N",
"helpText":"Identification number of the business unit."
}
,{
"fieldCode":"5002",
"fieldName":"Customer Number",
"fieldFormat":"19C",
"helpText":"Identifies the customer number of the Account Base Segment record provided in home page."
}
,{
"fieldCode":"4003",
"fieldName":"CURRENCY DISPLAY INDICATOR",
"fieldFormat":"",
"helpText":""
}
,{
"fieldCode":"4055",
"fieldName":"AMBX KEY",
"fieldFormat":"",
"helpText":""
}
,{
"fieldCode":"4004",
"fieldName":"PRIMARY DATA",
"fieldFormat":"",
"helpText":""
}
,{
"fieldCode":"4005",
"fieldName":"PRIMARY DATA SWITCH",
"fieldFormat":"",
"helpText":""
}
,{
"fieldCode":"4006",
"fieldName":"OPTIONAL DATA MATCH",
"fieldFormat":"1C",
"helpText":"Code that indicates the degree of matching required for optional data fields. When an optional field contains a value greater than spaces, this field defines whether the resulting search data should match on all optional fields or on any optional field. The values are:<br/>0 = Display any optional field match (Default)<br/>1 = Display only those records that match all requested optional fields."
}
,{
"fieldCode":"5003",
"fieldName":"Customer Name",
"fieldFormat":"40C",
"helpText":"Name of the customer as defined on the Customer Name/Address record (NAME LINE 1 on Name And Address ->02-Owner Mailing Information)."
}
,{
"fieldCode":"5004",
"fieldName":"City",
"fieldFormat":"30C",
"helpText":"City portion of the customer address as defined on the Customer Name/Address record (CITY on Name And Address ->02-Owner Mailing Information)."
}
,{
"fieldCode":"5005",
"fieldName":"State",
"fieldFormat":"3C",
"helpText":"State or province portion of the customer address as defined on the Customer Name/Address record (STATE/PROVINCE on Name And Address->02-Owner Mailing Information)."
}
,{
"fieldCode":"5006",
"fieldName":"Postal Code",
"fieldFormat":"10C",
"helpText":"Postal code portion of the customer address as defined on the Customer Name/Address record (POSTAL CODE on Name And Address->02-Owner Mailing Information)<br/>An account transferred today will continue to display for the old transfer from customer until the next CMS daily run when CMS actually transfers the account to the new transfer to customer. Until the CMS daily run, the grand totals on Customer Account Inquiry are overstated, the individual account status (STATUS) displays T (transfer), and the individual account balance fields-CURRENT BALANCE, CREDIT LIMIT, AMOUNT DUE, and OPEN TO BUY-display zero."
}
,{
"fieldCode":"5056",
"fieldName":"Address Line 1",
"fieldFormat":"40C",
"helpText":"This is mailing address of the customers account."
}
,{
"fieldCode":"5057",
"fieldName":"Address Line 2",
"fieldFormat":"40C",
"helpText":"This is mailing address of the customers account."
}
,{
"fieldCode":"5058",
"fieldName":"Address Line 3",
"fieldFormat":"40C",
"helpText":"This is mailing address of the customers account."
}
,{
"fieldCode":"5059",
"fieldName":"Address Line 4",
"fieldFormat":"40C",
"helpText":"This is mailing address of the customers account."
}
,{
"fieldCode":"5060",
"fieldName":"Mobile Number",
"fieldFormat":"20C",
"helpText":"This field is the customers mobile number."
}
,{
"fieldCode":"5061",
"fieldName":"Employer Name",
"fieldFormat":"40C",
"helpText":"This field indicates name of the employer."
}
,{
"fieldCode":"5062",
"fieldName":"Employer Address Line 1",
"fieldFormat":"40C",
"helpText":"This field indicates the part of the mailing address of the employer of the owner."
}
,{
"fieldCode":"5063",
"fieldName":"Employer Address Line 2",
"fieldFormat":"40C",
"helpText":"This field indicates the part of the mailing address of the employer of the owner."
}
,{
"fieldCode":"5064",
"fieldName":"Email Address",
"fieldFormat":"60C",
"helpText":"This field indicates e-mail address of the customers account."
}
,{
"fieldCode":"5007",
"fieldName":"Current Balance",
"fieldFormat":"15N/2D",
"helpText":"Current balance of the account"
}
,{
"fieldCode":"5008",
"fieldName":"Amount Due",
"fieldFormat":"15N/2D",
"helpText":"Total amount currently due for this account."
}
,{
"fieldCode":"5009",
"fieldName":"Open to Buy",
"fieldFormat":"15N/2D",
"helpText":"Total current open-to-buy amount of all accounts that have an owner/co-owner association with the Customer Name/Address record.<br/>For more information about how CMS calculates the open-to-buy amount for an account, see the definition of the account-level OPEN TO BUY field described later in this chapter."
}
,{
"fieldCode":"5010",
"fieldName":"Total Credit Limit",
"fieldFormat":"15N/2D",
"helpText":"Total credit limit of all accounts that have an owner/co-owner association with the Customer Name/Address record."
}
,{
"fieldCode":"5011",
"fieldName":"Total Accounts",
"fieldFormat":"5N",
"helpText":"Field displays the number of accounts that have an owner/co-owner association."
}
,{
"fieldCode":"5012",
"fieldName":"Total Association",
"fieldFormat":"5N",
"helpText":"Fields displays the number of accounts that have a different type of association (guarantor, cosigner, and authorized signer, third-party insured or user-defined)."
}
,{
"fieldCode":"5013",
"fieldName":"Currency Conversion Message",
"fieldFormat":"30C",
"helpText":"This field displays the message involved in currency conversion."
}
,{
"fieldCode":"5067",
"fieldName":"Cust Blk code",
"fieldFormat":"",
"helpText":""
}
,{
"fieldCode":"5015",
"fieldName":"Account Number",
"fieldFormat":"19C",
"helpText":"Identification number of the account."
}
,{
"fieldCode":"5016",
"fieldName":"Current Balance",
"fieldFormat":"15N/2D",
"helpText":"Current balance of the credit plan segment selected as the transfer from plan."
}
,{
"fieldCode":"5017",
"fieldName":"Credit Limit",
"fieldFormat":"15N/2D",
"helpText":"Credit limit of this account."
}
,{
"fieldCode":"5018",
"fieldName":"Amount Due",
"fieldFormat":"15N/2D",
"helpText":"Total amount currently due for this account."
}
,{
"fieldCode":"5019",
"fieldName":"Open To Buy",
"fieldFormat":"15N/2D",
"helpText":"Total current open-to-buy amount of all accounts that have an owner/co-owner association with the Customer Name/Address record.<br/>For more information about how CMS calculates the open-to-buy amount for an account, see the definition of the account-level OPEN TO BUY field described later in this chapter."
}
,{
"fieldCode":"",
"fieldName":"AMOUNT DUE",
"fieldFormat":"17N",
"helpText":"Current amount due, in monetary units and subunits, on the account."
}
,{
"fieldCode":"5020",
"fieldName":"Purchase Return LTD",
"fieldFormat":"7N/2D",
"helpText":"Amount of returns to purchases for this account life-to-date."
}
,{
"fieldCode":"5021",
"fieldName":"Purchase Return YTD",
"fieldFormat":"7N/2D",
"helpText":"Amount of returns to purchases for this account year-to-date."
}
,{
"fieldCode":"5022",
"fieldName":"Account Source",
"fieldFormat":"1C",
"helpText":"Source of selected account."
}
,{
"fieldCode":"5023",
"fieldName":"Status",
"fieldFormat":"1C",
"helpText":"Code that indicates the status of the account. The values are:<br/>A = Active<br/>B = Conversion fraud<br/>C = Conversion transfer<br/>D = Dormant<br/>F = Fraud transfer<br/>H = Closed/conversion<br/>I = Inactive<br/>J = Transferred in today; migrated from inactive<br/>K = Transferred out today; migrated from inactive<br/>M = Migrated<br/>N = New<br/>P = To be purged in next reload<br/>Q = Transfer in today<br/>R = Transfer out today<br/>T = Transfer<br/>V = Conversion<br/>X = Charged off/conversion<br/>Z = Charge-off<br/>8 = Closed<br/>9 = To be purged after extract."
}
,{
"fieldCode":"5024",
"fieldName":"Chargeoff Status",
"fieldFormat":"1N",
"helpText":"Charge-off status code for this account. Values 1-3 indicate<br/>charge-offs in progress; values 5-6 indicate charge-offs<br/>completed. The values are:<br/>0 = Not charged off<br/>1 = Potential (within 60 days of automatic chargeoff)<br/>2 = Pending (within 30 days of automatic chargeoff)<br/>3 = Manual<br/>4 = Blocked<br/>5 = Automatically completed<br/>6 = Manually completed<br/>9 = Account abandoned."
}
,{
"fieldCode":"5025",
"fieldName":"Block Code 1",
"fieldFormat":"1C",
"helpText":"Block code 1 assigned to this account."
}
,{
"fieldCode":"5026",
"fieldName":"Block Code 2",
"fieldFormat":"1C",
"helpText":"Block code 2 assigned to this account."
}
,{
"fieldCode":"5027",
"fieldName":"Cycle Due",
"fieldFormat":"1N",
"helpText":"Cycle due code that indicates the number of cycles for which a payment is due. This code also indicates the contractual delinquency level of the account. The values are:<br/>0 = No amount due; not past due<br/>1 = Current amount due; not past due<br/>2 = Amount past due 1-29 days (also called Xdays)<br/>3 = Amount past due 30-59 days<br/>4 = Amount past due 60-89 days<br/>5 = Amount past due 90-119 days<br/>6 = Amount past due 120-149 days<br/>7 = Amount past due 150-179 days<br/>8 = Amount past due 180-209 days<br/>9 = Amount past due 210 or more days."
}
,{
"fieldCode":"5028",
"fieldName":"Warning Code",
"fieldFormat":"7C",
"helpText":"Seven-part field that identifies warning codes 1 to 7 assigned to the account. Warning codes are user-defined fields used by VisionPLUS authorizations to perform qualifying credit tests. The values for each warning code are:<br/>WARNING CODE 1: (Block Code Interpretation)<br/>0 = No action<br/>1 = Block code 1 or 2 set for decline<br/>2 = Block code 1 or 2 set for card pickup<br/>3 = Block code 1 or 2 set for fraud<br/>4 = Block code 1 or 2 set for decline and refer<br/>5 = Block code 1 or 2 set for approve after verifying cardholder ID<br/>8 = User-defined algorithm<br/>9 = Block code 1 or 2 set for VIP.<br/>WARNING CODE 2:<br/>0 = No action<br/>1 = Paid P&L account<br/>2 = Write-off/charge-off account<br/>3 = Delinquent level 1<br/>4 = Delinquent level 2.<br/>NOTE: A user-defined set of parameters in the batch program determines delinquent levels 1 and 2.<br/>WARNING CODE 3:<br/>0 = No action<br/>1 = Account has had returned checks<br/>2 = Account has had excessive returned checks.<br/>NOTE: A user-defined set of parameters in the batch program determines excessive returned checks.<br/>WARNING CODE 4:<br/>0 = No action<br/>1-7 = User-defined.<br/>WARNING CODE 5:<br/>0 = No referral<br/>1-7 = User-defined.<br/>NOTE: Warning codes 4 and 5 are strictly user-defined and determined only if you add parameters in the batch program.<br/>WARNING CODE 6:<br/>0 = No action<br/>1 = Mr. only<br/>2 = Mrs. only<br/>3 = Mr. and Mrs.<br/>4 = Mr. and dependents<br/>5 = Mrs. and dependents<br/>6 = Business account.<br/>NOTE: The VisionPLUS Financial Authorization System (FAS) uses the values of warning code 6 to determine restricted use.<br/>WARNING CODE 7:<br/>0 = No action (Default)<br/>1 = Excessive amount of approved retail authorizations<br/>2 = Excessive amount of declined retail authorizations<br/>3 = Excessive number of approved retail authorizations<br/>4 = Excessive number of declined retail authorizations<br/>5 = Excessive amount of approved cash authorizations<br/>6 = Excessive amount of declined cash authorizations<br/>7 = Excessive number of approved cash authorizations<br/>8 = Excessive number of declined cash authorizations<br/>9 = Excessive number of purchase or cash advance transactions<br/>A = Excessive return-to-purchase ratio.<br/>NOTE: The VisionPLUS Financial Authorization System (FAS) uses the values of warning code 7 to determine restricted use. CMS sets these values when an account exceeds the fraud parameters established in the Logo record. To set the parameters for these values:<br/>- Use the retail authorization fraud fields on CMS Products ->18-Retail & Cash Velocity Controls to set the parameters for values 1-4<br/>-Use the cash authorization fraud fields CMS Products ->18-Retail & Cash Velocity Controls to set the parameters for values 5-8<br/>- Use the monetary velocity and monetary ratio fields on CMS Products ->18-Retail & Cash Velocity Controls to set the parameters for values A and 9."
}
,{
"fieldCode":"5029",
"fieldName":"Return Nbr LTD",
"fieldFormat":"3N",
"helpText":"Total number of returns (any credit plan) for this account life-to-date."
}
,{
"fieldCode":"5030",
"fieldName":"Return Nbr YTD",
"fieldFormat":"3N",
"helpText":"Total number of returns (any credit plan) for this account Year-to-date."
}
,{
"fieldCode":"5031",
"fieldName":"Purchase Nbr LTD",
"fieldFormat":"3N",
"helpText":"Total number of purchases (retail credit plans only) for this account life-to-date."
}
,{
"fieldCode":"5032",
"fieldName":"Purchase Nbr YTD",
"fieldFormat":"3N",
"helpText":"Total number of purchases (retail credit plans only) for this account Year-to-date."
}
,{
"fieldCode":"5033",
"fieldName":"Associate Type",
"fieldFormat":"1N",
"helpText":"Code that indicates the type of association between the Customer Name/Address record and the Account Base Segment record. The values are:<br/>0 = Owner/co-owner<br/>1 = Guarantor<br/>2 = Cosigner<br/>3 = Authorized signer<br/>4 = Third party insured<br/>5-9 = User-defined."
}
,{
"fieldCode":"5037",
"fieldName":"Product",
"fieldFormat":"3N",
"helpText":"This field is the identification number of the product."
}
,{
"fieldCode":"5034",
"fieldName":"Product Description",
"fieldFormat":"30C",
"helpText":"This field is the description of the product."
}
,{
"fieldCode":"",
"fieldName":"BILLING CYCLE",
"fieldFormat":"2N",
"helpText":"Billing cycle of the account associated with the customer. The select button at the end of customer inquiry detail navigates you the Account Details -> 01-Account Base Segment page to view the account details."
}
,{
"fieldCode":"5036",
"fieldName":"Primary Account Flag",
"fieldFormat":"1C",
"helpText":"This is a flag that indicates whether the account is the primary<br/>account in a relationship.<br/>Blank = Not the primary account<br/>P = Primary account in a relationship."
}
,{
"fieldCode":"5065",
"fieldName":"Quarterly Aff",
"fieldFormat":"",
"helpText":""
}
,{
"fieldCode":"5066",
"fieldName":"Nbr of Unblk Cards",
"fieldFormat":"5N",
"helpText":"Number of unblocked outstanding cards (plastic) for this account. The value in this field is system-generated; you cannot change it."
}
]},"sections": {
"section0":""
,
"section1":"Customer Account Inquiry ARIC"
}}
