{"data":{
"section0":[
],"section1":[
{
"fieldCode":"4001",
"fieldName":"BUSINESS UNIT",
"fieldFormat":"3N",
"helpText":"Identification number of the organization. The values are 001-998."
}
,{
"fieldCode":"4002",
"fieldName":"ACCOUNT NUMBER",
"fieldFormat":"19C",
"helpText":"Account number to which CMS is to post the transaction, or the card number if the card numbering scheme is 3 (CRD# SCM on ARMB01). If using an account number prefix (ACCT PREFIX on ARMT01), enter a dash as the first character in this field."
}
,{
"fieldCode":"4004",
"fieldName":"PLAN NUMBER",
"fieldFormat":"5N",
"helpText":"Plan number for all credit plan segments of the account."
}
,{
"fieldCode":"4005",
"fieldName":"DESCRIPTION",
"fieldFormat":"40C",
"helpText":"Description of the loan repayment schedule."
}
,{
"fieldCode":"4006",
"fieldName":"PAYMENT NUMBER",
"fieldFormat":"3N",
"helpText":"Payment number that identifies each payment in the Loan schedule. The values are 001-120. The value in this field is system-generated; you cannot change it."
}
,{
"fieldCode":"4008",
"fieldName":"JUMP TO PAYMENT NUMBER",
"fieldFormat":"3N",
"helpText":"Specific payment number you want to jump to."
}
,{
"fieldCode":"4009",
"fieldName":"JUMP FLAG",
"fieldFormat":"",
"helpText":""
}
,{
"fieldCode":"5034",
"fieldName":"CONFIRM",
"fieldFormat":"1N",
"helpText":"Code that indicates if the changed loan schedule is acceptable for EPP conversion. This field displays if the term was changed on ARCI02. The values are:<br/>0 = No, loan schedule is not accepted<br/>1 = Yes, loan schedule is accepted.<br/>Note: If the changed loan schedule is not accepted, clear the screen to cancel the term change."
}
,{
"fieldCode":"5035",
"fieldName":"CONFIRM HID",
"fieldFormat":"",
"helpText":""
}
,{
"fieldCode":"5005",
"fieldName":"TRANSACTION CODE DESCRIPTION",
"fieldFormat":"40C",
"helpText":"Code that indicates the transaction code description. If the value in this field is Spaces, the default transaction code description is used from the ARMX screen."
}
,{
"fieldCode":"5006",
"fieldName":"DATE LAST RESCHEDULED",
"fieldFormat":"8N",
"helpText":"Date on which the loan was last rescheduled."
}
,{
"fieldCode":"5007",
"fieldName":"INITIAL TERM",
"fieldFormat":"3N",
"helpText":"Current initial term of this loan plan in months"
}
,{
"fieldCode":"5032",
"fieldName":"REC NUMBER",
"fieldFormat":"4N",
"helpText":"Record number that  identifies the Embosser record. The record number is also referred to as the card sequence number"
}
,{
"fieldCode":"5009",
"fieldName":"PAYMENT AMOUNT",
"fieldFormat":"3N",
"helpText":"Total amount of payment in monetary units and subunits."
}
,{
"fieldCode":"5010",
"fieldName":"PRINCIPAL",
"fieldFormat":"17N",
"helpText":"Total principal amount of all payments in monetary units and subunits."
}
,{
"fieldCode":"5011",
"fieldName":"INTEREST",
"fieldFormat":"17N",
"helpText":"Total interest amount of all payments in monetary units and subunits."
}
,{
"fieldCode":"5012",
"fieldName":"INSURANCE",
"fieldFormat":"17N",
"helpText":"Total insurance premium amount of all payments in monetary units and subunits."
}
,{
"fieldCode":"5013",
"fieldName":"USER FEE 1",
"fieldFormat":"17N",
"helpText":"Total user-defined fee 1 to user-defined fee 6 amounts of all payments in monetary units and subunits."
}
,{
"fieldCode":"5014",
"fieldName":"USER FEE 2",
"fieldFormat":"17N",
"helpText":"Total user-defined fee 1 to user-defined fee 6 amounts of all payments in monetary units and subunits."
}
,{
"fieldCode":"5015",
"fieldName":"USER FEE 3",
"fieldFormat":"17N",
"helpText":"Total user-defined fee 1 to user-defined fee 6 amounts of all payments in monetary units and subunits."
}
,{
"fieldCode":"5016",
"fieldName":"USER FEE 4",
"fieldFormat":"17N",
"helpText":"Total user-defined fee 1 to user-defined fee 6 amounts of all payments in monetary units and subunits."
}
,{
"fieldCode":"5017",
"fieldName":"USER FEE 5",
"fieldFormat":"17N",
"helpText":"Total user-defined fee 1 to user-defined fee 6 amounts of all payments in monetary units and subunits."
}
,{
"fieldCode":"5018",
"fieldName":"USER FEE 6/SCHED BAL_EPP",
"fieldFormat":"17N",
"helpText":"Total user-defined fee 1 to user-defined fee 6 amounts of all payments in monetary units and subunits."
}
,{
"fieldCode":"5019",
"fieldName":"INTEREST RATE",
"fieldFormat":"7N",
"helpText":"Interest rate associated with the payment. This field is for information only and will not affect processing of the plan."
}
,{
"fieldCode":"5020",
"fieldName":"TOTALS",
"fieldFormat":"17N",
"helpText":"Total amount of principal, interest, insurance, and user fees 1 to 6 for this payment number."
}
,{
"fieldCode":"5036",
"fieldName":"PMT APPLIED",
"fieldFormat":"13N",
"helpText":"Total amount of payment applied to the EPP plan during each term."
}
,{
"fieldCode":"5029",
"fieldName":"USER FEE 6",
"fieldFormat":"17N",
"helpText":"Total user-defined fee 1 to user-defined fee 6 amounts of all payments in monetary units and subunits."
}
]},"sections": {
"section0":""
,
"section1":"Loan Repayment Schedule"
}}
