{"data":{
"section0":[
],"section1":[
{
"fieldCode":"4001",
"fieldName":"BUSINESS UNIT",
"fieldFormat":"3N",
"helpText":"Identification number of the organization associated with the Relationship record. The values are 001-998."
}
,{
"fieldCode":"4002",
"fieldName":"ACCOUNT NUMBER",
"fieldFormat":"17N",
"helpText":"Identification number of a subordinate account within the relationship. A letter P to the right of the account number identifies the primary account in the relationship."
}
,{
"fieldCode":"5003",
"fieldName":"PLAN NUMBER",
"fieldFormat":"5N",
"helpText":"Plan number that identifies the Credit Plan Master record associated with this loan credit plan."
}
,{
"fieldCode":"5004",
"fieldName":"DESCRIPTION",
"fieldFormat":"40C",
"helpText":"Description assigned to the transaction code that was used to initially set up the loan credit plan (DESCRIPTION on ARMX20). This untitled field displays to the right of the POSTING IND field."
}
,{
"fieldCode":"5006",
"fieldName":"TRANSACTION CODE DESCRIPTION",
"fieldFormat":"",
"helpText":""
}
,{
"fieldCode":"5008",
"fieldName":"RESCHEDULED REASON",
"fieldFormat":"1C",
"helpText":"User-defined code that indicates the reason that the loan is rescheduled."
}
,{
"fieldCode":"5009",
"fieldName":"DATE LAST RESCHEDULED",
"fieldFormat":"8N",
"helpText":"Date on which the loan was last rescheduled.<br/>CMS updates this date each time you change any fields on the ARCI02, ARCI03, or ARCI04 screen."
}
,{
"fieldCode":"5010",
"fieldName":"LETTER ID",
"fieldFormat":"3C",
"helpText":"User-defined code that identifies which letter will be sent to the customer when the loan is rescheduled.<br/>After CMS generates the letter, CMS resets this field to a blank."
}
,{
"fieldCode":"5011",
"fieldName":"NUMBER OF TIMES RESCHEDULED",
"fieldFormat":"2N",
"helpText":"Number of times the loan has been rescheduled.<br/>CMS updates this number during the Posting run (ARD140) if you have changed any fields on the ARCI02, ARCI03, or ARCI04 screen."
}
,{
"fieldCode":"5020",
"fieldName":"REC NUMBER",
"fieldFormat":"3N",
"helpText":"Record number that identifies the loan credit plan segment."
}
,{
"fieldCode":"5005",
"fieldName":"POSTING INDICATOR",
"fieldFormat":"1N",
"helpText":"Posting indicator that indicates the type of loan credit plan. The values are:<br/>1 = Loan is precomputed with loan components (principal, interest, insurance, and user fees) added to appropriate billed-not-paid components<br/>2 = Loan is precomputed with loan components added to principal<br/>3 = Loan is system-generated by posting a sales transaction."
}
,{
"fieldCode":"5012",
"fieldName":"RESTRUCTURE IND",
"fieldFormat":"1N",
"helpText":"Code that indicates whether a loan plan is automatically restructured when any the following loan components are modified: principal, interest, insurance, user fees (1-6), term, or fixed payment amount. The value for this field defaults from the RESTRUCTURE: RESCHEDULE field on ARMC10. The values are:<br/>0 = Modification of loan components does not automatically restructure the loan. (Default)<br/>1 = Modification of loan components results in restructure to calculate a new fixed payment amount. <br/>2 = Modification of loan components results in restructure to calculate a new loan term.<br/>3 = Modification of loan components results in recalculation of the payment amount using the initial components divided by the initial term. Only plans using payment type E can use this value.<br/>4 = Modification of loan components results in recalculation of the payment amount using the initial components less the LTD payments requested, divided by the remaining term or billing term (whichever is less). Only plans with payment type E can use this value.<br/>CMS automatically closes the RESTRUCTURE IND field to input when the payment type (PYMT TYP on ARMA05) for the plan is not E or F. <br/>For payment type E plans, the valid values are 0-4. If value 0 defaults from ARMC10 or was previously entered on ARCI02, this field is not open to input. A value of 1-4 can be changed to a value of 0, 1, 2, 3, or 4.<br/>For payment type F plans, the valid values are 0, 1, or 2. If value 0 defaults from ARMC10 or was previously entered on ARCI02, this field is not open to input. A value of 1 or 2 can be changed to a value of 0, 1, or 2.<br/>If the loan term component is modified and a value of 2 was defaulted from ARMC10, a value of 0 must be input in this field.<br/>If the fixed payment is modified and a value of 1, 3, or 4 was defaulted from ARMC10, a value of 0 must be input in this field."
}
,{
"fieldCode":"5013",
"fieldName":"INITIAL VALUES",
"fieldFormat":"",
"helpText":"The following fields-TERM, PRINCIPAL, INTEREST, INSURANCE, USER FEE, FIXED PMT AMT, FINAL PMT AMT, FIXED INT AMT, INTEREST RATE, and USER 1 through USER FEE 6-display the current initial values of the loan components."
}
,{
"fieldCode":"5014",
"fieldName":"RESCHEDULED VALUES",
"fieldFormat":"",
"helpText":"Use the following fields-TERM, PRINCIPAL, INTEREST, INSURANCE and USER FEE 1 through USER FEE 6-to enter rescheduled values for loan components. You can also enter rescheduled values in the fields FIXED PMT AMT, FINAL PMT AMT, FIXED INT AMT, and INTEREST RATE. When you enter a value in any of these fields, CMS updates the loan credit plan during the next CMS daily run.<br/>The fields in the RESCHEDULED column will be populated with the values from the INITIAL column when the screen is presented. If a change is made to a value in the RESCHEDULED column, it will trigger reschedule processing."
}
,{
"fieldCode":"5015",
"fieldName":"CCI",
"fieldFormat":"1N",
"helpText":"Component calculator indicator (CCI) that indicates how CMS calculates the value of each loan component. This is a display field; you cannot change the value. The values are:<br/>0 = System-generated<br/>1 = Precomputed as a lump sum<br/>2 = Precomputed and charged periodically with a flat amount for interest only<br/>3 = Determined by loan schedule."
}
,{
"fieldCode":"5016",
"fieldName":"INITIAL",
"fieldFormat":"",
"helpText":""
}
,{
"fieldCode":"5017",
"fieldName":"RESCHEDULED",
"fieldFormat":"7N",
"helpText":"New interest rate for this loan plan if different than current interest rate. This field is for information only and is used for disclosures. This rate will not affect the processing of the account."
}
]},"sections": {
"section0":""
,
"section1":"Loan Reschedule Inquiry"
}}
