{"data":{
"section0":[
],"section1":[
{
"fieldCode":"5001",
"fieldName":"BUSINESS UNIT",
"fieldFormat":"3N",
"helpText":"Identification number of the business unit associated with the account."
}
,{
"fieldCode":"5002",
"fieldName":"PRODUCT",
"fieldFormat":"3N",
"helpText":"Identification number of the product associated with the account."
}
,{
"fieldCode":"5003",
"fieldName":"ACCOUNT NUMBER",
"fieldFormat":"19C",
"helpText":"Identification number of the account."
}
,{
"fieldCode":"5005",
"fieldName":"INSURANCE PRODUCT",
"fieldFormat":"2C",
"helpText":"This field identifies the insurance product or non-insurance (additional account) product. It displays the product code as defined on the Insurance/Product table (ASSOCIATED INSURANCE PRODUCT on Insurance Table->01-Insurance Product Details).<br/>Use the Insurance Product maintenance service to modify, and view Insurance/Product tables and products."
}
,{
"fieldCode":"5007",
"fieldName":"DESCRIPTION",
"fieldFormat":"40C",
"helpText":"This field displays the product description as defined on the Insurance/Product table (INSURANCE DESCRIPTION on Insurance Table->01-Insurance Product Details). When you enter a valid product code, the page displays the description defined on the Insurance/Product table. This field is open for input only for add function (Add Insurance Request service)."
}
,{
"fieldCode":"5012",
"fieldName":"STATUS",
"fieldFormat":"1C",
"helpText":"This field indicates the status of the product. The values are:<br/>C	=	Product is canceled. After you assign this value, enter a cancellation reason in the CANCEL REASON field.<br/>F	=	Product is in force. Assign this value to add a new product or to manually reinstate a product that has been canceled.<br/>I	=	Product is inactive due to a user-defined condition. CMS does not calculate or bill a premium until you set STATUS to F.<br/>S	=	Product is suspended due to delinquency. CMS assigns this value whenever the account is past due the number of cycles defined by the delinquency cancellation options on the Insurance/Product table (DELINQUENCY TREATMENT on Insurance Table->01-Insurance Product Details)."
}
,{
"fieldCode":"5013",
"fieldName":"EFFECTIVE DATE",
"fieldFormat":"DATE",
"helpText":"Effective date of the product. This date may be a future date. CMS assesses the first premium in the cycle that this date occurs.<br/>Even if you backdate this field to a date in a previous cycle, CMS calculates charges for the current cycle only.<br/>If no entry is made to the EFFECTIVE DATE field when the product is added to the account, CMS assigns the business units next processing date to the field."
}
,{
"fieldCode":"5014",
"fieldName":"CANCEL REASON",
"fieldFormat":"1C",
"helpText":"This field identifies the cancellation reason. You can assign some values manually, CMS assigns some values automatically, and some values are assigned either manually or automatically. You cannot, however, enter a cancellation reason until you first change the STATUS field to C (canceled). <br/>You may assign the following values manually. CMS does not assign these values automatically. The values are:<br/>Blank	=	Not canceled (Default)<br/>P	=	Canceled because the credit line or account was closed<br/>R	=	Canceled at the request of the product party<br/>U	=	Canceled at the request of the underwriter<br/>X	=	Canceled for any other reason.<br/>The CMS daily run may assign the following values during the Posting run (ARD140), or you may assign these values manually. The values are:<br/>A	=	Canceled because the product party reached the policy expiration age (CANCELLATION AGE on Insurance Table->01-Insurance Product Details).<br/>D	=	Canceled due to delinquency. The account is past due the number of cycles defined by the delinquency cancellation options in the Insurance/Product table (DELINQUENCY TREATMENT on Insurance Table->01-Insurance Product Details).<br/>G	=	Canceled because the product partys date of birth did not meet the enrollment age requirement (MAXIMUM ENROLLMENT AGE on Insurance Table->01-Insurance Product Details).<br/>I	=	Canceled because the product partys date of birth did not meet the minimum age requirement (MINIMUM ENROLLMENT AGE on Insurance Table->01-Insurance Product Details).<br/>T	=	Canceled because the maximum amount at risk exceeded the maximum coverage (MAXIMUM COVERAGE ALLOWED on Insurance Table->01-Insurance Product Details).<br/>The CMS daily run may assign the following values during the Posting run (ARD140). You cannot assign these values manually. The values are:<br/>B	=	Canceled because the block code assigned to the account cancels insurance/products (BC CANCEL INS on Products->09-Block Code Matrix is A). CMS automatically reinstates the product on cycle date when you remove the block code from the account.<br/>C	=	Canceled because the account is charged off (CHARGE OFF STATUS on Account Details->01-Account Base Segment is 5 or 6).<br/>F	=	Canceled because a fiche number is required but is not assigned to the account and the number of cancellation days has been reached. (FICHE NUMBER REQUIRED on Insurance Table->01-Insurance Product Details).<br/>J	=	Canceled because CMS cannot find the Insurance/Product table for the product. CMS could not find the Insurance/Product table on the Processing Control Table and attempted to use the default Insurance/Product table; however, CMS did not locate the default Insurance/Product table, either.<br/>M	=	Canceled because the block code assigned to the account cancels insurance/products (BC CANCEL INS on Products->09-Block Code Matrix is M). CMS does not automatically reinstate the product when you remove the block code from the account; however, after removing the block code you can manually reinstate the product by changing STATUS on Insurance Product maintenance->01-Insurance/Product Maintenance to F.<br/>The VisionPLUS Letter System (LTS) can automatically send a letter to the account holder when the cancellation reason in CMS is R, X, A, D, G, I, T, or C. CMS can print a message on the account statement when the cancellation reason is D or C. You can determine which cancellation reasons cause LTS to generate letters and CMS to generate statement messages using parameters established in the Insurance/Product table (Insurance Table->04-Letter & Statement Code)."
}
,{
"fieldCode":"5015",
"fieldName":"ENROLLMENT ID",
"fieldFormat":"3C",
"helpText":"Code that identifies the product enrollment ID of the account holder, which determines the Processing Control Table and the Insurance/Product table for an account. If this field is blank, CMS defaults to the residence ID in the Account Base Segment record (STATE OF RESIDENCY on Account Details->03-PCT Defaults).<br/>You can enter a code in this field only if the enrollment ID option is established in the Insurance/Product table associated with a product (ENROLLMENT ID INDICATOR on Insurance Table->01-Insurance Product Details)."
}
,{
"fieldCode":"5016",
"fieldName":"CUSTOMER NUMBER",
"fieldFormat":"19C",
"helpText":"Customer number of the Customer Name/Address record that identifies the insured customer for the product. This customer number must identify a valid, active Customer Name/Address record. CMS does not automatically populate this field.<br/>The CUSTOMER NUMBER field is used only when the PRODUCT PARTY flag is 2 (product third party)."
}
,{
"fieldCode":"5017",
"fieldName":"MAIL STATEMENT",
"fieldFormat":"1N",
"helpText":"Code that determines if statements are sent to the product third party in addition to the account holder. The values are:<br/>0	=	Do not send statements to the product third party (Default)<br/>1	=	Send statements to the product third party.<br/>This field must be 0 (do not send statements) if PRODUCT PARTY is 0 (owner), 1 (co-owner), or 3 (owner and co-owner)."
}
,{
"fieldCode":"5018",
"fieldName":"PRODUCT PARTY",
"fieldFormat":"1N",
"helpText":"This field is a code that identifies the party whose date of birth is used. The values are:<br/>0	=	Owner (Default)<br/>1	=	Co-owner<br/>2	=	Product third party<br/>3	=	Owner and co-owner."
}
,{
"fieldCode":"5019",
"fieldName":"MAIL LETTER",
"fieldFormat":"1N",
"helpText":"This field is a code that determines whether CMS sends letters to the product third party. The values are:<br/>0	=	Do not send letters to the product third party (Default)<br/>1	=	Send letters to the product third party.<br/>This field must be 0 (do not send letters) if PRODUCT PARTY is 0 (owner), 1 (co-owner), or 3 (owner and co-owner). <br/>This field along with MAIL FEE field that enables correspondence with the product third party in addition to the account holder."
}
,{
"fieldCode":"5020",
"fieldName":"MAIL FEE",
"fieldFormat":"1N",
"helpText":"This field determines whether CMS charges a fee for the letter. The values are:<br/>0	=	Charge the LETTER FEE specified on the Letter Record service (Letter codes->Letter Detail Options) in the VisionPLUS Letter System (LTS) (Default)<br/>1	=	Do not charge a letter fee.<br/>For CMS to charge a letter fee, you must enter a valid LETTER FEE on the Letter Record service (Letter codes->Letter Detail Options) in LTS."
}
,{
"fieldCode":"5021",
"fieldName":"PRODUCT RATE 1",
"fieldFormat":"7N2D",
"helpText":"The product rates are either:<br/>A fixed premium amount assigned at the account level (PRODUCT RATE 1)<br/>A per value rate based on a percentage or an amount and the age of the product party (displayed in the PRODUCT RATE 2 and PRODUCT RATE 3)<br/>A fixed premium amount assigned in the Insurance/Product table (displayed in the PRODUCT RATE 4)<br/>A combination of the, per value rate and the fixed premium assigned in the Insurance/Product table.<br/>This field is a fixed premium amount. This field is open for input. The RATE METHOD on the Insurance/Product table (Insurance Table->01-Insurance Product Details) must be 07 (flat rate defined on the account) to enter a fixed premium amount in this field. For other methods, this field must be blank. This field is a fixed premium amount assigned at the account level<br/>On Insurance Product Maintenance->Insurance/Product Maintenance, the PRODUCT RATE 1, PRODUCT RATE 2, PRODUCT RATE 3 and PRODUCT RATE 4 are displayed; on Insurance History->01-Insurance History Record, only the PRODUCT RATE 1 is displayed as RATE (the PRODUCT RATE 2, PRODUCT RATE 3 and PRODUCT RATE 4 are not stored for historical purposes)."
}
,{
"fieldCode":"5022",
"fieldName":"FICHE NUMBER",
"fieldFormat":"9C",
"helpText":"This field is the identification number of the microfiche where documents for this product are located. The fiche number may be required using an option on the Insurance/Product table (FICHE NUMBER REQUIRED on Insurance Table->01-Insurance Product details is 1). If the fiche number is not required, (FICHE NUMBER REQUIRED on Insurance Table->01-Insurance Product details is 0), you can still enter a fiche number in this field. If the fiche number is required, CMS does not assess insurance premiums until the fiche number has been entered."
}
,{
"fieldCode":"5023",
"fieldName":"SOURCE CODE",
"fieldFormat":"2C",
"helpText":"This field is a source code. CMS accepts any source code entered in this field."
}
,{
"fieldCode":"5024",
"fieldName":"INS/PRD ACTIVE",
"fieldFormat":"1N",
"helpText":"Code that indicates if the product is active for this account. The value in this field is system-generated; you cannot change it. The values are:<br/>0	=	Product is not active. (Default)<br/>1	=	Product is active but CMS has not generated a statement for the account since the product became active. CMS sets this value when the first sale transaction (logic module 001) posts for a plan on the account and the STATUS is F.<br/>2	=	Product is active and a statement for the account has been produced since the product became active. CMS sets this value after generating the first statement with this product."
}
,{
"fieldCode":"5025",
"fieldName":"STATUS CHANGING DATE",
"fieldFormat":"DATE",
"helpText":"This field displays the date when the STATUS field was last changed. This date is system-generated; you cannot change it.<br/>To remove a product from an account, set the STATUS field to I (inactive). The product will remain associated with the account for history purposes and will display on Insurance Product Maintenance->01-Insurance/Product Maintenance service with the STATUS set to inactive (I)."
}
,{
"fieldCode":"5026",
"fieldName":"CANCEL DATE",
"fieldFormat":"DATE",
"helpText":"This field displays the date on which this product was canceled, either manually or automatically. This date is system-generated; you cannot change it."
}
,{
"fieldCode":"5027",
"fieldName":"REINSTATEMENT DATE",
"fieldFormat":"DATE",
"helpText":"Date on which the product was reinstated, either manually or automatically. This date is system-generated; you cannot change it.<br/>When you manually reinstate a product, CMS uses the date next processed as the reinstatement date. When CMS automatically reinstates the product (DELINQUENCY TREATMENT on Insurance table->01- Insurance Product Details is 1), CMS uses the cycle date as the reinstatement date. When an account goes from the delinquency warning level to a delinquency level prior to the warning level (DELINQUENCY TREATMENT on Insurance table->01- Insurance Product Details is 2), CMS uses the cycle date as the reinstatement date."
}
,{
"fieldCode":"5028",
"fieldName":"DATE OF BIRTH",
"fieldFormat":"DATE",
"helpText":"This field is the date of birth of the product party. CMS uses this date for several calculations based on age, including:<br/>Premiums based on age (PREMIUM BY AGE METHOD on Insurance Table->03-Insurance Premium Table)<br/>Minimum age (MINIMUM ENROLLMENT AGE on Insurance Table->01-Insurance Product Details)<br/>Enrollment age (MAXIMUM ENROLLMENT AGE on Insurance Table-> 01-Insurance Product Details)<br/>Expiration age (CANCELLATION AGE on Insurance Table->01-Insurance Product Details).<br/>If the PRODUCT PARTY field is 3 (owner and co-owner), the date of birth for the oldest individual displays in this field and is used for calculations.<br/>To change the date of birth for the product party, update the applicable Customer Name/Address record (DATE OF BIRTH on Name and Address->03-Owner Employement Information)."
}
,{
"fieldCode":"5029",
"fieldName":"INSURANCE TABLE NUMBER",
"fieldFormat":"3N",
"helpText":"Number that identifies the Insurance/Product table to which this product is assigned, as determined by the STATE OF RESIDENCY (Account Details->03-PCT Defaults). The Insurance/Product table controls processing for the product.<br/>If the ENROLLMENT ID (Insurance Product Maintenance-> Insurance/Product Maintenance) differs from STATE OF RESIDENCY on Account Details->03-PCT Defaults (enrollment override), CMS displays the Insurance/Product table number determined by the ENROLLMENT ID."
}
,{
"fieldCode":"5030",
"fieldName":"PRODUCT RATE 2",
"fieldFormat":"1N",
"helpText":"This field is a code that indicates whether the third part is a percentage or an amount. The values are:<br/>0	=	Percentage<br/>1	=	Amount."
}
,{
"fieldCode":"5031",
"fieldName":"PRODUCT RATE 3",
"fieldFormat":"7N2D",
"helpText":"This field displays the, per value percentage or amount. This value is based on the age of the product party and the age tiers defined in the Insurance/Product table (PREMIUM BY AGE METHOD on Insurance Table->03-Insurance Premium Table)."
}
,{
"fieldCode":"5032",
"fieldName":"PRODUCT RATE 4",
"fieldFormat":"7N2D",
"helpText":"This field is a fixed premium amount established in the Insurance/Product table (FIXED PREMIUM AMOUNT on Insurance Table->01-Insurance Product Details), if applicable."
}
,{
"fieldCode":"5033",
"fieldName":"FICHE WARN DATE",
"fieldFormat":"DATE",
"helpText":"This field is the fiche number warning date. If the fiche number is required but is not entered by this date, CMS lists the account on the Insurance Fiche Number Exceptions report (O57). If the fiche number is not required, or if a required fiche number has been entered, the warning date displays 12/31/9999."
}
,{
"fieldCode":"5034",
"fieldName":"FICHE CANCEL DATE",
"fieldFormat":"DATE",
"helpText":"The field (FICHE DATE CANCEL) is the fiche number cancellation date. If the fiche number is required but is not entered by this date, CMS automatically cancels the product and sets the cancellation reason to F (CANCEL REASON on Insurance Product maintenance->01-Insurance/Product Maintenance). If the fiche number is not required, or if a required fiche number has been entered, the cancellation date displays 12/31/9999."
}
,{
"fieldCode":"5035",
"fieldName":"SOURCE DESCRIPTION",
"fieldFormat":"20C",
"helpText":"It is a source code description. CMS accepts any source code entered in the first part of this field. However, if the code is not defined on the logo record (INSURANCE/PRODUCT SOURCE CODE DEFINITION on Products->35-Insurance/Product Source Code), the source code description is blank."
}
,{
"fieldCode":"5036",
"fieldName":"DATE LAST BILLED",
"fieldFormat":"DATE",
"helpText":"Date on which CMS last billed a premium to the account."
}
,{
"fieldCode":"5037",
"fieldName":"LST AMT BILLED",
"fieldFormat":"7N/2D",
"helpText":"Amount of the premium that CMS billed to the account on the DATE LAST BILLED."
}
,{
"fieldCode":"5038",
"fieldName":"MTD AMT BILLED",
"fieldFormat":"15N/2D",
"helpText":"Amount of month-to-date premiums billed to the account."
}
,{
"fieldCode":"5039",
"fieldName":"CTD AMT BILLED",
"fieldFormat":"15N/2D",
"helpText":"Amount of cycle-to-date premiums billed to the account."
}
,{
"fieldCode":"5040",
"fieldName":"YTD AMT BILLED",
"fieldFormat":"15N/2D",
"helpText":"Amount of year-to-date premiums billed to the account."
}
,{
"fieldCode":"5041",
"fieldName":"LTD AMT BILLED",
"fieldFormat":"15N/2D",
"helpText":"Amount of life-to-date premiums billed to the account."
}
,{
"fieldCode":"5042",
"fieldName":"SUSPENDED AMT",
"fieldFormat":"15N/2D",
"helpText":"Current suspended premium amount for the account. This field displays a value when the product is suspended or when it is in a delinquent accrual period as determined by the delinquency cancellation options in the Insurance/Product table (DELINQUENCY TREATMENT on Insurance Table->01-Insurance Product Details). <br/>When insurance is suspended, this field displays the amount of premiums that have not been billed. The suspended amount will be billed and reset to zero if the account cures delinquency. If the account does not cure delinquency and the product is canceled, the suspended amount will be waived and reset to zero.<br/>When the product has reached the delinquency warning level and the bill/accrue option is used, premiums will continue to bill and will accrue in the SUSPENDED AMT field. If the account cures delinquency, the suspended amount is reset to zero. If the account does not cure delinquency and the product is canceled, the suspended amount is refunded and reset to zero."
}
],"section2":[
],"section3":[
{
"fieldCode":"4001",
"fieldName":"BUSINESS UNIT",
"fieldFormat":"3N",
"helpText":"Identification number of the business unit associated with the account."
}
,{
"fieldCode":"4002",
"fieldName":"ACCOUNT NUMBER",
"fieldFormat":"19C",
"helpText":"Identification number of the account."
}
,{
"fieldCode":"4004",
"fieldName":"PRODUCT CODE",
"fieldFormat":"2C",
"helpText":"Code that identifies the product as defined on the Insurance table (ASSOCIATED INSURANCE PRODUCT on Insurance Table-> 01-Insurance Product Details).<br/>Use the Insurance Table service to add, modify, and view Insurance/Product tables and products."
}
,{
"fieldCode":"4005",
"fieldName":"STATUS CODE",
"fieldFormat":"1C",
"helpText":"Status of the product. The values are:<br/> F	=	 Product is in force.<br/> I	=	 Product is inactive due to a user-defined condition. CMS will not calculate or bill the premium while the status is inactive."
}
,{
"fieldCode":"4009",
"fieldName":"INSURED PARTY INDICATOR",
"fieldFormat":"1C",
"helpText":"This field is a code that identifies the party whose date of birth is used. The values are:<br/>0	=	Owner (Default)<br/>1	=	Co-owner<br/>2	 =	Product third party<br/>3	 =	Owner and co-owner."
}
,{
"fieldCode":"4012",
"fieldName":"FICHE NUMBER",
"fieldFormat":"1C",
"helpText":"This field is the identification number of the microfiche where documents for this product are located. The fiche number may be required using an option on the Insurance/Product table (FICHE NUMBER REQUIRED on Insurance Table->01-Insurance Product details is 1). If the fiche number is not required, (FICHE NUMBER REQUIRED on Insurance Table->01-Insurance Product details is 0), you can still enter a fiche number in this field. If the fiche number is required, CMS does not assess insurance premiums until the fiche number has been entered."
}
,{
"fieldCode":"",
"fieldName":"DUAL INDICATOR",
"fieldFormat":"1C",
"helpText":"Identification of the Dual indicator flag. The values are:<br/>L	=	Local account<br/>F	=	Foreign account."
}
,{
"fieldCode":"4006",
"fieldName":"EFFECTIVE DATE",
"fieldFormat":"DATE",
"helpText":"Effective date of the product. This+D74 date may be a future date. CMS assesses the first premium in the cycle that this date occurs.<br/>Even if you+D52 backdate this field to a date in a previous cycle, CMS calculates charges for the current cycle only.<br/>If no entry is made to the EFFECTIVE DATE field when the product is added to the account, CMS assigns the business units next processing date to the field."
}
,{
"fieldCode":"4007",
"fieldName":"ENROLLMENT ID",
"fieldFormat":"3C",
"helpText":"Code that identifies the product enrollment ID of the account holder, which determines the Processing Control Table and the Insurance/Product table for an account.<br/>You can enter a code in this field only if the enrollment ID option is established in the Insurance/Product table associated with a product (ENROLLMENT ID INDICATOR on Insurance Table->01-Insurance Product Details)."
}
,{
"fieldCode":"4008",
"fieldName":"CUSTOMER NUMBER",
"fieldFormat":"19C",
"helpText":"Customer number of the Customer Name/Address record that identifies the insured customer for the product. This customer number must identify a valid, active Customer Name/Address record. CMS does not automatically populate this field.<br/>The CUSTOMER NUMBER field is used only when the PRODUCT PARTY flag is 2 (product third party)."
}
,{
"fieldCode":"4011",
"fieldName":"PREMIUM RATE",
"fieldFormat":"7N/2D",
"helpText":"This field is a fixed premium amount. This field is open for input. The RATE METHOD on the Insurance/Product table (Insurance Table->01-Insurance Product Details) must be 07 (flat rate defined on the account) to enter a fixed premium amount in. For other methods, the field must be blank."
}
,{
"fieldCode":"4013",
"fieldName":"SOURCE CODE",
"fieldFormat":"2C",
"helpText":"This field is used to indicate how the product was acquired for the account. CMS accepts any source code entered. However, if the code is not defined on the logo record (INSURANCE/PRODUCT SOURCE CODE DEFINITION on Products->35-Insurance/Product Source Code), the source code description field is blank."
}
,{
"fieldCode":"4031",
"fieldName":"CANCEL REASON",
"fieldFormat":"1C",
"helpText":"Code that indicates the reason for canceling a product. The values are:<br/>Blank	=	Not canceled. (Default)<br/>A	=	Canceled the month after the product party reached the policy expiration age (CANCELLATION AGE on Insurance Table->01-Insurance Product Details page)<br/>B	=	Canceled because the block code assigned to the account cancels insurance and non-insurance products (BC CANCEL INS on Products-> 09-Block Code Matrix is A). CMS automatically reinstates the product on the cycle date when you remove the block code from the account.<br/>C	=	Canceled because the account is charged off <br/>(CHARGE OFF STATUS on Account Details->01-Account Base Segment page is 5 or 6).<br/>D	=	Canceled due to delinquency. The account is past due the number of cycles defined by the delinquency cancellation options on the Insurance table (DELIQUENCY TREATMENT on Insurance Table->01-Insurance Product Details).<br/>F	=	Canceled because a fiche number is required but is not assigned to the account and the number of cancellation days has been reached. (FICHE NUMBER REQUIRED on Insurance Table->01-Insurance Product Details).<br/>G	=	Canceled because the product partys date of birth was updated and the product party no longer meets the enrollment age requirement (MAXIMUM ENROLLMENT AGE on Insurance Table->01-Insurance Product Details).<br/>I	=	Canceled because the product partys date of birth was updated and the product party no longer meets the minimum age requirement (MINIMUM ENROLLMENT AGE on Insurance Table->01-Insurance Product Details).<br/>J	= 	Canceled because CMS cannot find the Insurance/Product table for the product. This value indicates CMS could not find the Insurance/Product table on the Processing Control Table and attempted to use the default Insurance/Product table; however, CMS did not locate the default Insurance/Product table, either.<br/>M	=	Canceled because the block code assigned to the account cancels insurance/products (BC CANCEL INS on Products->09-Block Code Matrix is M). CMS does not automatically reinstate the product when you remove the block code from the account; however, after removing the block code you can manually reinstate the product by changing STATUS on Insurance/ Product maintenance page to F.<br/>P	=	Manually canceled because the credit line or account was closed.<br/>R	=	Manually canceled at the request of the product party or customer.<br/>T	=	Canceled because the maximum amount at risk exceeded the maximum coverage (MAX COVERAGE ALLOWED on Insurance Table-> 01-Insurance Product Details). <br/>U	=	Manually canceled at the request of the underwriter.<br/>X	=	Manually canceled for a miscellaneous reason."
}
,{
"fieldCode":"4032",
"fieldName":"MAIL LETTER",
"fieldFormat":"1N",
"helpText":"Code that determines whether CMS sends letters to the product third party. The values are:<br/>0	=	Do not send letters to the product third party (Default)<br/>1	=	Send letters to the product third party.<br/>This field must be 0 (do not send letters) if PRODUCT PARTY is 0 (owner), 1 (co-owner), or 3 (owner and co-owner)."
}
,{
"fieldCode":"4033",
"fieldName":"MAIL LETTER FEE",
"fieldFormat":"1N",
"helpText":"Code determines whether CMS charges a fee for the letter. The values are:<br/>0	=	Charge the letter fee specified on the Letter Record <br/>1	=	Do not charge a letter fee.<br/>For CMS to charge a letter fee, you must enter a valid letter fee on the Letter Record."
}
,{
"fieldCode":"4034",
"fieldName":"MAIL STATEMENT",
"fieldFormat":"1N",
"helpText":"Code that determines if statements are sent to the product third party in addition to the account holder. The values are:<br/>0	=	Do not send statements to the product third party (Default)<br/>1	=	Send statements to the product third party.<br/>This field must be 0 (do not send statements) if PRODUCT PARTY is 0 (owner), 1 (co-owner), or 3 (owner and co-owner)."
}
]},"sections": {
"section0":""
,
"section1":"Insurance Product Maintenance-01-Insurance/Product Maintenance"
,
"section2":"Insurance History-01-Insurance History record"
,
"section3":"Insurance Add Request"
}}
