{"data":{
"section0":[
],"section1":[
{
"fieldCode":"4001",
"fieldName":"BUSINESS UNIT",
"fieldFormat":"3N",
"helpText":"Identification number of the business unit associated with this account. The values are 001-998."
}
,{
"fieldCode":"4002",
"fieldName":"ACCOUNT NUMBER",
"fieldFormat":"19C",
"helpText":"Identification number of the account for which you view product i+D27nformation.<br/>When a card scheme 3 account transfer and card replacement occurs, one of the cards transferred to the new account may have the same number as the old transferred-from account number."
}
],"section2":[
{
"fieldCode":"5001",
"fieldName":"BUSINESS UNIT",
"fieldFormat":"3N",
"helpText":"Identification number of the business unit associated with the account."
}
,{
"fieldCode":"5002",
"fieldName":"PRODUCT",
"fieldFormat":"3N",
"helpText":"Identification number of the product associated with the account."
}
,{
"fieldCode":"5003",
"fieldName":"ACCOUNT NUMBER",
"fieldFormat":"19C",
"helpText":"Identification number of the account."
}
,{
"fieldCode":"5005",
"fieldName":"INSURANCE PRODUCT",
"fieldFormat":"2C",
"helpText":"Code that identifies the product as defined on the Insurance table (ASSOCIATED INSURANCE PRODUCT in Insurance Table->01-Insurance Product Details page).<br/>Use the Insurance Product maintenance service to modify, and view Insurance/Product and products."
}
,{
"fieldCode":"5007",
"fieldName":"DESCRIPTION",
"fieldFormat":"40C",
"helpText":"Description of the product as defined on the Insurance table (INSURANCE DESCRIPTION on Insurance Table->01-Insurance Product Details)."
}
,{
"fieldCode":"5008",
"fieldName":"STATUS",
"fieldFormat":"1C",
"helpText":"Status of the product. The values are:<br/>C	=	Product is canceled. CMS assesses no premiums. The CANCEL REASON field indicates the cancellation reason.<br/>F	=	Product is in force.<br/>I	=	Product is inactive due to a user-defined condition. CMS will not calculate or bill the premium while the status is inactive.<br/>S	=	Product is suspended due to delinquency. The account is past due the number of cycles defined by the delinquency cancellation options on the Insurance table (DELIQUENCY TREATMENT on Insurance Table->01-Insurance Product Details). CMS calculates and accrues, but does not bill, a premium."
}
,{
"fieldCode":"5009",
"fieldName":"CANCEL REASON",
"fieldFormat":"1C",
"helpText":"Code that indicates the reason for canceling a product. The values are:<br/>Blank	=	Not canceled. (Default)<br/>A	=	Canceled the month after the product party reached the policy expiration age (CANCELLATION AGE on Insurance Table->01-Insurance Product Details)<br/>B	=	Canceled because the block code assigned to the account cancels insurance and non-insurance products (BC CANCEL INS on Products->09-Block Code Matrix is A). CMS automatically reinstates the product on the cycle date when you remove the block code from the account.<br/>C	=	Canceled because the account is charged off <br/>(CHARGE OFF STATUS on Account Details->01-Account Base Segment is 5 or 6).<br/>D	=	Canceled due to delinquency. The account is past due the number of cycles defined by the delinquency cancellation options on the Insurance table (DELIQUENCY TREATMENT on Insurance Table->01-Insurance Product Details).<br/>F	=	Canceled because a fiche number is required but is not assigned to the account and the number of cancellation days has been reached. (FICHE NUMBER REQUIRED on Insurance Table->01-Insurance Product Details).<br/>G	=	Canceled because the product partys date of birth was updated and the product party no longer meets the enrollment age requirement (MAXIMUM ENROLLMENT AGE on Insurance Table->01-Insurance Product Details).<br/>I	=	Canceled because the product partys date of birth was updated and the product party no longer meets the minimum age requirement (MINIMUM ENROLLMENT AGE on Insurance Table->01-Insurance Product Details).<br/>J	= 	Canceled because CMS cannot find the Insurance/Product table for the product. This value indicates CMS could not find the Insurance/Product table on the Processing Control Table and attempted to use the default Insurance/Product table; however, CMS did not locate the default Insurance/Product table, either.<br/>M	=	Canceled because the block code assigned to the account cancels insurance/products (BC CANCEL INS on Products->09-Block Code Matrix is M). CMS does not automatically reinstate the product when you remove the block code from the account; however, after removing the block code you can manually reinstate the product by changing STATUS on Insurance Product maintenance page to F.<br/>P	=	Manually canceled because the credit line or account was closed.<br/>R	=	Manually canceled at the request of the product party or customer.<br/>T	=	Canceled because the maximum amount at risk exceeded the maximum coverage (MAX COVERAGE ALLOWED on Insurance Table->01-Insurance/Product Details). <br/>U	=	Manually canceled at the request of the underwriter.<br/>X	=	Manually canceled for a miscellaneous reason."
}
,{
"fieldCode":"5010",
"fieldName":"COMPANY",
"fieldFormat":"2C",
"helpText":"User-defined code that identifies the underwriter of the product, as defined on the Insurance/Product table (COMPANY NAME CODE on Insurance Table->01-Insurance Product Details)."
}
]},"sections": {
"section0":""
,
"section1":"Insurance product Maintenance-Home Page"
,
"section2":"Insurance Product Maintenance-01-Insurance/Product Selection"
}}
