{"data":{
"section0":[
],"section1":[
{
"fieldCode":"4026",
"fieldName":"BATCH NUMBER",
"fieldFormat":"5N",
"helpText":"Number assigned to the batch for identification purposes. Every batch must be assigned a unique batch number."
}
,{
"fieldCode":"4009",
"fieldName":"BUSINESS UNIT",
"fieldFormat":"3N",
"helpText":"Identification number of the business unit associated with this batch of monetary transactions. The values are 001-998."
}
,{
"fieldCode":"4027",
"fieldName":"BATCH SOURCE",
"fieldFormat":"4N",
"helpText":"Source code that indicates how the batch entered CMS. The value in this field is system-generated; you cannot change it. The values are:<br/>0000 = Local input (originated from the AMT1 file during batch input)<br/>0001-9998 = User input (originated from user input file ATTD or ATTT)."
}
,{
"fieldCode":"4004",
"fieldName":"BATCH DATE",
"fieldFormat":"",
"helpText":"Date on which batch got executed."
}
,{
"fieldCode":"5002",
"fieldName":"TOTAL ITEMS",
"fieldFormat":"3N",
"helpText":"Number of items in the batch, including items flagged for deletion. If the batch is in reject/reentry and the number of items does not equal the calculated total number of items, this field is open for input. You can change the number of items to equal the calculated total number of items, or you can increase the number in this field to a number greater than the calculated total number. If you increase the number, you can add additional items to the batch."
}
,{
"fieldCode":"5005",
"fieldName":"TOTAL AMOUNT CREDITS",
"fieldFormat":"13N",
"helpText":"Total amount of debit transactions in the batch in monetary units and subunits."
}
,{
"fieldCode":"5006",
"fieldName":"TOTAL AMOUNT DEBITS",
"fieldFormat":"13N",
"helpText":"Total amount of credit transactions in the batch in monetary units and subunits."
}
,{
"fieldCode":"5039",
"fieldName":"BATCH STATUS",
"fieldFormat":"1C",
"helpText":"Code that indicates the status of the batch. The values are:<br/>A = Complete batch. The batch was completed during after-hours processing. The batch can be deleted or reactivated using the Monetary Batch Control screens (ARBC) .<br/>B = Delete batch. The batch was deleted during after-hours processing. The batch can be reactivated using the Monetary Batch Control screens (ARBC).<br/>C = Complete batch. The batch is balanced. You cannot modify the batch unless you reactivate the batch using the Monetary Batch Control screens (ARBC).<br/>D = Delete batch. The batch has been flagged to be deleted using the Monetary Batch Control screens (ARBC). CMS ignores all transactions within this batch.<br/>I = Incomplete batch. The batch is out of balance either by amount or by items."
}
,{
"fieldCode":"5040",
"fieldName":"BATCH EFF DATE",
"fieldFormat":"",
"helpText":"Effective date of the transaction."
}
,{
"fieldCode":"4005",
"fieldName":"TRANSACTION SEQ NUMBER",
"fieldFormat":"3N",
"helpText":"Sequence number that identifies the credit plan segment associated with the transaction."
}
,{
"fieldCode":"4010",
"fieldName":"ACCOUNT NUMBER",
"fieldFormat":"19C",
"helpText":"Account number to which CMS is to post the transaction, or the card number if the card numbering scheme is 3 (CARD SCHEME on Account Details -> 01-Account Base Segment)."
}
,{
"fieldCode":"4007",
"fieldName":"TRANSACTION AMOUNT",
"fieldFormat":"9N/2D",
"helpText":"Amount of the transaction in monetary units and subunits."
}
,{
"fieldCode":"4008",
"fieldName":"TRANSACTION CODE",
"fieldFormat":"4N",
"helpText":"Transaction code that identifies the type of monetary transaction."
}
,{
"fieldCode":"4009",
"fieldName":"TXN EFFECTIVE DATE",
"fieldFormat":"",
"helpText":"Effective date of the transaction."
}
,{
"fieldCode":"4010",
"fieldName":"STORE NUMBER",
"fieldFormat":"9N",
"helpText":"Store number associated with the transaction."
}
,{
"fieldCode":"4011",
"fieldName":"CREDIT PLAN NUMBER",
"fieldFormat":"5N",
"helpText":"Plan number that identifies the Credit Plan Master record associated with the transaction."
}
,{
"fieldCode":"4012",
"fieldName":"PLAN SEQUENCE",
"fieldFormat":"2N",
"helpText":"Sequence number that identifies the credit plan segment associated with the transaction"
}
,{
"fieldCode":"5015",
"fieldName":"TICKET NUMBER",
"fieldFormat":"15C",
"helpText":"Ticket or invoice number associated with the transaction. Use this field when entering purchase transactions for open item billing accounts."
}
,{
"fieldCode":"4014",
"fieldName":"STOCK KEEPING UNIT",
"fieldFormat":"9N",
"helpText":"Stock keeping unit (SKU) number associated with the transaction"
}
,{
"fieldCode":"4015",
"fieldName":"TRANSACTION DESCRIPTION",
"fieldFormat":"40C",
"helpText":"Description of the transaction."
}
,{
"fieldCode":"4016",
"fieldName":"AUTHENTICATION CODE",
"fieldFormat":"6C",
"helpText":"Authorization code associated with the transaction."
}
,{
"fieldCode":"4017",
"fieldName":"DEPARTMENT NUMBER",
"fieldFormat":"4N",
"helpText":"Department code associated with the transaction."
}
,{
"fieldCode":"4018",
"fieldName":"SALES CLERK",
"fieldFormat":"12C",
"helpText":"Salesclerk associated with the transaction."
}
,{
"fieldCode":"4019",
"fieldName":"TRANSACTION STATUS",
"fieldFormat":"1C",
"helpText":"Status code of this item. This field displays on maintain and Query only if working with a batch of todays entry transactions (FILE is T1). The values are:<br/>Blank = Active; status never changed<br/>A = Active; status changed<br/>D = Delete."
}
,{
"fieldCode":"4020",
"fieldName":"PURCHASE ORDER",
"fieldFormat":"16C",
"helpText":"Purchase order number associated with the transaction. For Visa purchasing card accounts, the value in this field is user-defined and can represent a purchase order number, general ledger account number, project number, or any other value."
}
,{
"fieldCode":"4021",
"fieldName":"RESOLUTION REF NUMBER",
"fieldFormat":"14N",
"helpText":"Resolution reference number generated during the Posting run for payments received for open item billing accounts. CMS generates this field as follows:<br/>Position    Value<br/>1-4            Posting date of the transaction (month and day)<br/>5-9            Batch number that processed the payment transaction<br/>10-14       Item number assigned by CMS to all open items processed to the Open Item file."
}
,{
"fieldCode":"4031",
"fieldName":"WALLET ID",
"fieldFormat":"3C",
"helpText":"Code that uniquely identifies each wallet on a prepaid account. For multicurrency prepaid accounts, this field corresponds to the ISO numeric currency code."
}
,{
"fieldCode":"4032",
"fieldName":"WALLET AMOUNT",
"fieldFormat":"9N/2D",
"helpText":"This field indicates the transaction amount in the wallet currency."
}
,{
"fieldCode":"4021",
"fieldName":"CARD NUMBER",
"fieldFormat":"19C",
"helpText":"Number that is embossed on the plastic card associated with the transaction. The card number is different from the account number only for accounts with card numbering scheme 3 (CARD SCHEME On Account Details -> 01-Account Base Segment)."
}
,{
"fieldCode":"4023",
"fieldName":"CARD NUMBER SEQUENCE",
"fieldFormat":"4N",
"helpText":"Sequence number (also called record number) to distinguish between multiple cards issued with the same card number.<br/>NOTE: If posting a transaction for an account assigned card numbering scheme 3 (CARD SCHEME On Account Details -> 01-Account Base Segment), enter a valid sequence number in the Card Number Sequence field. If no value is entered, CMS assumes card sequence number 0001."
}
,{
"fieldCode":"4024",
"fieldName":"INSURANCE PRODUCT",
"fieldFormat":"2C",
"helpText":"Code that identifies the insurance product associated with the transaction."
}
,{
"fieldCode":"5029",
"fieldName":"POSTING FLAG",
"fieldFormat":"2N",
"helpText":"Flag that identifies the posting action. The posting flag is also called a reject code. The values are:<br/>00 = Posted<br/>01 = Account blocked<br/>02 = Account closed or purged<br/>03 = Invalid logic module<br/>04 = Invalid transaction code<br/>05 = Invalid effective date<br/>06 = Account charged off<br/>07 = Prepayment not allowed<br/>08 = Invalid dispute release or authorization reversal<br/>09 = Invalid transaction amount<br/>10 = Account not found<br/>11 = Plan segment not found<br/>12 = Plan number not specified<br/>13 = Duplicate plans; specify record number<br/>14 = Account transferred<br/>15 = Invalid backdated transaction; effective date exceeds backdate limit<br/>16 = Invalid postdated transaction; effective date exceeds postdate limit<br/>17 = Account pending call cycle statement<br/>18 = Year-to-date fees exceed annual limit<br/>19 = Invalid payment reversal<br/>20 = Excessive disputes on account<br/>21 = Affects deferred bill balance<br/>22 = Exceeds deferred bill balance<br/>23 = User input rejected<br/>24 = Directed debit for invalid plan; open item billing account<br/>25 = Card blocked<br/>26 = Logo does not allow loans<br/>27 = Invalid plan sequence<br/>28 = Invalid relationship reversal<br/>29 = No primary account for relationship<br/>30 = Invalid relationship logic module<br/>31 = Invalid insurance product<br/>32 = Missing AMRM record for transaction split<br/>33 = Missing AMRH record for transaction split<br/>34 = Missing AMBS record for transaction split<br/>35 = Cannot split this relationship transaction<br/>36 = Loan plan status is cancelled<br/>37 = Incomplete loan plan<br/>80 = Frequent shopper exception<br/>88 = Warehoused transaction; nonprocessing organization<br/>95 = Transfer history purge<br/>96 = Warehoused transaction; transferred account<br/>97 = Nonpost purge<br/>98 = Warehoused transaction; individual item<br/>99 = Qualified reject."
}
,{
"fieldCode":"5028",
"fieldName":"REJECT DESCRIPTION",
"fieldFormat":"30C",
"helpText":"Reject reason of the transaction."
}
,{
"fieldCode":"4025",
"fieldName":"REFERENCE NUMBER",
"fieldFormat":"23C",
"helpText":"Generated reference number."
}
]},"sections": {
"section0":""
,
"section1":"REJECT TXN REENTRY ARQT ARMT J1"
}}
