{"data":{
"section0":[
],"section1":[
{
"fieldCode":"0101",
"fieldName":"SECURITY SIGNON",
"fieldFormat":"20C",
"helpText":"Users sign-on in security system."
}
,{
"fieldCode":"0102",
"fieldName":"SIGNON NAME",
"fieldFormat":"20C",
"helpText":"Users sign-on name."
}
,{
"fieldCode":"4001",
"fieldName":"BUSINESS UNIT",
"fieldFormat":"3N",
"helpText":"Identification number of the business unit associated with the Bar Code record. The values are 001-998."
}
,{
"fieldCode":"4002",
"fieldName":"ACCT/REL NBR/CARD NBR",
"fieldFormat":"19C",
"helpText":"This field identifies the account number or relationship number for which you want to display transactions."
}
,{
"fieldCode":"4006",
"fieldName":"CURRENCY INDICATOR",
"fieldFormat":"",
"helpText":"0,1,2"
}
,{
"fieldCode":"4003",
"fieldName":"SELECTION",
"fieldFormat":"1C",
"helpText":"This field is a code that indicates the type of number. The values are:<br/>A = Account number<br/>R = Relationship number.<br/>NOTE:  When a card scheme 3 account transfer and card replacement occurs, one of the cards transferred to the new account may have the same number as the old transferred-from account number."
}
,{
"fieldCode":"4004",
"fieldName":"RECURRING TXN",
"fieldFormat":"1C",
"helpText":"Code used to perform a search for recurring payment transactions associated with the account. The values are:<br/>N = Do not search for recurring payment transactions. (Default)<br/>Y = Search for recurring payment transactions. Only recurring payment transactions display for selection on ARLD02."
}
,{
"fieldCode":"4005",
"fieldName":"CARD ACCEPTOR ID",
"fieldFormat":"15C",
"helpText":"Card acceptor identification number associated with a recurring payment transaction record."
}
,{
"fieldCode":"0103",
"fieldName":"SERVICE RETURN CODE",
"fieldFormat":"1c",
"helpText":"The field that indicates the type of number. The values are:<br/>A = Account number<br/>R = Relationship number<br/>C = Card number."
}
,{
"fieldCode":"5012",
"fieldName":"RECURING TXN",
"fieldFormat":"1C",
"helpText":"Code used to perform a search for recurring payment transactions associated with the account. The values are:<br/>N = Do not search for recurring payment transactions. (Default)<br/>Y = Search for recurring payment transactions. Only recurring payment transactions display for selection on ARLD02."
}
,{
"fieldCode":"5013",
"fieldName":"ACCEPTOR ID",
"fieldFormat":"15C",
"helpText":"Card acceptor identification number associated with a search for recurring payment transactions."
}
,{
"fieldCode":"5014",
"fieldName":"CARD NUMBER",
"fieldFormat":"19C",
"helpText":"Number that is embossed on the plastic card taken from Homepage."
}
,{
"fieldCode":"5001",
"fieldName":"LABEL",
"fieldFormat":"12C",
"helpText":"This field is used to identify the label."
}
,{
"fieldCode":"5002",
"fieldName":"ACCOUNT NUMBER",
"fieldFormat":"19N",
"helpText":"Identification number of each subordinate account in the relationship."
}
,{
"fieldCode":"5003",
"fieldName":"SELECTION",
"fieldFormat":"1C",
"helpText":"This field is a code that indicates the type of number. The values are:<br/>A = Account number<br/>R = Relationship number."
}
,{
"fieldCode":"5004",
"fieldName":"ORG",
"fieldFormat":"3N",
"helpText":"Identification number of the organization associated with the account. The values are 001�998."
}
,{
"fieldCode":"5005",
"fieldName":"LOGO",
"fieldFormat":"3N",
"helpText":"Identification number of the logo associated with this account."
}
,{
"fieldCode":"5007",
"fieldName":"SHORT NAME",
"fieldFormat":"20C",
"helpText":"Short name of the account holder used for report sorting purposes."
}
,{
"fieldCode":"5008",
"fieldName":"CURRENT BALANCE",
"fieldFormat":"15N/2D",
"helpText":"Current balance of the account."
}
,{
"fieldCode":"5009",
"fieldName":"RELATIONSHIP NUMBER",
"fieldFormat":"19N",
"helpText":"Identification number of the relationship containing the subordinate account for which you want to display transactions."
}
,{
"fieldCode":"5010",
"fieldName":"RELATIONSHIP NAME",
"fieldFormat":"26C",
"helpText":"This field identifies the relationship name."
}
,{
"fieldCode":"5011",
"fieldName":"NUMBER OF SUBORDINATE ACCOUNTS",
"fieldFormat":"4N",
"helpText":"This field identifies the number of subordinate accounts. This number includes all subordinate accounts that are not in a purge-pending status."
}
]},"sections": {
"section0":""
,
"section1":"Transaction Hist Locate ARLD"
}}
