{"data":{
"section0":[
],"section1":[
{
"fieldCode":"4001",
"fieldName":"BUSINESS UNIT",
"fieldFormat":"3N",
"helpText":"Code that indicates the number of the organization associated with the account. The values are 001-998."
}
,{
"fieldCode":"4002",
"fieldName":"LOGO",
"fieldFormat":"3N",
"helpText":"Code that indicates the number of the logo associated with the account. The values are 001-998."
}
,{
"fieldCode":"4003",
"fieldName":"ACCOUNT",
"fieldFormat":"19C",
"helpText":"Account number to which CMS posts the loan transaction."
}
,{
"fieldCode":"4004",
"fieldName":"PLAN",
"fieldFormat":"5C",
"helpText":"Identification number of the Credit Plan Master record that CMS uses to generate the loan plan."
}
,{
"fieldCode":"4005",
"fieldName":"AMOUNT",
"fieldFormat":"11N",
"helpText":"Loan amount requested by the customer. NOD 2 will be used for this field."
}
,{
"fieldCode":"4006",
"fieldName":"LOAN DISPERSAL METHOD",
"fieldFormat":"1C",
"helpText":"Code that indicates the user-defined loan dispersal method. The default is spaces."
}
,{
"fieldCode":"4007",
"fieldName":"BANK ID",
"fieldFormat":"10C",
"helpText":"Bank identification number of the account to which the loan disbursement credit transaction is sent. The default is spaces. This field is required when the ACCT field contains a value or ACCT IND is 1."
}
,{
"fieldCode":"4008",
"fieldName":"BANK CODE",
"fieldFormat":"11C",
"helpText":"Banks branch identification code of the account to which the loan disbursement credit transaction is sent. The default is spaces."
}
,{
"fieldCode":"4009",
"fieldName":"ACCT",
"fieldFormat":"17C",
"helpText":"Account number to which the loan disbursement credit transaction is sent.The default is spaces."
}
,{
"fieldCode":"4010",
"fieldName":"ACCOUNT INDICATOR",
"fieldFormat":"1N",
"helpText":"Code that indicates whether the account to be credited is a checking  DDA  or savings account. The values are:<br/>0 = Checking  DDA  or current account  Default <br/>1 = Savings.<br/>When this field is 1, both the BANK ID and ACCT fields are required."
}
,{
"fieldCode":"4011",
"fieldName":"DISB CUSTOMER NAME",
"fieldFormat":"40C",
"helpText":"Name of the cardholder on whose account the loan disbursement credit transaction is sent. This is an optional field. The default is spaces."
}
,{
"fieldCode":"4012",
"fieldName":"CURRENCY CODE",
"fieldFormat":"3N",
"helpText":"Code that indicates the currency code of the plan."
}
,{
"fieldCode":"5012",
"fieldName":"PLAN DESCRIPTION",
"fieldFormat":"30C",
"helpText":"This is the description of the credit plan."
}
,{
"fieldCode":"5013",
"fieldName":"PLAN SEQ",
"fieldFormat":"2N",
"helpText":"Sequence number that identifies the credit plan segment associated with the transaction."
}
,{
"fieldCode":"5014",
"fieldName":"EFFECTIVE DATE",
"fieldFormat":"",
"helpText":"Effective date of the transaction."
}
,{
"fieldCode":"5015",
"fieldName":"POST DATE",
"fieldFormat":"6N",
"helpText":"Date on which the item originally posted to the account."
}
,{
"fieldCode":"5016",
"fieldName":"STORE NBR",
"fieldFormat":"9N",
"helpText":"Store identification number where the transaction originated."
}
,{
"fieldCode":"5017",
"fieldName":"MERCHANT BUSINESS UNIT",
"fieldFormat":"3N",
"helpText":"Business unit number for the merchant where frequent shopper points were awarded."
}
,{
"fieldCode":"5018",
"fieldName":"CARD NUMBER",
"fieldFormat":"19C",
"helpText":"This field that indicates the card number that identifies the Embosser record of the card that initiated the transaction."
}
]},"sections": {
"section0":""
,
"section1":"New Loan Request  AZLP"
}}
