{"data":{
"section0":[
],"section1":[
{
"fieldCode":"4001",
"fieldName":"BUSINESS UNIT",
"fieldFormat":"3N",
"helpText":"Identification number of the business unit associated with the account. The values are 001-998.<br/>NOTE:  The number entered must identify an business unit for which loan processing is active (INSTALLMENT LOANS ACTIVE on Business Units->13-Loans and fraud Controls is 1)."
}
,{
"fieldCode":"4002",
"fieldName":"ACCOUNT",
"fieldFormat":"19C",
"helpText":"Identification number of the account for which you are adding a loan plan segment.<br/>NOTE:  The number entered must identify an account assigned to a product for which loan processing is active (INSTALLMENT LOANS ACTIVE on Business Units->13-Loans and fraud Controls is 1)."
}
,{
"fieldCode":"4003",
"fieldName":"PLAN",
"fieldFormat":"5C",
"helpText":"Identification number of the Credit Plan Master record (Plan Details) that CMS uses to generate the loan plan segment.<br/>NOTE:  The number entered must identify an active Credit Plan Master record for a precomputed loan credit plan (POSTING INDICATOR on Credit Plans->01-Credit Plan Specification is 1 or 2)."
}
,{
"fieldCode":"4004",
"fieldName":"REFERENCE NUMBER",
"fieldFormat":"23C",
"helpText":"User-defined identification number for the loan plan segment that you are adding. Each plan segment within one account must have a unique reference number. All data records within one plan segment must have the same reference number. CMS automatically assigns the number entered here to the data records added on subsequent pages.<br/>NOTE:  The number entered must be unique (not associated with any other plan segment within the account) unless the number is for an incomplete loan plan segment on file."
}
,{
"fieldCode":"5005",
"fieldName":"DESCRIPTION",
"fieldFormat":"40C",
"helpText":"User-defined name for the loan plan segment. The default value for this field is set on the Credit Plan Master record (DESCRIPTION on Credit Plans->01-Credit Plan Specification). You can change this value at the plan segment level."
}
,{
"fieldCode":"5006",
"fieldName":"PAYMENT TYPE",
"fieldFormat":"1C",
"helpText":"Code that indicates the method that CMS uses to calculate the minimum payment due for the loan plan segment. The value in this field defaults from the MINIMUM PAYMENT CALCULATION field on the Credit Plan Master record (Credit Plans->01-Credit Plan Specification). If you change the value in this field, the new value will override the default value. Although you can enter any valid payment type, certain payment types typically apply to loans. The values are:<br/>E = Calculate a fixed payment amount using the following formula:<br/>  Principal<br/>  Plus (+) Precomputed interest<br/>  Plus (+) Loan fees<br/>  Plus (+) Other fees<br/>  Plus (+) Interest<br/>  Divided by Loan term<br/>F  = Bill a fixed payment computed from the repayment table during the first statement cycle<br/>G = Bill a fixed principal amount as computed using payment type F plus interest and insurance<br/>L = Calculate the payment using the loan schedule."
}
,{
"fieldCode":"5007",
"fieldName":"PRODUCT CODE",
"fieldFormat":"5C",
"helpText":"User-defined code for the individual loan credit plan. The default value for this field is set on the Credit Plan Master record (PRODUCT CODE on Credit Plans->01-Credit Plan Specification). You can change this value at the plan segment level."
}
,{
"fieldCode":"5008",
"fieldName":"REBATE PERIOD INDICATOR",
"fieldFormat":"1N",
"helpText":"Code that indicates the occurrence of the rebate period and applies to both the initial and second rebate periods. The values are:<br/>0 = Use rebate parameters on the Credit Plan Master record (Credit Plans-14-Loan Rebate Controls)<br/>1 = Cycles<br/>2 = Days<br/>3 = Months<br/>4 = Specific date.<br/>If this field is 0, all initial and second rebate fields must be zero.<br/> The rebate parameters apply only to loans with precomputed components added to principal (the plan number entered on home page identifies a credit plan master with a POSTING INDICATOR of 2 (Credit Plans->01-Credit Plan Specification). For posting indicator 1, the rebate fields do not display on this page or on the Credit Plan Segments (Credit Plans->14-Loan Rebate Controls) when record 1 is generated for the loan plan segment.<br/>NOTE:  To use the default rebate values from the Credit Plan Master record, do not enter values in any rebate field on this page. If this field (REBATE PERIOD INDICATOR) is greater than 0, CMS overrides the rebate parameters from the credit plan master with the online input.<br/>NOTE:  You have the option of using normal rebate rules when the Credit Plan Master record includes rebate parameters. This setup is used when the component rebate fields on the Credit Plan Master record have percentages that you do not want to use for this loan plan segment. When normal rebate rules are in effect, no percentages are used to calculate the rebate, and normal rebates, calculated using the amortization unearned amounts, apply to all balance components. For normal rebates to apply, the following settings are required:<br/>.  REBATE PERIOD INDICATOR must be 1-4<br/>.  REBATE PERIOD or REBATE EXPIRE must be populated<br/>.  REBATE PERCENT must be zeros<br/>.  INTEREST, INSURANCE, and USER FEES 1-6 must be zero.<br/>If the rebate fields are set up in this manner, then CMS uses the online input when generating record 1, and the rebate settings on the credit plan master are ignored. Because the REBATE PERCENT and component fields are 0, normal rebate rules are applied."
}
,{
"fieldCode":"5009",
"fieldName":"STORE BUSINESS UNIT",
"fieldFormat":"3N",
"helpText":"Identification number of the business unit associated with the store to which CMS assigns the Credit Plan Segment record generated for the loan. <br/>For retail accounts (TYPE OF ACCOUNT PROCESSED is R on the Logo record (Products->01-Product Specification) associated with the account), this field must be greater than zero. For bankcard accounts (TYPE OF ACCOUNT PROCESSED is X), this field must be zero."
}
,{
"fieldCode":"5010",
"fieldName":"STORE NUMBER",
"fieldFormat":"9N",
"helpText":"Identification number of the store to which CMS assigns the Credit Plan Segment record generated for the loan.<br/>For retail accounts (TYPE OF ACCOUNT PROCESSED is R on the Logo record (Products->01-product Specification) associated with the account), this field must be greater than zero. For bankcard accounts (TYPE OF ACCOUNT PROCESSED is X), this field must be zero."
}
,{
"fieldCode":"5010",
"fieldName":"REBATE PERIOD: INITIAL",
"fieldFormat":"3N",
"helpText":"Code that indicates the initial rebate period as a number of cycles, days, or months. This field must be greater than zero if REBATE PERIOD INDICATOR is 1 (cycles), 2 (days), or 3 (months); it must be zero if REBATE PERIOD INDICATOR is 4 (specific date).<br/>NOTE:  If all initial rebate fields are zero, all second rebate fields must be zero."
}
,{
"fieldCode":"5012",
"fieldName":"REBATE PERIOD: SECOND",
"fieldFormat":"3N",
"helpText":"Code that indicates the second rebate period as a number of cycles, days, or months. This field can only be used if the initial rebate period is used. If this field is greater than zero, the REBATE PERIOD INDICATOR field must be 1 (cycles), 2 (days), or 3 (months). If REBATE PERIOD INDICATOR is 4 (specific date), this field (REBATE PERIOD: SECOND) must be zero. Although this field is not required, if a value is entered here, it must be greater than the value for the initial rebate period (REBATE PERIOD: INITIAL).<br/>NOTE:  This field displays only for loan plans with a posting indicator of 2."
}
,{
"fieldCode":"5013",
"fieldName":"PLAN DATE",
"fieldFormat":"",
"helpText":"Date on which the loan plan segment is opened, or generated. The date must be equal to or less than the next processing date and equal to or greater than the account base segment open date. This field cannot be zeros."
}
,{
"fieldCode":"5014",
"fieldName":"REBATE EXPIRE: INITIAL",
"fieldFormat":"",
"helpText":"Date that identifies when the initial rebate period expires. This field is required if REBATE PERIOD INDICATOR is 4 (specific date); otherwise it must be zero. The rebate expiration date must be greater than PLAN DATE.<br/>NOTE:  This field displays only for loan plans with a posting indicator of 2."
}
,{
"fieldCode":"5015",
"fieldName":"REBATE EXPIRE: SECOND",
"fieldFormat":"",
"helpText":"Date that identifies when the second rebate period expires. This field can be used only if REBATE PERIOD INDICATOR is 4 and an initial rebate expire date is used; otherwise it must be zero. The second rebate expiration date must be greater than the dates in the PLAN DATE and REBATE EXPIRE: INITIAL fields. <br/>NOTE:  This field displays only for loan plans with a posting indicator of 2."
}
,{
"fieldCode":"5016",
"fieldName":"BEGIN PAYMENT",
"fieldFormat":"",
"helpText":"Date on which the payment deferment period ends and payments begin. CMS begins requesting payments on the first cycle date that falls on or after this date. The begin-payment date cannot be less than PLAN DATE."
}
,{
"fieldCode":"5017",
"fieldName":"REBATE PERCENT: INITIAL",
"fieldFormat":"5N",
"helpText":"Percent applied to designated rebatable components for the initial rebate period. This field can be used when REBATE PERIOD INDICATOR is 1, 2, 3, or 4. If you enter a value in this field, at least one of the rebatable components-interest, insurance, or user fee 1-6-must be defined to use the initial rebate percent.<br/>This field cannot be greater than 100%. The percentage NOD does not apply to this field; the location of the decimal is indicated by the examples.<br/>Examples: Enter 100% as 10000, 93.25% as 09325, and <br/>5% as 00500.<br/>NOTE:  This field displays only for loan plans with a posting indicator of 2."
}
,{
"fieldCode":"5018",
"fieldName":"REBATE PERCENT: SECOND",
"fieldFormat":"5N",
"helpText":"Percent applied to designated rebatable components for the second rebate period. The following rules apply to entry in this field.<br/>If REBATE PERIOD INDICATOR is 1 (cycles), 2 (days), 3 (months), or 4 (specific date), a second rebate is in effect (REBATE PERIOD: SECOND or REBATE EXPIRE: SECOND is greater than zero), and you are using the rebate percent, then:<br/>.  This field must be less than the percent used for REBATE PERCENT: INITIAL<br/>.  At least one rebatable component must be set to use the second rebate percent.<br/>The percentage NOD does not apply to this field; the location of the decimal is indicated by the example.<br/>Example: Enter 87.25% as 08725.<br/>NOTE:  This field displays only for loan plans with a posting indicator of 2."
}
,{
"fieldCode":"5019",
"fieldName":"FIXED PAYMENT",
"fieldFormat":"15N/2D",
"helpText":"Fixed payment amount to be billed at each cycle. If this amount is not entered on Loan Input Locate, CMS calculates the payment amount at cycle."
}
,{
"fieldCode":"5020",
"fieldName":"INTEREST: INITIAL",
"fieldFormat":"1N",
"helpText":"Code that indicates if interest is rebated in the initial rebate period. The values are: <br/>0  = Use the normal rebate rules, if applicable (Default)<br/>1  = Rebate using the initial rebate percent if the settlement payment amount is paid before the initial rebate expire date. <br/>If you enter 1, the REBATE PERCENT: INITIAL field must be greater than zero.<br/>NOTE:  This field displays only for loan plans with a posting indicator of 2."
}
,{
"fieldCode":"5021",
"fieldName":"INTEREST: SECOND",
"fieldFormat":"1N",
"helpText":"Code that indicates if interest is rebated in the second rebate period. The values are: <br/>0  = Use the normal rebate rules, if applicable (Default)<br/>1  = Rebate using the second rebate percent if the settlement payment amount is paid before the second rebate expire date. <br/>If you enter 1, the REBATE PERCENT: SECOND field must be greater than zero.<br/>NOTE:  This field displays only for loan plans with a posting indicator of 2."
}
,{
"fieldCode":"5022",
"fieldName":"INSURANCE: INITIAL",
"fieldFormat":"1N",
"helpText":"Code that indicates if insurance is rebated in the initial rebate period. The values are:<br/>0 = Use the normal rebate rules, if applicable (Default)<br/>1 = Rebate using the initial rebate percent if the settlement payment amount is paid before the initial rebate expire date.<br/>If you enter 1, the REBATE PERCENT: INITIAL field must be greater than zero.<br/>NOTE:  This field displays only for loan plans with a posting indicator of 2."
}
,{
"fieldCode":"5023",
"fieldName":"INSURANCE: SECOND",
"fieldFormat":"1N",
"helpText":"Code that indicates if insurance is rebated in the second rebate period. The values are:<br/>0 = Use the normal rebate rules, if applicable (Default)<br/>1 = Rebate using the second rebate percent if the settlement payment amount is paid before the second rebate expire date.<br/>If you enter 1, the REBATE PERCENT: SECOND field must be greater than zero.<br/>NOTE:  This field displays only for loan plans with a posting indicator of 2."
}
,{
"fieldCode":"5024",
"fieldName":"USER FEE 1: INITIAL",
"fieldFormat":"1N",
"helpText":"Code that indicates if user-defined fee 1-6 is rebated in the initial rebate period. The values are:<br/>0 = Use the normal rebate rules, if applicable (Default)<br/>1 = Rebate using the initial rebate percent if the settlement payment amount is paid before the initial rebate expire date.<br/>If you enter 1 in any of these fields, REBATE PERCENT: INITIAL must be greater than zero.<br/>NOTE:  This field displays only for loan plans with a posting indicator of 2."
}
,{
"fieldCode":"5025",
"fieldName":"USER FEE 1: SECOND",
"fieldFormat":"1N",
"helpText":"Code that indicates if user-defined fee 1-6 is rebated in the second rebate period. The values are:<br/>0 = Use the normal rebate rules, if applicable (Default)<br/>1 = Rebate using the second rebate percent if the settlement payment amount is paid before the second rebate expire date.<br/>If you enter 1 in any of these fields, REBATE PERCENT: SECOND must be greater than zero.<br/>NOTE:  This field displays only for loan plans with a posting indicator of 2."
}
,{
"fieldCode":"5026",
"fieldName":"USER FEE 2:INITIAL",
"fieldFormat":"1N",
"helpText":"Code that indicates if user-defined fee 1-6 is rebated in the initial rebate period. The values are:<br/>0 = Use the normal rebate rules, if applicable (Default)<br/>1 = Rebate using the initial rebate percent if the settlement payment amount is paid before the initial rebate expire date.<br/>If you enter 1 in any of these fields, REBATE PERCENT: INITIAL must be greater than zero.<br/>NOTE:  This field displays only for loan plans with a posting indicator of 2."
}
,{
"fieldCode":"5027",
"fieldName":"USER FEE 2:SECOND",
"fieldFormat":"1N",
"helpText":"Code that indicates if user-defined fee 1-6 is rebated in the second rebate period. The values are:<br/>0 = Use the normal rebate rules, if applicable (Default)<br/>1 = Rebate using the second rebate percent if the settlement payment amount is paid before the second rebate expire date.<br/>If you enter 1 in any of these fields, REBATE PERCENT: SECOND must be greater than zero.<br/>NOTE:  This field displays only for loan plans with a posting indicator of 2."
}
,{
"fieldCode":"5028",
"fieldName":"USER FEE 3:INITIAL",
"fieldFormat":"1N",
"helpText":"Code that indicates if user-defined fee 1-6 is rebated in the initial rebate period. The values are:<br/>0 = Use the normal rebate rules, if applicable (Default)<br/>1 = Rebate using the initial rebate percent if the settlement payment amount is paid before the initial rebate expire date.<br/>If you enter 1 in any of these fields, REBATE PERCENT: INITIAL must be greater than zero.<br/>NOTE:  This field displays only for loan plans with a posting indicator of 2."
}
,{
"fieldCode":"5029",
"fieldName":"USER FEE 3:SECOND",
"fieldFormat":"1N",
"helpText":"Code that indicates if user-defined fee 1-6 is rebated in the second rebate period. The values are:<br/>0 = Use the normal rebate rules, if applicable (Default)<br/>1 = Rebate using the second rebate percent if the settlement payment amount is paid before the second rebate expire date.<br/>If you enter 1 in any of these fields, REBATE PERCENT: SECOND must be greater than zero.<br/>NOTE:  This field displays only for loan plans with a posting indicator of 2."
}
,{
"fieldCode":"5030",
"fieldName":"USER FEE 4:INITIAL",
"fieldFormat":"1N",
"helpText":"Code that indicates if user-defined fee 1-6 is rebated in the initial rebate period. The values are:<br/>0 = Use the normal rebate rules, if applicable (Default)<br/>1 = Rebate using the initial rebate percent if the settlement payment amount is paid before the initial rebate expire date.<br/>If you enter 1 in any of these fields, REBATE PERCENT: INITIAL must be greater than zero.<br/>NOTE:  This field displays only for loan plans with a posting indicator of 2."
}
,{
"fieldCode":"5031",
"fieldName":"USER FEE 4:SECOND",
"fieldFormat":"1N",
"helpText":"Code that indicates if user-defined fee 1-6 is rebated in the second rebate period. The values are:<br/>0 = Use the normal rebate rules, if applicable (Default)<br/>1 = Rebate using the second rebate percent if the settlement payment amount is paid before the second rebate expire date.<br/>If you enter 1 in any of these fields, REBATE PERCENT: SECOND must be greater than zero.<br/>NOTE:  This field displays only for loan plans with a posting indicator of 2."
}
,{
"fieldCode":"5032",
"fieldName":"USER FEE 5:INITIAL",
"fieldFormat":"1N",
"helpText":"Code that indicates if user-defined fee 1-6 is rebated in the initial rebate period. The values are:<br/>0 = Use the normal rebate rules, if applicable (Default)<br/>1 = Rebate using the initial rebate percent if the settlement payment amount is paid before the initial rebate expire date.<br/>If you enter 1 in any of these fields, REBATE PERCENT: INITIAL must be greater than zero.<br/>NOTE:  This field displays only for loan plans with a posting indicator of 2."
}
,{
"fieldCode":"5033",
"fieldName":"USER FEE 5:SECOND",
"fieldFormat":"1N",
"helpText":"Code that indicates if user-defined fee 1-6 is rebated in the second rebate period. The values are:<br/>0 = Use the normal rebate rules, if applicable (Default)<br/>1 = Rebate using the second rebate percent if the settlement payment amount is paid before the second rebate expire date.<br/>If you enter 1 in any of these fields, REBATE PERCENT: SECOND must be greater than zero.<br/>NOTE:  This field displays only for loan plans with a posting indicator of 2."
}
,{
"fieldCode":"5034",
"fieldName":"USER FEE 6:INITIAL",
"fieldFormat":"1N",
"helpText":"Code that indicates if user-defined fee 1-6 is rebated in the initial rebate period. The values are:<br/>0 = Use the normal rebate rules, if applicable (Default)<br/>1 = Rebate using the initial rebate percent if the settlement payment amount is paid before the initial rebate expire date.<br/>If you enter 1 in any of these fields, REBATE PERCENT: INITIAL must be greater than zero.<br/>NOTE:  This field displays only for loan plans with a posting indicator of 2."
}
,{
"fieldCode":"5035",
"fieldName":"USER FEE 6:SECOND",
"fieldFormat":"1N",
"helpText":"Code that indicates if user-defined fee 1-6 is rebated in the second rebate period. The values are:<br/>0 = Use the normal rebate rules, if applicable (Default)<br/>1 = Rebate using the second rebate percent if the settlement payment amount is paid before the second rebate expire date.<br/>If you enter 1 in any of these fields, REBATE PERCENT: SECOND must be greater than zero.<br/>NOTE:  This field displays only for loan plans with a posting indicator of 2."
}
,{
"fieldCode":"5036",
"fieldName":"PS SEQ NBR",
"fieldFormat":"",
"helpText":""
}
,{
"fieldCode":"5037",
"fieldName":"PS 01 ORG",
"fieldFormat":"",
"helpText":""
}
,{
"fieldCode":"5038",
"fieldName":"PS 01 ACCT",
"fieldFormat":"",
"helpText":""
}
,{
"fieldCode":"5039",
"fieldName":"PS 01 REC NBR",
"fieldFormat":"",
"helpText":""
}
,{
"fieldCode":"5040",
"fieldName":"PS 01 REC TYPE",
"fieldFormat":"",
"helpText":""
}
,{
"fieldCode":"5041",
"fieldName":"PS LOGO",
"fieldFormat":"",
"helpText":""
}
,{
"fieldCode":"4042",
"fieldName":"ACTION",
"fieldFormat":"",
"helpText":""
}
,{
"fieldCode":"4999",
"fieldName":"ERROR MESSAGE",
"fieldFormat":"",
"helpText":""
}
]},"sections": {
"section0":""
,
"section1":"Loan Input Locate ARLE"
}}
