{"data":{
"section0":[
],"section1":[
{
"fieldCode":"5001",
"fieldName":"BUSINESS UNIT",
"fieldFormat":"3N",
"helpText":"Identification number of the business unit associated with the account. The values are 001-998."
}
,{
"fieldCode":"4002",
"fieldName":"LOGO",
"fieldFormat":"3N",
"helpText":"Identification number of the logo associated with this account."
}
,{
"fieldCode":"4003",
"fieldName":"ACCT / REL NBR / CARD NBR",
"fieldFormat":"19C",
"helpText":"This field identifies the account number or relationship number for which you want to display transactions."
}
,{
"fieldCode":"4009",
"fieldName":"CURRENCY INDICATOR",
"fieldFormat":"3N",
"helpText":"ISO currency code that identifies the currency of this account. This code defaults from the Organization record, you cannot change it at the account level."
}
,{
"fieldCode":"4004",
"fieldName":"RECURRING TXN",
"fieldFormat":"1C",
"helpText":"Code used to perform a search for recurring payment transactions associated with the account. The values are:<br/>N = Do not search for recurring payment transactions. (Default)<br/>Y = Search for recurring payment transactions. Only recurring payment transactions display for selection on ARLD02."
}
,{
"fieldCode":"4005",
"fieldName":"CARD ACCEPTOR ID",
"fieldFormat":"15C",
"helpText":"Authorization restriction group ID associated with the card acceptor id for the account."
}
,{
"fieldCode":"4006",
"fieldName":"CARD NUMBER",
"fieldFormat":"19C",
"helpText":"Number that is embossed on the plastic card taken from Homepage."
}
,{
"fieldCode":"4007",
"fieldName":"FILE FLAG1",
"fieldFormat":"",
"helpText":""
}
,{
"fieldCode":"4008",
"fieldName":"FILE INDICATOR",
"fieldFormat":"1N",
"helpText":"Field that indicates the file indicator."
}
,{
"fieldCode":"4010",
"fieldName":"AMSL FIRST READ",
"fieldFormat":"1N",
"helpText":"Field that indicates the first AMSL read."
}
,{
"fieldCode":"4011",
"fieldName":"AMSS FIRST READ",
"fieldFormat":"1N",
"helpText":"Field that indicates the first AMSS read."
}
,{
"fieldCode":"5002",
"fieldName":"PRODUCT",
"fieldFormat":"3N",
"helpText":"Identification number of the product associated with this account."
}
,{
"fieldCode":"8020",
"fieldName":"FILE IND",
"fieldFormat":"1C",
"helpText":"Code that indicates which Field Security screen to display next. The values are:<br/>A = All screens (ARFB, ARFN, ARFE, ARFP, ARFI, and ARFR) (Default)<br/>B = Account Base Segment screens only (ARFB01�ARFB04)<br/>E = Embosser screens only (ARFE01, ARFE02)<br/>I = Account Insurance screens only (ARFI01)<br/>N = Name Address screens only (ARFN01, ARFN02)<br/>P = Plan Segment screens only (ARFP01�ARFP05)<br/>R = Account Base Segment Prepaid Reload screen (ARFR01).<br/>Note: When you add a new Field Security record, FILE IND must be A to display all screens. When you access an existing Field Security record, FILE IND can be A, B, E, I, N, P, or R depending on which screens you want to display."
}
,{
"fieldCode":"5003",
"fieldName":"ACCOUNT NUMBER",
"fieldFormat":"19C",
"helpText":"This field identifies the account number for which you want to display transactions."
}
,{
"fieldCode":"5004",
"fieldName":"EFFECTIVE DATE",
"fieldFormat":"",
"helpText":"Effective date of the transaction is displayed."
}
,{
"fieldCode":"5005",
"fieldName":"POST DATE",
"fieldFormat":"",
"helpText":"Posting date of the transaction is displayed."
}
,{
"fieldCode":"5006",
"fieldName":"AMOUNT",
"fieldFormat":"9N",
"helpText":"Amount of the transaction."
}
,{
"fieldCode":"5008",
"fieldName":"TXN CODE",
"fieldFormat":"4N",
"helpText":"This field identifies the transaction code associated with transaction."
}
,{
"fieldCode":"5009",
"fieldName":"CREDIT PLAN",
"fieldFormat":"5N",
"helpText":"Number that identifies the Credit Plan Master record associated with the credit plan to which the transaction was posted."
}
,{
"fieldCode":"5010",
"fieldName":"REFERENCE",
"fieldFormat":"23C",
"helpText":"Reference number assigned to the transaction."
}
,{
"fieldCode":"5011",
"fieldName":"DESCRIPTION",
"fieldFormat":"40C",
"helpText":"Description of the transaction."
}
,{
"fieldCode":"5012",
"fieldName":"AUTH CODE",
"fieldFormat":"6N",
"helpText":"Authorization code assigned to the transaction."
}
,{
"fieldCode":"5015",
"fieldName":"TXN TYPE",
"fieldFormat":"1C",
"helpText":"This field indicates whether a transaction is a debit, credit, or memo."
}
,{
"fieldCode":"5017",
"fieldName":"FILE TYPE",
"fieldFormat":"1N",
"helpText":"Field that indicates the File Type."
}
,{
"fieldCode":"5018",
"fieldName":"RECORD NUMBER",
"fieldFormat":"4N",
"helpText":"Record number that identifies an Embosser record."
}
,{
"fieldCode":"5019",
"fieldName":"STMT DATE",
"fieldFormat":"7N",
"helpText":"Field that indicates the statement date."
}
,{
"fieldCode":"5999",
"fieldName":"AMOS KEY",
"fieldFormat":"",
"helpText":"Field that indicates the first AMOS key."
}
,{
"fieldCode":"5024",
"fieldName":"CURRENCY NUMBER",
"fieldFormat":"1N",
"helpText":"Field that indicates the currency NOD."
}
]},"sections": {
"section0":""
,
"section1":"Transaction Select"
}}
