{"data":{
"section0":[
],"section1":[
{
"fieldCode":"",
"fieldName":"BUSINESS UNIT",
"fieldFormat":"3N",
"helpText":"Identification number of the organization associated with the account entered on the Locate screen."
}
,{
"fieldCode":"",
"fieldName":"ACCOUNT NUMBER",
"fieldFormat":"19C",
"helpText":"Identification number of the account entered on the Locate screen."
}
,{
"fieldCode":"",
"fieldName":"SERVICE TYPE",
"fieldFormat":"1N",
"helpText":"Type of service."
}
,{
"fieldCode":"",
"fieldName":"ACTION",
"fieldFormat":"1C",
"helpText":"Selection field used to choose a specific Credit Plan Segment record for purging or purge reversal. The values are:<br/>P = Purge loan plan and assign plan status 80.<br/>R = Reverse the plan purge and restore the original plan status. A purge reversal can only be done before the batch run that would have purged the plan segment.<br/>Note: For a purge reversal, the plan status must be 80."
}
,{
"fieldCode":"",
"fieldName":"RECORD NUMBER",
"fieldFormat":"3N",
"helpText":"Record number that identifies each Credit Plan Segment record assigned to the account. The values are 000�999."
}
,{
"fieldCode":"",
"fieldName":"PLAN NUMBER",
"fieldFormat":"5N",
"helpText":"Identification number of a loan plan associated with the account entered on the Locate screen. This screen lists plan segments with a CURRENT STATUS of 10, 11, 72, or 80 only."
}
,{
"fieldCode":"",
"fieldName":"CURRENT STATUS",
"fieldFormat":"2N",
"helpText":"Code that indicates the previous status of the Credit Plan Segment record. For a reversal, the plan status changes as follows:<br/>The PREVIOUS STATUS value moves to CURRENT STATUS, and<br/>The CURRENT STATUS value (80) moves to PREVIOUS STATUS."
}
,{
"fieldCode":"",
"fieldName":"PREVIOUS STATUS",
"fieldFormat":"2N",
"helpText":"Code that indicates the previous status of the Credit Plan Segment record. For a reversal, the plan status changes as follows:<br/>The PREVIOUS STATUS value moves to CURRENT STATUS, and<br/>The CURRENT STATUS value (80) moves to PREVIOUS STATUS."
}
,{
"fieldCode":"",
"fieldName":"REFERENCE NUMBER",
"fieldFormat":"15N",
"helpText":"Unique identifier for an individual plan segment. All data records within one plan segment have the same reference number."
}
]},"sections": {
"section0":""
,
"section1":"LOAN PLAN PURGE ARLP"
}}
