{"data":{
"section0":[
],"section1":[
{
"fieldCode":"",
"fieldName":"BUSINESS UNIT",
"fieldFormat":"3N",
"helpText":"Identification number of the business unit associated with the account. The values are 001�998."
}
,{
"fieldCode":"",
"fieldName":"ACCOUNT",
"fieldFormat":"19C",
"helpText":"Identification number of the account for which you are adding a loan plan segment."
}
,{
"fieldCode":"",
"fieldName":"PLAN",
"fieldFormat":"5N",
"helpText":"Identification number of the Credit Plan Master record (Plan details) that CMS uses to generate the loan plan segment."
}
,{
"fieldCode":"",
"fieldName":"REFERENCE NUMBER",
"fieldFormat":"23C",
"helpText":"User-defined identification number for the loan plan segment that you are adding."
}
,{
"fieldCode":"",
"fieldName":"JUMP TO PAYMENT NUMBER",
"fieldFormat":"3N",
"helpText":"Number of a specific payment that you want to access (jump to)."
}
,{
"fieldCode":"",
"fieldName":"ENTER 1 TO ACCEPT/0 TO CANCEL",
"fieldFormat":"1N",
"helpText":"Action field used to accept or cancel the entry of a loan payment schedule. The values are:<br/>0 = Cancel input and do not generate Loan Schedule record<br/>1 = Accept input and generate Loan Schedule record.<br/>Note: This field is initialized with a space. You must enter an action in this field to generate the loan schedule."
}
],"section2":[
],"section3":[
],"section4":[
],"section5":[
],"section6":[
],"section7":[
],"section8":[
],"section9":[
],"section10":[
],"section11":[
],"section12":[
],"section13":[
],"section14":[
],"section15":[
],"section16":[
],"section17":[
],"section18":[
],"section19":[
],"section20":[
],"section21":[
{
"fieldCode":"",
"fieldName":"ACTIOAN",
"fieldFormat":"1C",
"helpText":"Code that identifies the type of transfer action selected on the Home page. This is a display field; you cannot change the value. The values are:<br/>R = Reverse a card transfer<br/>T = Transfer the card (lost, stolen, and fraud)."
}
,{
"fieldCode":"",
"fieldName":"PAYMENT NUMBER",
"fieldFormat":"17N",
"helpText":"Payment number that identifies each payment in the loan schedule. The values are 001�120. The value in this field is system-generated; you cannot change it."
}
,{
"fieldCode":"",
"fieldName":"PAYMENT AMOUNT",
"fieldFormat":"15N/2D",
"helpText":"Total amount of this payment in monetary units and subunits."
}
,{
"fieldCode":"",
"fieldName":"PRINCIPAL",
"fieldFormat":"15N/2D",
"helpText":"Total principal amount of this payment in monetary units and subunits."
}
,{
"fieldCode":"",
"fieldName":"INTEREST",
"fieldFormat":"15N/2D",
"helpText":"Total principal amount of this payment in monetary units and subunits."
}
,{
"fieldCode":"",
"fieldName":"INSURANCE",
"fieldFormat":"15N/2D",
"helpText":"Total interest amount of this payment in monetary units and subunits."
}
,{
"fieldCode":"",
"fieldName":"USER FEE 1",
"fieldFormat":"15N/2D",
"helpText":"Total user-defined fee amounts of this payment in monetary units and subunits."
}
,{
"fieldCode":"",
"fieldName":"USER FEE 2",
"fieldFormat":"15N/2D",
"helpText":"Total user-defined fee amounts of this payment in monetary units and subunits."
}
,{
"fieldCode":"",
"fieldName":"USER FEE 3",
"fieldFormat":"15N/2D",
"helpText":"Total user-defined fee amounts of this payment in monetary units and subunits."
}
,{
"fieldCode":"",
"fieldName":"USER FEE 4",
"fieldFormat":"15N/2D",
"helpText":"Total user-defined fee amounts of this payment in monetary units and subunits."
}
,{
"fieldCode":"",
"fieldName":"USER FEE 5",
"fieldFormat":"15N/2D",
"helpText":"Total user-defined fee amounts of this payment in monetary units and subunits."
}
,{
"fieldCode":"",
"fieldName":"USER FEE 6",
"fieldFormat":"15N/2D",
"helpText":"Total user-defined fee amounts of this payment in monetary units and subunits."
}
,{
"fieldCode":"",
"fieldName":"INTEREST RATE",
"fieldFormat":"7N",
"helpText":"Interest rate associated with the loan. This field is for information only and does not affect processing of the plan."
}
]},"sections": {
"section0":""
,
"section1":"Loan Schedule output Data Service"
,
"section2":"PS SEQ NUMBER"
,
"section3":"PS LOGO"
,
"section4":"PS 01 BUSINESS UNIT"
,
"section5":"PS 01 ACCOUNT"
,
"section6":"PS 01 REC NUMBER"
,
"section7":"PS 01 REC TYPE"
,
"section8":"PS 02 BUSINESS UNIT"
,
"section9":"PS 02 ACCOUNT"
,
"section10":"PS 02 REC NUMBER"
,
"section11":"PS 02 REC TYPE"
,
"section12":"PS 07 BUSINESS UNIT"
,
"section13":"PS 07 ACCOUNT"
,
"section14":"PS 07 REC NUMBER"
,
"section15":"PS 07 REC TYPE"
,
"section16":"AMLS BUSINESS UNIT"
,
"section17":"AMLS ACCOUNT"
,
"section18":"AMLS REC NUMBER"
,
"section19":"AMLS REC TYPE"
,
"section20":"AMLS SEQ NUMBER"
,
"section21":"AMLS JMP NUMBER"
}}
