{"data":{
"section0":[
],"section1":[
{
"fieldCode":"4011",
"fieldName":"SECURITY SIGNON",
"fieldFormat":"20C",
"helpText":"Users sign-on in security system."
}
,{
"fieldCode":"4012",
"fieldName":"SIGNON NAME",
"fieldFormat":"20C",
"helpText":"Users sign-on name."
}
,{
"fieldCode":"4001",
"fieldName":"PRINCIPAL AMOUNT",
"fieldFormat":"15N/2D",
"helpText":"Principal balance of the loan in monetary units and subunits."
}
,{
"fieldCode":"4005",
"fieldName":"LOAN TERM",
"fieldFormat":"3N",
"helpText":"Term for the loan. This field is required if FIXED PAYMENT AMOUNT is not supplied. The values are 000-999"
}
,{
"fieldCode":"4006",
"fieldName":"FIXED PAYMENT AMOUNT",
"fieldFormat":"15N/2D",
"helpText":"Amount of the fixed payment. This field is required if LOAN TERM is not supplied."
}
,{
"fieldCode":"4010",
"fieldName":"CURRENCY CODE",
"fieldFormat":"3C",
"helpText":"ISO Standard Currency Code or ISO Country Code that identifies the unit of currency for this loan.<br/>Currency codes defined in SSC are stored in the Currency Codes Master file (SMCU) and can be viewed via the Currency Code Definitions service. Country codes defined in SSC are stored in the Country Codes Master file (SMCO) and can be viewed via the Country Code Definitions service.<br/>The currency code determines the number of decimal positions (NOD) to the right of the decimal point in all monetary amount fields on this page."
}
,{
"fieldCode":"4002",
"fieldName":"INSURANCE AMOUNT",
"fieldFormat":"15N/2D",
"helpText":"Insurance amount of the loan in monetary units and subunits."
}
,{
"fieldCode":"4003",
"fieldName":"USER FEES",
"fieldFormat":"15N/2D",
"helpText":"Amount of user-defined fees for the loan in monetary units and subunits."
}
,{
"fieldCode":"4004",
"fieldName":"INTEREST RATE",
"fieldFormat":"7N",
"helpText":"Interest rate for the loan. The default is 0. <br/>Example 1: Enter 18.5% as 0185000<br/>Example 2: Enter 6% as 0060000."
}
,{
"fieldCode":"4007",
"fieldName":"PAYMENT SCHEDULE",
"fieldFormat":"1N",
"helpText":"Flag that indicates whether CMS is to generate a payment schedule. The values are:<br/>0 = Payment schedule is not required (Default)<br/>1 = Payment schedule is required."
}
,{
"fieldCode":"4008",
"fieldName":"INTEREST METHOD",
"fieldFormat":"1N",
"helpText":"Interest method for the loan. The values are:<br/>0 = Simple interest method (Default)<br/>1 = Rule of 78ths interest method."
}
,{
"fieldCode":"4009",
"fieldName":"ROUNDING INDICATOR",
"fieldFormat":"1N",
"helpText":"Code that indicates the rounding method that CMS will use to round or truncate the input or calculated amounts before storing them in corresponding fields. The values are:<br/>0 = Standard rounding. If the number that follows the last decimal in the currency is 1 to 4, CMS rounds down; if the number is 5 to 9, CMS rounds up. (Default)<br/>1 = Always round up. If the number is 1 to 9, CMS rounds up.<br/>2 = Truncate. CMS does not round.<br/>3 = Round, no decimal. CMS rounds to the nearest whole monetary unit."
}
,{
"fieldCode":"5002",
"fieldName":"INSURANCE AMOUNT",
"fieldFormat":"15N/2D",
"helpText":"Insurance amount of the loan in monetary units and subunits."
}
,{
"fieldCode":"5003",
"fieldName":"USER FEES",
"fieldFormat":"15N/2D",
"helpText":"Amount of user-defined fees for the loan in monetary units and subunits."
}
,{
"fieldCode":"5004",
"fieldName":"INTEREST RATE",
"fieldFormat":"7N",
"helpText":"Interest rate for the loan. The default is 0."
}
,{
"fieldCode":"5007",
"fieldName":"FINAL PAYMENT AMOUNT",
"fieldFormat":"15N/2D",
"helpText":"Payment to be made in the final month of the loan."
}
,{
"fieldCode":"5008",
"fieldName":"TOTAL FINANCED AMOUNT",
"fieldFormat":"15N/2D",
"helpText":"Total amount financed in the loan (sum of principal amount, insurance amounts, and user fees)."
}
,{
"fieldCode":"5009",
"fieldName":"TOTAL INTEREST AMOUNT",
"fieldFormat":"15N/2D",
"helpText":"Total interest amount of the loan in monetary units and subunits."
}
,{
"fieldCode":"5010",
"fieldName":"TOTAL LOAN AMOUNT",
"fieldFormat":"15N/2D",
"helpText":"Sum of the total amount financed and the total interest amount."
}
,{
"fieldCode":"5011",
"fieldName":"LOAN METHOD",
"fieldFormat":"1N",
"helpText":"Method used to calculate interest on the loan. The values are:<br/>0 = Simple interest method<br/>1 = Rule of 78ths interest method."
}
,{
"fieldCode":"5012",
"fieldName":"NBR OF OCC FOR LOAN SCHEDULE",
"fieldFormat":"3N",
"helpText":"Number of months in the loan term. The values are 001-999."
}
,{
"fieldCode":"5013",
"fieldName":"PAYMENT NUMBER",
"fieldFormat":"3N",
"helpText":"Payment number that identifies each payment in the loan schedule. The values are 001-999. The value in this field system-generated; you cannot change it."
}
,{
"fieldCode":"5014",
"fieldName":"FINAL AMOUNT APPLIED",
"fieldFormat":"15N/2D",
"helpText":"Portion of the payment (fixed payment amount or final payment amount) applied to the total financed amount for the payment number."
}
,{
"fieldCode":"5015",
"fieldName":"INTEREST AMOUNT APPLIED",
"fieldFormat":"15N/2D",
"helpText":"Portion of the payment (fixed payment amount or final payment amount) applied to the total interest amount for the payment number."
}
,{
"fieldCode":"5016",
"fieldName":"ENDING BALANCE",
"fieldFormat":"15N/2D",
"helpText":"Balance on the loan at the end of the term for the payment number."
}
]},"sections": {
"section0":""
,
"section1":"Loan Calculator Service  ARLC"
}}
