{"data":{
"section0":[
],"section1":[
{
"fieldCode":"4999",
"fieldName":"AMLD KEY",
"fieldFormat":"",
"helpText":"Field that indicates the first AMLD key."
}
,{
"fieldCode":"4001",
"fieldName":"ORG",
"fieldFormat":"3N",
"helpText":"Identification number of the organization associated with the account. The values are 001�998."
}
,{
"fieldCode":"4002",
"fieldName":"LOGO",
"fieldFormat":"3N",
"helpText":"Identification number of the logo associated with this account."
}
,{
"fieldCode":"4003",
"fieldName":"ACCOUNT",
"fieldFormat":"19C",
"helpText":"You can search an account number or select the account number from the list. This field is required."
}
,{
"fieldCode":"4004",
"fieldName":"STMT ID",
"fieldFormat":"7N",
"helpText":"Field that indicates the statement ID."
}
,{
"fieldCode":"4005",
"fieldName":"REC NBR",
"fieldFormat":"4N",
"helpText":"Record number that identifies an Embosser record."
}
,{
"fieldCode":"4006",
"fieldName":"FILE TYPE",
"fieldFormat":"1C",
"helpText":"Field that indicates the file type."
}
,{
"fieldCode":"4007",
"fieldName":"CURR CODE",
"fieldFormat":"3N",
"helpText":"ISO currency code that identifies the currency of this account. This code defaults from the Organization record, you cannot change it at the account level."
}
,{
"fieldCode":"5001",
"fieldName":"BUSINESS UNIT",
"fieldFormat":"3N",
"helpText":"Identification number of the business unit associated with the account. The values are 001-998."
}
,{
"fieldCode":"5002",
"fieldName":"PRODUCT",
"fieldFormat":"3N",
"helpText":"Identification number of the product associated with this account."
}
,{
"fieldCode":"5003",
"fieldName":"ACCOUNT NUMBER",
"fieldFormat":"19C",
"helpText":"This field identifies the account number for which you want to display transactions."
}
,{
"fieldCode":"5041",
"fieldName":"CURRENCY NUMBER",
"fieldFormat":"1N",
"helpText":"Field that indicates the currency NOD."
}
,{
"fieldCode":"5035",
"fieldName":"LOGIC MODULE",
"fieldFormat":"3N",
"helpText":"The field displays the logic module number associated with the transaction code. This field is not open for input."
}
,{
"fieldCode":"5004",
"fieldName":"EFFECTIVE DATE",
"fieldFormat":"DATE",
"helpText":"Effective date of the transaction is displayed."
}
,{
"fieldCode":"5005",
"fieldName":"POST DATE",
"fieldFormat":"DATE",
"helpText":"Posting date of the transaction is displayed."
}
,{
"fieldCode":"5006",
"fieldName":"AMOUNT",
"fieldFormat":"9N",
"helpText":"Amount of the transaction."
}
,{
"fieldCode":"5007",
"fieldName":"TRANSACTION TYPE",
"fieldFormat":"1C",
"helpText":"This field indicates whether a transaction is a debit, credit, or memo."
}
,{
"fieldCode":"5008",
"fieldName":"TRANSACTION CODE",
"fieldFormat":"4N",
"helpText":"This field identifies the transaction code associated with transaction."
}
,{
"fieldCode":"5009",
"fieldName":"CREDIT PLAN",
"fieldFormat":"5N",
"helpText":"Number that identifies the Credit Plan Master record associated with the credit plan to which the transaction was posted."
}
,{
"fieldCode":"5010",
"fieldName":"REFERENCE",
"fieldFormat":"23C",
"helpText":"Reference number assigned to the transaction."
}
,{
"fieldCode":"5011",
"fieldName":"DESCRIPTION",
"fieldFormat":"40C",
"helpText":"Description of the transaction."
}
,{
"fieldCode":"5012",
"fieldName":"AUTH CODE",
"fieldFormat":"6N",
"helpText":"Authorization code assigned to the transaction."
}
,{
"fieldCode":"5013",
"fieldName":"SEQUNECE NUMBER",
"fieldFormat":"2N",
"helpText":"Sequence number (also called a record number) that identifies the credit plan segment on the account to which the transaction was posted."
}
,{
"fieldCode":"5014",
"fieldName":"STORE NUMBER",
"fieldFormat":"9N",
"helpText":"Identification number of the store where the transaction originated."
}
,{
"fieldCode":"5015",
"fieldName":"SKU NUMBER",
"fieldFormat":"9N",
"helpText":"Stock keeping unit (SKU) number associated with the transaction."
}
,{
"fieldCode":"5016",
"fieldName":"GLS CODE",
"fieldFormat":"1N",
"helpText":"General ledger source code assigned by the Transaction Edit/ Merge program to identify the source of the transaction. The values are:<br/>0 = Local input (online)<br/>1 = System-generated (for example, finance charge)<br/>2 = User input<br/>3 = ASM transaction<br/>4-6 = User input<br/>7 = Warehouse<br/>8 = Reject reentry<br/>9 = Transfer history."
}
,{
"fieldCode":"5017",
"fieldName":"SALES CLERK CODE",
"fieldFormat":"12C",
"helpText":"Code that identifies the salesclerk associated with the transaction. This field displays only for accounts processed by a revolving/retail product (TYPE OF ACCOUNT PROCESSED on Products->01-Product Specification is R)."
}
,{
"fieldCode":"5018",
"fieldName":"TICKET NUMBER",
"fieldFormat":"10C",
"helpText":"Invoice or ticket number associated with the transaction. This field applies to open item billing accounts."
}
,{
"fieldCode":"5019",
"fieldName":"P/O NUMBER",
"fieldFormat":"16C",
"helpText":"Purchase order number associated with the transaction."
}
,{
"fieldCode":"5020",
"fieldName":"RESOLUTION REF NUMBER",
"fieldFormat":"14N",
"helpText":"Resolution reference number generated during the Posting run (ARD140) for credits received for open item billing accounts. This number is generated as follows:<br/>Position Value<br/>1-4 Posting date of transaction (month and day)<br/>5-9 Batch number in which the credit as processed<br/>10-14 Item number assigned by CMS to all open items processed to the Open Item file (AMOI)."
}
,{
"fieldCode":"5021",
"fieldName":"ITEM",
"fieldFormat":"5N",
"helpText":"System-generated number assigned to all debit transactions. This number assists in identifying the item when no invoice or purchase order number is available."
}
,{
"fieldCode":"5022",
"fieldName":"MERCHANT BUSINESS UNIT",
"fieldFormat":"3N",
"helpText":"Business Unit number for the merchant where frequent shopper points were awarded."
}
,{
"fieldCode":"5023",
"fieldName":"MERCHANT NUMBER",
"fieldFormat":"9N",
"helpText":"Merchant number where frequent shopper points were awarded."
}
,{
"fieldCode":"5024",
"fieldName":"CATEGORY CODE",
"fieldFormat":"4N",
"helpText":"ISO standard category code of the merchant where frequent shopper points were awarded."
}
,{
"fieldCode":"5025",
"fieldName":"CARD NUMBER",
"fieldFormat":"19C",
"helpText":"This field identifies the card number associated with the transaction."
}
,{
"fieldCode":"5026",
"fieldName":"SEQUENCE NUMBER",
"fieldFormat":"4N",
"helpText":"This field identifies the Embosser record of the card that initiated the transaction."
}
,{
"fieldCode":"5027",
"fieldName":"INSURANCE CODE",
"fieldFormat":"2C",
"helpText":"Code that identifies the insurance product for which the insurance premium was generated."
}
,{
"fieldCode":"5028",
"fieldName":"FREQUENT SHOPPER POINTS",
"fieldFormat":"9N",
"helpText":"This field is the number of frequent shopper points earned. This field reflects a number of points only if the transaction has passed through all of the qualification criteria for the frequent shopper program."
}
,{
"fieldCode":"5029",
"fieldName":"FREQUENT SHOPPER PROGRAM NUMBER",
"fieldFormat":"1N",
"helpText":"This field is the frequent shopper program number for which the transaction qualified. The values are 1-5."
}
,{
"fieldCode":"5030",
"fieldName":"DEPARTMENT CODE",
"fieldFormat":"4C",
"helpText":"Department code assigned to the transaction."
}
,{
"fieldCode":"5031",
"fieldName":"ISS MARKUP",
"fieldFormat":"1C",
"helpText":"Issuer markup type assigned to the transaction by TRAMS. This indicator is passed to CMS with the transaction record and remains part of the record for chargeback processing. Values  1-4 identify the transaction type (PERCENT TYPE 1-4 on Products->20-Markup Fee Controls) assigned to the transaction for assessing markup fees."
}
,{
"fieldCode":"5032",
"fieldName":"SCHM MARKUP",
"fieldFormat":"1C",
"helpText":"Scheme markup type assigned to the transaction by TRAMS. This indicator is passed to CMS with the transaction record and remains part of the record for chargeback processing. Values 1-4 identify the transaction type (PERCENT TYPE 1-4 on Products->20-Markup Fee Controls) assigned to the transaction for assessing markup fees."
}
,{
"fieldCode":"5033",
"fieldName":"CASHBACK",
"fieldFormat":"9N",
"helpText":"Amount of cash given to the cardholder at the point of sale when a purchase is made with a Visa Debit or Visa Electron card."
}
,{
"fieldCode":"5034",
"fieldName":"PRIMARY ACCOUNT NUMBER",
"fieldFormat":"6C",
"helpText":"Last six digits of the primary account number that corresponds to the CMS embosser number."
}
,{
"fieldCode":"5036",
"fieldName":"CARD ACCOUNT ID",
"fieldFormat":"",
"helpText":"Field that indicates the card account ID."
}
,{
"fieldCode":"5037",
"fieldName":"INST BILL ORIG TRX AMT",
"fieldFormat":"",
"helpText":"Field that indicates the original transaction account."
}
,{
"fieldCode":"5038",
"fieldName":"INST NBR",
"fieldFormat":"",
"helpText":"Field that indicates the instalment number."
}
,{
"fieldCode":"5039",
"fieldName":"INST BEG SEQ",
"fieldFormat":"",
"helpText":"Field that indicates beginning Instalment Number"
}
,{
"fieldCode":"5040",
"fieldName":"INST END SEQ",
"fieldFormat":"",
"helpText":"Field that indicates ending Instalment Number"
}
,{
"fieldCode":"5042",
"fieldName":"FPP IND",
"fieldFormat":"1N",
"helpText":"Indicates whether plan is a FPP plan or not. The Valid values:<br/>0 - Not an FPP plan<br/>1 - FPP plan"
}
,{
"fieldCode":"5043",
"fieldName":"DISCOUNT",
"fieldFormat":"9N",
"helpText":"Discount amount computed during the transaction-based offer matching process."
}
,{
"fieldCode":"5044",
"fieldName":"FUNCTION",
"fieldFormat":"",
"helpText":"Field that indicates the type of a function."
}
]},"sections": {
"section0":""
,
"section1":"Transaction Details"
}}
