{"data":{
"section0":[
],"section1":[
{
"fieldCode":"5001",
"fieldName":"BUSINESS UNIT",
"fieldFormat":"3N",
"helpText":"Identification number of the business unit associated with this Monetary Transaction Code record. The values are 001-998."
}
,{
"fieldCode":"5002",
"fieldName":"TRANSACTION CODE TYPE",
"fieldFormat":"1N",
"helpText":"This field identifies the type of generated transaction code you want to view."
}
],"section2":[
{
"fieldCode":"5005",
"fieldName":"GEN TRAN IND",
"fieldFormat":"",
"helpText":""
}
,{
"fieldCode":"5006",
"fieldName":"TXN CODE",
"fieldFormat":"5N",
"helpText":"This field displays the transaction code you have added."
}
,{
"fieldCode":"5007",
"fieldName":"LOGIC",
"fieldFormat":"3N",
"helpText":"This field identifies the number that identifies the logic module the transaction code executes."
}
,{
"fieldCode":"5010",
"fieldName":"TAX INDICATOR",
"fieldFormat":"",
"helpText":""
}
,{
"fieldCode":"5008",
"fieldName":"TXN CODE DESCRIPTION",
"fieldFormat":"40C",
"helpText":"Description of the transaction code. You can change this description for any transaction code."
}
,{
"fieldCode":"5009",
"fieldName":"RPT DESCRIPTION",
"fieldFormat":"14C",
"helpText":"Description of the transaction code used on certain reports."
}
]},"sections": {
"section0":""
,
"section1":"Mon Txn Ctl User Assigned Txn Codes ARQX31 ARMX31"
,
"section2":"TRANSACTION DETAILS:"
}}
