{"data":{
"section0":[
],"section1":[
{
"fieldCode":"4001",
"fieldName":"BUSINESS UNIT",
"fieldFormat":"3N",
"helpText":"Identification number of the organization associated with the Customer Name/Address record. The values are 001�998."
}
,{
"fieldCode":"4002",
"fieldName":"ACCOUNT NUMBER",
"fieldFormat":"19C",
"helpText":"Identification number of the account associated with the Customer Name/Address record.<br/>Note: If you enter a value in the ACCOUNT NUMBER field, you must leave the CUSTOMER NUMBER field blank. After you enter an account number and press Enter, CMS displays ARMN01."
}
,{
"fieldCode":"5003",
"fieldName":"ASSOCIATE",
"fieldFormat":"1N",
"helpText":"Code that indicates the type of association between the Customer Name/Address record and the account. The values are:<br/>A = Alternate customer<br/>C = Customer (owner or co-owner)<br/>I = Third-party insured<br/>1 = Guarantor<br/>2 = Cosigner<br/>3 = Authorized signer<br/>5�9 = User-defined.<br/>Note: When entering a Customer Name/Address record for a customer that is not an owner or co-owner of the account, use only the owner screens (ARMN03 to ARMN05)."
}
,{
"fieldCode":"5004",
"fieldName":"CUSTOMER NUMBER",
"fieldFormat":"19C",
"helpText":"Identification number of the Customer Name/Address record. During the add mode (ARAN), you can enter a specific customer number to identify the new Customer Name/Address record. If automatic number generation is active for the organization (AUTO GENERATION on ARMO10 is Y or I), you can enter a slash (/) and CMS automatically generates the customer number.<br/>During the maintenance mode (ARMN) and inquiry mode (ARQN), you can enter a valid customer number to locate a Customer Name/Address record.<br/>Note: If you enter a value in the CUSTOMER NUMBER field, you must leave the ACCOUNT NUMBER field blank. After you enter a customer number and press Enter, CMS displays ARMN02 or ARMN03 and skips ARMN01."
}
,{
"fieldCode":"5005",
"fieldName":"NAME",
"fieldFormat":"40C",
"helpText":"Name assigned to the Customer Name/Address record (NAME LINE 1 on ARMN03)."
}
]},"sections": {
"section0":""
,
"section1":"Account Name And Address  ARQN"
}}
