{"data":{
"section0":[
],"section1":[
{
"fieldCode":"5001",
"fieldName":"BUSINESS UNIT",
"fieldFormat":"3N",
"helpText":"Identification number of the business unit."
}
,{
"fieldCode":"5002",
"fieldName":"PRODUCT",
"fieldFormat":"2C",
"helpText":"Code that identifies the product as defined on the Insurance/Product table (PROD on ARMI00). Use the Insurance/Product Table screens to add (ARAI), modify (ARMI), and view (ARQI) Insurance/Product tables and products."
}
,{
"fieldCode":"5003",
"fieldName":"VERSION",
"fieldFormat":"1N",
"helpText":"Version number assigned to a Statement Message record. The version number enables you to define statement messages in different languages. The values are 0-9. You can define up to ten versions of statement messages at each processing level. CMS uses the version that corresponds to the statement message indicator assigned to the Customer Name/Address record (STATEMENT MESSAGE IND on ARMN04). Example: You can establish two Statement Message records for a logo, one record with messages in English and the other record with messages in Spanish. To distinguish between the Statement Message records, assign version number 0 to the record with messages in English and version number 1 to the record with messages in Spanish. When setting up customer records, use the STATEMENT MESSAGE IND field on ARMN04 and enter version number 0 or 1. This indicates which version of statement messages to print on account statements for the customer, either English or Spanish."
}
,{
"fieldCode":"5004",
"fieldName":"AUTOMATIC PURGE DATE",
"fieldFormat":"8N",
"helpText":"Date after which CMS automatically purges the Statement Message record. The default is 12319999, which indicates that CMS never automatically purges the record."
}
,{
"fieldCode":"5005",
"fieldName":"AUTOMATIC INACTIVE DATE",
"fieldFormat":"8N",
"helpText":"Date after which CMS automatically sets the status to inactive. The default is 12319999, which indicates that CMS never automatically sets the status to inactive."
}
,{
"fieldCode":"5006",
"fieldName":"CURRENT STATUS",
"fieldFormat":"3N",
"helpText":"Status of the Extended Statement Message record. The values are:<br/>0 = Pending<br/>1 = Active<br/>2 = Inactive<br/>9 = Purge.<br/>This field displays 0 (pending) during add mode (ARAW00) and cannot be changed. After you have added the record, CMS<br/>automatically sets the status to 1 (active). In maintenance mode (ARMW00), you can change the status from 1 (active) to 2<br/>(inactive) and 9 (purge) as needed, or you can reset the status to 1 (active). If you change the status to 9 (purge), you can<br/>immediately use the add mode (ARAW00) and add a new record with the same organization number, logo number, and<br/>version number. During the next CMS daily run, CMS purges all records with a status of 9 (purge).<br/>Note:  CMS requires the system-level Extended Statement Message record assigned version number 0 to remain at status 1 (active). You cannot change the status of this record to 2 (inactive) or 9 (purge)."
}
,{
"fieldCode":"5007",
"fieldName":"DATE LAST MAINTAINED",
"fieldFormat":"8N",
"helpText":"Date of the last maintenance of this Extended Statement<br/>Message record. This field displays only when the screen is in maintenance mode (ARMW) or inquiry mode (ARQW). This field is system-generated and cannot be modified."
}
]},"sections": {
"section0":""
,
"section1":"Stmt Extned Msg Add Maint AZMW-01-Extended Statement Messages"
}}
