{"data":{
"section0":[
],"section1":[
{
"fieldCode":"4009",
"fieldName":"BUSINESS UNIT",
"fieldFormat":"3N",
"helpText":"Identification number of the business unit associated with this Monetary Transaction Code record. The values are 001�998."
}
,{
"fieldCode":"4006",
"fieldName":"UPDATE SWITCH",
"fieldFormat":"1C",
"helpText":"Switch has to be turned on to Update transaction code, logic module, description, report description"
}
,{
"fieldCode":"4002",
"fieldName":"TXN CODE",
"fieldFormat":"4N",
"helpText":"This field displays the transaction code you have added."
}
,{
"fieldCode":"4003",
"fieldName":"LOGIC",
"fieldFormat":"3N",
"helpText":"This field indicates the the logic module associated with the transaction code. To delete a user-assigned transaction code from the Monetary Transaction Code record, type 000 in this field and press Enter. CMS deletes the transaction code in the next reload of the Monetary Transaction Control file (AMMC)."
}
,{
"fieldCode":"4004",
"fieldName":"TXN CODE DESCRIPTION",
"fieldFormat":"40C",
"helpText":"This field displays the transaction code description you have entered while adding new user transaction code."
}
,{
"fieldCode":"4005",
"fieldName":"RPT DESCRIPTION",
"fieldFormat":"14C",
"helpText":"This field displays the report description you have entered while adding new user transaction code."
}
,{
"fieldCode":"5009",
"fieldName":"LOGIC MODULE",
"fieldFormat":"3N",
"helpText":"This field displays the logic module you have entered while adding new user transaction code."
}
]},"sections": {
"section0":""
,
"section1":"MON TXN CTL USER CODES  ARAX31"
}}
