{"data":{
"section0":[
],"section1":[
{
"fieldCode":"",
"fieldName":"BUSINESS UNIT",
"fieldFormat":"3N",
"helpText":"Identification number of the organization associated with the account. The values are 001�998."
}
,{
"fieldCode":"",
"fieldName":"ACCOUNT",
"fieldFormat":"19C",
"helpText":"Account number associated with this credit plan segment."
}
,{
"fieldCode":"",
"fieldName":"REC NBR",
"fieldFormat":"4N",
"helpText":"Identification number assigned to a logo record."
}
,{
"fieldCode":"",
"fieldName":"EX CAL INT RATE",
"fieldFormat":"7N",
"helpText":"Annual interest rate for the loan plan. This rate is calculated by an external system and is used for disclosures and letters. The rate is entered in CMS through batch user input, the loan generation service, or the AZLE01 screen, but it can be changed on this screen."
}
,{
"fieldCode":"",
"fieldName":"PES TERM",
"fieldFormat":"1N",
"helpText":"Code that indicates the action taken for partial early settlement transaction. The values are:<br/>0 = Reduce term to pay off outstanding loan (Default)<br/>1 = Reduce fixed payment amount to pay off outstanding loan over existing term."
}
,{
"fieldCode":"",
"fieldName":"FUNCTION",
"fieldFormat":"1C",
"helpText":"Action that you selected on the Locate screen. This field is systemgenerated; you cannot modify it. The values are:<br/>C = Emergency card replacement (ECR) only<br/>E = Transfer the card to the fraud account and generate two embosser records for the existing post-to account. One embosser record is generated as an emergency card replacement (ECR) card with lower credit limit and lower expiry date and another is generated as a replacement card by the existing<br/>process. This value is valid only when the ECR field on AZML09 is set to Y.<br/>P = Card upgrade<br/>R = Reverse a card transfer<br/>T = Transfer the card (lost, stolen, or fraud)."
}
,{
"fieldCode":"",
"fieldName":"SERVICE RETURN CODE",
"fieldFormat":"1C",
"helpText":"Service return code."
}
,{
"fieldCode":"",
"fieldName":"PLAN",
"fieldFormat":"5N",
"helpText":"Plan number of the Credit Plan Master record associated with the Credit Plan Segment record and the plan description."
}
,{
"fieldCode":"",
"fieldName":"PLAN DESC",
"fieldFormat":"30C",
"helpText":"Plan description defined in the Credit Plan Master record (DESCRIPTION on ARMC01)."
}
,{
"fieldCode":"",
"fieldName":"CURR AER",
"fieldFormat":"7N",
"helpText":"Annual effective rate (AER) currently applied on the credit plan segment of the account. This field is display-only and cannot be modified. This field displays only when the AER/MTHLY RATE CALC field is set to 1 on AZMO01."
}
,{
"fieldCode":"",
"fieldName":"GO TO AER",
"fieldFormat":"7N",
"helpText":"Annual effective rate (AER) to be applied on the credit plan segment of the account when the interest promotion expires. This field is display-only and cannot be modified. This field displays only when the AER/MTHLY RATE CALC field is set to 1 on AZMO01."
}
,{
"fieldCode":"",
"fieldName":"CURR MTHLY RATE",
"fieldFormat":"7N",
"helpText":"Monthly rate currently applied on the credit plan segment of the account. This field is display-only and cannot be modified. This field displays only when the AER/MTHLY RATE CALC field is set to 1 on AZMO01."
}
,{
"fieldCode":"",
"fieldName":"GO TO MTHLY RATE",
"fieldFormat":"7N",
"helpText":"Monthly rate to be applied on the credit plan segment of the account when the interest promotion expires. This field is display-only and cannot be modified. This field displays only when the AER/MTHLY RATE CALC field is set to 1 on AZMO01."
}
,{
"fieldCode":"",
"fieldName":"CER",
"fieldFormat":"7N",
"helpText":"Cost effective rate currently applied on the credit plan segment of the account. This field is display-only and cannot be modified. This field displays only when the AER/MTHLY RATE CALC field on AZMO01 is set to 2. For non-loan plans, this field defaults to zeroes. For loan plans, this field displays spaces."
}
,{
"fieldCode":"",
"fieldName":"OVLM GRCE EXP IND",
"fieldFormat":"1N",
"helpText":"Field that indicates whether the account supports grace day expiration period set for clearing the minimum amount due, after which the promotional rate is cancelled for the account during Deliquency Repricing (DRP) processing. The values are:<br/>0 = Plan is not marked for DRP<br/>1 = Plan is marked for cancellation because of overlimit grace days DRP functionality<br/>2 = Plan is marked for cancellation because of late payment grace days DRP functionality.<br/>This field is display-only; you cannot modify it."
}
,{
"fieldCode":"",
"fieldName":"OVLM GRCE EXP DATE",
"fieldFormat":"8N",
"helpText":"Date when the promotional rate applied on the account is marked for cancellation. The format is DDMMYYYY. This field is display-only; you cannot modify it."
}
]},"sections": {
"section0":""
,
"section1":"PLAN SEGMENT RATE HISTORY"
}}
