{"data":{
"section0":[
],"section1":[
{
"fieldCode":"4003",
"fieldName":"FUNCTIONAL SERVICE MODE",
"fieldFormat":"",
"helpText":""
}
,{
"fieldCode":"4006",
"fieldName":"FILE SOURCE",
"fieldFormat":"",
"helpText":""
}
,{
"fieldCode":"4047",
"fieldName":"FIRST KEY",
"fieldFormat":"",
"helpText":""
}
,{
"fieldCode":"5001",
"fieldName":"BUSINESS UNIT",
"fieldFormat":"3N",
"helpText":"Identification number of the business unit associated with this batch of payment transactions. The values are 001�998."
}
,{
"fieldCode":"5016",
"fieldName":"BATCH SOURCE",
"fieldFormat":"4N",
"helpText":"Code that indicates how the batch entered through CMS. <br/>The values are:<br/>0000 = Local input (originated from the AMT1 file during batch input)<br/>0001-9998 = User input (originated from user input file ATTD or ATTT)."
}
,{
"fieldCode":"5003",
"fieldName":"BATCH DATE",
"fieldFormat":"",
"helpText":"Date on which batch got executed."
}
,{
"fieldCode":"5002",
"fieldName":"BATCH NUMBER",
"fieldFormat":"5N",
"helpText":"Number assigned to the batch for identification purposes taken from home page."
}
,{
"fieldCode":"4028",
"fieldName":"CURRENCY CODE",
"fieldFormat":"3N",
"helpText":"ISO currency code that identifies the local currency."
}
,{
"fieldCode":"4046",
"fieldName":"ADD EXISTING",
"fieldFormat":"",
"helpText":""
}
,{
"fieldCode":"4048",
"fieldName":"VERIFY CURR CODE",
"fieldFormat":"",
"helpText":""
}
,{
"fieldCode":"4007",
"fieldName":"TRANSACTION SEQ NUMBER",
"fieldFormat":"3N",
"helpText":"Sequence number that CMS assigns to each transaction. Three plus signs (+++) indicates a pending add (information must be corrected). Three periods (...) indicates an open item (you can enter a new transaction)."
}
,{
"fieldCode":"5008",
"fieldName":"ACCOUNT NUMBER",
"fieldFormat":"19C",
"helpText":"Account number for which the payment transaction is entered."
}
,{
"fieldCode":"5009",
"fieldName":"PAYMENT AMOUNT",
"fieldFormat":"11N/2D",
"helpText":"Amount of the payment transaction in monetary units and subunits."
}
,{
"fieldCode":"5010",
"fieldName":"TRANSACTION CODE",
"fieldFormat":"4N",
"helpText":"Transaction code for this payment."
}
,{
"fieldCode":"5011",
"fieldName":"TXN EFFECTIVE DATE",
"fieldFormat":"",
"helpText":"Effective date of this transaction entry."
}
,{
"fieldCode":"5012",
"fieldName":"TRANSACTION STATUS",
"fieldFormat":"3C",
"helpText":"Status code of this item. This field displays in maintenance mode and inquiry mode but not add mode. The values are:<br/>Blank = Active item<br/>A = Active item<br/>D = Delete item.<br/>Note:  The value A indicates that you entered a value in the TRANSACTION STATUS field at some time. For example, an item was flagged for deletion by typing D then changed back to active by typing A. If this field is blank, no value has ever been entered in the TRANSACTION STATUS field."
}
,{
"fieldCode":"5013",
"fieldName":"TICKET NUMBER",
"fieldFormat":"15C",
"helpText":"Invoice or ticket number. For open item accounts, this invoice number further identifies the transaction as an open item."
}
,{
"fieldCode":"5014",
"fieldName":"PURCHASE ORDER",
"fieldFormat":"15C",
"helpText":"Purchase order number of the transaction."
}
,{
"fieldCode":"5015",
"fieldName":"RESOLUTION REF NUMBER",
"fieldFormat":"14N",
"helpText":"Resolution reference number generated during the Posting run (ARD140) and assigned to credits that are received for open item billing accounts. This field is generated as follows:<br/>Position Value<br/>1-4  Posting date of transaction (month and day)<br/>5-9  Batch numbers in which the credit was processed"
}
],"section2":[
{
"fieldCode":"4016",
"fieldName":"SUPPLEMENTARY FLAG",
"fieldFormat":"",
"helpText":""
}
,{
"fieldCode":"5004",
"fieldName":"TOTAL ITEMS",
"fieldFormat":"3N",
"helpText":"Number of payments in the batch, including items flagged for deletion. If the batch is in reject/reentry and the number of transactions does not equal the calculated total number of transactions, this field is open for input. You can change the number of transactions to equal the calculated total number of transactions, or you can increase the number in this field to a number greater than the calculated total number. If you increase the number, you can add additional payments to the batch."
}
,{
"fieldCode":"5005",
"fieldName":"TOTAL AMOUNT CREDITS",
"fieldFormat":"15N/2D",
"helpText":"Total amount of credit transactions in this batch in monetary units and subunits."
}
,{
"fieldCode":"5006",
"fieldName":"TOTAL AMOUNT DEBITS",
"fieldFormat":"15N/2D",
"helpText":"Total amount of debit transactions in this batch in monetary units and subunits."
}
,{
"fieldCode":"5039",
"fieldName":"BATCH STATUS",
"fieldFormat":"1C",
"helpText":"Code that indicates the status of the batch. The values are:<br/>A = Completed during after-hours processing. The batch can be deleted or reactivated.<br/>B = Deleted during after-hours processing. The batch can be reactivated.<br/>C = Complete batch. The batch has been balanced and is closed. You cannot access the batch using the Payment Transaction Entry in update mode, but you can display the batch in inquiry mode.<br/>D = Delete batch. Ignore all items in this batch and delete the batch during the next CMS daily run.<br/>I = Incomplete batch. The batch is out of balance, which can be caused by any of the following reasons:<br/>o The total number of transactions entered does not equal the number in the NUMBER OF PAYMENTS in batch field<br/>o The total amount of debits entered does not equal the amount in the AMOUNT OF DEBITS in batch field<br/>o The total amount of credits entered does not equal the amount in the AMOUNT OF CREDITS in batch field."
}
,{
"fieldCode":"5045",
"fieldName":"TRANSACTION SEQ NUMBER 2",
"fieldFormat":"3N",
"helpText":"Sequence number that CMS assigns to each transaction. Three plus signs (+++) indicates a pending add (information must be corrected). Three periods (...) indicates an open item (you can enter a new transaction)."
}
]},"sections": {
"section0":""
,
"section1":"CMS Payment Transaction Entry"
,
"section2":"UPDATE"
}}
