{"data":{
"section0":[
],"section1":[
{
"fieldCode":"4001",
"fieldName":"BUSINESS UNIT",
"fieldFormat":"3N",
"helpText":"Identification number of the business unit associated with this Credit Plan Master record. The values are 001-998."
}
,{
"fieldCode":"4002",
"fieldName":"PLAN NUMBER",
"fieldFormat":"5N",
"helpText":"Identification number of the Credit Plan Master record. The values are 00001-99998. You can establish as many as 99,998 Credit Plan Master Records for each business unit."
}
,{
"fieldCode":"4007",
"fieldName":"FUNCTION",
"fieldFormat":"1C",
"helpText":"Code that identifies the type of transfer action you selected on the Home page. This is a display field you cannot change the value. This field displays to the right of the name and address fields. The values are:<br/>C = Copy account<br/>G = Product graduation transfer.<br/>P = Product transfer<br/>R = Reverse an account transfer or an account copy that was initiated today<br/>S = Smart card transfer<br/>T = Transfer fraud.<br/>When transferring or copying a debit card account that resides in an business unit, the following rules apply:<br/>Accounts in a debit card product can be transferred only within the same product or to another debit card product within the same business unit. The debit card data defined on Account Details 10-User-defined& Rel Auth& Debit Parameters<br/>Will follow the customer to the transferred account for all transfer functions except C (copy). <br/>When the transfer function is C (copy), CMS initializes the debit card fields on the Account Base Segment record (Account Details 10-User-defined& Rel Auth& Debit Parameters) to zero. Users will need to supply these fields on the copied account."
}
,{
"fieldCode":"4003",
"fieldName":"REPAYMENT MAXIMUM BALANCE",
"fieldFormat":"",
"helpText":""
}
,{
"fieldCode":"4004",
"fieldName":"PAYMENT AMOUNT",
"fieldFormat":"15N",
"helpText":"This field indicates the total amount of payment transactions posted during each billing cycle."
}
,{
"fieldCode":"4005",
"fieldName":"PAYMENT PERCENTAGE",
"fieldFormat":"",
"helpText":""
}
,{
"fieldCode":"4006",
"fieldName":"AMOUNT/PERCENTAGE FLAG",
"fieldFormat":"",
"helpText":""
}
]},"sections": {
"section0":""
,
"section1":"Repayment Table"
}}
