{"data":{
"section0":[
],"section1":[
{
"fieldCode":"",
"fieldName":"BUSINESS UNIT",
"fieldFormat":"3N",
"helpText":"Identification number of the organization associated with this Monetary Transaction Code record. The values are 001�998."
}
,{
"fieldCode":"",
"fieldName":"TRANSACTION CODE",
"fieldFormat":"4N",
"helpText":"Transaction code."
}
,{
"fieldCode":"",
"fieldName":"LOGIC MODULE",
"fieldFormat":"3N",
"helpText":"Number that identifies the logic module the transaction code executes. To delete a user-assigned transaction code from the Monetary Transaction Code record, type 000 in this field and press Enter. CMS deletes the transaction code in the next reload of the Monetary Transaction Control file (AMMC)."
}
,{
"fieldCode":"",
"fieldName":"DEFAULT DESCRIPTION",
"fieldFormat":"40C",
"helpText":"Description of the transaction code. You can change this description for any transaction code."
}
,{
"fieldCode":"",
"fieldName":"REPORT DESCRIPTION",
"fieldFormat":"14C",
"helpText":"Description of the transaction code used on certain reports.<br/>Note: If you have both CMS and TRAMS, you must add user-assigned transaction code 0096 into CMS on the ARMX31 screen. In addition, you must assign logic module 099 to transaction code 0096. TRAMS may send transaction code 0096 to CMS. (If you want to use a number other than 0096, you may do so; however, ensure that you update both ARMX31 and APPLLIST1.)"
}
,{
"fieldCode":"",
"fieldName":"SERVICE TAX EXCLUSION INDICATOR",
"fieldFormat":"1N",
"helpText":"Code that indicates whether the service tax exclusion is allowed for transactions posted to the plan. The values are:<br/>0 = Do not allow service tax exclusion for transactions<br/>1 = Allow service tax exclusion for transactions."
}
]},"sections": {
"section0":""
,
"section1":"Mon Txn Ctl User Codes"
}}
