{"data":{
"section0":[
],"section1":[
{
"fieldCode":"4001",
"fieldName":"BUSINESS UNIT",
"fieldFormat":"3N",
"helpText":"Identification number of the business unit associated with this Monetary Transaction Code record. The values are 001-998."
}
,{
"fieldCode":"4002",
"fieldName":"TRANSACTION CODE RECORD",
"fieldFormat":"1N",
"helpText":"This field identifies the type of generated transaction code you want to view."
}
,{
"fieldCode":"4005",
"fieldName":"FUNCTION TYPE",
"fieldFormat":"",
"helpText":""
}
,{
"fieldCode":"4021",
"fieldName":"FUNCTION",
"fieldFormat":"",
"helpText":""
}
,{
"fieldCode":"4022",
"fieldName":"NEXT TOKEN",
"fieldFormat":"",
"helpText":""
}
,{
"fieldCode":"4023",
"fieldName":"PREV TOKEN",
"fieldFormat":"",
"helpText":""
}
,{
"fieldCode":"4009",
"fieldName":"DESCRIPTION(ONLY FOR MAINT MODE)",
"fieldFormat":"28C",
"helpText":"This field identifies the description of the transaction."
}
,{
"fieldCode":"4007",
"fieldName":"TRANSACTION CODE(ONLY FOR MAINT MODE)",
"fieldFormat":"4N",
"helpText":"This field identifies the transaction code."
}
,{
"fieldCode":"4010",
"fieldName":"TXN CODE NUMBER",
"fieldFormat":"",
"helpText":""
}
,{
"fieldCode":"4008",
"fieldName":"TRANS CODE",
"fieldFormat":"4N",
"helpText":"Unique payment reversal transaction code defined in Monetary Transaction Control (ARMX). The values are 0001�9998."
}
,{
"fieldCode":"5003",
"fieldName":"DESCRIPTION",
"fieldFormat":"40C",
"helpText":"Description of the transaction."
}
,{
"fieldCode":"5004",
"fieldName":"TRANSACTION CODE",
"fieldFormat":"4N",
"helpText":"This field identifies the transaction code associated with transaction."
}
,{
"fieldCode":"5003",
"fieldName":"BILLED FINANCE CHARGES",
"fieldFormat":"4N",
"helpText":"Code assigned to a monetary transaction that is generated when a finance charge (interest) is applied to an account. This transaction is associated with logic module 005."
}
,{
"fieldCode":"5003",
"fieldName":"SERVICE CHARGE ASSESSED",
"fieldFormat":"4N",
"helpText":"Code assigned to a monetary transaction that is generated as the result of the assessment of fees charged for certain monetary transactions you select. This transaction is associated with logic module 007."
}
,{
"fieldCode":"5003",
"fieldName":"INTERIM STATEMENT FEE DB",
"fieldFormat":"4N",
"helpText":"Code assigned to a monetary transaction that is generated whenever an interim statement is requested and a fee is assessed (STM RQ on ARMB01 is F). This transaction is associated with logic module 021."
}
,{
"fieldCode":"5003",
"fieldName":"OVER LIMIT CHARGE ASSESSMENT",
"fieldFormat":"4N",
"helpText":"Code assigned to a monetary transaction that is generated whenever an account exceeds the defined credit line. This transaction is associated with logic module 013."
}
,{
"fieldCode":"5003",
"fieldName":"LATE CHARGE ASSESSMENT",
"fieldFormat":"4N",
"helpText":"Code assigned to a monetary transaction that is generated whenever a payment is late. This transaction is associated with logic module 009."
}
,{
"fieldCode":"5003",
"fieldName":"MEMBERSHIP FEE ASSESSED",
"fieldFormat":"4N",
"helpText":"Code assigned to a monetary transaction that is generated when membership fees are assessed. This transaction is associated with logic module 011."
}
,{
"fieldCode":"5003",
"fieldName":"INSURANCE PREMIUM ASSESSED",
"fieldFormat":"4N",
"helpText":"Code assigned to a monetary transaction that is generated when insurance premiums are assessed. This transaction is associated with logic module 015."
}
,{
"fieldCode":"5003",
"fieldName":"MEMBERSHIP FEE REFUND",
"fieldFormat":"4N",
"helpText":"Code assigned to a monetary transaction that is generated when a membership fee refund is applied to an account. This transaction is associated with logic module 012."
}
,{
"fieldCode":"5003",
"fieldName":"CREDIT BALANCE REFUND",
"fieldFormat":"4N",
"helpText":"Code assigned to a monetary transaction that is generated to offset the account when credit balances are automatically refunded. This transaction is associated with logic module 027."
}
,{
"fieldCode":"5003",
"fieldName":"GENERATED MEMO",
"fieldFormat":"4N",
"helpText":"Reserved for future use.<br/>Note: As with all generated transaction code assignments, you must assign a unique transaction code."
}
,{
"fieldCode":"5003",
"fieldName":"PRINCIPAL DEBIT ADJUSTMENT",
"fieldFormat":"4N",
"helpText":"Code assigned to a monetary transaction that generates a principal debit adjustment. This transaction is associated with logic module 003."
}
,{
"fieldCode":"5003",
"fieldName":"PRINCIPAL CREDIT ADJUSTMENT",
"fieldFormat":"4N",
"helpText":"Code assigned to a monetary transaction that generates a principal credit adjustment. This transaction is associated with logic module 004."
}
,{
"fieldCode":"5003",
"fieldName":"INTEREST DEBIT ADJUSTMENT",
"fieldFormat":"4N",
"helpText":"Code assigned to a monetary transaction that is generated whenever interest is added to the account (backdated interest, for example). This transaction is associated with logic module 005."
}
,{
"fieldCode":"5003",
"fieldName":"INTEREST CREDIT ADJUSTMENT",
"fieldFormat":"4N",
"helpText":"Code assigned to a monetary transaction that is generated whenever interest is subtracted from the account (backdated interest, for example). This transaction is associated with logic module 006."
}
,{
"fieldCode":"5003",
"fieldName":"AUTOMATIC INITIAL CHARGEOFF",
"fieldFormat":"4N",
"helpText":"Code assigned to a monetary transaction that is generated to transfer an account from receivables to profit and loss. This transaction is associated with logic module 091."
}
,{
"fieldCode":"5003",
"fieldName":"AUTOMATIC FINAL CHARGEOFF",
"fieldFormat":"4N",
"helpText":"Code assigned to a monetary transaction that is generated to transfer an account from receivables to bad debt, and to close and purge the account. This transaction is associated with logic module 095."
}
,{
"fieldCode":"5003",
"fieldName":"SMALL BALANCE WRITE-OFF DB",
"fieldFormat":"4N",
"helpText":"Code assigned to a monetary transaction that is generated to write off a small credit balance. This transaction is associated with logic module 003."
}
,{
"fieldCode":"5003",
"fieldName":"SMALL BALANCE WRITE-OFF CR",
"fieldFormat":"4N",
"helpText":"Code assigned to a monetary transaction that is generated to write off a small debit balance. This transaction is associated with logic module 004."
}
,{
"fieldCode":"5003",
"fieldName":"BILLED DEFERRED FIN CHGS",
"fieldFormat":"4N",
"helpText":"Code assigned to a monetary transaction that is generated when finance charges are billed after a deferment period expires or is canceled. This transaction is associated with logic module 005."
}
,{
"fieldCode":"5003",
"fieldName":"AUTO LATE FEE REVERSAL",
"fieldFormat":"4N",
"helpText":"Code assigned to a monetary transaction that is generated when current or prior cycle late fees are automatically adjusted due to posting of backdated payments. This transaction is associated with logic module 010."
}
,{
"fieldCode":"5003",
"fieldName":"F/S AUTO EARNED POINTS",
"fieldFormat":"4N",
"helpText":"Code assigned to a memo transaction that is generated to report the points calculated on frequent shopper programs 1-5. This transaction is associated with logic module 099."
}
,{
"fieldCode":"5003",
"fieldName":"F/S AUTO POINT DISBURSEMENT",
"fieldFormat":"4N",
"helpText":"Code assigned to a memo transaction that is generated to automatically disburse frequent shopper points. This transaction is associated with logic module 099."
}
,{
"fieldCode":"5003",
"fieldName":"F/S AUTO ADJUSTMENT POINTS",
"fieldFormat":"4N",
"helpText":"Code assigned to a memo transaction that is generated to automatically adjust frequent shopper points to zero. This transaction is generated when an account delinquency level surpasses the established logo level parameter or when the frequent shopper program meets its purge date. This transaction is associated with logic module 099."
}
,{
"fieldCode":"5003",
"fieldName":"BILLED RECAPTURE FIN CHGS",
"fieldFormat":"4N",
"helpText":"Code assigned to a monetary transaction that is generated to transfer recaptured interest to interest billed. This transaction is associated with logic module 005."
}
,{
"fieldCode":"5003",
"fieldName":"SERVICE CHARGE REVERSAL",
"fieldFormat":"4N",
"helpText":"Code assigned to a monetary transaction that is generated when monthly service charge reversals are assessed. This transaction is associated with logic module 008."
}
,{
"fieldCode":"5003",
"fieldName":"BILLED DELINQUENT FIN CHGS",
"fieldFormat":"4N",
"helpText":"Code used to bill interest for delinquent accounts. If a delinquency interest level is defined on the Logo record (ARML14), CMS will use this transaction code to post cycle finance charges for accounts with a delinquency level equal to or greater than the value on the logo. This transaction is associated with logic module 005."
}
,{
"fieldCode":"5003",
"fieldName":"REPORT FEE ASSESSED",
"fieldFormat":"4N",
"helpText":"Code assigned to a monetary transaction that is generated when report fees are assessed. This transaction is associated with logic module 021."
}
,{
"fieldCode":"5003",
"fieldName":"REPORT FEE REVERSED",
"fieldFormat":"4N",
"helpText":"Code assigned to a monetary transaction that is generated when report fees are reversed. This transaction is associated with logic module 022."
}
,{
"fieldCode":"5003",
"fieldName":"DC TRANSACTION",
"fieldFormat":"4N",
"helpText":"Code assigned to a monetary transaction that is generated whenever a direct credit transaction is applied to the account. This transaction is associated with logic module 003."
}
,{
"fieldCode":"5003",
"fieldName":"DD TRANSACTION",
"fieldFormat":"4N",
"helpText":"Code assigned to a monetary transaction that is generated whenever a direct debit transaction is applied to the account. This transaction is associated with logic module 030."
}
,{
"fieldCode":"5003",
"fieldName":"DEBIT CARD OFFSET DEBIT",
"fieldFormat":"4N",
"helpText":"Code assigned to a monetary transaction that is generated to offset the ACH debit. This transaction is associated with logic module 003."
}
,{
"fieldCode":"5003",
"fieldName":"DEBIT CARD OFFSET CREDIT",
"fieldFormat":"4N",
"helpText":"Code assigned to a monetary transaction that is generated to offset the ACH credit. This transaction is associated with logic module 004."
}
,{
"fieldCode":"5003",
"fieldName":"MEMBERSHIP FEE REBATE CR",
"fieldFormat":"4N",
"helpText":"Code assigned to a monetary transaction that generates a membership fee rebate credit. This transaction is associated with logic module 012. This transaction code is required but valid only for HCS accounts using membership fee processing."
}
,{
"fieldCode":"5003",
"fieldName":"CYCLE SPEND FEE",
"fieldFormat":"4N",
"helpText":"Code assigned to a monetary transaction that is generated when a cycle spend fee is applied to an account. This transaction is associated with logic module 021.<br/>Note: The transaction code for the cycle spend fee reversal is user-defined and should be associated with logic module 022. Use the User-assigned Transaction Codes screen (ARMX31) to set up this transaction code."
}
,{
"fieldCode":"5003",
"fieldName":"ADD-ON PRODUCT FEE DEBIT",
"fieldFormat":"4N",
"helpText":"Code assigned to a monetary transaction that is generated when an account product amount is assessed to an account. This transaction is associated with logic module 021."
}
,{
"fieldCode":"5001",
"fieldName":"BUSINESS UNIT",
"fieldFormat":"3N",
"helpText":"Identification number of the business unit associated with this Monetary Transaction Code record. The values are 001-998."
}
,{
"fieldCode":"5018",
"fieldName":"TRANSACTION CODE TYPE",
"fieldFormat":"1N",
"helpText":"This field identifies the type of generated transaction code you want to view."
}
,{
"fieldCode":"5011",
"fieldName":"DESCRIPTION",
"fieldFormat":"40C",
"helpText":"Description of the transaction."
}
,{
"fieldCode":"5012",
"fieldName":"TRANSACTION CODE",
"fieldFormat":"5N",
"helpText":"This field displays the transaction code you have added."
}
,{
"fieldCode":"5017",
"fieldName":"LOGIC MODULE",
"fieldFormat":"3N",
"helpText":"This field displays the logic module you have entered while adding new user transaction code."
}
,{
"fieldCode":"5011",
"fieldName":"DIRECT CR CHG-OFF IN-HOUSE",
"fieldFormat":"4N",
"helpText":"Appears 3 times. Codes used for direct payments (of the directed credit transactions category) to an in-house charged-off account. These transactions send value H to CTA. These transactions are associated with logic module 033."
}
,{
"fieldCode":"5011",
"fieldName":"GDIRECT CR CHG-OFF AGENCY",
"fieldFormat":"4N",
"helpText":"Appears 3 times. Codes used for direct payments (of the directed credit transactions category) to an agency charged-off account. These transactions send value H to CTA. These transactions are associated with logic module 033."
}
,{
"fieldCode":"5011",
"fieldName":"H CREDIT CHG-OFF IN HOUSE",
"fieldFormat":"4N",
"helpText":"Appears 3 times. Codes used for direct payments (of the global credit transactions category) to an in-house charged-off account. These transactions send value H to CTA. These transactions are associated with logic module 030."
}
,{
"fieldCode":"5011",
"fieldName":"AG CREDIT CHG-OFF AGENCY",
"fieldFormat":"4N",
"helpText":"Appears 3 times. Codes used for direct payments (of the global credit transactions category) to an agency charged-off account. These transactions send value H to CTA. These transactions are associated with logic module 030."
}
,{
"fieldCode":"5011",
"fieldName":"PAY SPNDG LMT PREPAY",
"fieldFormat":"4N",
"helpText":"Appears 3 times. Code used to identify transactions that are governed by a prepaid spending limit. These transactions are associated with logic module 004."
}
,{
"fieldCode":"5011",
"fieldName":"AY SPNDG LMT PREPAY REV",
"fieldFormat":"4N",
"helpText":"Appears 3 times. Code used to identify reversals on transactions that are governed by a prepaid spending limit. These transactions are associated with logic module 003."
}
,{
"fieldCode":"5020",
"fieldName":"EMO TCCURRENCY CONV MEMO TC",
"fieldFormat":"4N",
"helpText":"Code used to identify transaction codes assigned to currency conversion memo transactions that are generated by TRAMS and passed to CMS for posting. These transactions are associated with logic module 099. (If you want to use a number other than 0096, you may do so; however, ensure that you update both ARMX30 and APPLLIST1.)"
}
,{
"fieldCode":"5018",
"fieldName":"TRANSACTION CODE TYPE",
"fieldFormat":"1N",
"helpText":"This field identifies the type of generated transaction code you want to view."
}
]},"sections": {
"section0":""
,
"section1":"Mon Txn Ctl Gen Codes ARMX"
}}
