{"data":{
"section0":[
],"section1":[
{
"fieldCode":"4001",
"fieldName":"NAME/TITLE LINE",
"fieldFormat":"40C",
"helpText":"Name of the person or business for which you want to determine the alpha name key. Start entering the name in the left-most position; the leading character in this field must not be a blank (or space)."
}
,{
"fieldCode":"4002",
"fieldName":"NAME TYPE",
"fieldFormat":"1C",
"helpText":"Code that indicates the type of alpha name key. The values are:<br/>%	=	Personal<br/>*	=	Business<br/>Blank	=	Unknown.<br/>To verify how CMS generates an alpha name key (business or personal), leave the NAME TYPE field blank. The business keyword table classifies business accounts, and all others become personal."
}
,{
"fieldCode":"4003",
"fieldName":"NAME FORMAT",
"fieldFormat":"1C",
"helpText":"Code that determines the format of the name entered. The values are:<br/>A	=	Last name last (Default)<br/>B	=	Last name first<br/>C	=	Business."
}
,{
"fieldCode":"4004",
"fieldName":"LAST NAME DELIMITER",
"fieldFormat":"1C",
"helpText":"Special character that separates the last name from any other data. You can use any special character except a period ( . )."
}
,{
"fieldCode":"4005",
"fieldName":"DELIMITER POSITION",
"fieldFormat":"1C",
"helpText":"Code that indicates the location of a delimiter that separates the last name from the rest of the name. The values are:<br/>A	=	After last name<br/>B	=	Before last name."
}
],"section2":[
{
"fieldCode":"5001",
"fieldName":"Name/Title Line",
"fieldFormat":"40C",
"helpText":"Name of the person or business for which you want to determine the alpha name key. Start entering the name in the left-most position; the leading character in this field must not be a blank (or space)."
}
,{
"fieldCode":"5002",
"fieldName":"Name Type",
"fieldFormat":"1C",
"helpText":"Code that indicates the type of alpha name key. The values are:<br/>%	=	Personal<br/>*	=	Business<br/>Blank	=	Unknown.<br/>To verify how CMS generates an alpha name key (business or personal), leave the NAME TYPE field blank. The business keyword table classifies business accounts, and all others become personal."
}
,{
"fieldCode":"5003",
"fieldName":"Name Format",
"fieldFormat":"1C",
"helpText":"Code that determines the format of the name entered. The values are:<br/>A	=	Last name last (Default)<br/>B	=	Last name first<br/>C	=	Business."
}
,{
"fieldCode":"5004",
"fieldName":"Last Name Delimiter",
"fieldFormat":"1C",
"helpText":"Special character that separates the last name from any other data. You can use any special character except a period ( . )."
}
,{
"fieldCode":"5005",
"fieldName":"Delimiter Position",
"fieldFormat":"1C",
"helpText":"Code that indicates the location of a delimiter that separates the last name from the rest of the name. The values are:<br/>A	=	After last name<br/>B	=	Before last name."
}
,{
"fieldCode":"5007",
"fieldName":"Name Key1",
"fieldFormat":"",
"helpText":""
}
,{
"fieldCode":"5008",
"fieldName":"Name Key2",
"fieldFormat":"",
"helpText":""
}
,{
"fieldCode":"5009",
"fieldName":"Name Key Return Desc",
"fieldFormat":"",
"helpText":"After you provide input data in home page and press submit button, the page displays the alpha name key that results from the name entered. If the name results in a personal name key, the following message is displayed:<br/>RETURN CODE 01 - ONE PERSONAL KEY GENERATED<br/>If the name results in a business name key, the following message is displayed:<br/>RETURN CODE 03 - BUSINESS KEY GENERATED<br/>The following additional messages may be displayed:<br/>RETURN CODE 02 - TWO PERSONAL KEYS GENERATED<br/>RETURN CODE 07 - ERROR - MULTIPLE CONNECTIVES<br/>RETURN CODE 08 - ERROR - NAME KEY BLANK OR ALL KEY WORDS<br/>RETURN CODE 09 - PERSONAL KEY TABLE OUT OF SEQ<br/>RETURN CODE 10 - BUSINESS KEY TABLE OUT OF SEQ<br/>RETURN CODE 13 - ERROR- WITH NAME/TITLE LINE<br/>RETURN CODE 99 - ERROR - ILLOGICAL ERROR"
}
]},"sections": {
"section0":""
,
"section1":"Name Key Test"
,
"section2":"01-Name Key Test Result"
}}
