{"data":{
"section0":[
],"section1":[
{
"fieldCode":"4001",
"fieldName":"BUSINESS UNIT (REQUIRED ONLY FOR ADD)",
"fieldFormat":"3N",
"helpText":"Identification number of the business unit associated with this Account Base Segment record. The values are 001–998."
}
,{
"fieldCode":"4026",
"fieldName":"BATCH NUMBER",
"fieldFormat":"5N",
"helpText":"Number assigned to the batch for identification purposes."
}
,{
"fieldCode":"4002",
"fieldName":"DEFAULT DEPARTMENT NUMBER",
"fieldFormat":"4C",
"helpText":"Default department number that populates the DEPT field of each monetary transaction if you do not enter a department number for a transaction."
}
,{
"fieldCode":"4003",
"fieldName":"DEFAULT SALESCLERK",
"fieldFormat":"13C",
"helpText":"Default salesclerk that populates the SALESCLERK field of each monetary transaction if you do not enter a salesclerk for a transaction."
}
,{
"fieldCode":"4004",
"fieldName":"DEFAULT CREDIT PLAN NUMBER",
"fieldFormat":"5N",
"helpText":"Default credit plan number that populates the PLAN field of each monetary transaction if you do not enter a credit plan number for a transaction. The number entered must identify an active Credit Plan Master record."
}
,{
"fieldCode":"4005",
"fieldName":"DEFAULT STORE NUMBER",
"fieldFormat":"9N",
"helpText":"Default store number that populates the STORE field of each monetary transaction if you do not enter a store number for a transaction. The number entered must identify an active store record.<br/>Note: If MBS is installed, the store must be on file in the MBS organization defined in the Store-Org User Exit. If the store is not defined in the user exit, the organization number of the current CMS master record will be used as a default.<br/>If MBS is installed, only a store status of 1 (active) or 6 (closed) will be valid. A store entry will be considered invalid for the following status conditions: 0 (incomplete), 2 (inactive), 3 (model), 7 (pending purge), 8 (purging), and 9 (purged)."
}
,{
"fieldCode":"4006",
"fieldName":"DEFAULT TRANSACTION CODE",
"fieldFormat":"4N",
"helpText":"Default transaction code that populates the TX field of each monetary transaction if you do not enter a transaction code for a transaction. If you enter zero, you must enter a transaction code for each monetary transaction. The number entered must identify an active (nongenerated) transaction code on the Monetary Transaction Codes file."
}
,{
"fieldCode":"4007",
"fieldName":"DEFAULT EFFECTIVE DATE",
"fieldFormat":"8N",
"helpText":"Default effective date that populates the EFF field of each monetary transaction if you do not enter an effective date for a transaction. If you do not enter a date, the default is the next processing date on the Organization record (DATE NEXT PROCESS on ARMO01)."
}
,{
"fieldCode":"4008",
"fieldName":"DEFAULT DESCRIPTION",
"fieldFormat":"40C",
"helpText":"Default description that populates the DESC field of each monetary transaction if you do not enter a description for a transaction."
}
,{
"fieldCode":"5002",
"fieldName":"FUNCTIONAL SERVICE MODE",
"fieldFormat":"",
"helpText":""
}
,{
"fieldCode":"5003",
"fieldName":"FILE SOURCE",
"fieldFormat":"",
"helpText":""
}
,{
"fieldCode":"5001",
"fieldName":"BUSINESS UNIT (REQUIRED ONLY FOR ADD FUNCTION",
"fieldFormat":"3N",
"helpText":"Identification number of the business unit associated with this Account Base Segment record. The values are 001–998."
}
,{
"fieldCode":"5027",
"fieldName":"BATCH SOURCE",
"fieldFormat":"4N",
"helpText":"Code that indicates how the batch entered through CMS.<br/>The values are:<br/>0000 = Local input (originated from the<br/>AMT1 file during batch input)<br/>0001-9998 = User input (originated from user<br/>input file ATTD or ATTT)."
}
,{
"fieldCode":"5004",
"fieldName":"BATCH DATE",
"fieldFormat":"",
"helpText":"Date on which batch got executed."
}
,{
"fieldCode":"5046",
"fieldName":"ADD EXISTING",
"fieldFormat":"",
"helpText":""
}
,{
"fieldCode":"5037",
"fieldName":"CURRENCY NUMBER",
"fieldFormat":"1N",
"helpText":"Number of decimal positions in the currency. This value defaults from the Currency Codes file in the Security Subsystem and Common Routines (SSC) system based on the currency code assigned to the business unit (CURRENCY CODE on Business Units -> 01-Demographics). You cannot enter or change this value in CMS."
}
,{
"fieldCode":"5005",
"fieldName":"TRANSACTION SEQ NUMBER",
"fieldFormat":"4N",
"helpText":"Sequence number associated with this batch of monetary transaction."
}
,{
"fieldCode":"5006",
"fieldName":"ACCOUNT NUMBER",
"fieldFormat":"19C",
"helpText":"Identification number of the open item biling account."
}
,{
"fieldCode":"5007",
"fieldName":"TRANSACTION AMOUNT",
"fieldFormat":"11N/2D",
"helpText":"Amount of the transaction in monetary units and subunits.<br/>Example 1:  If using U.S. dollars, enter $1,250.00 as 00000125000<br/>Example 2:  If using euros, enter euro 651,80 as 00000065180."
}
,{
"fieldCode":"5008",
"fieldName":"TRANSACTION CODE",
"fieldFormat":"4N",
"helpText":"This field indicates the transaction code associated with the transaction type."
}
,{
"fieldCode":"5009",
"fieldName":"TXN EFFECTIVE DATE",
"fieldFormat":"",
"helpText":"Effective date of this transaction entry."
}
,{
"fieldCode":"5010",
"fieldName":"STORE NUMBER",
"fieldFormat":"9N",
"helpText":"Store number that populates the STORE field of each payment transaction if you do not enter a store number for a transaction. The number entered must identify an active store record."
}
,{
"fieldCode":"5011",
"fieldName":"CREDIT PLAN NUMBER",
"fieldFormat":"5N",
"helpText":"Plan number that identifies the Credit Plan Master record associated with the transaction."
}
,{
"fieldCode":"5012",
"fieldName":"PLAN SEQUENCE",
"fieldFormat":"2N",
"helpText":"Sequence number that identifies the credit plan segment associated with the transaction."
}
,{
"fieldCode":"5013",
"fieldName":"TICKET",
"fieldFormat":"15C",
"helpText":"Ticket or invoice number associated with the transaction. Use this field when entering purchase transactions for open item billing accounts."
}
,{
"fieldCode":"5014",
"fieldName":"STOCK KEEPING UNIT",
"fieldFormat":"9N",
"helpText":"Stock keeping unit (SKU) number associated with the transaction."
}
,{
"fieldCode":"5015",
"fieldName":"TRANSACTION DESCRIPTION",
"fieldFormat":"40C",
"helpText":"Description of the transaction."
}
,{
"fieldCode":"5016",
"fieldName":"AUTHENTICATION CODE",
"fieldFormat":"6N",
"helpText":"Authorization code associated with the transaction."
}
,{
"fieldCode":"5017",
"fieldName":"DEPARTMENT NUMBER",
"fieldFormat":"4C",
"helpText":"Department number that populates the department field of each payment transaction if you do not enter a department number for a transaction."
}
,{
"fieldCode":"5018",
"fieldName":"SALES CLERK",
"fieldFormat":"12C",
"helpText":"Salesclerk associated with the transaction."
}
,{
"fieldCode":"5019",
"fieldName":"TRANSACTION STATUS",
"fieldFormat":"1C",
"helpText":"Status code of this item. This field displays on ARMT and ARQT only if working with a batch of todays entry transactions (FILE is T1). The values are:<br/>Blank = Active; status never changed<br/>A = Active; status changed<br/>D = Delete.<br/>Note: Status code A indicates a value was entered into the STA field at some time. For example, you can flag a transaction to be deleted (STA is D) but change the status back to active (STA is A). If this field is blank, no value has ever been entered in the STA field."
}
,{
"fieldCode":"5020",
"fieldName":"PURCHASE ORDER",
"fieldFormat":"16C",
"helpText":"Purchase order number associated with the transaction. For Visa purchasing card accounts, the value in this field is user-defined and can represent a purchase order number, general ledger account number, project number, or any other value."
}
,{
"fieldCode":"5021",
"fieldName":"RESOLUTION REF NUMBER",
"fieldFormat":"14N",
"helpText":"Resolution reference number generated during the Posting run (ARD140) for payments received for open item billing accounts. CMS generates this field as follows:<br/>Position: 1-4<br/>Value: Posting date of the transaction (month and day)<br/>Position: 5-9<br/>Value: Batch number that processed the payment transaction<br/>Position: 10-14<br/>Value: Item number assigned by CMS to all open items processed to the Open Item file (AMOI).<br/>Note: The resolution reference number is valid only for payment reversals. The value entered must be the same value that CMS assigned to the original payment transaction."
}
,{
"fieldCode":"5031",
"fieldName":"WALLET ID",
"fieldFormat":"3C",
"helpText":"Code that uniquely identifies each wallet on a prepaid account. For multicurrency prepaid accounts, this field corresponds to the ISO numeric currency code."
}
,{
"fieldCode":"5032",
"fieldName":"WALLET AMOUNT",
"fieldFormat":"9N/2D",
"helpText":"This field indicates the transaction amount in the wallet currency."
}
,{
"fieldCode":"5022",
"fieldName":"CARD NUMBER",
"fieldFormat":"19C",
"helpText":"Number that is embossed on the plastic card associated with the transaction. The card number is different from the account number only for accounts with card numbering scheme 3 (CRD# SCM on ARMB01)."
}
,{
"fieldCode":"5023",
"fieldName":"CARD NUMBER SEQUENCE",
"fieldFormat":"4N",
"helpText":"Sequence number (also called record number) to distinguish between multiple cards issued with the same card number.<br/>Note: If posting a transaction for an account assigned card numbering scheme 3 (CARD# SCM on ARMB01), enter a valid sequence number in the SEQ # field. If no value is entered, CMS assumes card sequence number 0001."
}
,{
"fieldCode":"5024",
"fieldName":"INSURANCE PRODUCT",
"fieldFormat":"2C",
"helpText":"Code that identifies the insurance product associated with the transaction."
}
,{
"fieldCode":"5025",
"fieldName":"REFERENCE NUMBER",
"fieldFormat":"23C",
"helpText":"Generated reference number."
}
,{
"fieldCode":"5040",
"fieldName":"SEQ TABLE",
"fieldFormat":"",
"helpText":""
}
,{
"fieldCode":"5033",
"fieldName":"INST TYPE",
"fieldFormat":"",
"helpText":""
}
,{
"fieldCode":"5034",
"fieldName":"INST NBR",
"fieldFormat":"",
"helpText":""
}
,{
"fieldCode":"5035",
"fieldName":"INST BEG SEQ",
"fieldFormat":"",
"helpText":""
}
,{
"fieldCode":"5036",
"fieldName":"SUPPLEMENTARY FLAG",
"fieldFormat":"",
"helpText":""
}
,{
"fieldCode":"",
"fieldName":"CHANNEL ID",
"fieldFormat":"3C",
"helpText":"This field identifies the Channel ID."
}
,{
"fieldCode":"",
"fieldName":"PARTNER ID",
"fieldFormat":"3C",
"helpText":"This field identifies the Partner ID."
}
]},"sections": {
"section0":""
,
"section1":"Monetary Batch Txn ARAT T1"
}}
