{"data":{
"section0":[
],"section1":[
{
"fieldCode":"",
"fieldName":"SECURITY SIGNON",
"fieldFormat":"20C",
"helpText":"User�s sign-on in security system."
}
,{
"fieldCode":"",
"fieldName":"SIGNON NAME",
"fieldFormat":"20C",
"helpText":"User�s sign-on name."
}
],"section2":[
],"section3":[
{
"fieldCode":"",
"fieldName":"SELECT ONE",
"fieldFormat":"1C",
"helpText":"Selection field used to select the mode for no processing. Type S in this field to select."
}
]},"sections": {
"section0":""
,
"section1":"AFTER HOURS PROCESSING AROC"
,
"section2":"PLEASE PRESS SUBMIT FOR CURRENT STATUS"
,
"section3":"PRESENT PROCESSING STATUS"
}}
