{"data":{
"section0":[
],"section1":[
{
"fieldCode":"",
"fieldName":"SECURITY SIGNON",
"fieldFormat":"20C",
"helpText":"User�s sign-on in security system."
}
,{
"fieldCode":"",
"fieldName":"SIGNON NAME",
"fieldFormat":"20C",
"helpText":"User�s sign-on name."
}
,{
"fieldCode":"",
"fieldName":"SELECT ONE",
"fieldFormat":"1C",
"helpText":"Selection field used to select the mode for no processing. Type S in this field to select."
}
],"section2":[
],"section3":[
],"section4":[
],"section5":[
],"section6":[
],"section7":[
],"section8":[
],"section9":[
],"section10":[
]},"sections": {
"section0":""
,
"section1":"AFTER HOURS PROCESSING"
,
"section2":"PRESENT PROCESSING STATUS"
,
"section3":"MESSAGE 1"
,
"section4":"MESSAGE 2"
,
"section5":"MESSAGE 3"
,
"section6":"MESSAGE 4"
,
"section7":"MESSAGE 5"
,
"section8":"MESSAGE 6"
,
"section9":"MESSAGE 7"
,
"section10":"MESSAGE 8"
}}
