{"data":{
"section0":[
],"section1":[
{
"fieldCode":"4001",
"fieldName":"BUSINESS UNIT",
"fieldFormat":"3N",
"helpText":"This is the identification number of the organization with which the account is associated. The values are 001-998. This field is required."
}
,{
"fieldCode":"4002",
"fieldName":"CARD/ACCOUNT NUMBER",
"fieldFormat":"19C",
"helpText":"This fields Identification number of the account holder in Account Base Segment record. <br/>When a card scheme 3 account transfer and card replacement occurs, one of the cards transferred to the new account may have the same number as the old transferred-from account number. This field is required."
}
,{
"fieldCode":"4005",
"fieldName":"RECORD NUMBER",
"fieldFormat":"3N",
"helpText":"This is the record number (also called sequence number) that identifies each credit plan segment on an account. This field is required."
}
,{
"fieldCode":"4008",
"fieldName":"PROJECT SETTLEMENT TYPE",
"fieldFormat":"1C",
"helpText":"This is the selection field used to choose individual credit plan segments for which you want to calculate a payoff quote, display an existing quote, or cancel a user-generated quote. The values are:<br/>C 	=	Cancel the Quote<br/>P	=	Calculate Settlement Quote Assessing Penalties.<br/>W 	=	Calculate Settlement Quote Waiving Penalties.<br/>This field is required."
}
],"section2":[
{
"fieldCode":"5037",
"fieldName":"INTEREST REBATE",
"fieldFormat":"15N/2D",
"helpText":"Amount of precomputed interest to be rebated to the customer after deducting any penalty interest amount. CMS populates this field only when LOAN POSTING INDICATOR on Plan Details->09-Loan Disclosed Dates is 2."
}
,{
"fieldCode":"5038",
"fieldName":"INSURANCE REBATE",
"fieldFormat":"15N/2D",
"helpText":"Amount of precomputed insurance to be rebated to the customer after deducting any penalty interest amount. CMS populates this field only when LOAN POSTING INDICATOR on Plan Details->09-Loan Disclosed Dates is 2."
}
,{
"fieldCode":"5039",
"fieldName":"INTERSET PENALTY",
"fieldFormat":"15N/2D",
"helpText":"Amount of calculated penalty interest. CMS populates this field only when LOAN POSTING INDICATOR on Plan Details->09-Loan Disclosed Dates is 1.<br/>This field displays zeros when the LOAN POSTING INDICATOR on Plan Details->09-Loan Disclosed Dates is 2. For these plans, the interest penalty amount is displayed on the Credit Plan Segment record."
}
,{
"fieldCode":"5040",
"fieldName":"INSURANCE PENALTY",
"fieldFormat":"15N/2D",
"helpText":"Amount of calculated penalty insurance. CMS populates this field only when LOAN POSTING INDICATOR on Plan Details->09-Loan Disclosed Dates is 1.<br/>This field displays zeros when the LOAN POSTING INDICATOR on Plan Details->09-Loan Disclosed Dates is 2. For these plans, the interest penalty amount is displayed on the Credit Plan Segment record."
}
,{
"fieldCode":"5041",
"fieldName":"USER FEE 1 REBATE",
"fieldFormat":"15N/2D",
"helpText":"Amount of precomputed user-defined fees 1 to be rebated to the customer after deducting any penalty amount. CMS populates this field only when LOAN POSTING INDICATOR on Plan Details->09-Loan Disclosed Dates is 2."
}
,{
"fieldCode":"5042",
"fieldName":"USER FEE 2 REBATE",
"fieldFormat":"15N/2D",
"helpText":"Amount of precomputed user-defined fees 2 to be rebated to the customer after deducting any penalty amount. CMS populates this field only when LOAN POSTING INDICATOR on Plan Details->09-Loan Disclosed Dates is 2."
}
,{
"fieldCode":"5043",
"fieldName":"USER FEE 3 REBATE",
"fieldFormat":"15N/2D",
"helpText":"Amount of precomputed user-defined fees 3 to be rebated to the customer after deducting any penalty amount. CMS populates this field only when LOAN POSTING INDICATOR on Plan Details->09-Loan Disclosed Dates is 2."
}
,{
"fieldCode":"5044",
"fieldName":"USER FEE 4 REBATE",
"fieldFormat":"15N/2D",
"helpText":"Amount of precomputed user-defined fees 4 to be rebated to the customer after deducting any penalty amount. CMS populates this field only when LOAN POSTING INDICATOR on Plan Details->09-Loan Disclosed Dates is 2."
}
,{
"fieldCode":"5045",
"fieldName":"USER FEE 5 REBATE",
"fieldFormat":"15N/2D",
"helpText":"Amount of precomputed user-defined fees 5 to be rebated to the customer after deducting any penalty amount. CMS populates this field only when LOAN POSTING INDICATOR on Plan Details->09-Loan Disclosed Dates is 2."
}
,{
"fieldCode":"5046",
"fieldName":"USER FEE 6 REBATE",
"fieldFormat":"15N/2D",
"helpText":"Amount of precomputed user-defined fees 6 to be rebated to the customer after deducting any penalty amount. CMS populates this field only when LOAN POSTING INDICATOR on Plan Details->09-Loan Disclosed Dates is 2."
}
,{
"fieldCode":"5047",
"fieldName":"USER FEE 1 PENALTY",
"fieldFormat":"15N/2D",
"helpText":"Total amount of calculated penalty user-defined fee amounts 1. These amounts are used in the calculation of the USER FEES 1 REBATE amounts.<br/>This field displays zeros when the LOAN POSTING INDICATOR on Plan Details-> 09-Loan Disclosed Dates is 2. For these plans, the user fee penalty amounts are displayed on the Credit Plan Segment record."
}
,{
"fieldCode":"5048",
"fieldName":"USER FEE 2 PENALTY",
"fieldFormat":"15N/2D",
"helpText":"Total amount of calculated penalty user-defined fee amounts 2. These amounts are used in the calculation of the USER FEES 2 REBATE amounts.<br/>This field displays zeros when the LOAN POSTING INDICATOR on Plan Details-> 09-Loan Disclosed Dates is 2. For these plans, the user fee penalty amounts are displayed on the Credit Plan Segment record."
}
,{
"fieldCode":"5049",
"fieldName":"USER FEE 3 PENALTY",
"fieldFormat":"15N/2D",
"helpText":"Total amount of calculated penalty user-defined fee amounts 3. These amounts are used in the calculation of the USER FEES 3 REBATE amounts.<br/>This field displays zeros when the LOAN POSTING INDICATOR on Plan Details-> 09-Loan Disclosed Dates is 2. For these plans, the user fee penalty amounts are displayed on the Credit Plan Segment record."
}
,{
"fieldCode":"5050",
"fieldName":"USER FEE 4 PENALTY",
"fieldFormat":"15N/2D",
"helpText":"Total amount of calculated penalty user-defined fee amounts 4. These amounts are used in the calculation of the USER FEES 4 REBATE amounts.<br/>This field displays zeros when the LOAN POSTING INDICATOR on Plan Details-> 09-Loan Disclosed Dates is 2. For these plans, the user fee penalty amounts are displayed on the Credit Plan Segment record."
}
,{
"fieldCode":"5051",
"fieldName":"USER FEE 5 PENALTY",
"fieldFormat":"15N/2D",
"helpText":"Total amount of calculated penalty user-defined fee amounts 5. These amounts are used in the calculation of the USER FEES 5 REBATE amounts.<br/>This field displays zeros when the LOAN POSTING INDICATOR on Plan Details-> 09-Loan Disclosed Dates is 2. For these plans, the user fee penalty amounts are displayed on the Credit Plan Segment record."
}
,{
"fieldCode":"5052",
"fieldName":"USER FEE 6 PENALTY",
"fieldFormat":"15N/2D",
"helpText":"Total amount of calculated penalty user-defined fee amounts 6. These amounts are used in the calculation of the USER FEES 6 REBATE amounts.<br/>This field displays zeros when the LOAN POSTING INDICATOR on Plan Details-> 09-Loan Disclosed Dates is 2. For these plans, the user fee penalty amounts are displayed on the Credit Plan Segment record."
}
,{
"fieldCode":"5053",
"fieldName":"TERMINATION FEE",
"fieldFormat":"15N/2D",
"helpText":"Fee assessed to the customer for early settlement of a loan.<br/>This field is open for maintenance when the QUOTE OVERRIDE field is 1 on Plan Details."
}
],"section3":[
{
"fieldCode":"4003",
"fieldName":"FOREIGN USE INDICATOR",
"fieldFormat":"1C",
"helpText":"The FOREIGN USE indicator is provided in the input message so the requesting source can specify whether the request applies to the local or foreign account when the account is in a dual currency processing organization. The default is to the local account."
}
,{
"fieldCode":"4004",
"fieldName":"PLAN NUMBER",
"fieldFormat":"5N",
"helpText":"Identification number of the Credit Plan Master record associated with the credit plan segment. This plan number and the record number together identify each credit plan on an account."
}
,{
"fieldCode":"4006",
"fieldName":"REFERENCE NUMBER",
"fieldFormat":"23C",
"helpText":"This is the plan reference number."
}
,{
"fieldCode":"4007",
"fieldName":"PAYOFF DATE",
"fieldFormat":"DATE",
"helpText":"This is the payoff date used for the account-level generation quote. CMS calculates the settlement quote as of the client-specified payoff date if a valid date is entered when manually requesting a quote (PROJECT SETTLEMENT TYPE = P or W). If the user does not enter a date in this field while indicating a manually requested quote, CMS calculates the settlement quote using the system-generated payoff date.<br/>The value for this field must be within the range of dates from the current processing date to 60 days (calendar days) greater than the current processing date."
}
,{
"fieldCode":"4014",
"fieldName":"PARTIAL SETTELMENT AMOUNT",
"fieldFormat":"15N/2D",
"helpText":""
}
,{
"fieldCode":"4015",
"fieldName":"PES RC",
"fieldFormat":"",
"helpText":""
}
,{
"fieldCode":"4020",
"fieldName":"INTEREST PENALTY DAYS",
"fieldFormat":"",
"helpText":""
}
,{
"fieldCode":"4021",
"fieldName":"SETTELMENT DISCOUNT",
"fieldFormat":"",
"helpText":""
}
]},"sections": {
"section0":""
,
"section1":"Plan Level Settlement Quote-01-Plan Level Settlement Quote Request"
,
"section2":"PLAN TABLE 3"
,
"section3":"PLAN TABLE 4"
}}
