{"data":{
"section0":[
],"section1":[
{
"fieldCode":"",
"fieldName":"BUSINESS UNIT",
"fieldFormat":"3N",
"helpText":"Identification number of the business unit associated with the Customer Name/Address record. The values are 001�998."
}
,{
"fieldCode":"",
"fieldName":"CUSTOMER NUMBER",
"fieldFormat":"19C",
"helpText":"Identification number of the Customer Name/Address record.<br/>Note: If you enter a value in the CUSTOMER NUMBER field, you must leave the ACCOUNT NUMBER field blank."
}
,{
"fieldCode":"",
"fieldName":"ACCOUNT  NUMBER",
"fieldFormat":"19C",
"helpText":"Identification number of the account associated with the Customer Name/Address record.<br/>Note: If you enter a value in the ACCOUNT NUMBER field, you must leave the CUSTOMER NUMBER field blank."
}
,{
"fieldCode":"",
"fieldName":"OWNER / COOWNER",
"fieldFormat":"1N",
"helpText":"Code that indicates whether to display information for the owner, co-owner, or both on subsequent screens. The values are:<br/>0 = Both owner and co-owner<br/>1 = Owner only (Default)<br/>2 = Co-owner only."
}
,{
"fieldCode":"",
"fieldName":"ASSOC",
"fieldFormat":"1C",
"helpText":"Code that indicates the type of association between the Customer Name/Address record and the account. The values are:<br/>P = Primary customer (owner or co-owner)<br/>A = Alternate customer<br/>C = Correspondence customer."
}
,{
"fieldCode":"",
"fieldName":"CUSTOMER ORG",
"fieldFormat":"19C",
"helpText":"Identification number of the Customer Name/Address record associated with the account."
}
,{
"fieldCode":"",
"fieldName":"OWNER/COOWNER INDICATOR",
"fieldFormat":"1N",
"helpText":"Code that indicates whether to display information for the owner, co-owner, or both on subsequent screens. The values are:<br/>0 = Both owner and co-owner<br/>1 = Owner only (Default)<br/>2 = Co-owner only."
}
],"section2":[
{
"fieldCode":"",
"fieldName":"NAME",
"fieldFormat":"40C",
"helpText":"Name assigned to the Customer Name/Address record (NAME LINE 1 on ARMN03)."
}
]},"sections": {
"section0":""
,
"section1":"PRIOR MAILING NAME AND ADDRESS  ARPI"
,
"section2":"AMPM DATE"
}}
