{"data":{
"section0":[
],"section1":[
{
"fieldCode":"5001",
"fieldName":"BUSINESS UNIT",
"fieldFormat":"3N",
"helpText":"Identification number of the business unit associated with the Bar Code record. The values are 001-998."
}
,{
"fieldCode":"5002",
"fieldName":"ACCOUNT",
"fieldFormat":"19C",
"helpText":"Identification number of the account for which you want to display payment history information."
}
,{
"fieldCode":"5003",
"fieldName":"LOGO",
"fieldFormat":"3N",
"helpText":"This field is the identification number of the Logo record."
}
,{
"fieldCode":"5004",
"fieldName":"CURRENT BALANCE",
"fieldFormat":"15N/2D",
"helpText":"Current balance of the account."
}
,{
"fieldCode":"5005",
"fieldName":"EFFECTIVE DATE",
"fieldFormat":"",
"helpText":"Effective date of the product. This date may be a future date."
}
,{
"fieldCode":"5012",
"fieldName":"CURRENCY CODE",
"fieldFormat":"3N",
"helpText":"ISO currency code that identifies the currency of this account. This code defaults from the Organization Record (CURRENCY CODE on Business Units -> 01-Demographics); you cannot change it at the account level."
}
,{
"fieldCode":"5006",
"fieldName":"AMOUNT POSTED",
"fieldFormat":"15N/2D",
"helpText":"Amount of each payment that posted. The amount is in monetary units and subunits."
}
,{
"fieldCode":"5007",
"fieldName":"REVERSAL INDICATOR",
"fieldFormat":"1C",
"helpText":"Transfer reversal flag if the transaction has been transferred (values T, R, and D only), or the source of the memo-posted transaction (all values except T, R, and D). The values are:<br/>A = ASM or AMEX interface<br/>B = Batch authorization file<br/>D = Deleted transaction or MDS interface<br/>E = MasterCard Europe network<br/>H = Host system<br/>J = JCB interface<br/>P = Point-of-sale (POS) interface<br/>M = MasterCard network<br/>R = Reversed transfer<br/>S = SMS interface<br/>T = Transferred<br/>U = User input<br/>V = Visa network."
}
,{
"fieldCode":"5008",
"fieldName":"CYCLE DUE",
"fieldFormat":"1N",
"helpText":"Cycle due code that indicates the number of cycles for which a payment is due. The cycle due code indicates the level of<br/>contractual delinquency for the account. The values are:<br/>0 = No amount due<br/>1 = Current amount due; not past due<br/>2 = Amount past due 1-29 days (also called X days)<br/>3 = Amount past due 30-59 days<br/>4 = Amount past due 60-89 days<br/>5 = Amount past due 90-119 days<br/>6 = Amount past due 120-149 days<br/>7 = Amount past due 150-179 days<br/>8 = Amount past due 180-209 days<br/>9 = Amount past due 210 or more days."
}
,{
"fieldCode":"5009",
"fieldName":"RECENCY CODE",
"fieldFormat":"4N",
"helpText":"Recency code at the time the payment was posted. This code indicates the number of cycles since the last qualified payment was received. The values are 1-9."
}
,{
"fieldCode":"5010",
"fieldName":"LOGIC MODULE",
"fieldFormat":"3N",
"helpText":"Logic module associated with the transaction code."
}
,{
"fieldCode":"5011",
"fieldName":"OUTSTANDING PRE-PAYMENT",
"fieldFormat":"15N/2D",
"helpText":"Outstanding prepayment amount on the account after posting each of the last six payments."
}
,{
"fieldCode":"5090",
"fieldName":"SEQ",
"fieldFormat":"3N",
"helpText":"Sequence number that identifies each credit plan."
}
],"section2":[
]},"sections": {
"section0":""
,
"section1":"01-Account Payment History Select"
,
"section2":"PHT PMT SEQ"
}}
