{"data":{
"section0":[
],"section1":[
{
"fieldCode":"4001",
"fieldName":"BUSINESS UNIT (REQUIRED ONLY FOR ADD FUNCTION)",
"fieldFormat":"3N",
"helpText":"Identification number of the business unit associated with this batch of payment transactions. The values are 001-998."
}
,{
"fieldCode":"4026",
"fieldName":"BATCH NUMBER",
"fieldFormat":"5N",
"helpText":"Identification number assigned to the batch of transactions. Each batch within a Business unit must have a unique batch number. If you leave this field blank when adding a new batch, CMS determines the next batch number."
}
,{
"fieldCode":"5003",
"fieldName":"FUNCTIONAL SERVICE MODE",
"fieldFormat":"",
"helpText":""
}
,{
"fieldCode":"5006",
"fieldName":"FILE SOURCE",
"fieldFormat":"2C",
"helpText":"Code that indicates this batch contains transactions that are new today. The value is T1 (today�s entry). In add mode, this field is system-generated; you cannot change the value.<br/>Note: This field is open for input only in maintenance mode (ARMP) or inquiry mode (ARQP)."
}
,{
"fieldCode":"5027",
"fieldName":"BATCH SOURCE",
"fieldFormat":"4N",
"helpText":"Code that indicates how the batch entered CMS. This field displays a value only if you select a reject reentry batch (FILE is J1) or a reject reentry batch with multiple reject reasons (FILE is M1). The value in this field is system-generated; you cannot change it. The values are:<br/>0000 = Local input (originated from the AMT1 file during batch input)<br/>0001�9998 = User input (originated from user input file ATTD or ATTT)."
}
,{
"fieldCode":"5004",
"fieldName":"BATCH DATE",
"fieldFormat":"8C",
"helpText":"Date of batch entry in CMS."
}
,{
"fieldCode":"5028",
"fieldName":"CURRENCY CODE",
"fieldFormat":"3C",
"helpText":"ISO Standard Currency Code that identifies the unit of currency as local or foreign for this plan when single account dual currency (SADC) feature is active at the organization level. This is a display-only field and cannot be modified."
}
,{
"fieldCode":"5046",
"fieldName":"ADD EXISTING",
"fieldFormat":"",
"helpText":""
}
,{
"fieldCode":"5048",
"fieldName":"VERIFY CURR CODE",
"fieldFormat":"",
"helpText":""
}
,{
"fieldCode":"5007",
"fieldName":"TRANSACTION SEQ NUMBER",
"fieldFormat":"3N",
"helpText":"Sequence number that CMS assigns to each transaction. Three plus signs (+++) indicates a pending add (information must be corrected). Three periods (...) indicates an open item (you can enter a new transaction)."
}
,{
"fieldCode":"5008",
"fieldName":"ACCOUNT NUMBER",
"fieldFormat":"19C",
"helpText":"Account number for which the payment transaction is entered."
}
,{
"fieldCode":"5009",
"fieldName":"PAYMENT AMOUNT",
"fieldFormat":"11N/2D",
"helpText":"Amount of the payment transaction in monetary units and subunits."
}
,{
"fieldCode":"5010",
"fieldName":"TRANSACTION CODE",
"fieldFormat":"4N",
"helpText":"Transaction code for this payment."
}
,{
"fieldCode":"5011",
"fieldName":"TXN EFFECTIVE DATE",
"fieldFormat":"",
"helpText":"Effective date of this transaction entry."
}
,{
"fieldCode":"5012",
"fieldName":"TRANSACTION STATUS",
"fieldFormat":"3C",
"helpText":"Status code of this item. This field displays in maintenance mode and inquiry mode but not add mode. The values are:<br/>Blank = Active item<br/>A = Active item<br/>D = Delete item.<br/>Note:  The value A indicates that you entered a value in the TRANSACTION STATUS field at some time. For example, an item was flagged for deletion by typing D then changed back to active by typing A. If this field is blank, no value has ever been entered in the TRANSACTION STATUS field."
}
,{
"fieldCode":"5013",
"fieldName":"TICKET NUMBER",
"fieldFormat":"15C",
"helpText":"Invoice or ticket number. For open item accounts, this invoice number further identifies the transaction as an open item."
}
,{
"fieldCode":"5014",
"fieldName":"PURCHASE ORDER",
"fieldFormat":"15C",
"helpText":"Purchase order number of the transaction."
}
,{
"fieldCode":"5015",
"fieldName":"RESOLUTION REF NUMBER",
"fieldFormat":"14N",
"helpText":"Resolution reference number generated during the Posting run (ARD140) and assigned to credits that are received for open item billing accounts. This field is generated as follows:<br/>Position                                       Value<br/>1-4                                              Posting date of transaction (month and day)<br/>5-9                                              Batch number in which the credit was processed"
}
,{
"fieldCode":"5016",
"fieldName":"SUPPLEMENTARY FLAG",
"fieldFormat":"1C",
"helpText":"Code that indicates whether to suppress the monetary transaction from physical statement. The values are:<br/>Y = Suppress the transaction from the statement<br/>N = Do not suppress the transaction from the statement.<br/>Note: This field can be set to Y only when the CONTRA TXN SUPPRESSION field on AZML02 is set to 1."
}
,{
"fieldCode":"5040",
"fieldName":"SEQ TABLE",
"fieldFormat":"",
"helpText":""
}
]},"sections": {
"section0":""
,
"section1":"CMS Payment Txn Entry  ARMP ARQP ARAP"
}}
