{"data":{
"section0":[
],"section1":[
{
"fieldCode":"0101",
"fieldName":"SECURITY SIGNON",
"fieldFormat":"20C",
"helpText":"Users sign-on in security system."
}
,{
"fieldCode":"0102",
"fieldName":"SIGNON NAME",
"fieldFormat":"15C",
"helpText":"Sign-on name that the person assigned this User Security Signon record will use to sign on to the system."
}
,{
"fieldCode":"4009",
"fieldName":"BUSINESS UNIT",
"fieldFormat":"3N",
"helpText":"Identification number of the business unit to which the account is assigned."
}
,{
"fieldCode":"4003",
"fieldName":"ACCOUNT",
"fieldFormat":"15N/2D",
"helpText":"Account number that identifies the subordinate account in the relationship. If the account is the primary account in the relationship, the letter P displays to the right of the account number."
}
,{
"fieldCode":"0103",
"fieldName":"SERVICE RETURN CODE",
"fieldFormat":"1C",
"helpText":"Return code from the service. The values are:<br/>P = Service passed<br/>F = Service failed."
}
,{
"fieldCode":"5021",
"fieldName":"ACCOUNT/RELATIONSHIP NUMBER",
"fieldFormat":"19C",
"helpText":"Account number or relationship number."
}
,{
"fieldCode":"4009",
"fieldName":"BUSINESS UNIT",
"fieldFormat":"3N",
"helpText":"Identification number of the business unit associated with the Relationship record. The values are 001-998."
}
,{
"fieldCode":"5003",
"fieldName":"ACCOUNT DESCRIPTION",
"fieldFormat":"12C",
"helpText":"This field indicates the type of account."
}
,{
"fieldCode":"5004",
"fieldName":"ORG",
"fieldFormat":"3N",
"helpText":"Identification number of the business unit associated with this account. The values are 001-998."
}
,{
"fieldCode":"4010",
"fieldName":"ACCOUNT NUMBER",
"fieldFormat":"15N/2D",
"helpText":"Account number that identifies the subordinate account in the relationship. If the account is the primary account in the relationship, the letter P displays to the right of the account number."
}
,{
"fieldCode":"4002",
"fieldName":"LOGO",
"fieldFormat":"3N",
"helpText":"This field is the identification number of the Logo record."
}
]},"sections": {
"section0":""
,
"section1":"PAYMENT HIST LOCATE  ARPH"
}}
