{"data":{
"section0":[
],"section1":[
{
"fieldCode":"4001",
"fieldName":"BUSINESS UNIT",
"fieldFormat":"3N",
"helpText":"Identification number of the business unit associated with the Embosser record. The values are 001-998."
}
,{
"fieldCode":"4002",
"fieldName":"CARD NUMBER",
"fieldFormat":"19C",
"helpText":"Card number that identifies the Embosser record."
}
,{
"fieldCode":"4003",
"fieldName":"CARD SEQUENCE",
"fieldFormat":"4N",
"helpText":"Identification number assigned to an Embosser record to distinguish between multiple cards issued with the same card number."
}
,{
"fieldCode":"4004",
"fieldName":"PIN COUNTER RESET",
"fieldFormat":"1N",
"helpText":"Field used to manually reset the PIN try counter (AMED-NBR-INVPIN-TRIES) flag to 00 on the Embosser record. The values are:<br/>0 = Do not reset the PIN try counter (Default)<br/>1 = Reset the PIN try counter.<br/>This field is open to input only when the MAN PIN RESET value on the Logo Record (ARML12) is 1 (manual reset is allowed). After resetting the PIN try counter to zeros, CMS resets this flag to 0 and displays a message indicating that the PIN counter has been reset."
}
]},"sections": {
"section0":""
,
"section1":"PIN COUNTER RESET  ARME02"
}}
