{"data":{
"section0":[
],"section1":[
{
"fieldCode":"",
"fieldName":"SECURITY SIGNON",
"fieldFormat":"20C",
"helpText":"User�s sign-on in security system."
}
,{
"fieldCode":"",
"fieldName":"SIGNON NAME",
"fieldFormat":"20C",
"helpText":"User�s sign-on name."
}
,{
"fieldCode":"",
"fieldName":"BUSINESS UNIT",
"fieldFormat":"3N",
"helpText":"Business unit number of the Extended Statement Message record."
}
,{
"fieldCode":"",
"fieldName":"PRODUCT",
"fieldFormat":"3N",
"helpText":"Logo number of the Extended Statement Message record."
}
,{
"fieldCode":"",
"fieldName":"VERSION",
"fieldFormat":"1N",
"helpText":"Version number of the Extended Statement Message record."
}
,{
"fieldCode":"",
"fieldName":"AUTOMATIC PURGE DATE",
"fieldFormat":"8N",
"helpText":"Date after which CMS automatically purges the Statement Message record. The default is 12319999, which indicates that CMS never automatically purges the record."
}
,{
"fieldCode":"",
"fieldName":"AUTOMATIC INACTIVE DATE",
"fieldFormat":"8N<br/>Req",
"helpText":"Date after which CMS automatically sets the status to inactive. The default is 12319999, which indicates that CMS never automatically sets the status to inactive."
}
,{
"fieldCode":"",
"fieldName":"CURRENT STATUS",
"fieldFormat":"3N",
"helpText":"Status of the Extended Statement Message record. The values are:<br/>0 = Pending<br/>1 = Active<br/>2 = Inactive<br/>9 = Purge.<br/>This field displays 0 (pending) during add mode (ARAW00) and  cannot be changed. After you have added the record, CMS automatically sets the status to 1 (active). In maintenance mode (ARMW00), you can change the status from 1 (active) to 2 (inactive) and 9 (purge) as needed, or you can reset the status to 1 (active). If you change the status to 9 (purge), you can immediately use the add mode (ARAW00) and add a new record with the same organization number, logo number, and version number. During the next CMS daily run, CMS purges all records with a status of 9 (purge).<br/>Note: CMS requires the system-level Extended Statement Message record assigned version number 0 to remain at status 1 (active). You cannot change the status of this record to 2 (inactive) or 9 (purge)."
}
,{
"fieldCode":"",
"fieldName":"DATE LAST MAINTAINED",
"fieldFormat":"8N",
"helpText":"Date of the last maintenance of this Extended Statement Message record. This field displays only when the screen is in maintenance mode (ARMW) or inquiry mode (ARQW). This field is systemgenerated and cannot be modified."
}
]},"sections": {
"section0":""
,
"section1":"STMT EXTENDED MSG QUERY AZQW"
}}
