{"data":{
"section0":[
],"section1":[
{
"fieldCode":"0101",
"fieldName":"SECURITY SIGNON",
"fieldFormat":"20C",
"helpText":"Users sign-on in security system."
}
,{
"fieldCode":"0102",
"fieldName":"SIGNON NAME",
"fieldFormat":"20C",
"helpText":"Users sign-on name."
}
,{
"fieldCode":"4001",
"fieldName":"BUSINESS UNIT",
"fieldFormat":"3N",
"helpText":"This is the identification number of the business unit with which the account is associated. The values are 001–998."
}
,{
"fieldCode":"4002",
"fieldName":"ACCOUNT NUMBER",
"fieldFormat":"17N",
"helpText":"Identification number of the account for which a payoff quotation is to be displayed.<br/>Note: When a card scheme 3 account transfer and card replacement occurs, one of the cards transferred to the new account may have the same number as the old “transferred-from” account number. If the number you enter on the Locate screen meets this condition, CMS displays the following additional locate fields that you can select from. If you leave the select field blank and press Enter, however, CMS displays the new account on the next screen."
}
,{
"fieldCode":"5002",
"fieldName":"PRODUCT",
"fieldFormat":"3N",
"helpText":"This is the identification number of Product. Not maintainable."
}
,{
"fieldCode":"5004",
"fieldName":"ACCOUNT LEVEL QUOTE",
"fieldFormat":"1C",
"helpText":"Two-part field that indicates the type of account-level quote requested and the previously generated account-level quote. The first part is a selection field used either to indicate the type of manually generated quote requested or to cancel a previously generated quote. The values are:<br/>Space = No account-level quote has been requested or the previously generated account-level quote has expired (Default)<br/>C = Cancel the existing manually requested account-level quote. When this value is entered, the account-level quote information is deleted. <br/>P = Include penalties and termination fees when generating the account-level quote requested <br/>W = Waive penalties and termination fees when generating the account level quote requested.<br/>The second part of the field is display-only and indicates the type of account-level quote that was previously generated. The values are:<br/>Space = No account level quote was previously requested, or the previously generated account level quote has expired <br/>P = Account-level quote contains penalties and termination fees <br/>S = Account-level quote generated for account bill balance processing<br/>W = Account-level quote where penalties and termination fees are waived."
}
,{
"fieldCode":"5005",
"fieldName":"PAYOFF DATE",
"fieldFormat":"",
"helpText":"This is the payoff date used for the account-level generation quote. CMS calculates the settlement quote as of the client specified payoff date if a valid date is entered when manually requesting a quote (PROJECT SETTLEMENT TYPE = P or W). If the user does not enter a date in this field while indicating a manually requested quote, CMS calculates the settlement quote using the system-generated payoff date. The value for this field must be within the range of dates from the current processing date to 60 days (calendar days) greater than the current processing date"
}
,{
"fieldCode":"5006",
"fieldName":"ACCOUNT-LEVEL PAYOFF",
"fieldFormat":"15 2D",
"helpText":"This field is the Amount of a previously requested account level quote."
}
,{
"fieldCode":"5007",
"fieldName":"SHORT NAME",
"fieldFormat":"20C",
"helpText":"Short name of the account holder."
}
,{
"fieldCode":"5008",
"fieldName":"NUMBER OF PLANS",
"fieldFormat":"2N",
"helpText":"This field is the Amount of a previously requested account level quote."
}
,{
"fieldCode":"5009",
"fieldName":"MORE INDICATOR",
"fieldFormat":"1C",
"helpText":"Code that indicates if more records are on file. The values are:<br/>N = No more records on file<br/>Y = More records on file."
}
,{
"fieldCode":"5010",
"fieldName":"START PLAN SEQ NUMBER",
"fieldFormat":"3N",
"helpText":"This is the starting plan sequence number associated with the list."
}
,{
"fieldCode":"5021",
"fieldName":"SELECT",
"fieldFormat":"1C",
"helpText":"Selection field used to choose either the new account or the old account. Type X next to the account you want to view. If you leave this field blank, CMS displays the new account on the next screen.<br/>This field displays only when the number you entered in ACCOUNT NUMBER is both a transferred card scheme 3 card number and the old “transferred-from” account number (an  account that has been transferred)."
}
,{
"fieldCode":"5041",
"fieldName":"FUNCTION CODE",
"fieldFormat":"1C",
"helpText":"This is the flag which indicates about that the listing of the record whether it will show the previous or next record of the given criteria.This is the scrolling feature. The values are:<br/>Space = First 20 items (Default)<br/>N = Next 20 items<br/>P = Previous 20 items."
}
,{
"fieldCode":"5042",
"fieldName":"STARTING PLAN SEQUENCE",
"fieldFormat":"3N",
"helpText":"This field identifies the starting plan sequence number associated with the list from which plan sequence the user wants to list the records."
}
,{
"fieldCode":"5043",
"fieldName":"PLAN LEVEL REQUIRED",
"fieldFormat":"2N",
"helpText":"This field identifies the number of plan level details to provide on the output return in the user’s desired list."
}
,{
"fieldCode":"5036",
"fieldName":"PARTIAL SETTLEMENT AMT-1",
"fieldFormat":"",
"helpText":""
}
,{
"fieldCode":"5037",
"fieldName":"PES RC-1",
"fieldFormat":"",
"helpText":""
}
,{
"fieldCode":"5022",
"fieldName":"PLAN NUMBER",
"fieldFormat":"5N",
"helpText":"Identification number of the Credit Plan Master record associated with the credit plan segment. This plan number and the record number together identify each credit plan on an account."
}
,{
"fieldCode":"5045",
"fieldName":"CURR CODE",
"fieldFormat":"3N",
"helpText":"Two-part field that indicates the ISO currency code for the accounts assigned to this logo and a currency indicator that indicates whether the currency is the local or foreign currency. The first part of this field is the ISO currency code. The value displayed in this field is set in the Organization record (CURRENCY CODE on ARMO01). You cannot change this value <br/>at the logo level.<br/>The second part of this field is a code that indicates whether the ISO currency code identifies the local or foreign currency for the logo. The value displayed in this field is set on the Organization record (CURR IND on ARMO01). You cannot change this value at the logo level. The values are:<br/>0 = Local (Default)<br/>1 = Foreign."
}
,{
"fieldCode":"5023",
"fieldName":"PLAN RECORD NUMBER",
"fieldFormat":"3N",
"helpText":"Record number (also called sequence number) that identifies each credit plan segment on an account."
}
,{
"fieldCode":"5024",
"fieldName":"TYPE",
"fieldFormat":"1C",
"helpText":"Code that identifies the type of credit plan on the account. The values are:<br/>C = Cash credit plan<br/>L = Loan credit plan<br/>R = Retail credit plan."
}
,{
"fieldCode":"5025",
"fieldName":"QUOTE 1",
"fieldFormat":"1C",
"helpText":"Code that identifies the type of settlement quote currently stored for each plan.<br/>The values are:<br/>Blank = No settlement quote on file<br/>C = Canceled quote<br/>P = Settlement quote with penalties for interest, insurance, user-defined fees and termination fee calculated online<br/>S = Settlement quote that CMS calculated during the previous CMS daily run in batch processing<br/>W = Settlement quote waiving penalties for interest, insurance, user defined fees and termination fee calculated online<br/>X = Online quote with penalties settled by a payment (previously a P)<br/>Y = Online quote waiving penalties settled by a payment (previously a W)<br/>Z = Batch quote settled by a payment (previously an S)."
}
,{
"fieldCode":"5026",
"fieldName":"QUOTE 2",
"fieldFormat":"1C",
"helpText":"Code that identifies the type of settlement quote currently stored for each plan. <br/>The values are:<br/>Blank = No settlement quote on file<br/>C = Canceled quote<br/>P = Settlement quote with penalties for interest, insurance, user-defined fees and termination fee calculated online<br/>S = Settlement quote that CMS calculated during the previous CMS daily run in batch processing<br/>W = Settlement quote waiving penalties for interest, insurance, user defined fees and termination fee calculated online<br/>X = Online quote with penalties settled by a payment (previously a P)<br/>Y = Online quote waiving penalties settled by a payment (previously a W)<br/>Z = Batch quote settled by a payment (previously an S)"
}
,{
"fieldCode":"5027",
"fieldName":"PAYOFF BY 1",
"fieldFormat":"8N",
"helpText":"Date to pay off the first settlement quote for the credit plan. The first settlement quote is displayed on ARVV03 under the PAY OFF BY field that contains this date.<br/>If SELECT QUOTE DATE is 1 on ARML04, this field is open for maintenance by the user to indicate the user-specified quote <br/>date. The value entered in this field must be within the range of <br/>dates from the current processing date to 60 days (calendar <br/>days) greater than the current processing date."
}
,{
"fieldCode":"5028",
"fieldName":"PAYOFF BY 2",
"fieldFormat":"8N",
"helpText":"Date to pay off the second settlement quote for the credit plan. The second settlement quote is displayed on ARVV03 under the PAY OFF BY field that contains this date."
}
,{
"fieldCode":"5029",
"fieldName":"DATE OPENED",
"fieldFormat":"8N",
"helpText":"Date on which the Credit Plan Segment record was added to the account. This field defaults from the DATE ADDED field on ARMA11."
}
,{
"fieldCode":"5030",
"fieldName":"PLAN DESCRIPTION",
"fieldFormat":"30C",
"helpText":"Description of the credit plan."
}
,{
"fieldCode":"5031",
"fieldName":"PLAN BALANCE",
"fieldFormat":"15N 2D",
"helpText":"This is the current balance of the plan or the total account balance."
}
,{
"fieldCode":"5032",
"fieldName":"PLAN PAYMENT DUE",
"fieldFormat":"1N",
"helpText":"This is the Payment amount that settles the plan if paid on or before the PAYOFF DATE.<br/>Under ‘More’ button, we have the following buttons:<br/>‘Account Inquiry’ button will navigate to ‘Account Details->01-Account Base Segment’ service.<br/>Use the ‘ACCEPT’ field to select a value and use ‘Accept Cancel Quote’ button to accept or cancel a settlement quotation."
}
,{
"fieldCode":"5033",
"fieldName":"PARTIAL SETTLEMENT AMT",
"fieldFormat":"",
"helpText":""
}
,{
"fieldCode":"5034",
"fieldName":"PES RC",
"fieldFormat":"",
"helpText":""
}
,{
"fieldCode":"5035",
"fieldName":"PES QUOTE TYPE",
"fieldFormat":"",
"helpText":""
}
]},"sections": {
"section0":""
,
"section1":"Payoff Quotation ARVV"
}}
