{"data":{
"section0":[
],"section1":[
{
"fieldCode":"4001",
"fieldName":"BUSINESS UNIT",
"fieldFormat":"3N",
"helpText":"Identification number of the business unit associated with this Credit Plan Master record. The values are 001-998."
}
,{
"fieldCode":"4002",
"fieldName":"PLAN NUMBER",
"fieldFormat":"5N",
"helpText":"Identification number of the Credit Plan Master record. The values are 00001-99998. You can establish as many as 99,998 Credit Plan Master Records for each business unit."
}
,{
"fieldCode":"5001",
"fieldName":"BUSINESS UNIT",
"fieldFormat":"3N",
"helpText":"Identification number of the business unit associated with this Credit Plan Master record. The values are 001-998."
}
,{
"fieldCode":"5003",
"fieldName":"REPAYMENT MAXIMUM BALANCE",
"fieldFormat":"",
"helpText":""
}
,{
"fieldCode":"5004",
"fieldName":"PAYMENT AMOUNT",
"fieldFormat":"15N/2D",
"helpText":"This field indicates the total amount of payment transactions posted during each billing cycle."
}
,{
"fieldCode":"5005",
"fieldName":"PAYMENT PERCENTAGE",
"fieldFormat":"",
"helpText":""
}
,{
"fieldCode":"5006",
"fieldName":"AMOUNT/PERCENTAGE FLAG",
"fieldFormat":"",
"helpText":""
}
]},"sections": {
"section0":""
,
"section1":"Repayment Table"
}}
