{"data":{
"section0":[
],"section1":[
{
"fieldCode":"4001",
"fieldName":"BUSINESS UNIT",
"fieldFormat":"3N",
"helpText":"Identification number of the business unit associated with the account. The values are 001-998."
}
,{
"fieldCode":"4002",
"fieldName":"ACCOUNT/REL NUMBER",
"fieldFormat":"19C",
"helpText":"It identifies the account number or relationship number for which you want to display outstanding authorizations (memo-posted transactions)."
}
,{
"fieldCode":"4003",
"fieldName":"SELECTION",
"fieldFormat":"1C",
"helpText":"This field is a code that indicates the type of number. The values are:<br/>A = Account number<br/>R = Relationship number."
}
],"section2":[
],"section3":[
{
"fieldCode":"5001",
"fieldName":"LABEL",
"fieldFormat":"12C",
"helpText":"It displays the identification of the account number including new account, old account or the account number. This field displays the new account or old account only when the number you entered in the field ACCOUNT/RELATIONSHIP NUMBER on Authorization Reversal->01-Authorization Reversal page is both a transferred card scheme 3 card number and the old transferred-from account number (an account that has been transferred)."
}
,{
"fieldCode":"5002",
"fieldName":"ACCOUNT NUMBER",
"fieldFormat":"19C",
"helpText":"Identification number of each subordinate account in the relationship."
}
,{
"fieldCode":"5007",
"fieldName":"SHORT NAME",
"fieldFormat":"20C",
"helpText":"Short name of the account holder used for report sorting purposes."
}
,{
"fieldCode":"5008",
"fieldName":"CURRENT BALANCE",
"fieldFormat":"15N/2D",
"helpText":"Current balance of the account."
}
,{
"fieldCode":"5010",
"fieldName":"RELATIONSHIP NUMBER",
"fieldFormat":"19C",
"helpText":"Identification number of the relationship containing the subordinate account for which you want to display or reverse outstanding authorizations (memo-posted transactions)."
}
,{
"fieldCode":"5012",
"fieldName":"RELATIONSHIP NAME",
"fieldFormat":"26C",
"helpText":"It displays the relationship name associated with the relationship number."
}
,{
"fieldCode":"5013",
"fieldName":"TOTAL # ACCOUNT",
"fieldFormat":"4N",
"helpText":"This field identifies the number of subordinate accounts. This number includes all subordinate accounts that are not in a purge-pending status."
}
]},"sections": {
"section0":""
,
"section1":"Authorization Reversal ARRO"
,
"section2":"01-Subordinate Account Details"
,
"section3":"ACCOUNT SELECTION:"
}}
