{"data":{
"section0":[
],"section1":[
{
"fieldCode":"",
"fieldName":"BUSINESS UNIT",
"fieldFormat":"3N",
"helpText":"Identification number of the business unit associated with the account. The values are 001–998."
}
,{
"fieldCode":"",
"fieldName":"PRODUCT",
"fieldFormat":"3N",
"helpText":"Identification number of the product associated with the account. The values are 001–998"
}
,{
"fieldCode":"",
"fieldName":"ACCOUNT /RELATIONSHIP",
"fieldFormat":"19C/1C",
"helpText":"Two-part field that identifies the account number or relationship number for which you want to display outstanding authorizations (memo-posted transactions). The first part of this field is the account number or relationship number. The second part of this field is a code that indicates the type of number. The values are:<br/>A = Account number<br/>R = Relationship number."
}
],"section2":[
{
"fieldCode":"",
"fieldName":"EFF TIME",
"fieldFormat":"8N",
"helpText":"Effective time of the outstanding authorization (memo-posted transaction)."
}
,{
"fieldCode":"",
"fieldName":"ACCONT NUMBER",
"fieldFormat":"19C",
"helpText":"Identification number of account number associated with the relationship."
}
],"section3":[
],"section4":[
{
"fieldCode":"",
"fieldName":"AMOUNT",
"fieldFormat":"9N/2D",
"helpText":"Amount of the authorization (memo-posted transaction)."
}
,{
"fieldCode":"",
"fieldName":"TXN CODE",
"fieldFormat":"4N",
"helpText":"Transaction code associated with the authorization (memo posted transaction)."
}
,{
"fieldCode":"",
"fieldName":"CREDIT PLAN",
"fieldFormat":"5N",
"helpText":"Number that identifies the Credit Plan Master record for the credit plan to which the authorization was posted."
}
,{
"fieldCode":"",
"fieldName":"REFERENCE",
"fieldFormat":"36C",
"helpText":"Reference number assigned to the outstanding authorization (memo-posted transaction)."
}
,{
"fieldCode":"",
"fieldName":"DESC",
"fieldFormat":"40C",
"helpText":"Description of the outstanding authorization (memo-posted transaction)."
}
,{
"fieldCode":"",
"fieldName":"AUTH CODE",
"fieldFormat":"6C",
"helpText":"Authorization code assigned to the transaction."
}
],"section5":[
{
"fieldCode":"",
"fieldName":"TIME",
"fieldFormat":"8N",
"helpText":"Effective time of the outstanding authorization (memo-posted transaction)."
}
]},"sections": {
"section0":""
,
"section1":"AUTH REVERSAL TRANSACTION SELECT"
,
"section2":"EFF DATE"
,
"section3":"EFFECTIVE DATE"
,
"section4":"POST DATE"
,
"section5":"DATE"
}}
