{"data":{
"section0":[
],"section1":[
{
"fieldCode":"",
"fieldName":"BUSINESS UNIT",
"fieldFormat":"3N",
"helpText":"Identification number of the business unit associated with the account. The values are 001–998."
}
,{
"fieldCode":"",
"fieldName":"ACCOUNT /RELATIONSHIP",
"fieldFormat":"19C/1C",
"helpText":"Two-part field that identifies the account number or relationship number for which you want to display outstanding authorizations (memo-posted transactions). The first part of this field is the account number or relationship number. The second part of this field is a code that indicates the type of number. The values are:<br/>A = Account number<br/>R = Relationship number."
}
,{
"fieldCode":"",
"fieldName":"PRODUCT",
"fieldFormat":"3N",
"helpText":"Identification number of the product associated with the account. The values are 001–998"
}
],"section2":[
{
"fieldCode":"",
"fieldName":"TIME",
"fieldFormat":"8N",
"helpText":"Effective time of the outstanding authorization (memo-posted transaction)."
}
],"section3":[
{
"fieldCode":"",
"fieldName":"ACCOUNT NUMBER",
"fieldFormat":"19C",
"helpText":"Identification number of account number associated with the relationship."
}
,{
"fieldCode":"",
"fieldName":"MESSAGE",
"fieldFormat":"19C",
"helpText":"It is used to display the messages to the user."
}
],"section4":[
],"section5":[
{
"fieldCode":"",
"fieldName":"AMOUNT",
"fieldFormat":"9N/2D",
"helpText":"Amount of the authorization (memo-posted transaction)."
}
,{
"fieldCode":"",
"fieldName":"TXN CODE",
"fieldFormat":"4N",
"helpText":"Transaction code associated with the authorization (memo posted transaction)."
}
,{
"fieldCode":"",
"fieldName":"CREDIT PLAN",
"fieldFormat":"5N",
"helpText":"Number that identifies the Credit Plan Master record for the credit plan to which the authorization was posted."
}
,{
"fieldCode":"",
"fieldName":"REFERENCE",
"fieldFormat":"36C",
"helpText":"Reference number assigned to the outstanding authorization (memo-posted transaction)."
}
,{
"fieldCode":"",
"fieldName":"DESC",
"fieldFormat":"40C",
"helpText":"Description of the outstanding authorization (memo-posted transaction)."
}
,{
"fieldCode":"",
"fieldName":"AUTH CODE",
"fieldFormat":"6C",
"helpText":"Authorization code assigned to the transaction."
}
,{
"fieldCode":"",
"fieldName":"SEQ NUMBER",
"fieldFormat":"2N",
"helpText":"Sequence number (also called a reference number) that identifies the credit plan on the account to which the transaction was posted."
}
,{
"fieldCode":"",
"fieldName":"STORE NUMBER",
"fieldFormat":"9N",
"helpText":"Store identification number where the transaction originated."
}
,{
"fieldCode":"",
"fieldName":"STOCK KEEPING UNIT",
"fieldFormat":"9N",
"helpText":"Stock keeping unit (SKU) number associated with the transaction."
}
,{
"fieldCode":"",
"fieldName":"GLS CODE",
"fieldFormat":"1N",
"helpText":"General ledger source code assigned by the Merge Report program to identify the source of the transaction. The values are:<br/>0 = Local input (online)<br/>1 = System-generated (for example, finance <br/>charges)<br/>2 = User input<br/>3 = ASM transaction<br/>4–6 = User input<br/>7 = Warehouse<br/>8 = Reject reentry<br/>9 = Transfer history."
}
,{
"fieldCode":"",
"fieldName":"SALESCLERK",
"fieldFormat":"12C",
"helpText":"Code that identifies the salesclerk associated with the transaction. This field displays only for retail/revolving accounts, not bankcard accounts."
}
,{
"fieldCode":"",
"fieldName":"MS",
"fieldFormat":"1C",
"helpText":"Transfer reversal flag if the transaction has been transferred (values T, R, and D only), or the source of the memo-posted transaction (all values except T, R, and D). The values are:<br/>A = ASM or AMEX interface<br/>B = Batch authorization file<br/>D = Deleted transaction or MDS interface<br/>E = MasterCard Europe network<br/>H = Host system<br/>J = JCB interface<br/>P = Point-of-sale (POS) interface<br/>M = MasterCard network <br/>R = Reversed transfer<br/>S = SMS interface<br/>T = Transferred<br/>U = User input<br/>V = Visa network."
}
,{
"fieldCode":"",
"fieldName":"TICKET NUMBER",
"fieldFormat":"15C",
"helpText":"Invoice or ticket number associated with the transaction. This field applies to open item billing accounts."
}
,{
"fieldCode":"",
"fieldName":"P/O NUMBER",
"fieldFormat":"16C",
"helpText":"Purchase order number associated with the transaction. This field applies to open item billing accounts."
}
,{
"fieldCode":"",
"fieldName":"RESOLUTION REF NUM",
"fieldFormat":"14N",
"helpText":"Resolution reference number generated by the Posting run (ARD140) for credits received for open item billing accounts. This number is generated as follows:<br/>Position Value<br/>1–4 Posting date of transaction (month and day)<br/>5–9 Batch number in which the credit was processed<br/>10–14 Item number assigned by CMS to all open items processed to the Open Item file (AMOI)."
}
,{
"fieldCode":"",
"fieldName":"ITEM NUM",
"fieldFormat":"5N",
"helpText":"System-generated number assigned to all debit transactions. This number assists in identifying the item when no invoice or purchase order number is available."
}
,{
"fieldCode":"",
"fieldName":"MERCHANT BUSINESS UNIT",
"fieldFormat":"3N",
"helpText":"Business unit number for the merchant where frequent shopper points were awarded."
}
,{
"fieldCode":"",
"fieldName":"MERCHANT NUMBER",
"fieldFormat":"9N",
"helpText":"Merchant number where frequent shopper points were awarded."
}
,{
"fieldCode":"",
"fieldName":"CATEGORY CODE",
"fieldFormat":"4N",
"helpText":"ISO standard category code of the merchant where frequent shopper points were awarded."
}
,{
"fieldCode":"",
"fieldName":"CARD NUMBER",
"fieldFormat":"19C",
"helpText":"This field that indicates the card number that identifies the Embosser record of the card that initiated the transaction."
}
,{
"fieldCode":"",
"fieldName":"CARD SEQUENCE NUMBER",
"fieldFormat":"4N",
"helpText":"This field that indicates the card sequence number that identifies the Embosser record of the card that initiated the transaction."
}
,{
"fieldCode":"",
"fieldName":"INSURANCE CODE",
"fieldFormat":"2C",
"helpText":"Code that identifies the insurance product for which the insurance premium was generated."
}
,{
"fieldCode":"",
"fieldName":"FS POINTS",
"fieldFormat":"9N",
"helpText":"This field is the number of frequent shopper points earned. This field reflects a number of points only if the transaction has passed through all of the qualification criteria for the frequent shopper program."
}
,{
"fieldCode":"",
"fieldName":"FS PROGRAM NUMBER",
"fieldFormat":"1N",
"helpText":"This field is the frequent shopper program number for which the transaction qualified. The values are 1–5."
}
,{
"fieldCode":"",
"fieldName":"DEPT CODE",
"fieldFormat":"4C",
"helpText":"Department code assigned to the outstanding authorization (memo-posted transaction)."
}
,{
"fieldCode":"",
"fieldName":"DEPT DAYS",
"fieldFormat":"3N",
"helpText":"Number of days the authorization remains on file. For the payment hold functionality, this field indicates the number of days the payment associated with the authorization remains on hold. The values are 000–999.<br/>Note: The value for this field defaults from the AMOA record (AMOA DAYS-ON-FILE)."
}
,{
"fieldCode":"",
"fieldName":"AUTH SOURCE",
"fieldFormat":"1C",
"helpText":"Source of the authorization. The values are:<br/>A = Received from AMEX interface<br/>B = Received from batch authorization file<br/>D = Received from MasterCard MDS network<br/>E = Received from Europay network<br/>H = Received from the center’s host<br/>J = Received from JCB interface<br/>M = Received from MasterCard network<br/>P = Received from point-of-sale interface<br/>R = Received as a result of a prepaid reload funding transaction associated with logic module 605 or 62<br/>S = Received from Visa SMS network<br/>U = Authorization is on the AMOA file due to hold on the open-to-buy (OTB) for the associated payment posted to the account<br/>V = Received from VisaNet network."
}
]},"sections": {
"section0":""
,
"section1":"AUTHORIZATION REVERSAL"
,
"section2":"DATE"
,
"section3":"SERVICE MODE"
,
"section4":"EFFECTIVE DATE"
,
"section5":"POST DATE"
}}
