{"data":{
"section0":[
],"section1":[
{
"fieldCode":"",
"fieldName":"BUSINESS UNIT",
"fieldFormat":"3N",
"helpText":"Identification number of the business unit associated with this account taken from home page."
}
,{
"fieldCode":"",
"fieldName":"ACCOUNT NUMBER",
"fieldFormat":"19C",
"helpText":"Identification number of the account taken from the home page."
}
,{
"fieldCode":"",
"fieldName":"PRODUCT",
"fieldFormat":"3N",
"helpText":"Logo number to which the account is assigned. The values are 000-998."
}
],"section2":[
],"section3":[
{
"fieldCode":"",
"fieldName":"BUSINESS UNIT",
"fieldFormat":"3N",
"helpText":"Identification number of the business unit associated with this account taken from home page."
}
,{
"fieldCode":"",
"fieldName":"PRODUCT",
"fieldFormat":"3N",
"helpText":"Logo number to which the account is assigned. The values are 000-998."
}
,{
"fieldCode":"",
"fieldName":"ACCOUNT NUMBER",
"fieldFormat":"19C",
"helpText":"Identification number of the account taken from the home page."
}
],"section4":[
],"section5":[
],"section6":[
],"section7":[
],"section8":[
],"section9":[
],"section10":[
],"section11":[
],"section12":[
],"section13":[
],"section14":[
],"section15":[
],"section16":[
],"section17":[
],"section18":[
],"section19":[
],"section20":[
],"section21":[
]},"sections": {
"section0":""
,
"section1":"Loan Installment Detail"
,
"section2":"STMT DATE"
,
"section3":"ERROR MESSAGE"
,
"section4":"STATEMENT DATE"
,
"section5":"LAST STATEMENT DATE"
,
"section6":"CURRENT BALANCE"
,
"section7":"LAST PAYMENT DATE"
,
"section8":"AMOUNT DUE"
,
"section9":"CTD PAYMENTS"
,
"section10":"STATEMENT NUMBER"
,
"section11":"PAST DUE"
,
"section12":"CURRENT DUE"
,
"section13":"TOTAL DUE"
,
"section14":"CASH ADVANCE"
,
"section15":"PURCHASE"
,
"section16":"CASH ADVANCE FEE"
,
"section17":"PURCHASE FEE"
,
"section18":"INST"
,
"section19":"PAYMENT AMOUNT DUE"
,
"section20":"DUE DATE"
,
"section21":"PAID AMOUNT"
}}
