{"data":{
"section0":[
],"section1":[
{
"fieldCode":"0101",
"fieldName":"SECURITY SIGNON",
"fieldFormat":"20C",
"helpText":"Users sign-on in security system."
}
,{
"fieldCode":"0102",
"fieldName":"SIGNON NAME",
"fieldFormat":"20C",
"helpText":"Users sign-on name."
}
,{
"fieldCode":"4003",
"fieldName":"CARD NUMBER",
"fieldFormat":"19C",
"helpText":"Number that is embossed on the plastic card. Enter a value in this field only if the card number is different from the post-to account number (CRD# SCM on ARMB01 is 3).<br/>Note: If you enter a card number that is different from the post-to account number, you cannot enter a number already assigned to an existing Relationship record or Account Base Segment record. If you enter a number already in use, CMS displays an error message. To locate an existing Embosser record in maintenance mode (ARME00), enter only the post-to account number or enter both the card number and record number, but do not enter all three numbers. If you enter a valid card number and record number on ARME00, CMS displays ARME02 for that Embosser record and skips ARME01. During the add mode, (ARAE00), you can enter a slash ( / ) in the left-most position of the CARD NUMBER field. CMS generates a new card number using the Base Segment Account Number/Embossing Number Generation table defined in the Logo record (ARML16)."
}
,{
"fieldCode":"4004",
"fieldName":"CARD SEQUENCE NUMBER",
"fieldFormat":"4N",
"helpText":"Identification number assigned to an Embosser record to distinguish between multiple cards issued with the same card number."
}
,{
"fieldCode":"4005",
"fieldName":"PROCESS TYPE",
"fieldFormat":"1C/10C",
"helpText":"Two-part field that indicates whether CMS processes card actions during the nightly batch processing cycle or in the same-day embossing processing cycle and the status of the same-day plastics request. The first part of the field indicates whether CMS processes card actions during the nightly batch processing cycle or in the same-day embossing processing cycle. The values are:<br/>Space = No same-day plastic request in process. CMS uses this value when the ACTION field on ARML06 is set to 0. (Default)<br/>0 = Process the card action during the nightly batch processing. CMS displays this value when:<br/>Card action is processed during the nightly batch processing cycle<br/>Same-day plastic request is processed and completed<br/>Same-day plastic request is processed and failed<br/>Same-day plastic request is processed and removed.<br/>1 = Process the card action as a same-day plastic request. CMS displays this value when:<br/>Same-day plastic request has not yet processed.<br/>This field can be 1 only when the SAME DAY EMB field on ARML06 is 1 and the card action entered in the ACTION field on the screen is 1, 3, or 6. The second part of the field displays the status of the same-day plastic request. The values are:<br/>No request<br/>Batch Req<br/>Pending<br/>Overrun<br/>Completed<br/>Failed<br/>Removed."
}
,{
"fieldCode":"4006",
"fieldName":"CARD ACTION",
"fieldFormat":"1N",
"helpText":"Card issue action code that determines the action CMS performs during the next run of the Card Issue program (ARU200). The values are:<br/>0 = No action. No cards requested. (Default for ARME)<br/>1 = Issue new card(s). If applicable, also issue a PIN mailer. The # CARDS REQ field indicates the number of new cards to issue. (Default for ARAE).<br/>2 = Issue additional card(s). The # CARDS REQ field indicates the number of additional cards to issue. Value 2 is not valid for smart cards.<br/>3 = Issue replacement card(s). The # CARDS REQ field indicates the number of replacement cards to issue. If no value is entered in # CARD REQ, CMS uses the CARDS: OUTSTANDING value.<br/>4 = Returned cards. The CARDS: RETURNED field indicates the number of cards to cancel.<br/>5 = Produce a new PIN mailer.<br/>6 = Issue emergency replacement card(s). Use this value if a card is lost or stolen and the replacement card is to be embossed and mailed within 24 hours. The # CARD REQ field indicates the number of replacement cards to issue. If no value is entered in # CARD REQ, CMS uses the CARDS: OUTSTANDING value.<br/>7 = Reissue card. CMS automatically sets this system-generated value after running the Reissue Preview program (ARU290).<br/>8 = Reissue card with different card numbering scheme (CNS). This system-generated value indicates that CMS will reissue the card and update the card numbering scheme of the account (CRD# SCM on ARMB01) from 1 (duplicate card numbers with unique record numbers) to 3 (unique card numbers).<br/>9 = Card technology reissue. This system generated value applies only to Embosser records in the local organization; this value does not appear on an Embosser record in a foreign organization.<br/>Note: The ACTION field is closed to input when the Embosser record status is F (fraud). The ACTION field is closed for input during the maintenance mode (ARME) when the SDP cycle is in progress and the PROCESS TYPE field on ARME02 is set to 1. The ACTION field must be 0 (no action) or 1 (new card) when adding a new Embosser record. When adding or maintaining a smart card embosser, if the ACTION value is changed to 0, CMS automatically changes the value in the # CARD REQ field to 00 and generates a log record. When adding or maintaining an Embosser record, you cannot entera value greater than 1 in the ACTION field if the DATE LAST PLASTIC ISSUED is equal to zeros. During maintenance, however, when the DATE LAST PLASTIC ISSUED field is greater than 0, values 0, 2, 3, 4, 5, 6, and 7 (TRIAD only) are allowed in the ACTION field. When ACTION is 4, the following rules apply:<br/>CMS decrements the value in the CARDS: OUTSTANDING field by the number entered in the CARDS: RETURNED field during batch processing<br/>The value in the CARDS: RETURNED field must be greater than zero and less than or equal to the value in the CARDS: OUTSTANDING field<br/>The # CARD REQ must be zeros<br/>Accounts with an ACTION value of 4 can be transferred.<br/>When ACTION is 3, 6, or 7, the # CARD REQ must be greater than zero and less than or equal to the CARDS: OUSTANDING value. For smart card accounts, CMS automatically sets the # CARD REQ value to 1 if ACTION is 3, 6, or 7. When ACTION is 5, CMS accepts only zeros in the CARDS: OUTSTANDING, CARDS: RETURNED, and the # CARD REQ fields. The ACTION field can be 5 for a mobile payment instrument (PI) only if the PIN MAILER field on ARML38 is 1 (mobile PI PIN mailers are supported). You cannot enter values 7, 8, or 9; they are system-generated only."
}
,{
"fieldCode":"4001",
"fieldName":"BUSINESS UNIT",
"fieldFormat":"3N",
"helpText":"Identification number of the organization associated with the Embosser record. The values are 001�998."
}
,{
"fieldCode":"4002",
"fieldName":"PRODUCT",
"fieldFormat":"3N",
"helpText":"Identification number of the product associated with this account."
}
,{
"fieldCode":"4007",
"fieldName":"SYSTEM DATE",
"fieldFormat":"8N",
"helpText":"This field displays the system date."
}
,{
"fieldCode":"4008",
"fieldName":"SYSTEM TIME",
"fieldFormat":"6N",
"helpText":"This field displays the system time."
}
]},"sections": {
"section0":""
,
"section1":"Same Day Embossing Add Service"
}}
