{"data":{
"section0":[
],"section1":[
{
"fieldCode":"0101",
"fieldName":"SECURITY SIGNON",
"fieldFormat":"20C",
"helpText":"Users sign-on in security system."
}
,{
"fieldCode":"0102",
"fieldName":"SIGNON NAME",
"fieldFormat":"20C",
"helpText":"Users sign-on name."
}
,{
"fieldCode":"5001",
"fieldName":"BUSINESS UNIT",
"fieldFormat":"3N",
"helpText":"Number that identifies the business unit associated with the account. The values are 001-998."
}
,{
"fieldCode":"5002",
"fieldName":"ACCOUNT NUMBER",
"fieldFormat":"19N",
"helpText":"Identification number of the account."
}
,{
"fieldCode":"5003",
"fieldName":"PRODUCT",
"fieldFormat":"3N",
"helpText":"Number that identifies the product associated with the account. The values are 001-998."
}
,{
"fieldCode":"5005",
"fieldName":"NAME LINE 1",
"fieldFormat":"40C",
"helpText":"This field displays the NAME LINE 1 from Name And Address- >02-Owner Mailing Information of the account holder."
}
,{
"fieldCode":"5006",
"fieldName":"NAME LINE 2",
"fieldFormat":"40C",
"helpText":"This field displays the NAME LINE 2 from Name And Address- >02-Owner Mailing Information of the account holder."
}
,{
"fieldCode":"5007",
"fieldName":"HOUSE NAME",
"fieldFormat":"40C",
"helpText":"This field displays the NAME LINE 3 from Name And Address- >02-Owner Mailing Information of the account holder."
}
,{
"fieldCode":"5008",
"fieldName":"ADDRESS LINE 1",
"fieldFormat":"40C",
"helpText":"This field displays the ADDRESS LINE 1 from Name And Address- >02-Owner Mailing Information of the account holder."
}
,{
"fieldCode":"",
"fieldName":"ADDRESS LINE 2",
"fieldFormat":"40C",
"helpText":"This field displays the ADDRESS LINE 2 from Name And Address- >02-Owner Mailing Information of the account holder."
}
,{
"fieldCode":"5014",
"fieldName":"CITY",
"fieldFormat":"40C",
"helpText":"This field displays the CITY from Name And Address->02-Owner Mailing Information of the account holder."
}
,{
"fieldCode":"5009",
"fieldName":"REL NAME LINE 1",
"fieldFormat":"40C",
"helpText":"This field displays the NAME LINE 1 from Name And Address- >02-Owner Mailing Information of the account holder assigned to the primary account in a relationship. This fields value will be displayed only if a relationship number was entered on the Home page."
}
,{
"fieldCode":"5010",
"fieldName":"REL NAME LINE 2",
"fieldFormat":"40C",
"helpText":"This field displays the NAME LINE 2 from Name And Address- >02-Owner Mailing Information of the account holder assigned to the primary account in a relationship. This fields value will be displayed only if a relationship number was entered on the Home page."
}
,{
"fieldCode":"5011",
"fieldName":"REL HOUSE NAME",
"fieldFormat":"40C",
"helpText":"This field displays the NAME LINE 3 from Name And Address- >02-Owner Mailing Information of the account holder assigned to the primary account in a relationship. This fields value will be displayed only if a relationship number was entered on the Home page."
}
,{
"fieldCode":"5012",
"fieldName":"REL ADDRESS LINE 1",
"fieldFormat":"40C",
"helpText":"This field displays the ADDRESS LINE 1 from Name And Address- >02-Owner Mailing Information of the account holder assigned to the primary account in a relationship. This fields value will be displayed only if a relationship number was entered on the Home page."
}
,{
"fieldCode":"5016",
"fieldName":"REL ADDRESS LINE 2",
"fieldFormat":"40C",
"helpText":"This field displays the ADDRESS LINE 2 from Name And Address- >02-Owner Mailing Information of the account holder assigned to the primary account in a relationship. This fields value will be displayed only if a relationship number was entered on the Home page."
}
,{
"fieldCode":"5013",
"fieldName":"REL CITY",
"fieldFormat":"40C",
"helpText":"This field displays the CITY from Name And Address->02-Owner Mailing Information of the account holder assigned to the primary account in a relationship. This fields value will be displayed only if a relationship number was entered on the Home page."
}
,{
"fieldCode":"5004",
"fieldName":"STATEMENT DATE",
"fieldFormat":"",
"helpText":"This field is the date of the statements available to display. You cannot change the statement dates that are displayed."
}
]},"sections": {
"section0":""
,
"section1":"Statement Details"
}}
