{"data":{
"section0":[
],"section1":[
{
"fieldCode":"",
"fieldName":"BUSINESS UNIT",
"fieldFormat":"3N",
"helpText":"Identification number of the business unit associated with this account taken from home page."
}
,{
"fieldCode":"",
"fieldName":"ACCOUNT",
"fieldFormat":"19C",
"helpText":"Identification number of the account taken from the home page."
}
],"section2":[
],"section3":[
],"section4":[
],"section5":[
],"section6":[
],"section7":[
],"section8":[
],"section9":[
],"section10":[
]},"sections": {
"section0":""
,
"section1":"Installmnt Conversion STMT"
,
"section2":"RECORD"
,
"section3":"STATEMENT DATE"
,
"section4":"FUNCTION"
,
"section5":"PRINCIPAL"
,
"section6":"CNV LEVEL"
,
"section7":"SCV TRXN TYPE"
,
"section8":"SEQUENCE NUMBER"
,
"section9":"STATEMENT RECORD"
,
"section10":"PLAN REC NUMBER"
}}
