{"data":{
"section0":[
],"section1":[
{
"fieldCode":"0101",
"fieldName":"SECURITY SIGNON",
"fieldFormat":"20C",
"helpText":"Users sign-on in security system."
}
,{
"fieldCode":"0102",
"fieldName":"SIGNON NAME",
"fieldFormat":"20C",
"helpText":"Users sign-on name."
}
,{
"fieldCode":"5001",
"fieldName":"BUSINESS UNIT",
"fieldFormat":"3N",
"helpText":"Identification number of the business unit associated with the account. The values are 001-998."
}
,{
"fieldCode":"4003",
"fieldName":"SELECTION",
"fieldFormat":"1C",
"helpText":"This field indicates the type of number. The values are:<br/>A = Account number<br/>R = Relationship number."
}
,{
"fieldCode":"0103",
"fieldName":"SERVICE RETURN CODE",
"fieldFormat":"",
"helpText":""
}
,{
"fieldCode":"5009",
"fieldName":"SUBORDINATE ACCOUNTS",
"fieldFormat":"4N",
"helpText":"Field that identifies the number of subordinate accounts. This number includes all subordinate accounts that are not in a purge-pending status."
}
,{
"fieldCode":"5002",
"fieldName":"ACCOUNT/RELATIONSHIP NUMBER",
"fieldFormat":"19N",
"helpText":"This field identifies the account number or relationship number for which you want to display statement history."
}
,{
"fieldCode":"5003",
"fieldName":"ACCOUNT DESCRIPTION",
"fieldFormat":"12C",
"helpText":"This field indicates the type of account if its a Transferred account  or Active Account."
}
,{
"fieldCode":"5004",
"fieldName":"ACCOUNT NUMBER",
"fieldFormat":"19N",
"helpText":"Appears 13 times. Identification number of each subordinate account in the relationship. A letter P after the account number indicates that the account is the primary account within the relationship."
}
,{
"fieldCode":"5005",
"fieldName":"PAGE NUMBER",
"fieldFormat":"",
"helpText":"Code that identifies the type of transaction. The values are:<br/>Cycle-to-date Transaction<br/>Memo-posted Transaction<br/>Warehoused Transaction<br/>Disputed item transactions."
}
,{
"fieldCode":"5041",
"fieldName":"LOGO",
"fieldFormat":"3N",
"helpText":"Number that identifies the logo associated with the account. The values are 001�998. The logo number displays at the top of the remaining ARSD screens."
}
,{
"fieldCode":"5007",
"fieldName":"SHORT NAME",
"fieldFormat":"20C",
"helpText":"Appears 13 times. Short name of the account holder used for report sorting purposes."
}
,{
"fieldCode":"5008",
"fieldName":"CURRENT BALANCE",
"fieldFormat":"15N/2D",
"helpText":"Appears 13 times. Current balance of the account."
}
,{
"fieldCode":"5042",
"fieldName":"MESSAGE INFO",
"fieldFormat":"70C",
"helpText":"This field displays the informational message."
}
,{
"fieldCode":"5010",
"fieldName":"RELATIONSHIP NUMBER",
"fieldFormat":"19C",
"helpText":"Identification number of the Relationship record."
}
,{
"fieldCode":"5011",
"fieldName":"STATEMENT DATE",
"fieldFormat":"",
"helpText":"Date of the last statement generated for this relationship."
}
,{
"fieldCode":"5012",
"fieldName":"RELATIONSHIP NAME",
"fieldFormat":"26C",
"helpText":"Name or description of the relationship on the Relationship record (RELATIONSHIP NAME on Relationship Details->01-Relationship Details)."
}
,{
"fieldCode":"5013",
"fieldName":"TOTAL # ACCOUNT",
"fieldFormat":"4N",
"helpText":"This field indicates the number of subordinate accounts in the relationship. This total does not include accounts with a to-be-purged status (INTERNAL STATUS on Account Details->01-Account Base Segment)."
}
,{
"fieldCode":"5025",
"fieldName":"TOTAL BALANCE",
"fieldFormat":"15N/2D",
"helpText":"This field indicates the total balance of subordinate accounts in the relationship. This total does not include accounts with a to-be-purged status (INTERNAL STATUS on Account Details->01-Account Base Segment)."
}
,{
"fieldCode":"5015",
"fieldName":"BILLING LEVEL",
"fieldFormat":"12C",
"helpText":"Message that indicates the billing level of the relationship, which is either the subordinate level or the relationship level."
}
,{
"fieldCode":"5016",
"fieldName":"TOTAL CREDIT LIMIT",
"fieldFormat":"15N/2D",
"helpText":"Credit limit in whole monetary units for the Relationship record, which includes all the subordinate accounts in the relationship."
}
,{
"fieldCode":"5017",
"fieldName":"CREDIT AVAILABLE",
"fieldFormat":"15N/2D",
"helpText":"Amount that has not yet been assigned."
}
,{
"fieldCode":"5018",
"fieldName":"NAME",
"fieldFormat":"40C",
"helpText":"Name of the account holder on the Customer Name/Address record associated with the primary account in the relationship (NAME LINE 1 on Name And Address->02-Owner Mailing Information)."
}
,{
"fieldCode":"5019",
"fieldName":"ADDRESS 1",
"fieldFormat":"40C",
"helpText":"Mailing address on the Customer Name/Address record associated with the primary account in the relationship (ADDRESS LINE 1 on Name And Address->02-Owner Mailing Information)."
}
,{
"fieldCode":"5020",
"fieldName":"ADDRESS 2",
"fieldFormat":"40C",
"helpText":"Mailing address on the Customer Name/Address record associated with the primary account in the relationship (ADDRESS LINE 2 on Name And Address->02-Owner Mailing Information)."
}
,{
"fieldCode":"5044",
"fieldName":"ADDRESS 3",
"fieldFormat":"40C",
"helpText":"Mailing address on the Customer Name/Address record associated with the primary account in the relationship (ADDRESS LINE 3 on Name And Address->02-Owner Mailing Information)."
}
,{
"fieldCode":"5021",
"fieldName":"CITY",
"fieldFormat":"30C",
"helpText":"City portion of the mailing address on the Customer Name/Address record associated with the primary account in the relationship (CITY on Name And Address->02-Owner Mailing Information)."
}
,{
"fieldCode":"5022",
"fieldName":"STATE",
"fieldFormat":"3C",
"helpText":"State or province portion of the mailing address on the Customer Name/Address record associated with the primary account in the relationship (STATE/PROVINCE on Name And Address->02-Owner Mailing Information)."
}
,{
"fieldCode":"5023",
"fieldName":"POSTAL CODE",
"fieldFormat":"10N",
"helpText":"Postal code portion of the mailing address on the Customer Name/Address record associated with the primary account in the relationship (POSTAL CODE on Name And Address->02-Owner Mailing Information)."
}
,{
"fieldCode":"5024",
"fieldName":"TOTAL # OF CONSOLIDATED ACCOUNTS",
"fieldFormat":"3N",
"helpText":"This field is the total number of the consolidated subordinate accounts within the relationship."
}
,{
"fieldCode":"5962",
"fieldName":"BALANCE",
"fieldFormat":"15N/2D",
"helpText":"This field is the balance amount of the consolidated subordinate accounts within the relationship."
}
,{
"fieldCode":"5014",
"fieldName":"BEGINING BALANCE",
"fieldFormat":"15N/2D",
"helpText":"Beginning balance of the relationship at the time of the statement. This amount is the sum of the beginning balances of the subordinate accounts in the relationship."
}
,{
"fieldCode":"5026",
"fieldName":"DEBITS",
"fieldFormat":"15N/2D",
"helpText":"Amount of debits for the relationship in monetary units and subunits. This amount is the sum of the debits for the subordinate accounts in the relationship."
}
,{
"fieldCode":"5027",
"fieldName":"CREDITS",
"fieldFormat":"15N/2D",
"helpText":"Amount of credits for the relationship in monetary units and subunits. This amount is the sum of the credits for the subordinate accounts in the relationship."
}
,{
"fieldCode":"5028",
"fieldName":"DEFERRED BILL",
"fieldFormat":"15N/2D",
"helpText":"Deferred billing balance of the relationship."
}
,{
"fieldCode":"5029",
"fieldName":"ENDING BALANCE",
"fieldFormat":"15N/2D",
"helpText":"Ending balance of the relationship at the time of the statement. This amount is the sum of the ending balances for the subordinate accounts in the relationship."
}
,{
"fieldCode":"5030",
"fieldName":"YTD LATE CHARGES",
"fieldFormat":"15N/2D",
"helpText":"Amount of late charges charged from the beginning of this calendar year to the current statement."
}
,{
"fieldCode":"5031",
"fieldName":"MEMO BILL CURR",
"fieldFormat":"17N",
"helpText":"Currency in which the customer prefers to be memo-billed."
}
,{
"fieldCode":"5032",
"fieldName":"CURRENT BALANCE",
"fieldFormat":"15N/2D",
"helpText":"Converted memo account current balance."
}
,{
"fieldCode":"5033",
"fieldName":"CURRENT PAYMENT DUE",
"fieldFormat":"15N/2D",
"helpText":"Current payment being requested by the relationship."
}
,{
"fieldCode":"5034",
"fieldName":"TOTAL PAST DUE",
"fieldFormat":"15N/2D",
"helpText":"Total amount past due for the relationship. This is the sum of all the consolidated subordinate account past due amounts."
}
,{
"fieldCode":"5035",
"fieldName":"TOTAL PAYMENT DUE",
"fieldFormat":"15N/2D",
"helpText":"Total payment amount due, including current and past due, which is a sum total of all the consolidated subordinate account total payment dues."
}
,{
"fieldCode":"5036",
"fieldName":"YTD INTEREST",
"fieldFormat":"15N/2D",
"helpText":"Amount of interest charged from the beginning of this calendar year to the current statement."
}
,{
"fieldCode":"5037",
"fieldName":"MINIMUM PAMYMENT DUE",
"fieldFormat":"15N/2D",
"helpText":"Converted memo account minimum balance."
}
,{
"fieldCode":"5038",
"fieldName":"CONVERSION RATE",
"fieldFormat":"17N",
"helpText":"Conversion rate used for memo-billing."
}
,{
"fieldCode":"5039",
"fieldName":"PAYMENT DUE DATE",
"fieldFormat":"",
"helpText":"Date the requested payment is due."
}
,{
"fieldCode":"",
"fieldName":"PRIN OVLM AMT",
"fieldFormat":"11N",
"helpText":"Field that indicates the total principal overlimit amount that has been adjusted to principal amount due during current cycle."
}
]},"sections": {
"section0":""
,
"section1":"Online Stmt Hist Display  ARSD"
}}
