{"data":{
"section0":[
],"section1":[
{
"fieldCode":"5001",
"fieldName":"BUSINESS UNIT",
"fieldFormat":"3N",
"helpText":"Number that identifies the business unit associated with the account. The values are 001-998."
}
,{
"fieldCode":"5193",
"fieldName":"ACCOUNT NUMBER",
"fieldFormat":"19N",
"helpText":"Identification number of the account."
}
,{
"fieldCode":"4204",
"fieldName":"TRAN NEXT TOKEN",
"fieldFormat":"",
"helpText":""
}
,{
"fieldCode":"4205",
"fieldName":"TRAN PREV TOKEN",
"fieldFormat":"",
"helpText":""
}
,{
"fieldCode":"4206",
"fieldName":"TABLE IND",
"fieldFormat":"",
"helpText":""
}
,{
"fieldCode":"4207",
"fieldName":"HIDDEN KEY",
"fieldFormat":"",
"helpText":""
}
,{
"fieldCode":"4208",
"fieldName":"PLAN NEXT TOKEN",
"fieldFormat":"",
"helpText":""
}
,{
"fieldCode":"4209",
"fieldName":"PLAN PREV TOKEN",
"fieldFormat":"",
"helpText":""
}
,{
"fieldCode":"4210",
"fieldName":"HIDDEN KEY PLAN",
"fieldFormat":"",
"helpText":""
}
,{
"fieldCode":"4215",
"fieldName":"TRAN NEXT TOKEN LAST",
"fieldFormat":"",
"helpText":""
}
,{
"fieldCode":"4216",
"fieldName":"TRAN PREV TOKEN LAST",
"fieldFormat":"",
"helpText":""
}
,{
"fieldCode":"4217",
"fieldName":"TT LAST FUNC",
"fieldFormat":"",
"helpText":""
}
,{
"fieldCode":"4218",
"fieldName":"PLAN NEXT TOKEN LAST",
"fieldFormat":"",
"helpText":""
}
,{
"fieldCode":"4219",
"fieldName":"PLAN PREV TOKEN LAST",
"fieldFormat":"",
"helpText":""
}
,{
"fieldCode":"4220",
"fieldName":"CP LAST FUNC",
"fieldFormat":"",
"helpText":""
}
,{
"fieldCode":"4285",
"fieldName":"CURRENCY INDICATOR",
"fieldFormat":"1N",
"helpText":"Code that indicates whether this is a local currency organization or a foreign currency organization. The values are:<br/>0 = Local currency organization (Default)<br/>1 = Foreign currency organization.<br/>This field displays on the screen only when dual currency is active at the system level (DUAL CURRENCY on ARMS02 is 1). <br/>This field is open for input only during add mode (ARAO); you cannot change the value in this field in maintenance mode (ARMO)."
}
,{
"fieldCode":"5195",
"fieldName":"FILE TYPE",
"fieldFormat":"",
"helpText":""
}
,{
"fieldCode":"5202",
"fieldName":"LOGO",
"fieldFormat":"3N",
"helpText":"The filed that displays the card logo"
}
,{
"fieldCode":"5080",
"fieldName":"STMT-IND",
"fieldFormat":"",
"helpText":""
}
,{
"fieldCode":"5002",
"fieldName":"PRODUCT",
"fieldFormat":"3N",
"helpText":"Number that identifies the product associated with the account. The values are 001-998."
}
,{
"fieldCode":"5003",
"fieldName":"ACCOUNT/RELATIONSHIP",
"fieldFormat":"19N",
"helpText":"Identification number of the account."
}
,{
"fieldCode":"5004",
"fieldName":"SHORT NAME",
"fieldFormat":"20C",
"helpText":"Short name of the cardholder."
}
,{
"fieldCode":"5005",
"fieldName":"BILLING CYCLE",
"fieldFormat":"2N",
"helpText":"Cycle code that indicates the day of the month that CMS performs cycle processing for the account. The values are 01-31."
}
,{
"fieldCode":"5006",
"fieldName":"RESIDENCE ID",
"fieldFormat":"3C",
"helpText":"Residence ID that identifies the state, province, or country where the account holder resides."
}
,{
"fieldCode":"5007",
"fieldName":"CUSTOMER NUMBER",
"fieldFormat":"19C",
"helpText":"Number that identifies the Customer Name/Address record of the account holder."
}
,{
"fieldCode":"5008",
"fieldName":"INTERNAL STATUS",
"fieldFormat":"1C",
"helpText":"Code that identifies the status of the account (RECORD STATUS on Account Details->01-Account Base Segment) at the time of the statement production."
}
,{
"fieldCode":"5009",
"fieldName":"STATEMENT FLAG",
"fieldFormat":"1C",
"helpText":"This is a statement flag that indicates the type of printed statements produced for the account. The values are:<br/>Blank = Normal statement<br/>C = Cycle statement<br/>H = Hold statement<br/>I = Interim statement<br/>O = Online only<br/>R = Returned statement<br/>S = Sign-out statement."
}
,{
"fieldCode":"5010",
"fieldName":"LIFE TO DATE COUNTER",
"fieldFormat":"4N",
"helpText":"This field is a life-to-date counter that indicates the number of paper statements produced for the account."
}
,{
"fieldCode":"5011",
"fieldName":"ALTERNATE CUSTOMER NUMBER",
"fieldFormat":"19C",
"helpText":"Alternate customer number (if applicable)."
}
,{
"fieldCode":"5012",
"fieldName":"CREDIT CLASS",
"fieldFormat":"2C",
"helpText":"This is a field that indicates the credit classification and performance index of the account. This field provides an indication of the customers payment performance. The first<br/>position of the field is the credit classification code. The values are:<br/>E = Established<br/>I = Intermediate<br/>M = Marginal<br/>N = New.<br/>The second position is the performance index. The values are numbers from 1 to 6, which further indicate payment performance."
}
,{
"fieldCode":"5013",
"fieldName":"BLOCK CODE 1",
"fieldFormat":"1C",
"helpText":"This field identifies block codes 1 assigned to this account. Valid block codes are A-Z and a blank (or space)."
}
,{
"fieldCode":"5014",
"fieldName":"BLOCK CODE 2",
"fieldFormat":"1C",
"helpText":"This field identifies block codes 2 assigned to this account. Valid block codes are A-Z and a blank (or space)."
}
,{
"fieldCode":"5015",
"fieldName":"RELATIONSHIP NUMBER",
"fieldFormat":"19C",
"helpText":"Relationship number to which the account is assigned, if the account is a subordinate account in a relationship."
}
,{
"fieldCode":"5016",
"fieldName":"EMPLOYEE CODE",
"fieldFormat":"2C",
"helpText":"User-defined employee code."
}
,{
"fieldCode":"5017",
"fieldName":"STORE ORG",
"fieldFormat":"3N",
"helpText":"This field is the business unit number of the store of original to which the account is assigned for reporting purposes."
}
,{
"fieldCode":"5018",
"fieldName":"STORE ID",
"fieldFormat":"9N",
"helpText":"This field is the identification number of the store to which the account is assigned for reporting purposes."
}
,{
"fieldCode":"5019",
"fieldName":"USER CODE 1",
"fieldFormat":"2C",
"helpText":"User codes currently assigned to the account. This field is blank if no user codes are assigned at the account level (USER CODES 1 on Account Details->09-User-defined Codes, Dates , Amounts)."
}
,{
"fieldCode":"5020",
"fieldName":"USER CODE 2",
"fieldFormat":"2C",
"helpText":"User codes currently assigned to the account. This field is blank if no user codes are assigned at the account level (USER CODES 2 on Account Details->09-User-defined Codes, Dates , Amounts)."
}
,{
"fieldCode":"5021",
"fieldName":"USER CODE 3",
"fieldFormat":"2C",
"helpText":"User codes currently assigned to the account. This field is blank if no user codes are assigned at the account level (USER CODES 3 on Account Details->09-User-defined Codes, Dates , Amounts)."
}
,{
"fieldCode":"5022",
"fieldName":"USER CODE 4",
"fieldFormat":"2C",
"helpText":"User codes currently assigned to the account. This field is blank if no user codes are assigned at the account level (USER CODES 4 on Account Details->09-User-defined Codes, Dates , Amounts)."
}
,{
"fieldCode":"5023",
"fieldName":"USER CODE 5",
"fieldFormat":"2C",
"helpText":"User codes currently assigned to the account. This field is blank if no user codes are assigned at the account level (USER CODES 5 on Account Details->09-User-defined Codes, Dates , Amounts)."
}
,{
"fieldCode":"5024",
"fieldName":"USER CODE 6",
"fieldFormat":"2C",
"helpText":"User codes currently assigned to the account. This field is blank if no user codes are assigned at the account level (USER CODES 6 on Account Details->09-User-defined Codes, Dates , Amounts)."
}
,{
"fieldCode":"5025",
"fieldName":"CORRES CUSTOMER NUMBER",
"fieldFormat":"19C",
"helpText":"Number that identifies the Customer Name/Address record that contains the correspondence customer address for statements and other correspondence."
}
,{
"fieldCode":"5081",
"fieldName":"MULTI-SCHEME",
"fieldFormat":"1N",
"helpText":"Reserved for future use."
}
,{
"fieldCode":"5082",
"fieldName":"ESTIMATE INTEREST",
"fieldFormat":"",
"helpText":""
}
,{
"fieldCode":"5026",
"fieldName":"CASH LIMIT",
"fieldFormat":"15N",
"helpText":"Total cash credit limit established for this account."
}
,{
"fieldCode":"5027",
"fieldName":"F/S BEGINNING BALANCE",
"fieldFormat":"14N",
"helpText":"Number of frequent shopper points accrued at the beginning of this cycle."
}
,{
"fieldCode":"5028",
"fieldName":"CASH AVAILABLE",
"fieldFormat":"15N",
"helpText":"Amount of the total cash credit limit available to this account."
}
,{
"fieldCode":"5029",
"fieldName":"F/S EARNED",
"fieldFormat":"12N",
"helpText":"Number of frequent shopper points the customer earned cycle-to- date."
}
,{
"fieldCode":"5030",
"fieldName":"CREDIT LIMIT",
"fieldFormat":"15N",
"helpText":"Total credit limit established for this account."
}
,{
"fieldCode":"5031",
"fieldName":"F/S ADJUSTED POINTS",
"fieldFormat":"12N",
"helpText":"Number of frequent shopper points adjusted this cycle."
}
,{
"fieldCode":"5032",
"fieldName":"OPEN-TO-BUY",
"fieldFormat":"15N",
"helpText":"Amount of the total credit limit available to this account."
}
,{
"fieldCode":"5033",
"fieldName":"F/S DISBURSED POINTS",
"fieldFormat":"12N",
"helpText":"Amount of cycle-to-date frequent shopper points disbursed to this customer."
}
,{
"fieldCode":"5034",
"fieldName":"YTD INTEREST",
"fieldFormat":"15N",
"helpText":"Amount of finance charges assessed from the beginning of this calendar year through this statement."
}
,{
"fieldCode":"5035",
"fieldName":"F/S END BALANCE",
"fieldFormat":"14N",
"helpText":"Amount of frequent shopper points accrued at the end of this cycle."
}
,{
"fieldCode":"5036",
"fieldName":"YTD LATE CHARGE",
"fieldFormat":"15N",
"helpText":"Late charges assessed from the beginning of this calendar year through this statement."
}
,{
"fieldCode":"5037",
"fieldName":"YTD OVERLIMIT CHARGE",
"fieldFormat":"15N",
"helpText":"Amount of over-limit charges assessed from the beginning of this calendar year through this statement."
}
,{
"fieldCode":"5038",
"fieldName":"YTD DISCLOSED CHARGE",
"fieldFormat":"15N",
"helpText":"Amount of disclosed fees assessed from the beginning of this calendar year through this statement. The parameters indicated for the Fee fields in Products->29-Year To Date Disclosed Fees are used when calculating the YTD disclosed fees amount."
}
,{
"fieldCode":"5039",
"fieldName":"DATE THIS STATEMENT",
"fieldFormat":"DATE",
"helpText":"Effective date of this statement."
}
,{
"fieldCode":"5040",
"fieldName":"CYCLE DUE",
"fieldFormat":"1N",
"helpText":"Cycle due code that indicates the level of contractual delinquency for the account at the time of the statement. The values are:<br/>0 = No amount due; not past due<br/>1 = Current amount due; not past due<br/>2 = Amount past due 1-29 days (or X days)<br/>3 = Amount past due 30-59 days<br/>4 = Amount past due 60-89 days<br/>5 = Amount past due 90-119 days<br/>6 = Amount past due 120-149 days<br/>7 = Amount past due 150-179 days<br/>8 = Amount past due 180-209 days<br/>9 = Amount past due 210 or more days."
}
,{
"fieldCode":"5041",
"fieldName":"DAYS IN CYCLE",
"fieldFormat":"2N",
"helpText":"Number of days in the cycle covered by this statement."
}
,{
"fieldCode":"5042",
"fieldName":"DATE LAST STATEMENT",
"fieldFormat":"DATE",
"helpText":"Date of the statement prior to this statement."
}
,{
"fieldCode":"5043",
"fieldName":"RECENCY",
"fieldFormat":"1N",
"helpText":"Recency delinquency level of the account for the period covered by the statement. This number indicates the number of billing cycles since the last qualified payment was received."
}
,{
"fieldCode":"5044",
"fieldName":"NUMBER OF PLANS",
"fieldFormat":"2N",
"helpText":"Number of credit plans associated with this account."
}
,{
"fieldCode":"5045",
"fieldName":"DUE DATE",
"fieldFormat":"DATE",
"helpText":"Due date of the payment billed on this account."
}
,{
"fieldCode":"5046",
"fieldName":"BILL INDICATOR",
"fieldFormat":"1N",
"helpText":"Code that indicates whether the PROJECTED DD and/or the CURRENT PAYMENT DUE fields reflect cycle-to-date fees or an over-limit amount in addition to the scheduled payment amount. The values are:<br/>0 = Statement payment due amount is not increased by the amount of cycle-to-date fees or by the over-limit amount. PROJECTED DD and CURRENT PAYMENT DUE fields are not<br/>increased.<br/>1 = CURRENT PAYMENT DUE is increased by the amount of cycle-to-date fees. If DD PAYMENT TYPE on Account Details->07-Temporary Credit Line, DD/DC Controls is 1, then PROJECTED DD is increased by the amount of cycle-to-date fees.<br/>2 = CURRENT PAYMENT DUE is increased by the over-limit amount. If DD PAYMENT TYPE on Account Details->07-Temporary Credit Line, DD/DC Controls is 1, then PROJECTED DD is increased by the over-limit amount.<br/>3 = CURRENT PAYMENT DUE is increased by both the amount of cycle-to-date fees and the over-limit amount. If DD PAYMENT TYPE on Account Details->07-Temporary Credit Line, DD/DC Controls is 1, then, PROJECTED DD is increased by both the amount of cycle-to-date fees and the over-limit amount."
}
,{
"fieldCode":"",
"fieldName":"SKIP PAYMENT FLAG",
"fieldFormat":"1C",
"helpText":"Code that indicates the type of skip payments that are excluded for accounts assigned this block code. The values are:<br/>0 = Do not exclude accounts assigned this block code from either automatic or manual skip payment processing (Default)<br/>1 = Exclude accounts assigned this block code from automatic skip payment processing<br/>2 = Exclude accounts assigned this block code from manual skip payment processing<br/>3 = Exclude accounts assigned this block code from both automatic and manual skip payment processing<br/>4 = Skip payment processing is active for accounts assigned this block code."
}
,{
"fieldCode":"",
"fieldName":"CCA COUNTER",
"fieldFormat":"1N",
"helpText":"Number of payments missed during the current arrears notice period. The default value is 0.<br/>Note: CMS updates this field on the cycle date when payment is missed for the cycle. Based on the value in this field, arrears notice is issued as a letter or included with the account statement. You can manually update this field when generating the mid-cycle arrears notices."
}
,{
"fieldCode":"",
"fieldName":"DD POST DATE",
"fieldFormat":"8N",
"helpText":"Direct debit posting date for this statement. The format is MM/DD/YYYY."
}
,{
"fieldCode":"",
"fieldName":"INT REBATE AMT",
"fieldFormat":"17N",
"helpText":"Interest rebate amount discounted for the account in the current statement because of a promotional rate offered to the customer."
}
,{
"fieldCode":"",
"fieldName":"AGREED PMT AMT",
"fieldFormat":"17N",
"helpText":"Agreed payment amount for the account. For accounts with flexible payment processing plans, this field displays the total contractual minimum payment of all non-flexible plans plus FPP payment amount of flexible plans."
}
,{
"fieldCode":"",
"fieldName":"BEGINNING BALANCE",
"fieldFormat":"1N/9N",
"helpText":"Two-part field that indicates whether the beginning balance is considered in the interest waive decision. The first part of the field is a code that identifies whether the beginning balance is considered in the waive decision. The values are:<br/>0 = Do not use the beginning balance in the waive decision process (Default)<br/>1 = Use the beginning balance in the waive decision process.<br/>The second part of the field is the balance threshold that the beginning balance must be less than or equal to before interest is waived. <br/>The location of the decimal is determined by the currency NOD displayed on the screen.<br/>Example: If the NOD is 1, enter $10.00 as 000000100."
}
,{
"fieldCode":"5047",
"fieldName":"SKIP PAYMENT LEVEL",
"fieldFormat":"1N",
"helpText":"Code that indicates if there is an account-level skip payment in effect. The values are:<br/>0 = No skip payment is in effect for the statement period<br/>1 = Automatic skip payment is in effect<br/>2 = Manual skip payment is in effect<br/>3 = Next skip payment is in effect<br/>4 = Plan-level skip payment is in effect."
}
,{
"fieldCode":"5048",
"fieldName":"GRACE EXPIRE",
"fieldFormat":"DATE",
"helpText":"Date on which the grace period expired for this statement."
}
,{
"fieldCode":"5049",
"fieldName":"CURR BAL XCHK",
"fieldFormat":"15N",
"helpText":"Cross-check against the current balance for this account. This field displays the total beginning balance (minus debits, plus credits) if the beginning balance is not the same as the ending balance."
}
,{
"fieldCode":"5050",
"fieldName":"DEFER BILL BALANCE",
"fieldFormat":"15N",
"helpText":"Current balance to be deferred. This field displays in place of the CURRENT BALANCE XCHK field only when there is a balance to be deferred."
}
,{
"fieldCode":"5051",
"fieldName":"BEGINING BALANCE",
"fieldFormat":"15N",
"helpText":"Balance for this account at the beginning of this cycle."
}
,{
"fieldCode":"5052",
"fieldName":"CURRENT PAYMENT DUE",
"fieldFormat":"15N",
"helpText":"Amount billed as current due on this statement. This amount could be greater or less than the scheduled payment amount for any (or all) of the following conditions:<br/>- Greater than, if the amount contains insurance charges.<br/>- Greater than, if the account is over-limit. The current due amount would reflect the amount the account is over-limit.<br/>- Greater than, if the payment amount includes a loan plan segment with a PAYMENT TYPE of E (calculated fixed payment), F (fixed payment), G (fixed payment plus interest and insurance), or L (loan schedule) on Plan Details->05-Payment Details, and a BILL FEE IND of 2 on Credit Plans->10-Amortization; Bill Fee & Interest Controls. CMS adds the cycle-to-date billed-not-paid fee amounts to the CURR PAYMENTT DUE amount. These fees are not included in delinquency processing; therefore, no plan segment or base segment current due fields are updated.<br/>- Less than, if the payment amount is deferred."
}
,{
"fieldCode":"5053",
"fieldName":"DEBITS NUMBER",
"fieldFormat":"3N",
"helpText":"This field displays the number of cycle-to-date debits."
}
,{
"fieldCode":"5054",
"fieldName":"DEBITS AMOUNT",
"fieldFormat":"15N",
"helpText":"This field displays the amount of cycle-to-date debits."
}
,{
"fieldCode":"5055",
"fieldName":"TOTAL PAST DUE",
"fieldFormat":"15N",
"helpText":"Total amount billed as past due at the time of this statement."
}
,{
"fieldCode":"5056",
"fieldName":"CREDITS NUMBER",
"fieldFormat":"3N",
"helpText":"This field displays the number of cycle-to-date credits."
}
,{
"fieldCode":"5057",
"fieldName":"CREDITS AMOUNT",
"fieldFormat":"15N",
"helpText":"This field displays the amount of cycle-to-date credits."
}
,{
"fieldCode":"5058",
"fieldName":"TOTAL PAYMENT DUE",
"fieldFormat":"15N",
"helpText":"Total amount due."
}
,{
"fieldCode":"5059",
"fieldName":"END BALANCE",
"fieldFormat":"15N",
"helpText":"Ending balance of the account on this statement."
}
,{
"fieldCode":"5060",
"fieldName":"PROJECTED DD",
"fieldFormat":"15N",
"helpText":"Projected payment amount of the direct debit calculated on cycle date. This is the projected amount of the direct debit transaction to be requested from the cardholders checking or savings account. This projected amount may be adjusted by interim payments before the request is made on generation day based on settings on the Account Base Segment. The projected amount on this page will not display the actual direct debit amount if the direct debit amount is changed. This page reflects the data printed on the customer statement at cycle time. If this payment amount includes a loan plan segment with a PAYMENT TYPE of E (calculated fixed payment), F (fixed payment), G (fixed payment plus interest and insurance), or L (loan schedule) on Plan Details->05-Payment Details, and a BILL FEE IND of 2 on Credit Plans->10-Amortization; Bill Fee & Interest Controls, then CMS adds the cycle-to-date fee amounts to the PROJECTED DD amount. These fees are not included in delinquency processing; therefore, no plan segment or base segment current due fields are updated."
}
,{
"fieldCode":"5061",
"fieldName":"LAST YTD INTEREST",
"fieldFormat":"15N",
"helpText":"Total amount of finance charges paid in the last calendar year."
}
,{
"fieldCode":"5062",
"fieldName":"FIXED PAYMENT AMOUNT",
"fieldFormat":"15N",
"helpText":"Fixed payment amount for this account. This field displays the fixed payment override amount established at the account level (FIXED PAYMENT AMOUNT/PERCENT on Account Details->05-Rate Variances & Def Credit Plans if CONTROLLING PLAN OVERRIDE on Account Details->05-Rate Variances & Def Credit Plans is F). If the fixed payment override amount is not established for the account, this field displays the total fixed payment amount for credit plan segments associated with the account (FIXED PAYMENT AMOUNT on Plan Details->05-Payment Details)."
}
,{
"fieldCode":"5063",
"fieldName":"QUALIFYING GRACE BALANCE",
"fieldFormat":"15N",
"helpText":"Calculated qualifying grace balance."
}
,{
"fieldCode":"5064",
"fieldName":"SCHEDULED PAYMENT AMOUNT",
"fieldFormat":"15N",
"helpText":"Amount of scheduled payment for this account."
}
,{
"fieldCode":"5065",
"fieldName":"GRACE/INT FREE",
"fieldFormat":"15N",
"helpText":"Total current due, if plans are interest free or deferred. Total current balance, if the plans are regular revolving."
}
,{
"fieldCode":"5066",
"fieldName":"INTEREST THIS STATEMENT",
"fieldFormat":"15N",
"helpText":"Amount of generated interest billed on cycle date and accrued interest billed on payment."
}
,{
"fieldCode":"5134",
"fieldName":"CMP",
"fieldFormat":"17N",
"helpText":"Amount of contractual minimum payment calculated on the cycle date. CMS uses the value in this field for notice of sums in arrears (NoSIA) disclosure."
}
,{
"fieldCode":"5221",
"fieldName":"RPD AMT",
"fieldFormat":"13C",
"helpText":"Recommended payment due (RPD) amount calculated for disclosure during the last cycle. This field is display-only and cannot be modified. The amount format is based on the currency NOD of 2.<br/>Example: When the currency NOD is 2, and the RPD amount is �1500, the format for this amount displays as �1,500.00"
}
,{
"fieldCode":"5280",
"fieldName":"DELTA DMP",
"fieldFormat":"21C",
"helpText":"Code that indicates the delta between the DMP amount and minimum payment or agreed minimum payment."
}
,{
"fieldCode":"5281",
"fieldName":"DMP PMT RQST",
"fieldFormat":"21C",
"helpText":"Code that indicates the final resolved payment based on the direct debit options in effect and as applicable for the account.<br/>If the customer has opted for minimum payment direct debit (DD) option (DD PAYMENT value is set to 1 on ARMB06) and TRIAD returned DMP percentage as non-zero in cycle, then DMP amount will be set as payment requested.<br/>If the customer has opted for recommended payment due in direct debits (DD PAYMENT is set to 2 and DD NOM is set to 5 on ARMB06), then this field will contain RPD amount calculated in the cycle.<br/>Note: For customers who are not DD participants but have DMP amount calculated in the cycle, then this field will display the DMP amount.<br/>For customers who do not have DMP amount calculated, this field will display the total amount due or agreed minimum payment."
}
,{
"fieldCode":"5283",
"fieldName":"MORA THIS STMT",
"fieldFormat":"17N",
"helpText":"Code that indicates the moratorium interest billed on the cycle date."
}
,{
"fieldCode":"5284",
"fieldName":"PD INSTALLMENT AMT",
"fieldFormat":"13N",
"helpText":"Code that indicates the sum of fixed installment amounts from the paydown plans, if any. <br/>If the account is flagged as persistent debt (PD36) and paydown processing is not initiated due to exclusions of that statement, this amount defined as zeros. For non-PD36 accounts, the field is always defined as zeros.<br/>The value in this field is not the same for all the statements, post PD36, due to deferred paydown processing for promotional plans or change in the interest rate."
}
,{
"fieldCode":"5286",
"fieldName":"PRIN OVLM AMT",
"fieldFormat":"",
"helpText":""
}
,{
"fieldCode":"5240",
"fieldName":"DUAL CURRENCY INDICATOR",
"fieldFormat":"1N",
"helpText":"This Flag indicates whether the dual currency feature is active for this product. The dual currency feature enables you to bill accounts and accept payments in two currencies, called the local currency and the foreign currency. The values are:<br/>0 = No, dual currency is not active. (Default)<br/>1 = Yes, dual currency is active.<br/>If dual currency is not active, accounts assigned to this product exist in a single business unit only. Both the local and foreign currency transactions are cleared in the local currency. If dual currency is active, accounts assigned to this product exist in two business units, one for the local currency and one for the foreign currency. Local transactions are cleared in the local currency, and foreign transactions are cleared in the foreign currency.<br/>If dual currency is not active at the system level (DUAL CURRENCY ACTIVE on System Control -> 04-System Level Switch is 0), you cannot set the dual currency flag to active at the product level. If dual currency is active at the system level DUAL CURRENCY ACTIVE on System Control -> 04-System Level Switch is 1), you can set the dual currency flag to active or inactive at the product level.<br/>This field is open for input in Add mode only. In Update mode and Query mode this is a display field; you cannot change the value. For prepaid products, the only value is 0 (no, dual currency is 6not active).<br/>Note: If dual currency is active and APPROVED CARD USE is 0 (cards approved for international use), CMS automatically adds a new Logo record in the associated dual currency business unit. All values in the new Logo record will match the values entered; Maintenance to the new Logo record is required to assign a currency code. In addition, maintenance may be required to adjust amounts and/or percentages as needed for the currency code assigned."
}
,{
"fieldCode":"5241",
"fieldName":"FTL BUY RATE",
"fieldFormat":"",
"helpText":""
}
,{
"fieldCode":"5242",
"fieldName":"FTL SELL RATE",
"fieldFormat":"",
"helpText":""
}
,{
"fieldCode":"5243",
"fieldName":"CURRENCY CODE",
"fieldFormat":"3C",
"helpText":"Currency code that identifies the unit of currency for the foreign currency transaction when the single account dual currency (SADC) functionality is active at the logo level."
}
,{
"fieldCode":"5244",
"fieldName":"BEG BAL",
"fieldFormat":"15N/2D",
"helpText":"Balance amount at the beginning of the cycle for the wallet. For a multicurrency prepaid wallet, this amount displays in the wallet currency."
}
,{
"fieldCode":"5245",
"fieldName":"TOTAL PMT DUE",
"fieldFormat":"17N",
"helpText":"The field TOTAL PMT DUE is indicates the sum of the total payment amount due for all consolidated subordinate accounts in the relationship, including the current payment due and the total past due."
}
,{
"fieldCode":"5246",
"fieldName":"TOTAL DEBITS",
"fieldFormat":"",
"helpText":""
}
,{
"fieldCode":"5247",
"fieldName":"TOTAL DEBITS AMT",
"fieldFormat":"",
"helpText":""
}
,{
"fieldCode":"5248",
"fieldName":"TOTAL CREDITS",
"fieldFormat":"",
"helpText":""
}
,{
"fieldCode":"5249",
"fieldName":"TOTAL CREDITS AMT",
"fieldFormat":"",
"helpText":""
}
,{
"fieldCode":"5250",
"fieldName":"END BAL",
"fieldFormat":"17N",
"helpText":"Ending balance of the relationship at the time of the statement. This amount is the sum of the ending balances for the subordinate accounts in the relationship."
}
,{
"fieldCode":"5067",
"fieldName":"ALT DUE/DELQ THRESHOLD",
"fieldFormat":"15N",
"helpText":"Alternate minimum payment amount requested for the current statement date to prevent account delinquency."
}
,{
"fieldCode":"5068",
"fieldName":"EFFECTIVE DATE",
"fieldFormat":"DATE",
"helpText":"Effective date of the transaction in month-day format."
}
,{
"fieldCode":"5069",
"fieldName":"POST DATE",
"fieldFormat":"DATE",
"helpText":"Posting date of the transaction."
}
,{
"fieldCode":"5070",
"fieldName":"AMOUNT",
"fieldFormat":"9N",
"helpText":"Amount of the transaction."
}
,{
"fieldCode":"5071",
"fieldName":"TRANSACTION TYPE",
"fieldFormat":"1C",
"helpText":"This field indicates whether a transaction is a debit, credit, or memo. The values are D (debit), C (credit), and M (memo)."
}
,{
"fieldCode":"5072",
"fieldName":"TRANSACTION CODE",
"fieldFormat":"4N",
"helpText":"This field indicates the transaction code associated with the transaction type."
}
,{
"fieldCode":"5073",
"fieldName":"LOGIC MODULE",
"fieldFormat":"3N",
"helpText":"Logic module associated with the transaction code."
}
,{
"fieldCode":"5074",
"fieldName":"CREDIT PLAN",
"fieldFormat":"5N",
"helpText":"Number that identifies the Credit Plan Master record for the credit plan to which the transaction was posted."
}
,{
"fieldCode":"5075",
"fieldName":"REFERENCE",
"fieldFormat":"23C",
"helpText":"Reference number assigned to the transaction."
}
,{
"fieldCode":"5076",
"fieldName":"DESCRIPTION",
"fieldFormat":"40C",
"helpText":"Description of the transaction."
}
,{
"fieldCode":"5077",
"fieldName":"AUTHORIZATION CODE",
"fieldFormat":"6N",
"helpText":"Authorization code assigned to the transaction."
}
,{
"fieldCode":"5078",
"fieldName":"DDA/SAVINGS",
"fieldFormat":"1N",
"helpText":"Code that indicates whether a debit transaction was processed for the cardholders DDA account or savings account. The values are:<br/>D = DDA account<br/>S = Savings account.<br/>This field displays only for debit card transactions, which are processed only when debit card functionality is active (DEBIT CARD FUNCTION ACTIVE is 1 on System Control-> 04-System Level Switch and USE DEBIT CARD FUNCTIONALITY is 1 on Business Unit-> 07-Product & System Activation Switch) for a debit card product (TYPE OF ACCOUNTS PROCESSED is D on Products->01-Product Specification)."
}
,{
"fieldCode":"5079",
"fieldName":"TRANSACTION STATUS",
"fieldFormat":"1C",
"helpText":"Code that indicates the status of a transferred fraud transaction. The values are:<br/>P = Transfer pending<br/>T = Transferred out<br/>X = Transferred in<br/>Space = Not applicable."
}
,{
"fieldCode":"5199",
"fieldName":"AMSL KEY",
"fieldFormat":"",
"helpText":""
}
,{
"fieldCode":"5194",
"fieldName":"RECORD NUMBER",
"fieldFormat":"4N",
"helpText":"Identification number assigned to the card to distinguish between multiple cards issued with the same card number."
}
,{
"fieldCode":"5230",
"fieldName":"PS YEAR BASE",
"fieldFormat":"",
"helpText":""
}
,{
"fieldCode":"5140",
"fieldName":"AFF",
"fieldFormat":"3C",
"helpText":"The filed that indicates the quarterly affiliate code associated with the transaction."
}
,{
"fieldCode":"5102",
"fieldName":"CREDIT PLAN",
"fieldFormat":"5N",
"helpText":"Number identifying the credit plan."
}
,{
"fieldCode":"5103",
"fieldName":"PREVIOUS BALANCE",
"fieldFormat":"15N",
"helpText":"Beginning balance of the credit plan. For a multiple-cycle statement, this is the beginning balance from the first cycle in the statement period."
}
,{
"fieldCode":"5104",
"fieldName":"PURCHASE/DEBITS",
"fieldFormat":"15N",
"helpText":"Total amount of debits posted to the credit plan during this statement period. For a multiple-cycle statement, this is the total purchases and debits for all cycles in the statement period."
}
,{
"fieldCode":"5105",
"fieldName":"CURRENT BALANCE",
"fieldFormat":"15N",
"helpText":"Current balance of the credit plan. For a multiple-cycle statement, this is the ending balance from the last cycle in the statement period."
}
,{
"fieldCode":"5106",
"fieldName":"PAYMENTS/CREDITS",
"fieldFormat":"15N",
"helpText":"Total amount of credits posted to the credit plan during this statement period. For a multiple-cycle statement, this is the total payments and credits for all cycles in the statement period."
}
,{
"fieldCode":"5107",
"fieldName":"TRANSFER/ROLL IN",
"fieldFormat":"15N",
"helpText":"Amount moved into this credit plan segment during the statement period as a result of plan transfer or plan roll activity."
}
,{
"fieldCode":"5108",
"fieldName":"TRANSFER/ROLL OUT",
"fieldFormat":"15N",
"helpText":"Amount moved out of this credit plan segment during the statement period as a result of plan transfer or plan roll activity."
}
,{
"fieldCode":"5109",
"fieldName":"CYCLE/AVERAGE BALANCE",
"fieldFormat":"15N",
"helpText":"Cycle average balance of the credit plan for the current cycle only. For a single-cycle statement, this is the aggregate balance for the current cycle divided by the number of days in the current cycle for the credit plan. For a multiple-cycle statement, this is the average daily balance for all cycles in the statement period. This is calculated by adding the aggregate balance for all cycles divided by the number of days in all cycles for the credit plan."
}
,{
"fieldCode":"5110",
"fieldName":"INTEREST",
"fieldFormat":"15N",
"helpText":"Amount of billed interest that appeared on the statement for this credit plan. For a multiple-cycle statement, this is the total interest from all the cycles in the statement period."
}
,{
"fieldCode":"5111",
"fieldName":"SERVICE CHARGE",
"fieldFormat":"15N",
"helpText":"Amount of service charges calculated for specific transactions and posted to the credit plan. For a multiple-cycle statement, this is the total service charges for all cycles in the statement period."
}
,{
"fieldCode":"5112",
"fieldName":"ACTUARIAL APR",
"fieldFormat":"7N",
"helpText":"Amount of the calculated actuarial annual percentage rate (APR) cycle-to-date."
}
,{
"fieldCode":"5113",
"fieldName":"A/S CHRG",
"fieldFormat":"15N/2D",
"helpText":"Amount of charges comprised of any transaction amounts on which a service charge was assessed. For a multiple-cycle statement, this is the total amount of charges for all cycles in the statement period."
}
,{
"fieldCode":"5114",
"fieldName":"DEFER/RECAP INT",
"fieldFormat":"15N/2D",
"helpText":"Amount of deferred interest."
}
,{
"fieldCode":"5115",
"fieldName":"MINIMUM PAY",
"fieldFormat":"15N/2D",
"helpText":"Minimum payment amount due for the credit plan. This amount is the sum of the current amount due (CURRENT BALANCE) plus the amount past due (PREVIOUS BALANCE)."
}
,{
"fieldCode":"5116",
"fieldName":"DEFER INSURANCE",
"fieldFormat":"15N/2D",
"helpText":"Amount of insurance that has accrued for the credit plan to date as a result of insurance being deferred."
}
,{
"fieldCode":"5117",
"fieldName":"PERIOD/AVG BALANCE",
"fieldFormat":"15N/2D",
"helpText":"Period average balance. For a single-cycle statement, this is the average daily balance for the current cycle. For a multiple-cycle statement, this is the average daily balance for all cycles in the statement period."
}
,{
"fieldCode":"5118",
"fieldName":"CALCULATED YEAR BASE",
"fieldFormat":"1N",
"helpText":"Year base used to calculate interest. The values are:<br/>0 = 366 days<br/>1 = 365 days<br/>2 = 360 days."
}
,{
"fieldCode":"5290",
"fieldName":"MORA AVG BAL",
"fieldFormat":"17N",
"helpText":"Code that indicates the average moratorium balance of the credit plan during the value in this field statement period. For a single-cycle statement, the value in this field is the average daily balance for the current cycle in the credit plan. For a multiple-cycle statement, this is the average daily balance for all cycles in the credit plan during the statement period."
}
,{
"fieldCode":"5291",
"fieldName":"MORA INT RATE",
"fieldFormat":"7N",
"helpText":"Code that indicates the moratorium interest rate."
}
,{
"fieldCode":"5292",
"fieldName":"MORA INTEREST",
"fieldFormat":"17N",
"helpText":"Code that indicates the billed moratorium interest amount displayed on the statement for this credit plan."
}
,{
"fieldCode":"5293",
"fieldName":"EQVL LOCAL DUE",
"fieldFormat":"",
"helpText":""
}
,{
"fieldCode":"5181",
"fieldName":"LMT NO",
"fieldFormat":"",
"helpText":""
}
,{
"fieldCode":"5119",
"fieldName":"CREDIT PLAN",
"fieldFormat":"5N",
"helpText":"Credit plan number associated with the account."
}
,{
"fieldCode":"9997",
"fieldName":"RTF METHOD",
"fieldFormat":"1C",
"helpText":"This field identifies the rate effective method used."
}
,{
"fieldCode":"9996",
"fieldName":"RTE TYPE",
"fieldFormat":"1C",
"helpText":"This field identifies the rate effective type."
}
,{
"fieldCode":"9998",
"fieldName":"LIMIT INDICATOR",
"fieldFormat":"1C",
"helpText":"This field identifies the limit indicator."
}
,{
"fieldCode":"9999",
"fieldName":"BEGIN DATE",
"fieldFormat":"DATE",
"helpText":"Beginning date of credit plan history."
}
,{
"fieldCode":"5120",
"fieldName":"PERIODIC INTEREST RATE",
"fieldFormat":"7N",
"helpText":"Periodic interest rate. This rate is equal to the annual interest rate (ANNUAL INTEREST) multiplied by 100 and divided by the number of days in the year base (CALCULATED YEAR BASE on Statement Information->04-Credit Plan Statement History)."
}
,{
"fieldCode":"5121",
"fieldName":"ANNUAL INTEREST RATE",
"fieldFormat":"7N",
"helpText":"Annual interest rate."
}
,{
"fieldCode":"5122",
"fieldName":"UP TO LIMIT",
"fieldFormat":"19N",
"helpText":"Interest limit in whole monetary units for the interest rate listed in the previous PERIODIC INTEREST RATE and ANNUAL INTEREST RATE fields."
}
,{
"fieldCode":"5123",
"fieldName":"BILL CURRENCY",
"fieldFormat":"3C",
"helpText":"Currency in which the customer prefers to be billed. This code is ISO standard and defaults from SSC."
}
,{
"fieldCode":"5124",
"fieldName":"MINIMUM PAYMENT",
"fieldFormat":"11N",
"helpText":"Converted account minimum payment."
}
,{
"fieldCode":"5125",
"fieldName":"CURRENT BALANCE",
"fieldFormat":"11N",
"helpText":"Converted account current balance."
}
,{
"fieldCode":"5126",
"fieldName":"CURRENCY CONVERSION RATE",
"fieldFormat":"12N",
"helpText":"Currency conversion rate."
}
,{
"fieldCode":"5127",
"fieldName":"CREDIT PLAN",
"fieldFormat":"5N",
"helpText":"Number identifying the credit plan."
}
,{
"fieldCode":"5128",
"fieldName":"CURRENT BALANCE",
"fieldFormat":"15N",
"helpText":"Current balance of the credit plan."
}
,{
"fieldCode":"5129",
"fieldName":"MINIMUM PAYMENT",
"fieldFormat":"15N",
"helpText":"Minimum payment due for the credit plan."
}
]},"sections": {
"section0":""
,
"section1":"Statement Information"
}}
