{"data":{
"section0":[
],"section1":[
{
"fieldCode":"",
"fieldName":"BUSINESS UNIT",
"fieldFormat":"3N",
"helpText":"Identification number of the organization associated with the account. The values are 001�998."
}
,{
"fieldCode":"",
"fieldName":"ACCOUNT",
"fieldFormat":"19C",
"helpText":"Identification number of the account for which the top-up or redraw is requested."
}
,{
"fieldCode":"",
"fieldName":"RECORD",
"fieldFormat":"3N",
"helpText":"Record number that identifies the loan credit plan segment."
}
,{
"fieldCode":"",
"fieldName":"TRANSACTION TYPE",
"fieldFormat":"1C",
"helpText":"Type of transaction you want to add, maintain, delete, or view. The values are:<br/>A = Cash advance<br/>C = Credit<br/>D = Debit<br/>L = Load Reload<br/>M = Memo<br/>P = Monetary Points<br/>R = Credit Balance Refund<br/>V = Load Reload Reversal."
}
,{
"fieldCode":"",
"fieldName":"FUNCTION",
"fieldFormat":"1C",
"helpText":"Action that you selected on the Locate screen. This field is systemgenerated; you cannot modify it. The values are:<br/>C = Emergency card replacement (ECR) only<br/>E = Transfer the card to the fraud account and generate two embosser records for the existing post-to account. One embosser record is generated as an emergency card replacement (ECR) card with lower credit limit and lower expiry date and another is generated as a replacement card by the existing<br/>process. This value is valid only when the ECR field on AZML09 is set to Y.<br/>P = Card upgrade<br/>R = Reverse a card transfer<br/>T = Transfer the card (lost, stolen, or fraud)."
}
,{
"fieldCode":"",
"fieldName":"PRINCIPAL",
"fieldFormat":"15N/2D",
"helpText":"Amount of principal at the time CMS requested the payment."
}
],"section2":[
{
"fieldCode":"",
"fieldName":"SCV TRXN TYPE",
"fieldFormat":"1C",
"helpText":"This field indicates whether a transaction is a debit, credit, or memo."
}
,{
"fieldCode":"",
"fieldName":"SEQUENCE NUMBER",
"fieldFormat":"2N",
"helpText":"Sequence number (also called a reference number) that identifies the credit plan on the account to which the transaction was posted."
}
,{
"fieldCode":"",
"fieldName":"STATEMENT DATE",
"fieldFormat":"8N",
"helpText":"Processing date of the account statement currently displayed."
}
],"section3":[
{
"fieldCode":"",
"fieldName":"PLAN REC NUMBER",
"fieldFormat":"3N",
"helpText":"This is the record number (also called sequence number) that identifies each credit plan segment on an account."
}
]},"sections": {
"section0":""
,
"section1":"INSTALLMNT CONVERSION"
,
"section2":"CNV LEVEL"
,
"section3":"STATEMENT RECORD"
}}
