{"data":{
"section0":[
],"section1":[
{
"fieldCode":"4009",
"fieldName":"BUSINESS UNIT",
"fieldFormat":"3N",
"helpText":"Identification number of the business unit associated with this account."
}
,{
"fieldCode":"0898",
"fieldName":"PRODUCT",
"fieldFormat":"3N",
"helpText":"Identification number of the product associated with this account."
}
,{
"fieldCode":"4010",
"fieldName":"ACCOUNT NUMBER",
"fieldFormat":"19C",
"helpText":"Identification number of the account."
}
,{
"fieldCode":"4004",
"fieldName":"EPP PROMOTION PLAN",
"fieldFormat":"5N",
"helpText":"Identification number of the credit plan master used for the EPP conversion plan. You must enter the number of a valid credit plan master defined as an EPP plan (STATUS is 2 on ARMC10)."
}
,{
"fieldCode":"4007",
"fieldName":"TRANSACTION AMOUNT",
"fieldFormat":"11N",
"helpText":"Transaction amount or plan balance to be converted to EPP. This field defaults from the transaction record selected for conversion, as displayed in the AMOUNT field on ARTD02, ARTD02a, ARSD05, or ARSD05a, or from the AMOUNT TO BE CONVERTED field on AZEP02."
}
,{
"fieldCode":"5006",
"fieldName":"TERM",
"fieldFormat":"3N",
"helpText":"Term of the EPP plan. This field defaults from the DEF field on ARMC11."
}
,{
"fieldCode":"5007",
"fieldName":"TERM-MIN",
"fieldFormat":"3N",
"helpText":"Minimum Term of the EPP plan indicated on AREC02."
}
,{
"fieldCode":"5008",
"fieldName":"TERM-MAX",
"fieldFormat":"3N",
"helpText":"Maximum Term of the EPP plan indicated on AREC02."
}
,{
"fieldCode":"5009",
"fieldName":"INTREST RATE",
"fieldFormat":"7N",
"helpText":"Interest rate for calculating the loan schedule, for EPP conversion, indicated on AREC02"
}
,{
"fieldCode":"5010",
"fieldName":"USURY RATE",
"fieldFormat":"7N",
"helpText":"Maximum interest rate applicable to an account for EPP plan creation. This field is display-only and cannot be modified. This field displays only when the USURY field is set to 2 on ARMO02."
}
,{
"fieldCode":"4009",
"fieldName":"PLAN DESCRIPTION",
"fieldFormat":"15C",
"helpText":"Description of the Credit Plan Segment record."
}
,{
"fieldCode":"4148",
"fieldName":"USER CODE 1",
"fieldFormat":"15C",
"helpText":"User-defined code that provides channel and user details. The default is spaces."
}
,{
"fieldCode":"4149",
"fieldName":"USER CODE 2",
"fieldFormat":"15C",
"helpText":"User-defined code that provides channel and user details. The default is spaces."
}
,{
"fieldCode":"4150",
"fieldName":"USER CODE 3",
"fieldFormat":"15C",
"helpText":"User-defined code that provides channel and user details. The default is spaces."
}
,{
"fieldCode":"4151",
"fieldName":"USER CODE 4",
"fieldFormat":"15C",
"helpText":"User-defined code that provides channel and user details. The default is spaces."
}
,{
"fieldCode":"4031",
"fieldName":"ORIG TRAN PLAN",
"fieldFormat":"5N",
"helpText":"Plan number of the transaction."
}
,{
"fieldCode":"4083",
"fieldName":"EFFECTIVE DATE",
"fieldFormat":"4N",
"helpText":"Effective date of the transaction. The month and day are displayed."
}
,{
"fieldCode":"4013",
"fieldName":"POSTING DATE",
"fieldFormat":"4N",
"helpText":"Posting date of the authorization."
}
,{
"fieldCode":"5034",
"fieldName":"PLAN SEQ",
"fieldFormat":"2N",
"helpText":"Sequence number that identifies the credit plan segment associated with the transaction."
}
,{
"fieldCode":"4021",
"fieldName":"CARD NUMBER",
"fieldFormat":"19C",
"helpText":"This field identifies the card number associated with the transaction."
}
,{
"fieldCode":"4008",
"fieldName":"TRANSACTION CODE",
"fieldFormat":"1C",
"helpText":"Field that identifies the type of transaction. The values are D (debit), C (credit), and M (memo)."
}
,{
"fieldCode":"4034",
"fieldName":"MERCHANT ORG",
"fieldFormat":"3N",
"helpText":"Identification number of the merchant organization associated with the Employee Department Group record. The values are 001-998."
}
,{
"fieldCode":"4035",
"fieldName":"MERCHANT STORE",
"fieldFormat":"9N",
"helpText":"This field is the identification number of the merchant store."
}
,{
"fieldCode":"5039",
"fieldName":"TRAMS REF NBR",
"fieldFormat":"23C",
"helpText":"EPP Transaction reference number."
}
,{
"fieldCode":"5040",
"fieldName":"AUTH CODE",
"fieldFormat":"6C",
"helpText":"Authorization code for the transaction."
}
,{
"fieldCode":"4036",
"fieldName":"START TIME",
"fieldFormat":"7N",
"helpText":"EPP Start Time."
}
,{
"fieldCode":"4037",
"fieldName":"AMOS SL-SS-XT SWITCH",
"fieldFormat":"4C",
"helpText":"Switching indicating the file of the transaction (AMSS, AMSL, AMOS)."
}
,{
"fieldCode":"4038",
"fieldName":"TRANS KEY",
"fieldFormat":"29C",
"helpText":"Key of the transaction record."
}
,{
"fieldCode":"4039",
"fieldName":"OPERATOR ID",
"fieldFormat":"3C",
"helpText":"Operator ID of the person who last updated the registered debit or credit card information."
}
,{
"fieldCode":"4040",
"fieldName":"TRAN BATCH NBR",
"fieldFormat":"5N",
"helpText":"Transaction batch number."
}
,{
"fieldCode":"4028",
"fieldName":"CHANNEL ID",
"fieldFormat":"15C",
"helpText":"Code that indicates the channel ID of the customer representative who boarded the loan. This is an optional field and the default is spaces."
}
,{
"fieldCode":"4047",
"fieldName":"LOAN DISPERSAL METHOD",
"fieldFormat":"1C",
"helpText":"Code that indicates the user-defined loan dispersal method. The default is spaces."
}
,{
"fieldCode":"4048",
"fieldName":"BANK ID",
"fieldFormat":"10N",
"helpText":"Bank identification number of the account to be credited with the additional funds disbursed for the loan."
}
,{
"fieldCode":"4049",
"fieldName":"BANK CODE",
"fieldFormat":"11C",
"helpText":"Bank Code."
}
,{
"fieldCode":"4050",
"fieldName":"ACCT",
"fieldFormat":"17N",
"helpText":"Number of the account to be credited with the additional funds disbursed for the loan."
}
,{
"fieldCode":"4051",
"fieldName":"ACCT IND",
"fieldFormat":"1N",
"helpText":"Type of the account to be credited with the additional funds disbursed for the loan. The values are:<br/>0 = Checking (DDA) or current account (Default)<br/>1 = Savings account"
}
,{
"fieldCode":"4052",
"fieldName":"DISB CUSTNM",
"fieldFormat":"40C",
"helpText":"This field stores Customer Name on whose account Loan amount (credit transaction) is to be disbursed."
}
,{
"fieldCode":"4005",
"fieldName":"STATEMENT DATE",
"fieldFormat":"8N",
"helpText":"Date on which the statement is generated."
}
,{
"fieldCode":"0899",
"fieldName":"RECORD NUMBER",
"fieldFormat":"4N",
"helpText":"Identification number assigned to an Embosser record."
}
,{
"fieldCode":"4055",
"fieldName":"TRAN ID",
"fieldFormat":"4C",
"helpText":"Identification number of the transaction."
}
,{
"fieldCode":"4045",
"fieldName":"MCC",
"fieldFormat":"5N",
"helpText":"Merchant category code from the authorization record."
}
,{
"fieldCode":"5019",
"fieldName":"LOAN AMOUNT",
"fieldFormat":"17N",
"helpText":"Total amount of principal and precomputed interest. This systemgenerated field is the total amount of the payments to be made during the term of the loan."
}
,{
"fieldCode":"5012",
"fieldName":"PRINCIPAL",
"fieldFormat":"17N",
"helpText":"Total principal amount for the EPP plan, including the transaction amount and any conversion fee assessed for the plan. Conversion fee is included only if CONV FEE is 2 on ARMC10. This field is system-generated; you cannot change it."
}
,{
"fieldCode":"5009",
"fieldName":"FIXED PAYMENT",
"fieldFormat":"17N",
"helpText":"Fixed payment amount calculated based on the principal amount, interest rate, and term of the loan. This is a system- generated field."
}
,{
"fieldCode":"5013",
"fieldName":"INTEREST",
"fieldFormat":"17N",
"helpText":"Precomputed interest based on the principal amount, the interest rate, and the term of the loan. This is a system-generated field."
}
,{
"fieldCode":"5024",
"fieldName":"BALANCE",
"fieldFormat":"17N",
"helpText":"Balance of the loan for the term on which the interest portion is calculated. This is a system-generated field."
}
,{
"fieldCode":"5023",
"fieldName":"AMOUNT",
"fieldFormat":"15N/2D",
"helpText":"Amount of the transaction."
}
,{
"fieldCode":"5027",
"fieldName":"SCH AMT",
"fieldFormat":"17N",
"helpText":"Payment schedule amount."
}
,{
"fieldCode":"5028",
"fieldName":"SCH FEE1",
"fieldFormat":"17N",
"helpText":"Payment schedule fee."
}
]},"sections": {
"section0":""
,
"section1":"EPP CONVERSION"
}}
