{"data":{
"section0":[
],"section1":[
{
"fieldCode":"5001",
"fieldName":"BUSINESS UNIT",
"fieldFormat":"3N",
"helpText":"Identification number of the business unit associated with the account. The values are 001-998"
}
,{
"fieldCode":"5002",
"fieldName":"PRODUCT",
"fieldFormat":"3N",
"helpText":"This field is the Identification number of the Logo record"
}
,{
"fieldCode":"4002",
"fieldName":"ACCOUNT/RELATIONSHIP",
"fieldFormat":"19C",
"helpText":"The field is the account number or relationship number."
}
,{
"fieldCode":"4003",
"fieldName":"A/R INDICATOR",
"fieldFormat":"1C",
"helpText":"The field is a code that indicates the type of number. The values are:<br/>A = Account number (Default)<br/>R = Relationship number.<br/>Note: When a card scheme 3 account transfer and card replacement occurs, one of the cards transferred to the new account may have the same number as the old transferred-from account number. If the number you enter on the Locate page meets this condition, CMS displays the following additional locate fields that you can select from. If you leave the select field blank and press Enter, however, CMS displays the new account on the next page."
}
,{
"fieldCode":"5004",
"fieldName":"TRANSACTION TYPE",
"fieldFormat":"1C",
"helpText":"The field is a code that identifies the type of transaction. You can select cycle-to-date, memo-posted, warehoused, and disputed item transactions."
}
,{
"fieldCode":"4005",
"fieldName":"RECORD NUMBER",
"fieldFormat":"2N",
"helpText":"Record number that identifies each Credit Plan Segment record<br/>assigned to the account. The values are 00–99."
}
,{
"fieldCode":"4009",
"fieldName":"CURRENCY INDICATOR",
"fieldFormat":"1N",
"helpText":"Code that indicates whether the local or foreign currency transactions are displayed. The values are:<br/>0 = Display both currencies transactions (Default)<br/>1 = Display local currency transactions<br/>2 = Display foreign currency transactions.<br/>Note: The field is displayed only if Single Account Dual Currency (SADC) functionality is active for the Logo."
}
,{
"fieldCode":"4006",
"fieldName":"DATE",
"fieldFormat":"8N",
"helpText":"Field that indicates the effective/start date of the FPP plan."
}
,{
"fieldCode":"4007",
"fieldName":"TIME",
"fieldFormat":"",
"helpText":"Field that indicates the effective time."
}
,{
"fieldCode":"4008",
"fieldName":"FILE FLAG",
"fieldFormat":"1C",
"helpText":"Field that indicates the file flag. optional, valid value AMXT."
}
,{
"fieldCode":"5003",
"fieldName":"ACCOUNT NUMBER",
"fieldFormat":"19C",
"helpText":"The field is the account number or relationship number"
}
,{
"fieldCode":"5050",
"fieldName":"PAGE NO",
"fieldFormat":"",
"helpText":"Code that identifies the type of transaction. The values are:<br/>Cycle-to-date Transaction<br/>Memo-posted Transaction<br/>Warehoused Transaction<br/>Disputed item transactions."
}
,{
"fieldCode":"5081",
"fieldName":"FOREIGN CURRENCY CODE",
"fieldFormat":"3A",
"helpText":"Currency code of the foreign currency."
}
,{
"fieldCode":"5005",
"fieldName":"EFFECTIVE DATE",
"fieldFormat":"",
"helpText":"Effective date (month/day) of the transaction. The format is MMDD or DDMM depending on the date format established in the System record (DATE FORMAT on DATE FORMAT on System Control   01-System Processing Calendar)."
}
,{
"fieldCode":"5006",
"fieldName":"POSTING DATE",
"fieldFormat":"",
"helpText":"Posting date (month/day) of the transaction. The format is MMDD or DDMM depending on the date format established in the System record (DATE FORMAT on System Control   01-System Processing Calendar)."
}
,{
"fieldCode":"5007",
"fieldName":"AMOUNT",
"fieldFormat":"15N/2D",
"helpText":"Amount of the transaction."
}
,{
"fieldCode":"5008",
"fieldName":"TYPE OF TRANSACTION",
"fieldFormat":"1C",
"helpText":"Type of prepaid transaction. The values are:<br/>0 = Not a prepaid transaction<br/>1 = Load transaction<br/>2 = Reload transaction<br/>3 = Activation transaction<br/>4 = ATM balance inquiry transaction<br/>5 = POS balance inquiry transaction<br/>6 = ATM cash withdrawal transaction<br/>7 = OTC cash withdrawal transaction<br/>8 = POS purchase transaction<br/>9 = POS purchase with cashback transaction<br/>A = Split tender purchase transaction<br/>B    = Return transaction"
}
,{
"fieldCode":"5009",
"fieldName":"TRANSACTION CODE",
"fieldFormat":"4N",
"helpText":"The field is the transaction code."
}
,{
"fieldCode":"5010",
"fieldName":"LOGIC MODULE",
"fieldFormat":"3N",
"helpText":"Logic module associated with the transaction code."
}
,{
"fieldCode":"5011",
"fieldName":"CREDIT PLAN",
"fieldFormat":"5N",
"helpText":"Number that identifies the Credit Plan Master record for the credit plan to which the memo-posted transaction was posted."
}
,{
"fieldCode":"5012",
"fieldName":"REFERENCE",
"fieldFormat":"23C",
"helpText":"Reference number assigned to the transaction."
}
,{
"fieldCode":"5013",
"fieldName":"DESCRIPTION",
"fieldFormat":"40C",
"helpText":"Description of the transaction"
}
,{
"fieldCode":"5014",
"fieldName":"PAN",
"fieldFormat":"6N",
"helpText":"Last six digits of the primary account number that corresponds to the CMS embosser number."
}
,{
"fieldCode":"5015",
"fieldName":"AUTHORIZATION CODE",
"fieldFormat":"6C",
"helpText":"Authorization code assigned to the transaction"
}
,{
"fieldCode":"5016",
"fieldName":"D/S",
"fieldFormat":"1C",
"helpText":"Code that indicates whether a debit transaction was processed for the cardholders DDA account or savings account. The values are:<br/>D = DDA account<br/>S = Savings account. <br/>This field displays only for debit card transactions, which are processed only when debit card functionality is active (DEBIT CARD FUNCTION ACTIVE is 1 on System Control   04 -System Level Switch and Business Units -- 07-Product & System Activation Switch) for a debit card product (TYPE OF ACCOUNT is D on Products   01-Product Specification)."
}
,{
"fieldCode":"5017",
"fieldName":"TRANSACTION STATUS",
"fieldFormat":"1C",
"helpText":"Code that indicates the status of a transferred fraud transaction. The values are:<br/>P = Transfer pending<br/>T = Transferred out<br/>X = Transferred in<br/>Space  = Not applicable."
}
,{
"fieldCode":"5018",
"fieldName":"SEQUENCE",
"fieldFormat":"2N",
"helpText":"Sequence number (also called a reference number) that identifies the credit plan on the account to which the transaction was posted."
}
,{
"fieldCode":"5019",
"fieldName":"STORE",
"fieldFormat":"9N",
"helpText":"Identification number of the store where the transaction originated"
}
,{
"fieldCode":"5020",
"fieldName":"SKU",
"fieldFormat":"9N",
"helpText":"Stock keeping unit (SKU) number associated with the transaction."
}
,{
"fieldCode":"5021",
"fieldName":"GENERAL LEDGER SOURCE",
"fieldFormat":"1N",
"helpText":"General ledger source code assigned by the Transaction Edit/Merge program to identify the source of the transaction. The values are:<br/>0 = Local input (online)<br/>1 = System-generated (for example, finance charges)<br/>2 = User input<br/>3 = ASM transaction<br/>4-6 = User input<br/>7 = Warehouse<br/>8 = Reject reentry<br/>9 = Transfer history"
}
,{
"fieldCode":"5022",
"fieldName":"SALES CLERK",
"fieldFormat":"12C",
"helpText":"Code that identifies the salesclerk associated with the transaction. This field displays only for retail/revolving accounts, not bankcard accounts."
}
,{
"fieldCode":"5023",
"fieldName":"TICKET NUMBER",
"fieldFormat":"10C",
"helpText":"Invoice or ticket number associated with the transaction. This field applies to open item billing accounts."
}
,{
"fieldCode":"5024",
"fieldName":"PURCHASE ORDER",
"fieldFormat":"16C",
"helpText":"Purchase order number associated with the transaction. This field applies to open item billing accounts."
}
,{
"fieldCode":"5025",
"fieldName":"RESOLUTION REFERENCE",
"fieldFormat":"14N",
"helpText":"Resolution reference number generated during the Posting run (ARD140) for credits received for open item billing accounts. This number is generated as follows:<br/>Position Value<br/>1-4  Posting date of transaction (month and day)<br/>5-9  Batch number in which the credit was processed<br/>10-14  Item number assigned by CMS to all open items processed to the Open Item file (AMOI)."
}
,{
"fieldCode":"5026",
"fieldName":"ITM",
"fieldFormat":"5N",
"helpText":"System-generated number assigned to all debit transactions. This number assists in identifying the item when no invoice or purchase order number is available."
}
,{
"fieldCode":"5027",
"fieldName":"MERCHANT BUSINESS UNIT",
"fieldFormat":"3N",
"helpText":"Business Unit number for the merchant where frequent shopper points were awarded."
}
,{
"fieldCode":"5028",
"fieldName":"MERCHANT NUMBER",
"fieldFormat":"9N",
"helpText":"Merchant number where frequent shopper points were awarded."
}
,{
"fieldCode":"5029",
"fieldName":"CATEGORY CODE",
"fieldFormat":"4N",
"helpText":"ISO standard category code of the merchant where frequent shopper points were awarded."
}
,{
"fieldCode":"5030",
"fieldName":"CARD NUMBER",
"fieldFormat":"19C",
"helpText":"The field that indicates the card number that identifies the Embosser record of the card that initiated the transaction."
}
,{
"fieldCode":"5031",
"fieldName":"CARD SEQUENCE",
"fieldFormat":"4N",
"helpText":"Two-part field that indicates the card number and sequence number that identifies the Embosser record of the card that initiated the transaction."
}
,{
"fieldCode":"5032",
"fieldName":"INSURANCE PRODUCT",
"fieldFormat":"2C",
"helpText":"Code that identifies the insurance product for which the insurance premium was generated"
}
,{
"fieldCode":"5033",
"fieldName":"FREQUENT SHOPPER POINTS",
"fieldFormat":"9N",
"helpText":"The field is the number of frequent shopper points earned. This field reflects a number of points only if the transaction has passed through all of the qualification criteria for the frequent shopper program."
}
,{
"fieldCode":"5034",
"fieldName":"FREQUENT SHOPPER PROGRAM",
"fieldFormat":"9N/1N",
"helpText":"The field is the frequent shopper program number for which the transaction qualified. The values are 1-5."
}
,{
"fieldCode":"5035",
"fieldName":"DEPARTMENT",
"fieldFormat":"4C",
"helpText":"Department code assigned to the transaction."
}
,{
"fieldCode":"5036",
"fieldName":"ISS MARKUP",
"fieldFormat":"1C",
"helpText":"Issuer markup type assigned to the transaction by TRAMS. This indicator is passed to CMS with the transaction record and remains part of the record for chargeback processing. Values 1-4 identify the transaction type (TYPE 1-4 on ARML20) assigned to the transaction for assessing markup fees."
}
,{
"fieldCode":"5037",
"fieldName":"SCHM MARKUP",
"fieldFormat":"1C",
"helpText":"Scheme markup type assigned to the transaction by TRAMS. This indicator is passed to CMS with the transaction record and remains part of the record for chargeback processing. Values 1-4 identify the transaction type (TYPE 1-4 on ARML20) assigned to the transaction for assessing markup fees."
}
,{
"fieldCode":"5038",
"fieldName":"INTERCHANGE REFERENCE",
"fieldFormat":"23C",
"helpText":"Interchange reference number assigned to the transaction by the acquirer and used as an identification number to track the transaction"
}
,{
"fieldCode":"5039",
"fieldName":"CASHBACK AMOUNT",
"fieldFormat":"9N",
"helpText":"Amount of cash given to the cardholder at the point of sale when a purchase is made with a Visa Debit or Visa Electron card."
}
,{
"fieldCode":"5040",
"fieldName":"DISCOUNT AMOUNT",
"fieldFormat":"9N",
"helpText":"Discount amount computed during the transaction-based offer matching process."
}
,{
"fieldCode":"5075",
"fieldName":"INST BILL ORIG TRX AMT",
"fieldFormat":"17N",
"helpText":"Original installment transaction amount passed from the monetary transaction file.<br/>Note: This value defaults from the Organization record (CURRENCY CODE/NOD on ARMO01)."
}
,{
"fieldCode":"5076",
"fieldName":"INST NBR",
"fieldFormat":"2N",
"helpText":"Total number of installments for the transaction agreed by the cardholder."
}
,{
"fieldCode":"5077",
"fieldName":"BEG INST SEQ",
"fieldFormat":"2N",
"helpText":"Beginning installment sequence or a particular installment billed in a range of installments flagged to release early from the installment billing file."
}
,{
"fieldCode":"5078",
"fieldName":"END INST SEQ",
"fieldFormat":"2N",
"helpText":"Ending installment sequence in a range of installments flagged to release early from the installment billing file. When the installment posted is released based on the cycle date, the default value is zeroes."
}
,{
"fieldCode":"5079",
"fieldName":"INST TYPE",
"fieldFormat":"1N",
"helpText":"Code that indicates the type of the installment transaction. The values are:<br/>0 = Other retail (Default)<br/>1 = Issuer installment<br/>2 = Reserved<br/>3 = Acquirer installment.<br/>Note: When the INST TYPE is 1 or 3, PLAN TYPE on ARMC01 must be E or F."
}
,{
"fieldCode":"5083",
"fieldName":"ORIG AMT",
"fieldFormat":"17N",
"helpText":"Original installment transaction amount passed from the monetary transaction file.<br/>Note: This value defaults from the Organization record (CURRENCY CODE/NOD on ARMO01)."
}
,{
"fieldCode":"5084",
"fieldName":"FPP IND",
"fieldFormat":"1N",
"helpText":"Indicates whether plan is a FPP plan or not. The Valid values:<br/>0 - Not an FPP plan<br/>1 - FPP plan."
}
,{
"fieldCode":"5014",
"fieldName":"WSP",
"fieldFormat":"1C",
"helpText":"Identification number of the wallet service provider associated with the transaction. This is a display-only field and cannot be modified."
}
,{
"fieldCode":"5041",
"fieldName":"MS",
"fieldFormat":"1C",
"helpText":"Transfer reversal flag if the transaction has been transferred (values T, R, and D only), or the source of the memo-posted transaction (all values except T, R, and D). The values are:<br/>A = ASM or AMEX interface<br/>B = Batch authorization file<br/>D = Deleted transaction or MDS interface<br/>E = MasterCard Europe network<br/>H = Host system<br/>J = JCB interface<br/>P = Point-of-sale (POS) interface<br/>M = MasterCard network <br/>R = Reversed transfer<br/>S = SMS interface<br/>T = Transferred<br/>U = User input<br/>V = Visa network."
}
,{
"fieldCode":"5042",
"fieldName":"DAYS ON FILE",
"fieldFormat":"3N",
"helpText":"Number of days remaining until the expiration of a payment hold debit authorization."
}
,{
"fieldCode":"5043",
"fieldName":"PREPAID TRANSACTION TYPE",
"fieldFormat":"1C",
"helpText":"Type of prepaid transaction. The values are:<br/>0 = Not a prepaid transaction<br/>1 = Load transaction<br/>2 = Reload transaction<br/>3 = Activation transaction<br/>4 = ATM balance inquiry transaction<br/>5 = POS balance inquiry transaction<br/>6 = ATM cash withdrawal transaction<br/>7 = OTC cash withdrawal transaction<br/>8 = POS purchase transaction<br/>9 = POS purchase with cashback transaction<br/>A = Split tender purchase transaction<br/>B = Return transaction."
}
,{
"fieldCode":"5044",
"fieldName":"MARKUP AMOUNT",
"fieldFormat":"9N",
"helpText":"Amount of the markup added to the transaction during authorization processing for the transactions MCC"
}
,{
"fieldCode":"5045",
"fieldName":"MARKUP TYPE",
"fieldFormat":"1C",
"helpText":"Type of MCC markup performed. The values are:<br/>A = Amount<br/>P = Percentage."
}
,{
"fieldCode":"5046",
"fieldName":"FEE AMOUNT",
"fieldFormat":"9N",
"helpText":"Amount of the fee associated with the transaction."
}
,{
"fieldCode":"5047",
"fieldName":"SPLIT TENDER FLAG",
"fieldFormat":"1N",
"helpText":"Code that indicates whether split tender processing is allowed. The values are:<br/>0 = Split tender is not allowed (Default)<br/>1 = Split tender is allowed."
}
,{
"fieldCode":"5048",
"fieldName":"CARD LOGO",
"fieldFormat":"3N",
"helpText":"Field that displays the card logo for the transaction."
}
,{
"fieldCode":"5049",
"fieldName":"QUATERLY AFF",
"fieldFormat":"3C",
"helpText":"Field that displays the associated quarterly affiliate code for the transaction."
}
,{
"fieldCode":"5052",
"fieldName":"EXCHANGE RATE",
"fieldFormat":"14N",
"helpText":"Exchange rate for the foreign transaction."
}
,{
"fieldCode":"5053",
"fieldName":"CARD ACCEPTOR ID",
"fieldFormat":"15C",
"helpText":"Identification number of the card acceptor."
}
,{
"fieldCode":"5054",
"fieldName":"MCC",
"fieldFormat":"5N",
"helpText":"Merchant category code from the authorization record."
}
,{
"fieldCode":"5055",
"fieldName":"ACQ INST CNTRY CD",
"fieldFormat":"3N",
"helpText":"Country code of the acquiring institution."
}
,{
"fieldCode":"5056",
"fieldName":"POS ENTRY MODE",
"fieldFormat":"4C",
"helpText":"Point-of-sale (POS) entry mode by which PAN is entered in the system for the transaction."
}
,{
"fieldCode":"5057",
"fieldName":"CURR CODE",
"fieldFormat":"3N",
"helpText":"Currency code of the authorization."
}
,{
"fieldCode":"5058",
"fieldName":"CARD ACCEPTOR NAME",
"fieldFormat":"25C",
"helpText":"Name of the card acceptor."
}
,{
"fieldCode":"5059",
"fieldName":"CITY",
"fieldFormat":"13C",
"helpText":"City of the card acceptor."
}
,{
"fieldCode":"5060",
"fieldName":"COUNTRY",
"fieldFormat":"3C",
"helpText":"Country of the card acceptor."
}
,{
"fieldCode":"5061",
"fieldName":"CARD ACCEPTOR TERM",
"fieldFormat":"8C",
"helpText":"Identification number of the terminal at the card acceptor location."
}
,{
"fieldCode":"5063",
"fieldName":"B126 POS ENV",
"fieldFormat":"1C",
"helpText":"Code that indicates the point-of-sale (POS) where the transaction was initiated. This field displays only for Visa transactions."
}
,{
"fieldCode":"5064",
"fieldName":"B060 POS DATA",
"fieldFormat":"12N",
"helpText":"Code that provides additional information about the point-of-sale (POS). This field displays only for Visa transactions."
}
,{
"fieldCode":"5065",
"fieldName":"B025 POS CON CODE",
"fieldFormat":"3N",
"helpText":"Condition code of the point-of-sale (POS). This field displays only for Visa transactions."
}
,{
"fieldCode":"5066",
"fieldName":"B130 TERM CAP",
"fieldFormat":"3C",
"helpText":"Code that provides terminal capability data. This field displays only for Visa transactions."
}
,{
"fieldCode":"5067",
"fieldName":"B061 POS DATA",
"fieldFormat":"26C",
"helpText":"Code that provides additional information about the point-of-sale (POS). This field displays only for MasterCard transactions."
}
,{
"fieldCode":"5068",
"fieldName":"PLAN SEQ",
"fieldFormat":"5N",
"helpText":"Code that indicates the iPlan sequence number or iPlan record number to identify the iPlan record on the account to which the transaction was posted."
}
,{
"fieldCode":"5069",
"fieldName":"START TIME",
"fieldFormat":"",
"helpText":""
}
,{
"fieldCode":"5070",
"fieldName":"SL-SS-XT SWITCH",
"fieldFormat":"",
"helpText":""
}
,{
"fieldCode":"5071",
"fieldName":"TRANS KEY",
"fieldFormat":"1C/4N",
"helpText":"Two-part field that indicates whether a transaction is a direct debit, debit, credit, or memo, and the transaction code associated with the transaction.<br/>The first part of this field is a code that identifies the type of transaction. The values are 3 (direct debit), D (debit), C (credit), and M (memo).<br/>The second part of this field is the transaction code."
}
,{
"fieldCode":"5072",
"fieldName":"OPERATOR ID",
"fieldFormat":"3C",
"helpText":"Operator identification of the person entering the batch."
}
,{
"fieldCode":"5073",
"fieldName":"TRAN BATCH NBR",
"fieldFormat":"5N",
"helpText":"Unique number that is assigned to each batch for identification purposes when the batch is entered."
}
,{
"fieldCode":"5074",
"fieldName":"NEW CARD",
"fieldFormat":"",
"helpText":""
}
,{
"fieldCode":"5085",
"fieldName":"FUNCTION",
"fieldFormat":"1C",
"helpText":"The values must be space, AA or Space = All plan segments on file."
}
,{
"fieldCode":"5086",
"fieldName":"UNIQUE ID",
"fieldFormat":"16N",
"helpText":"Unique identification number that indicates the EPP booking date and time present on the transaction record. This field is built using the combination of date and time stamp. The format is YYYYDDDHHMMSSMSMSMS where YYYYDD is the date of EPP booking and HHMMSS MSMSMS is the time of EPP booking with milliseconds (MS) to ensure that each transaction has a separate unique ID. This field cannot be modified."
}
]},"sections": {
"section0":""
,
"section1":"Transaction Display Detail"
}}
