{"data":{
"section0":[
],"section1":[
{
"fieldCode":"0101",
"fieldName":"SECURITY SIGNON",
"fieldFormat":"20C",
"helpText":"Users sign-on in security system."
}
,{
"fieldCode":"0102",
"fieldName":"SIGNON NAME",
"fieldFormat":"20C",
"helpText":"Users sign-on name."
}
,{
"fieldCode":"4001",
"fieldName":"BUSINESS UNIT",
"fieldFormat":"3N",
"helpText":"Identification number of the business unit associated with the account. The values are 001-998"
}
,{
"fieldCode":"4002",
"fieldName":"ACCOUNT/RELATIONSHIP NBR",
"fieldFormat":"19C",
"helpText":"The field is the account number or relationship number."
}
,{
"fieldCode":"4003",
"fieldName":"A/R INDICATOR",
"fieldFormat":"1C",
"helpText":"The field is a code that indicates the type of number. The values are:<br/>A = Account number (Default)<br/>R = Relationship number.<br/>Note: When a card scheme 3 account transfer and card replacement occurs, one of the cards transferred to the new account may have the same number as the old “transferred-from” account number. If the number you enter on the Locate page meets this condition, CMS displays the following additional locate fields that you can select from. If you leave the select field blank and press Enter, however, CMS displays the new account on the next page."
}
,{
"fieldCode":"5004",
"fieldName":"TRANSACTION TYPE",
"fieldFormat":"1C",
"helpText":"The field is a code that identifies the type of transaction. <br/>You can select cycle-to-date, memo-posted, warehoused, and disputed item transactions."
}
,{
"fieldCode":"4005",
"fieldName":"LOGO",
"fieldFormat":"3N",
"helpText":"Field that displays the card logo for the transaction."
}
,{
"fieldCode":"4022",
"fieldName":"FILE FLAG",
"fieldFormat":"1C",
"helpText":"Field that indicates the file flag. optional, valid value AMXT."
}
,{
"fieldCode":"4023",
"fieldName":"FILE FLAG1",
"fieldFormat":"1C",
"helpText":"Field that indicates the file flag. optional, valid value Y."
}
,{
"fieldCode":"5002",
"fieldName":"PRODUCT",
"fieldFormat":"3N",
"helpText":"This field is the Identification number of the Logo record"
}
,{
"fieldCode":"5003",
"fieldName":"ACCOUNT NUMBER",
"fieldFormat":"19C",
"helpText":"The field is the account number or relationship number"
}
,{
"fieldCode":"5024",
"fieldName":"CURRENCY INDICATOR",
"fieldFormat":"1N",
"helpText":"Code that indicates whether the local or foreign currency transactions are displayed. The values are:<br/>0 = Display both currencies transactions (Default)<br/>1 = Display local currency transactions<br/>2 = Display foreign currency transactions.<br/>Note: The field is displayed only if Single Account Dual Currency (SADC) functionality is active for the Logo."
}
,{
"fieldCode":"5016",
"fieldName":"RECORD NUMBER",
"fieldFormat":"2N",
"helpText":"Record number that identifies each Credit Plan Segment record assigned to the account. The values are 00–99."
}
,{
"fieldCode":"5005",
"fieldName":"EFFECTIVE DATE",
"fieldFormat":"",
"helpText":"Effective date (month/day) of the transaction. The format is MMDD or DDMM depending on the date format established in the System record (DATE FORMAT on DATE FORMAT on System Control   01-System Processing Calendar)."
}
,{
"fieldCode":"5006",
"fieldName":"POSTING DATE",
"fieldFormat":"",
"helpText":"Posting date (month/day) of the transaction. The format is MMDD or DDMM depending on the date format established in the System record (DATE FORMAT on System Control   01-System Processing Calendar)."
}
,{
"fieldCode":"5007",
"fieldName":"AMOUNT",
"fieldFormat":"15N/2D",
"helpText":"Amount of the transaction."
}
,{
"fieldCode":"5008",
"fieldName":"TYPE OF TRANSACTION",
"fieldFormat":"1C",
"helpText":"Type of prepaid transaction. The values are:<br/>0 = Not a prepaid transaction<br/>1 = Load transaction<br/>2 = Reload transaction<br/>3 = Activation transaction<br/>4 = ATM balance inquiry transaction<br/>5 = POS balance inquiry transaction<br/>6 = ATM cash withdrawal transaction<br/>7 = OTC cash withdrawal transaction<br/>8 = POS purchase transaction<br/>9 = POS purchase with cashback transaction<br/>A = Split tender purchase transaction<br/>B = Return transaction"
}
,{
"fieldCode":"5009",
"fieldName":"TRANSACTION CODE",
"fieldFormat":"4N",
"helpText":"The field is the transaction code."
}
,{
"fieldCode":"5010",
"fieldName":"LOGIC MODULE",
"fieldFormat":"3N",
"helpText":"Logic module associated with the transaction code."
}
,{
"fieldCode":"5011",
"fieldName":"CREDIT PLAN",
"fieldFormat":"5N",
"helpText":"Number that identifies the Credit Plan Master record for the credit plan to which the memo-posted transaction was posted."
}
,{
"fieldCode":"5012",
"fieldName":"REFERENCE",
"fieldFormat":"23C",
"helpText":"Reference number assigned to the transaction."
}
,{
"fieldCode":"5013",
"fieldName":"DESCRIPTION",
"fieldFormat":"40C",
"helpText":"Description of the transaction"
}
,{
"fieldCode":"5015",
"fieldName":"AUTHORIZATION CODE",
"fieldFormat":"6C",
"helpText":"Authorization code assigned to the transaction"
}
,{
"fieldCode":"5017",
"fieldName":"DATE",
"fieldFormat":"8N",
"helpText":"Field that indicates the effective/start date of the FPP plan."
}
,{
"fieldCode":"5018",
"fieldName":"TIME",
"fieldFormat":"",
"helpText":"Field that indicates the effective time."
}
]},"sections": {
"section0":""
,
"section1":"Transaction Display"
}}
