{"data":{
"section0":[
],"section1":[
{
"fieldCode":"4001",
"fieldName":"BUSINESS UNIT",
"fieldFormat":"3N",
"helpText":"Number that identifies the CMS business unit associated with the account."
}
,{
"fieldCode":"4001",
"fieldName":"ORGANIZATION",
"fieldFormat":"3N",
"helpText":"Identification number of the organization associated with the Account Base Segment record. The values are 001-998."
}
,{
"fieldCode":"4002",
"fieldName":"ACCOUNT",
"fieldFormat":"19C",
"helpText":"Identification number of the Account Base Segment record. You can enter a card number or an account number. If you enter a card number, CMS determines the associated post-to-account number when you press Enter and displays the account number on ARTC01.<br/>NOTE: When a card scheme 3 account transfer and card replacement occurs, one of the cards transferred to the new account may have the same number as the old transferred-from account number.<br/>If the number you enter on the Locate screen meets this condition, CMS displays the following additional locate fields that you can select from. If you leave the select field blank and press Enter, however, CMS displays the new account on the next screen."
}
],"section2":[
{
"fieldCode":"5001",
"fieldName":"BUSINESS UNIT",
"fieldFormat":"3N",
"helpText":"Number that identifies the CMS business unit associated with the account."
}
,{
"fieldCode":"5003",
"fieldName":"LABEL",
"fieldFormat":"12C",
"helpText":"This field is used to identify the label."
}
,{
"fieldCode":"5004",
"fieldName":"ACCOUNT",
"fieldFormat":"19C",
"helpText":"Identification number of the Account Base Segment record. You can enter a card number or an account number. If you enter a card number, CMS determines the associated post-to-account number when you press Enter and displays the account number on ARTC01.<br/>NOTE: When a card scheme 3 account transfer and card replacement occurs, one of the cards transferred to the new account may have the same number as the old transferred-from account number.<br/>If the number you enter on the Locate screen meets this condition, CMS displays the following additional locate fields that you can select from. If you leave the select field blank and press Enter, however, CMS displays the new account on the next screen."
}
,{
"fieldCode":"5002",
"fieldName":"REQUESTED LIMIT",
"fieldFormat":"15N/2D",
"helpText":"Field that indicates the requested credit limit of the account."
}
]},"sections": {
"section0":""
,
"section1":"Triad Credit Limit ARTC"
,
"section2":"Triad Credit Limit ARTC-Triad Credit Limit Output"
}}
