{"data":{
"section0":[
],"section1":[
{
"fieldCode":"4009",
"fieldName":"BUSINESS UNIT",
"fieldFormat":"3N",
"helpText":"Identification number of the business unit associated with this account."
}
,{
"fieldCode":"0898",
"fieldName":"PRODUCT",
"fieldFormat":"3N",
"helpText":"Identification number of the product associated with this account."
}
,{
"fieldCode":"4003",
"fieldName":"ACCOUNT/RELATIONSHIP",
"fieldFormat":"19C",
"helpText":"Field that identifies the account number or relationship number."
}
,{
"fieldCode":"4004",
"fieldName":"EPP PROMOTION PLAN",
"fieldFormat":"5N",
"helpText":"Identification number of the credit plan master used for the EPP conversion plan. You must enter the number of a valid credit plan master defined as an EPP plan (STATUS is 2 on ARMC10)."
}
,{
"fieldCode":"4007",
"fieldName":"TRANSACTION AMOUNT",
"fieldFormat":"11N",
"helpText":"Transaction amount to be converted to the EPP plan. This field defaults from the transaction record selected for conversion, as displayed in the AMOUNT field on ARTD02, ARTD02a, ARSD05, or ARSD05a."
}
,{
"fieldCode":"4006",
"fieldName":"CREDIT PLAN",
"fieldFormat":"5N",
"helpText":"Identification number of the Credit Plan Master record associated with the Credit Plan Segment record."
}
,{
"fieldCode":"4021",
"fieldName":"CARD NUMBER",
"fieldFormat":"19C",
"helpText":"Number that is embossed on the plastic card."
}
,{
"fieldCode":"9910",
"fieldName":"CARD SEQUENCE",
"fieldFormat":"4N",
"helpText":"Identification number assigned to an Embosser record to distinguish between multiple cards issued with the same card number."
}
,{
"fieldCode":"4009",
"fieldName":"PLAN DESCRIPTION",
"fieldFormat":"15C",
"helpText":"Description of the Credit Plan Segment record."
}
,{
"fieldCode":"5009",
"fieldName":"LOGIC MODULE",
"fieldFormat":"3N",
"helpText":"Field that displays the transaction code and the logic module number associated with the transaction code. This field is not open for input."
}
,{
"fieldCode":"4083",
"fieldName":"EFFECTIVE DATE",
"fieldFormat":"4N",
"helpText":"Effective date of the transaction. The month and day are displayed."
}
,{
"fieldCode":"4012",
"fieldName":"AUTHORIZATION CODE",
"fieldFormat":"6C",
"helpText":"Authorization code. Type the code left-justified without any embedded spaces. This code is required if all the following conditions are true:<br/>The TRANSACTION TYPE INDICATOR is 00 or 18<br/>The second position of the acquirer reference number is a 0, 1, 3, 6, 8, or 9 (except if the MERCHANT CATEGORY CODE field value is for an airline)<br/>The PARTIAL AMOUNT INDICATOR CODE field contains a space."
}
,{
"fieldCode":"4013",
"fieldName":"POSTING DATE",
"fieldFormat":"4N",
"helpText":"Posting date of the authorization."
}
,{
"fieldCode":"4014",
"fieldName":"REFERENCE",
"fieldFormat":"23C",
"helpText":"Reference number assigned to the transactioN."
}
,{
"fieldCode":"5005",
"fieldName":"SEQUENCE",
"fieldFormat":"2N",
"helpText":"Sequence number (also called a record number) that identifies the credit plan segment on the account to which the transaction was posted."
}
,{
"fieldCode":"4031",
"fieldName":"ORIG TRAN PLAN",
"fieldFormat":"5N",
"helpText":"Plan number of the transaction."
}
,{
"fieldCode":"4008",
"fieldName":"TRANSACTION CODE",
"fieldFormat":"1C",
"helpText":"Field that identifies the type of transaction. The values are D (debit), C (credit), and M (memo)."
}
,{
"fieldCode":"4034",
"fieldName":"MERCHANT ORG",
"fieldFormat":"3N",
"helpText":"Identification number of the merchant organization associated with the Employee Department Group record. The values are 001-998."
}
,{
"fieldCode":"4035",
"fieldName":"MERCHANT STORE",
"fieldFormat":"9N",
"helpText":"This field is the identification number of the merchant store."
}
,{
"fieldCode":"4036",
"fieldName":"START TIME",
"fieldFormat":"7N",
"helpText":"EPP Start Time."
}
,{
"fieldCode":"4037",
"fieldName":"AMOS SL-SS-XT SWITCH",
"fieldFormat":"4C",
"helpText":"Switching indicating the file of the transaction (AMSS, AMSL, AMOS)."
}
,{
"fieldCode":"4038",
"fieldName":"TRANS KEY",
"fieldFormat":"29C",
"helpText":"Key of the transaction record."
}
,{
"fieldCode":"4039",
"fieldName":"OPERATOR ID",
"fieldFormat":"3C",
"helpText":"Operator ID of the person who last updated the registered debit or credit card information."
}
,{
"fieldCode":"4040",
"fieldName":"TRAN BATCH NBR",
"fieldFormat":"5N",
"helpText":"Transaction batch number."
}
,{
"fieldCode":"4005",
"fieldName":"STATEMENT DATE",
"fieldFormat":"8N",
"helpText":"Date on which the statement is generated."
}
,{
"fieldCode":"0899",
"fieldName":"RECORD NUMBER",
"fieldFormat":"4N",
"helpText":"Identification number assigned to an Embosser record. For card scheme 3, the record number is always 0001."
}
,{
"fieldCode":"4045",
"fieldName":"MCC",
"fieldFormat":"5N",
"helpText":"Merchant category code from the authorization record."
}
,{
"fieldCode":"4010",
"fieldName":"ACCOUNT NUMBER",
"fieldFormat":"19C",
"helpText":"Field that displays the account number assigned to the transaction."
}
,{
"fieldCode":"5006",
"fieldName":"TERM",
"fieldFormat":"3N",
"helpText":"Term of the EPP plan. This field defaults from the DEF field on ARMC11."
}
,{
"fieldCode":"5007",
"fieldName":"TERM-MIN",
"fieldFormat":"3N",
"helpText":"Minimum Term of the EPP plan indicated on AREC02."
}
,{
"fieldCode":"5008",
"fieldName":"TERM-MAX",
"fieldFormat":"3N",
"helpText":"Maximum Term of the EPP plan indicated on AREC02."
}
,{
"fieldCode":"5009",
"fieldName":"INTREST RATE",
"fieldFormat":"7N",
"helpText":"Interest rate used to calculate the loan schedule for the EPP plan, including the monthly fixed payment amount and the individual interest amounts billed each month. This field defaults from the INTEREST RATE field on ARMC10."
}
,{
"fieldCode":"5010",
"fieldName":"USURY RATE",
"fieldFormat":"7N",
"helpText":"Maximum interest rate applicable to an account for EPP plan creation. This field is display-only and cannot be modified. This field displays only when the USURY field is set to 2 on ARMO02."
}
,{
"fieldCode":"4148",
"fieldName":"USER CODE 1",
"fieldFormat":"15C",
"helpText":"User-defined code that provides channel and user details. The default is spaces."
}
,{
"fieldCode":"4149",
"fieldName":"USER CODE 2",
"fieldFormat":"15C",
"helpText":"User-defined code that provides channel and user details. The default is spaces."
}
,{
"fieldCode":"4150",
"fieldName":"USER CODE 3",
"fieldFormat":"15C",
"helpText":"User-defined code that provides channel and user details. The default is spaces."
}
,{
"fieldCode":"4151",
"fieldName":"USER CODE 4",
"fieldFormat":"15C",
"helpText":"User-defined code that provides channel and user details. The default is spaces."
}
,{
"fieldCode":"5034",
"fieldName":"PLAN SEQ",
"fieldFormat":"2N",
"helpText":"Sequence number that identifies the credit plan segment associated with the transaction."
}
,{
"fieldCode":"5039",
"fieldName":"TRAMS REF NBR",
"fieldFormat":"23C",
"helpText":"EPP Transaction reference number."
}
,{
"fieldCode":"5040",
"fieldName":"AUTH CODE",
"fieldFormat":"6C",
"helpText":"Authorization code for the transaction."
}
]},"sections": {
"section0":""
,
"section1":"EPP CONVERSION"
}}
