{"data":{
"section0":[
],"section1":[
{
"fieldCode":"0101",
"fieldName":"SECURITY SIGNON",
"fieldFormat":"20C",
"helpText":"Users sign-on in security system."
}
,{
"fieldCode":"0102",
"fieldName":"SIGNON NAME",
"fieldFormat":"20C",
"helpText":"Users sign-on name."
}
,{
"fieldCode":"4001",
"fieldName":"BUSINESS UNIT",
"fieldFormat":"3N",
"helpText":"Identification number of the business unit associated with the account. The values are 001-998."
}
,{
"fieldCode":"4002",
"fieldName":"ACCOUNT/RELATIONSHIP NBR",
"fieldFormat":"19C",
"helpText":"The field is the account number or relationship number"
}
,{
"fieldCode":"4003",
"fieldName":"A/R INDICATOR",
"fieldFormat":"1C",
"helpText":"The field is a code that indicates the type of number. The values are:<br/>A = Account number (Default)<br/>R = Relationship number.<br/><br/>  When a card scheme 3 account transfer and card replacement occurs, one of the cards transferred to the new account may have the same number as the old transferred-from account number.<br/>If the number you enter on the Locate page meets this condition, CMS displays the following additional locate fields that you can select from. If you leave the select field blank and press Enter, however, CMS displays the new account on the next page."
}
,{
"fieldCode":"4004",
"fieldName":"PAGE NUMBER",
"fieldFormat":"",
"helpText":"The field is a code that identifies the type of transaction. <br/>You can select below options.<br/>Cycle-to-date Transaction<br/>Memo-posted Transaction<br/>Warehoused Transaction<br/>Disputed item transactions"
}
,{
"fieldCode":"5007",
"fieldName":"RELATIONSHIP NUMBER",
"fieldFormat":"19N",
"helpText":"Identification number of the relationship containing the subordinate account for which you want to display transactions."
}
,{
"fieldCode":"5008",
"fieldName":"RELATIONSHIP NAME",
"fieldFormat":"25C",
"helpText":"The field is the relationship name."
}
,{
"fieldCode":"5009",
"fieldName":"NO OF SUBORDINATE ACCOUNTS",
"fieldFormat":"4N",
"helpText":"The second part of this field identifies the number of subordinate accounts. This number includes all subordinate accounts that are not in a purge-pending status."
}
,{
"fieldCode":"5001",
"fieldName":"LABEL",
"fieldFormat":"12C",
"helpText":"This field is used to identify the label."
}
],"section2":[
],"section3":[
{
"fieldCode":"5002",
"fieldName":"ACCOUNT NUMBER",
"fieldFormat":"19N",
"helpText":"Identification number of each subordinate account in the relationship. A letter P after the account number indicates that the account is the primary account within the relationship."
}
,{
"fieldCode":"",
"fieldName":"PRODUCT",
"fieldFormat":"3N",
"helpText":"Identification number of the product associated with this account."
}
,{
"fieldCode":"5011",
"fieldName":"SHORT NAME",
"fieldFormat":"20C",
"helpText":"Short name of the account holder used for report sorting purposes."
}
,{
"fieldCode":"5012",
"fieldName":"CURRENT BALANCE",
"fieldFormat":"15N/2D",
"helpText":"Current balance of the account."
}
],"section4":[
]},"sections": {
"section0":""
,
"section1":"Transaction Disp Locate  ARTD"
,
"section2":"OLD ACCOUNT"
,
"section3":"NEW ACCOUNT"
,
"section4":"SELECT"
}}
