{"data":{
"section0":[
],"section1":[
{
"fieldCode":"",
"fieldName":"ACCOUNT",
"fieldFormat":"19C",
"helpText":"Identification number of the account for which the top-up or redraw is requested."
}
,{
"fieldCode":"",
"fieldName":"BUSINESS UNIT",
"fieldFormat":"3N",
"helpText":"Identification number of the organization associated with the account. The values are 001–998."
}
,{
"fieldCode":"",
"fieldName":"PRODUCT",
"fieldFormat":"3N",
"helpText":"Identification number of the product associated with the account."
}
,{
"fieldCode":"",
"fieldName":"PLAN NUMBER",
"fieldFormat":"5N",
"helpText":"Identification number of the Credit Plan Master record associated with the loan credit plan segment."
}
,{
"fieldCode":"",
"fieldName":"RECORD NUMBER",
"fieldFormat":"3N",
"helpText":"Record number that identifies the loan credit plan segment."
}
,{
"fieldCode":"",
"fieldName":"SELECT",
"fieldFormat":"1C",
"helpText":"Selection field that indicates the action to be performed on the loan credit plan segment. The values are:<br/>T = Top-up request<br/>R = Redraw request<br/>C = Cancel pending top-up or redraw request<br/>X = Display pending top-up or redraw request amount."
}
],"section2":[
{
"fieldCode":"",
"fieldName":"TOPUP/REDRAW",
"fieldFormat":"1C",
"helpText":"Type of pending request for the loan credit plan segment. The values are:<br/>R = Pending redraw request<br/>T = Pending top-up request<br/>Spaces = No pending top-up or redraw request."
}
,{
"fieldCode":"",
"fieldName":"MAXIMUM AMOUNT",
"fieldFormat":"15N/2D",
"helpText":"Maximum amount of funds available for additional disbursement to the customer for top-up or redraw. CMS calculates this amount based on the value of the indicator displayed in the TOP-UP/ REDRAW field. This field is for display only.<br/>If the TOP-UP/ REDRAW indicator is T (top-up), the computation logic is the following:<br/>Potential principal amount, which is the initial principal amount multiplied by (1 plus the value for PERCENT AVAILABLE TO TOP-UP on Credit Plans->12-Top-up, Redraw & Restructure, minus the current outstanding principal balance. If the TOP-UP/ REDRAW indicator is R (redraw), the computation logic is one of the following:<br/>The value for LIFE-TO-DATE PAID PRINCIPAL on Plan Details->02-YTD/LTD Data, minus the LTD redraw amount, if the REDRAW CALCULATION METHOD value is 1 <br/>on Credit Plans->12-Top-up, Redraw & Restructure.<br/>The difference between the value for LTD PAYMENTS APPLIED and the value for LIFE-TO-DATE PAYMENT AMOUNTS REQUESTED on Plan Details->02-YTD/LTD Data, minus the LTD redraw amount, if the REDRAW CALCULATION METHOD value is 2 on Credit Plans->12-Top-up, Redraw & Restructure."
}
,{
"fieldCode":"",
"fieldName":"DISBURSEMENT AMOUNT",
"fieldFormat":"15N/2D",
"helpText":"Amount of funds to be additionally disbursed to the account. This amount cannot exceed the amount displayed in the MAXIMUM AMOUNT field."
}
,{
"fieldCode":"",
"fieldName":"DISBURSEMENT FEE",
"fieldFormat":"15N/2D",
"helpText":"Amount of the fee charged to the customer for the disbursement of additional funds due to top-up or redraw. The default value for this field is the calculated value based on the parameters defined in the DISBURSEMENT FEE CALCULATION METHOD field on Credit Plans->11-Commission, Subsidy & Disbursement Fee."
}
,{
"fieldCode":"",
"fieldName":"ACCOUNT BANK ID",
"fieldFormat":"10N",
"helpText":"Bank identification number of the account to be credited with the additional funds disbursed for the loan."
}
,{
"fieldCode":"",
"fieldName":"ACCOUNT NUMBER",
"fieldFormat":"17N",
"helpText":"Number of the account to be credited with the additional funds disbursed for the loan."
}
,{
"fieldCode":"",
"fieldName":"ACCOUNT IND",
"fieldFormat":"1N",
"helpText":"Type of the account to be credited with the additional funds disbursed for the loan. The values are:<br/>0 = Checking (DDA) or current account (Default)<br/>1 = Savings account."
}
,{
"fieldCode":"",
"fieldName":"RESTRUCTURE IND",
"fieldFormat":"1N",
"helpText":"Method of restructure for the loan plan segment. This field is open to input only when the payment type is E or F (PAYMENT TYPE on Plan Details ->05-Payment Details). The values are:<br/>0 = No restructure for amount or term. (Default)<br/>1 = Restructure with new payment amount. The user can enter a new payment amount for loan restructure due to loan top-up or redraw. If the user does not enter a new payment amount, during batch the loan restructure functionality will compute a new payment amount for the loan plan.<br/>2 = Restructure with new term. The user can enter a new term for loan restructure due to loan top-up or redraw. The value of the term input must be greater than the value for CURRENT TERM on this page. If the user does not enter a new term, during batch the loan restructure functionality will compute a new term for the loan plan.<br/>3 = Restructure both term and payment amount. The user must enter a new payment amount and a new term for loan restructure due to loan top-up or redraw.<br/>Note: The user can access the CMS Loan Calculator service to compute the new payment amount or term to be provided to the customer on a loan top-up or redraw prior to entering details in this page."
}
,{
"fieldCode":"",
"fieldName":"PAYMENT AMOUNT",
"fieldFormat":"15N/2D",
"helpText":"New payment amount for the loan plan segment to be requested in the subsequent cycles after the loan top-up or redraw. This field is open to input only when the payment type is E or F (PAYMENT TYPE on Plan Details->05-Payment Details)."
}
,{
"fieldCode":"",
"fieldName":"TERM",
"fieldFormat":"3N",
"helpText":"New term for the loan plan segment after the loan top-up or redraw. The values are 001–120. This field is open to input only when the payment type is E or F (PAYMENT TYPE on Plan Details->05-Payment Details)."
}
,{
"fieldCode":"",
"fieldName":"CURRENT TERM",
"fieldFormat":"3N",
"helpText":"Number that identifies the current term of the loan. This number begins at zero for a new loan and increments by one each cycle."
}
,{
"fieldCode":"",
"fieldName":"CONFIRM",
"fieldFormat":"1C",
"helpText":"Field that indicates the operator’s acceptance of top-up or redraw displayed on the previous page. When the operator accepts the top-up or redraws, CMS updates the pending credit <br/>plan segment fields. The values are:<br/>0 = Do not accept the loan top-up or redraw (Default)<br/>1 = Accept the loan top-up or redraw.<br/>Note: If the TOP-UP/REDRAW field is C (cancel pending top-up/redraw), a value of 1 entered in this field confirms the cancellation of a pending top-up or redraw request."
}
,{
"fieldCode":"",
"fieldName":"LETTER",
"fieldFormat":"3C",
"helpText":"Identification of the letter to be generated for the customer. If no letter is to generated for the customer, enter spaces in this field. The default value is the letter defined in the TOP UP LETTER or REDRAW LETTER field on Credit Plans->12-Top-up, Redraw & Restructure, depending on the request input in the SELECTION field on the previous page.<br/>Note: This field will be available for input when the top-up or redraw request is added for the plan. It will not be available when the pending top-up or redraw is viewed value X for SELECTION In Loan Topup Redraw->01-Loan Top-up/Redraw) or canceled (value C for SELECTION in Loan Topup Redraw->01-Loan Top-up/Redraw)."
}
,{
"fieldCode":"",
"fieldName":"SHORT NAME",
"fieldFormat":"20C",
"helpText":"Short name associated with the account."
}
,{
"fieldCode":"",
"fieldName":"PLAN DESCRIPTION",
"fieldFormat":"30C",
"helpText":"This field identifies plan description. The plan description is defined in the Credit Plan Master record (DESCRIPTION on Credit Plan->01-Credit Plan Specification)."
}
,{
"fieldCode":"",
"fieldName":"CURRENT BALANCE",
"fieldFormat":"17N",
"helpText":"Current balance of the loan plan."
}
,{
"fieldCode":"",
"fieldName":"FIXED PMT AMT",
"fieldFormat":"3N",
"helpText":"Current fixed payment amount for the loan plan segment record."
}
,{
"fieldCode":"",
"fieldName":"INITIAL TERM",
"fieldFormat":"3N",
"helpText":"Initial term of the loan plan segment."
}
,{
"fieldCode":"",
"fieldName":"REMAINING TERM",
"fieldFormat":"3N",
"helpText":"Remaining term of the loan plan segment."
}
]},"sections": {
"section0":""
,
"section1":"LOAN TOPUP REDRAW"
,
"section2":"UPDATE"
}}
