{"data":{
"section0":[
],"section1":[
{
"fieldCode":"5001",
"fieldName":"BUSINESS UNIT",
"fieldFormat":"3N",
"helpText":"Identification number of the business unit associated with the account. The values are 001-998"
}
,{
"fieldCode":"5002",
"fieldName":"PRODUCT",
"fieldFormat":"3N",
"helpText":"This field is the Identification number of the Logo record"
}
,{
"fieldCode":"4003",
"fieldName":"ACCOUNT/RELATIONSHIP",
"fieldFormat":"19C",
"helpText":"The field is the account number or relationship number."
}
,{
"fieldCode":"5004",
"fieldName":"EFFECTIVE DATE",
"fieldFormat":"4N",
"helpText":"Effective date (month/day) of the transaction. The format is either MMDD or DDMM depending on the date format established in the System record (DATE FORMAT System Control  -> 01-System Processing Calendar)."
}
,{
"fieldCode":"5005",
"fieldName":"POST DATE",
"fieldFormat":"4N",
"helpText":"Date on which the transaction was posted to the account."
}
,{
"fieldCode":"5006",
"fieldName":"AMOUNT",
"fieldFormat":"11N",
"helpText":"Amount of the transaction."
}
,{
"fieldCode":"5007",
"fieldName":"TRANSACTION TYPE",
"fieldFormat":"1C",
"helpText":"This field indicates whether a transaction is a debit, credit, or memo, and the transaction code associated with the transaction.<br/>The first part of this field is a code that identifies the type of transaction. The values are D (debit), C (credit), and M (memo)."
}
,{
"fieldCode":"5008",
"fieldName":"TRANSACTION CODE",
"fieldFormat":"4N",
"helpText":"This field indicates the transaction code."
}
,{
"fieldCode":"4034",
"fieldName":"TRANSACTION STATUS",
"fieldFormat":"1C",
"helpText":"Code that indicates the status of a transferred fraud transaction. The values are:<br/>P = Transfer pending<br/>T = Transferred out<br/>X = Transferred in<br/>Space = Not applicable."
}
,{
"fieldCode":"4009",
"fieldName":"LOGIC MODULE",
"fieldFormat":"3N",
"helpText":"Logic module associated with the transaction code."
}
,{
"fieldCode":"5008",
"fieldName":"CREDIT PLAN",
"fieldFormat":"5N",
"helpText":"Plan number that identifies the Credit Plan Master record associated with the transaction."
}
,{
"fieldCode":"5012",
"fieldName":"DESCRIPTION",
"fieldFormat":"40C",
"helpText":"Description of the transaction."
}
,{
"fieldCode":"5031",
"fieldName":"FS POINTS",
"fieldFormat":"9N",
"helpText":"This field indicates the number of frequent shopper points earned by the transaction. <br/> The FS POINTS field is reserved for future use. Currently, frequent shopper points and program number do not display for transactions in dispute."
}
,{
"fieldCode":"5032",
"fieldName":"FS PROGRAM NUMBER",
"fieldFormat":"1N",
"helpText":"This field indicates the frequent shopper program number (1-5)."
}
,{
"fieldCode":"5033",
"fieldName":"DEPT CODE",
"fieldFormat":"4C",
"helpText":"Code that identifies the department associated with the transaction."
}
,{
"fieldCode":"5011",
"fieldName":"REFERENCE",
"fieldFormat":"23N",
"helpText":"System-assigned reference number of the transaction"
}
,{
"fieldCode":"5013",
"fieldName":"AUTH CODE",
"fieldFormat":"6N",
"helpText":"Authorization code associated with the transaction."
}
,{
"fieldCode":"5014",
"fieldName":"DDA/SAVINGS",
"fieldFormat":"1C",
"helpText":"Code that indicates whether a debit transaction was processed for the cardholders DDA account or savings account. The values are:<br/>D  =  DDA account<br/>S  =  Savings account. <br/>This field displays only for debit card transactions, which are processed only when debit card functionality is active (DEBIT CARD FUNCTION ACTIVE is 1 on System Control -> 07- System Level Switch and USE DEBIT CARD FUNCTIONALITY on <br/>Business Unit -> 07-Product & System Activation Switch) for a debit card product (TYPE OF ACCOUNTS PROCESSED is D on Products -> 01-Product Specification)."
}
,{
"fieldCode":"5016",
"fieldName":"SEQUENCE NUMBER",
"fieldFormat":"2N",
"helpText":"Sequence number assigned to the credit plan segment for identification purposes. The sequence number displays only if greater than zero. The sequence number is also referred to as the plan segment record number."
}
,{
"fieldCode":"5017",
"fieldName":"STORE NUMBER",
"fieldFormat":"9N",
"helpText":"Identification number of the store associated with the transaction."
}
,{
"fieldCode":"5018",
"fieldName":"STOCK KEEPING UNIT",
"fieldFormat":"9N",
"helpText":"Stock keeping unit (SKU) number associated with the transaction."
}
,{
"fieldCode":"5019",
"fieldName":"GLS CODE",
"fieldFormat":"1N",
"helpText":"General ledger source code assigned by the Merge Report program to identify the source of the transaction. The values are:<br/>0  =  Local input (online)<br/>1  =  System-generated (for example, finance charges)<br/>2  =  User input<br/>3  =  ASM transaction<br/>4-6  =  User input<br/>7  =  Warehouse<br/>8  =  Reject reentry<br/>9  =  Transfer history.<br/><br/>The value 9 identifies cycle-to-date transactions that were transferred to a new account."
}
,{
"fieldCode":"5020",
"fieldName":"SALESCLERK",
"fieldFormat":"12C",
"helpText":"Code that identifies the sales clerk associated with the transaction."
}
,{
"fieldCode":"5021",
"fieldName":"TICKET NUMBER",
"fieldFormat":"8N",
"helpText":"Invoice number associated with the transaction for open item billing accounts."
}
,{
"fieldCode":"5022",
"fieldName":"P/O NUMBER",
"fieldFormat":"16C",
"helpText":"Purchase order number associated with the transaction."
}
,{
"fieldCode":"5023",
"fieldName":"RESOLUTION REF NUM",
"fieldFormat":"14N",
"helpText":"Resolution reference number generated during the Posting run (ARD140) for payments received for open items. CMS generates this number as follows:<br/>Position   Value<br/>1-4     Posting date of the transaction (month and day)<br/>5-9     Batch number in which the payment was processed<br/>10-14     Item number assigned by CMS to all open items processed to the Open Item file (AMOI)."
}
,{
"fieldCode":"5024",
"fieldName":"ITEM NUMBER",
"fieldFormat":"5N",
"helpText":"System-generated number that CMS assigns to debit transactions. This number assists in identifying the item when no invoice number or purchase order number is available"
}
,{
"fieldCode":"5025",
"fieldName":"MERCHANT BUSINESS UNIT",
"fieldFormat":"3N",
"helpText":"Business unit number associated with the transaction."
}
,{
"fieldCode":"5026",
"fieldName":"MERCHANT NUMBER",
"fieldFormat":"9N",
"helpText":"Number that identifies the merchant associated with the transaction."
}
,{
"fieldCode":"5027",
"fieldName":"CATEGORY CODE",
"fieldFormat":"4N",
"helpText":"Code that identifies the ISO standard for the merchant."
}
,{
"fieldCode":"5028",
"fieldName":"CARD NUMBER",
"fieldFormat":"19C",
"helpText":"This field that identifies the embosser number of the card that initiated the transaction."
}
,{
"fieldCode":"5029",
"fieldName":"CARD SEQUENCE NUMBER",
"fieldFormat":"4N",
"helpText":"The sequence number is used only for accounts with card numbering scheme 2 (CARD SCHEME on Account Details 01-Account Base Segment). The sequence number can be used for revolving/retail cards but never for bankcards."
}
,{
"fieldCode":"5030",
"fieldName":"INSURANCE CODE",
"fieldFormat":"2C",
"helpText":"Code that identifies the product on which the insurance premium was generated."
}
,{
"fieldCode":"5035",
"fieldName":"WSP",
"fieldFormat":"1C",
"helpText":"Wallet service provider ID associated with the transaction."
}
,{
"fieldCode":"5056",
"fieldName":"INST BILL ORIG TRX AMT",
"fieldFormat":"17N",
"helpText":"Original installment transaction amount passed from the monetary transaction file.<br/>Note: This value defaults from the Organization record (CURRENCY CODE/NOD on ARMO01)."
}
,{
"fieldCode":"5057",
"fieldName":"INST NBR",
"fieldFormat":"2N",
"helpText":"Total number of installments for the transaction agreed by the cardholder."
}
,{
"fieldCode":"5058",
"fieldName":"INST BEG SEQ",
"fieldFormat":"2N",
"helpText":"Beginning installment sequence or a particular installment billed in a range of installments flagged to release early from the installment billing file."
}
,{
"fieldCode":"5059",
"fieldName":"INST END SEQ",
"fieldFormat":"2N",
"helpText":"Ending installment sequence in a range of installments flagged to release early from the installment billing file. When the installment posted is released based on the cycle date, the default value is zeroes."
}
,{
"fieldCode":"4039",
"fieldName":"CURRENCY NUMBER",
"fieldFormat":"3N",
"helpText":"Currency code of the authorization."
}
,{
"fieldCode":"5070",
"fieldName":"PCB DISPLAY FLAG",
"fieldFormat":"",
"helpText":""
}
,{
"fieldCode":"4041",
"fieldName":"FPP IND",
"fieldFormat":"1N",
"helpText":"Indicates whether plan is a FPP plan or not. The Valid values:<br/>0 - Not an FPP plan<br/>1 - FPP plan."
}
,{
"fieldCode":"5062",
"fieldName":"DISCOUNT AMOUNT",
"fieldFormat":"9N",
"helpText":"Discount amount computed during the transaction-based offer matching process."
}
,{
"fieldCode":"4043",
"fieldName":"FUNCTION",
"fieldFormat":"1C",
"helpText":"The values must be space, AA or Space = All plan segments on file."
}
,{
"fieldCode":"5003",
"fieldName":"ACCOUNT NUMBER",
"fieldFormat":"19C",
"helpText":"The field is the account number or relationship number."
}
,{
"fieldCode":"5048",
"fieldName":"INTERCHANGE FUNCTION",
"fieldFormat":"1C",
"helpText":"Selection field used to choose an interchange function. Type X next to the interchange function that you want to choose. This untitled selection field displays to the left of the available interchange functions. The interchange functions are available only if ITS is installed and active (ITS ACTIVE on ARMS02 is Y). CMS lists the interchange functions available based on the type of transaction. The interchange functions are: <br/>COPY REQUEST<br/>Available for bankcard logos only. Use this action to transfer to the Interchange Tracking System (ITS). This action enables you to perform a copy request of the transaction originally selected on ARLD, ARSD, or ARTD. CMS transfers control to the appropriate ITS function based on the account type and card association. <br/>CHARGEBACK<br/>Available for bankcard logos only. Use this action to transfer to the Interchange Tracking System (ITS). This action enables you to perform a chargeback of the transaction originally selected on ARLD, ARSD, or ARTD. CMS transfers control to the appropriate ITS function based on the card product or brand and card association. <br/>CARDHOLDER ADJUSTMENT<br/>Available for bankcard and revolving/retail logos. Use this action to transfer to ARAT. ARAT enables you to add or remove the transaction originally selected on ARLD, ARSD, or ARTD.<br/>ADD DISPUTE<br/>Available for bankcard and revolving/retail logos. Use this action to transfer to ARAT. ARAT enables you to place in dispute the transaction originally selected on ARLD, ARSD, or ARTD. <br/>RELEASE DISPUTE<br/>Available for bankcard and revolving/retail logos. Use this action to transfer to ARAT and resolve a dispute. This action can be used only on disputed transactions on ARLD, ARSD, or ARTD. <br/>REVERSE TRANSACTION<br/>Available for bankcard and revolving/retail logos. Use this action to transfer to ARAT. ARAT enables you to add or remove the transaction originally selected on ARLD, ARSD, or ARTD. <br/>MISAPPLIED TRANSACTION<br/>Available for bankcard and revolving/retail logos. Use this function to transfer to ARAT. ARAT enables you to add or remove the transaction originally selected on ARLD, ARSD, or ARTD.<br/>FRAUD TRANSACTION<br/>Available for bankcard logos only. Use this action to report an individual presentment (sale, return, or cash advance) to card associations when a transaction is fraudulent. CMS transfers control to the appropriate ITS function based on the card product or brand and card association.<br/>ISSUERS CLEARINGHOUSE<br/>Available for bankcard logos only (MasterCard and Visa). Use this action to place an account on the issuer’s clearinghouse files if the account is fraudulent. CMS transfers control to the appropriate ITS MasterCard or Visa function based on the card product or brand. This action is not available for MasterCard Europe transactions. <br/>TXN DISPLAY - AUX FILE<br/>Available for bankcard logos only. Use this action to display original transaction records as received from a card association or a merchant. CMS transfers control to the Auxiliary Transaction Inquiry (ITTI) function in ITS. The information displayed on the screens is based upon the type of transaction and the card association. <br/>STOP/RESUME INSTRUCTIONS<br/>Available for bankcard logos only. Use this action to initiate bridging from CMS to ITS to stop or resume a recurring transaction for a cardholder. CMS transfers control to the Visa Account Updater Stop/Resume (ITVU) function or the MasterCard Automatic Billing Updater Stop Payment (ITMU) function in ITS based on the card association.<br/>FRAUD TRANSFER FUNCTIONS<br/>Available for bankcard and revolving/retail logos. Use this action to transfer a transaction from a normal account or a fraud account, or to cancel a previously requested fraud transaction transfer. This function is available only when the transaction is eligible for a fraud transfer or fraud transfer cancellation. A fraud transaction transfer also enables the transfer of a non-fraudulent transaction from a fraud account back to the original account for billing to the cardholder. If the real-time funds adjustment functionality is active, the balances of the normal account are updated in real time."
}
,{
"fieldCode":"5049",
"fieldName":"IF INDICATOR",
"fieldFormat":"",
"helpText":""
}
,{
"fieldCode":"5050",
"fieldName":"CMS/ITS INDICATOR",
"fieldFormat":"",
"helpText":""
}
,{
"fieldCode":"5051",
"fieldName":"EFFECTIVE DATE1",
"fieldFormat":"4N",
"helpText":"Effective date (month/day) of the transaction. The format is either MMDD or DDMM depending on the date format established in the System record (DATE FORMAT System Control  -> 01-System Processing Calendar)."
}
,{
"fieldCode":"5052",
"fieldName":"AMOUNT1",
"fieldFormat":"11N",
"helpText":"Amount of the transaction."
}
,{
"fieldCode":"5053",
"fieldName":"CREDIT PLAN1",
"fieldFormat":"5N",
"helpText":"Plan number that identifies the Credit Plan Master record associated with the transaction."
}
,{
"fieldCode":"5054",
"fieldName":"STORE NUMBER1",
"fieldFormat":"9N",
"helpText":"Identification number of the store associated with the transaction."
}
,{
"fieldCode":"5045",
"fieldName":"CARD NUMBER1",
"fieldFormat":"19C",
"helpText":"This field that identifies the embosser number of the card that initiated the transaction."
}
,{
"fieldCode":"5046",
"fieldName":"REFERENCE NUMBER1",
"fieldFormat":"23N",
"helpText":"System-assigned reference number of the transaction"
}
,{
"fieldCode":"5047",
"fieldName":"ACTION1",
"fieldFormat":"",
"helpText":""
}
,{
"fieldCode":"5055",
"fieldName":"CARD TYPE1",
"fieldFormat":"",
"helpText":""
}
,{
"fieldCode":"5038",
"fieldName":"SEQUENCE NUMBER1",
"fieldFormat":"2N",
"helpText":"Sequence number assigned to the credit plan segment for identification purposes. The sequence number displays only if greater than zero. The sequence number is also referred to as the plan segment record number."
}
,{
"fieldCode":"5039",
"fieldName":"ITS BUSINESS UNIT",
"fieldFormat":"3N",
"helpText":"Number that identifies the Interchange Tracking System (ITS) business unit number assigned to this product. This number determines the ITS business unit to which CMS assigns transactions and records."
}
,{
"fieldCode":"5050",
"fieldName":"CMS/ITS FLAG",
"fieldFormat":"",
"helpText":""
}
,{
"fieldCode":"5064",
"fieldName":"P/O NUMBER1",
"fieldFormat":"16C",
"helpText":"Purchase order number associated with the transaction."
}
,{
"fieldCode":"5065",
"fieldName":"MERCHANT BUSINESS UNIT1",
"fieldFormat":"3N",
"helpText":"Business unit number associated with the transaction."
}
,{
"fieldCode":"5066",
"fieldName":"POST DATE1",
"fieldFormat":"4N",
"helpText":"Date on which the transaction was posted to the account."
}
,{
"fieldCode":"5063",
"fieldName":"KEY CODE",
"fieldFormat":"31C",
"helpText":"Key code value for the type selected in the KEY CODE TYPE field."
}
,{
"fieldCode":"5023",
"fieldName":"RESOLUTION REFERENCE NBR",
"fieldFormat":"14N",
"helpText":"Resolution reference number generated during the Posting run (ARD140) for payments received for open items. CMS generates this number as follows:<br/>Position   Value<br/>1-4     Posting date of the transaction (month and day)<br/>5-9     Batch number in which the payment was processed<br/>10-14     Item number assigned by CMS to all open items processed to the Open Item file (AMOI)."
}
,{
"fieldCode":"5034",
"fieldName":"INTERCHANGE REFERENCE NBR",
"fieldFormat":"23C",
"helpText":"Interchange reference number assigned to the transaction by the acquirer and used as an identification number to track the transaction."
}
]},"sections": {
"section0":""
,
"section1":"Transaction Selection"
}}
