{"data":{
"section0":[
],"section1":[
{
"fieldCode":"5010",
"fieldName
":"ACTIVE MESSAGE",
"fieldFormat":"",
"helpText":"Literal that indicates whether the active statement message is displayed."
}
,{
"fieldCode":"5011",
"fieldName
":"PENDING MESSAGE",
"fieldFormat":"",
"helpText":"Literal that indicates whether the pending statement message is displayed."
}
,{
"fieldCode":"5001",
"fieldName
":"BUSINESS UNIT",
"fieldFormat":"3N",
"helpText":"Identification number of the business unit."
}
,{
"fieldCode":"5002",
"fieldName
":"PRODUCT",
"fieldFormat":"2C",
"helpText":"Code that identifies the product as defined on the Insurance/Product table (PROD on ARMI00). Use the Insurance/Product Table screens to add (ARAI), modify (ARMI), and view (ARQI) Insurance/Product tables and products."
}
,{
"fieldCode":"5003",
"fieldName
":"VERSION",
"fieldFormat":"1N",
"helpText":"Version number assigned to a Statement Message record. The version number enables you to define statement messages in different languages. The values are 0-9. You can define up to ten versions of statement messages at each processing level. CMS uses the version that corresponds to the statement message indicator assigned to the Customer Name/Address record (STATEMENT MESSAGE IND on ARMN04). Example: You can establish two Statement Message records for a logo, one record with messages in English and the other record with messages in Spanish. To distinguish between the Statement Message records, assign version number 0 to the record with messages in English and version number 1 to the record with messages in Spanish. When setting up customer records, use the STATEMENT MESSAGE IND field on ARMN04 and enter version number 0 or 1. This indicates which version of statement messages to print on account statements for the customer, either English or Spanish."
}
,{
"fieldCode":"5004",
"fieldName
":"NUMBER",
"fieldFormat":"3N",
"helpText":"Field that displays the statement message numbers between 001 and 250. This field is display-only and cannot be modified."
}
,{
"fieldCode":"5005",
"fieldName
":"DESCRIPTION",
"fieldFormat":"40C",
"helpText":"Field that displays the message description associated with the message number. This field is display-only and cannot be modified."
}
,{
"fieldCode":"5006",
"fieldName
":"GROUP",
"fieldFormat":"1C",
"helpText":"Field used to classify the statement messages. The values are:<br/>Blank = Positive message<br/>A-Z = Information message<br/>0-9 = Negative message.<br/>This field is display-only and cannot be modified."
}
,{
"fieldCode":"5007",
"fieldName
":"PRIORITY",
"fieldFormat":"2N",
"helpText":"Filter field used to produce a selectable list of all extended statement messages with a specific priority. The values are<br/>01-99. This field cannot be used when values exist in either the START NBR or PRIORITY filter fields."
}
,{
"fieldCode":"5008",
"fieldName
":"ACTIVE BEGIN DATE",
"fieldFormat":"8N",
"helpText":"Effective date of the statement message. This field is open to input only for the activity statement message."
}
,{
"fieldCode":"5009",
"fieldName
":"PENDING BEGIN DATE",
"fieldFormat":"",
"helpText":"Effective date of the statement message. This field is open to input only for the pending statement message."
}
]},"sections": {
"section0":""
,
"section1":"Stmt Extned Msg Add Maint AZMW-03-Extended Statement Messages"
}}
