{"data":{
"section0":[
],"section1":[
{
"fieldCode":"5004",
"fieldName
":"MESSAGE NUMBER",
"fieldFormat":"3N",
"helpText":"Field that displays the statement message numbers between 001 and 250. This field is display-only and cannot be modified."
}
,{
"fieldCode":"5005",
"fieldName
":"MESSAGE DESCRIPTION",
"fieldFormat":"40C",
"helpText":"Field that displays the message description associated with the message number. This field is display-only and cannot be modified."
}
,{
"fieldCode":"5006",
"fieldName
":"MESSAGE GROUP",
"fieldFormat":"1C",
"helpText":"Filter field used to produce a selectable list of all extended statement messages within a specific group. The values are 1-9<br/>and A-Z. This field cannot be used when values exist in either the START NBR or PRIORITY filter fields."
}
,{
"fieldCode":"5007",
"fieldName
":"MESSAGE PRIORITY",
"fieldFormat":"2N",
"helpText":"Field that indicates the priority code assigned to the messages in the same group. An information message with priority 99 forces a statement message onto a statement and overrides other statement suppression criteria. This field is display-only and cannot be modified."
}
,{
"fieldCode":"5001",
"fieldName
":"BUSINESS UNIT",
"fieldFormat":"3N",
"helpText":"Identification number of the business unit."
}
,{
"fieldCode":"5002",
"fieldName
":"PRODUCT",
"fieldFormat":"2C",
"helpText":"Code that identifies the product as defined on the Insurance/Product table (PROD on ARMI00). Use the Insurance/Product Table screens to add (ARAI), modify (ARMI), and view (ARQI) Insurance/Product tables and products."
}
,{
"fieldCode":"5003",
"fieldName
":"VERSION",
"fieldFormat":"1N",
"helpText":"Version number assigned to a Statement Message record. The version number enables you to define statement messages in different languages. The values are 0-9. You can define up to ten versions of statement messages at each processing level. CMS uses the version that corresponds to the statement message indicator assigned to the Customer Name/Address record (STATEMENT MESSAGE IND on ARMN04). Example: You can establish two Statement Message records for a logo, one record with messages in English and the other record with messages in Spanish. To distinguish between the Statement Message records, assign version number 0 to the record with messages in English and version number 1 to the record with messages in Spanish. When setting up customer records, use the STATEMENT MESSAGE IND field on ARMN04 and enter version number 0 or 1. This indicates which version of statement messages to print on account statements for the customer, either English or Spanish."
}
,{
"fieldCode":"5008",
"fieldName
":"START NBR",
"fieldFormat":"3N",
"helpText":"Filter field used to produce a selectable list of all extended statement messages starting from the message number<br/>mentioned in this field. The values are 001-250. This field cannot be used when values exist in either the GROUP or PRIORITY filter fields. The default value is 00."
}
,{
"fieldCode":"5009",
"fieldName
":"GROUP",
"fieldFormat":"1C",
"helpText":"Field used to classify the statement messages. The values are:<br/>Blank = Positive message<br/>A-Z = Information message<br/>0-9 = Negative message.<br/>This field is display-only and cannot be modified."
}
,{
"fieldCode":"5010",
"fieldName
":"PRIORITY",
"fieldFormat":"2N",
"helpText":"Filter field used to produce a selectable list of all extended statement messages with a specific priority. The values are<br/>01-99. This field cannot be used when values exist in either the START NBR or PRIORITY filter fields."
}
]},"sections": {
"section0":""
,
"section1":"Stmt Extned Msg Add Maint AZMW-02-Extended Statement Messages"
}}
