{"data":{
"section0":[
],"section1":[
{
"fieldCode":"4013",
"fieldName":"BUSINESS UNIT",
"fieldFormat":"3N",
"helpText":"Identification number of the business unit associated with the card. The values are 001�998."
}
,{
"fieldCode":"4001",
"fieldName":"CARD NUMBER",
"fieldFormat":"19C",
"helpText":"Identification number of the card that you want to transfer or for <br/>which you want to reverse a transfer."
}
,{
"fieldCode":"4002",
"fieldName":"FUNCTION",
"fieldFormat":"1C",
"helpText":"Action that you want to take on the card. The values are:<br/>C = ECR<br/>E = ECR and Transfer Fraud<br/>P = Card Upgrade<br/>R = Reverse a card transfer<br/>T = Transfer the card (lost, stolen, or fraud).<br/>Note: If the transfer request was processed in a same-day embosser processing (SDP) cycle, it cannot be reversed."
}
,{
"fieldCode":"4010",
"fieldName":"ECR NUMBER",
"fieldFormat":"",
"helpText":""
}
,{
"fieldCode":"0103",
"fieldName":"SERVICE RETURN CODE",
"fieldFormat":"1C",
"helpText":"Return code of the service."
}
,{
"fieldCode":"5018",
"fieldName":"CARD SEQUENCE",
"fieldFormat":"4N",
"helpText":"Identification number assigned to an Embosser record to distinguish between multiple cards issued with the same card number."
}
,{
"fieldCode":"5027",
"fieldName":"FRAUD ACCT",
"fieldFormat":"",
"helpText":""
}
,{
"fieldCode":"5028",
"fieldName":"FRAUD CUST",
"fieldFormat":"",
"helpText":""
}
,{
"fieldCode":"5029",
"fieldName":"ECR CARD NUMBER",
"fieldFormat":"19C",
"helpText":"Identification number of the emergency card issued. The value in this field displays only if the ECR CARD field is set to Y."
}
,{
"fieldCode":"5001",
"fieldName":"BUSINESS UNIT",
"fieldFormat":"3N",
"helpText":"Business unit associated with the account and card entered on the Locate screen."
}
,{
"fieldCode":"5003",
"fieldName":"PRODUCT",
"fieldFormat":"3N",
"helpText":"Product number associated with the account and card entered on the Locate screen."
}
,{
"fieldCode":"5004",
"fieldName":"NAME LINE 1",
"fieldFormat":"40C",
"helpText":"Name of the customer as defined on the Customer Name/Address record that is associated with the account."
}
,{
"fieldCode":"5005",
"fieldName":"NAME LINE 2",
"fieldFormat":"40C",
"helpText":"Name of the customer as defined on the Customer Name/Address record that is associated with the account."
}
,{
"fieldCode":"5006",
"fieldName":"ADDRESS 1",
"fieldFormat":"40C",
"helpText":"Mailing address of the customer as defined on the Customer Name/Address record associated with the account."
}
,{
"fieldCode":"5007",
"fieldName":"ADDRESS 2",
"fieldFormat":"40C",
"helpText":"Mailing address of the customer as defined on the Customer Name/Address record associated with the account."
}
,{
"fieldCode":"5008",
"fieldName":"CITY",
"fieldFormat":"30C",
"helpText":"City portion of the customer address as defined on the Customer Name/Address record associated with the account."
}
,{
"fieldCode":"5009",
"fieldName":"EMB NAME 1",
"fieldFormat":"26C",
"helpText":"Name embossed on line 1 of the card specified."
}
,{
"fieldCode":"5010",
"fieldName":"EMB NAME 2",
"fieldFormat":"26C",
"helpText":"Name embossed on line 2 of the card specified."
}
,{
"fieldCode":"5013",
"fieldName":"FUNCTION",
"fieldFormat":"1C",
"helpText":"Action that you selected on the Locate screen. This field is system-generated. You cannot modify it. The values are:<br/>R = Reverse a card transfer<br/>T = Transfer the card (lost, stolen, or fraud)."
}
,{
"fieldCode":"5014",
"fieldName":"ACCOUNT",
"fieldFormat":"19C",
"helpText":"Account currently associated with the card."
}
,{
"fieldCode":"5015",
"fieldName":"TRANSFER TO ACCOUNT",
"fieldFormat":"19C",
"helpText":"Number of the account to which you want to transfer the card. You can enter a specific account number or enter a slash (/) if<br/>the auto-generation functionality is active for account numbers. If the auto-generation functionality is active (AUTO GENERATION<br/>is Y on ARML16), you can: <br/>Enter a slash (/) in this field to have CMS automatically generate a new account number and use the transfer-from Account Base Segment record as the <br/>model for the new fraud account base segment. If the card being transferred is associated with a dual currency account, CMS generates the new fraud <br/>account in both the local and foreign organizations.<br/>Manually enter a new or existing account number. <br/>If the auto-generation functionality is not active, you must manually enter a new or existing account number. CMS checks the number to determine if the account is on file. If it is, CMS checks to determine whether it has a balance. If the account exists and does not have a balance, CMS changes the account status to F (fraud). However, if the account does have a balance, CMS checks to ensure that the existing account already has a status of F. If the account has a balance and the account status is not F, CMS displays an error message. <br/>If CMS does not locate an existing account for the number you entered, it generates a new account using the transfer-from Account Base Segment record as the model for the new fraud account base segment."
}
,{
"fieldCode":"5016",
"fieldName":"CARD",
"fieldFormat":"19C",
"helpText":"Card number entered on the Locate screen."
}
,{
"fieldCode":"5017",
"fieldName":"TRANSFER TO CUST",
"fieldFormat":"19C",
"helpText":"Number that identifies the Customer Name/Address record associated with the transfer-to account. <br/>If you are transferring the card to an existing account, do not make an entry in the CUSTOMER field. CMS uses the customer number associated with the existing account.<br/>If you are generating a new fraud account, you can:<br/>Enter the number of an existing Customer Name/Address record to associate with the account<br/>Enter a new number for CMS to use to generate a new Customer Name/Address record<br/>Type a slash (/) or leave the field blank if you selected auto generation of the account number and you want CMS to generate a new Customer Name/Address number and record. The auto-generation functionality must be active for customer numbers (AUTO GENERATION is 1 on ARMO10).<br/>If you are transferring a card associated with a dual currency account, CMS generates the new fraud customer record in both the local and foreign organizations."
}
,{
"fieldCode":"5019",
"fieldName":"TRANSFER TO ORG",
"fieldFormat":"3N",
"helpText":"Organization associated with the transfer-to account. CMS generates the new fraud account in the same organization as the original account. This field is system-generated and cannot be modified, as you cannot transfer a card outside of its original organization."
}
,{
"fieldCode":"5020",
"fieldName":"TRANSFER TO LOGO",
"fieldFormat":"3N",
"helpText":"Logo number associated with the transfer-to account. CMS generates the new fraud account in the same logo as the original account. This field is system-generated and cannot be modified, as you cannot transfer a card outside of its original logo."
}
,{
"fieldCode":"5021",
"fieldName":"EFFECTIVE DATE",
"fieldFormat":"8N",
"helpText":"Date that the fraud card transfer is effective, in MMDDYYYY format. The value must be a date less than or equal to current date. The default value is the current date. If you enter a future date, CMS displays an error message.<br/>CMS posts transactions with an effective date prior to this date to the original account. CMS posts transactions with an effective date equal to or greater than this date to the new fraud account.<br/>CMS posts all payments to the original account, regardless of the effective date."
}
,{
"fieldCode":"5022",
"fieldName":"REPLACEMENT INDICATOR",
"fieldFormat":"1N",
"helpText":"Code that indicates whether CMS replaces the transfer card by generating a new Embosser record on the original account. The values are:<br/>0 = Replace lost/stolen/fraud card (Default)<br/>1 = Do not replace lost/stolen/fraud card."
}
,{
"fieldCode":"5023",
"fieldName":"BLOCK CODE",
"fieldFormat":"1C",
"helpText":"Block code to apply to the transfer card. The values are blank (or space) and A to Z. The block code must be defined on the Logo record (ARML07�ARML08) and be designated lost/stolen/fraud (AU option is 3).<br/>If you leave this field blank, CMS checks the card Embosser record to determine if a block code is already present on the card. If a block code is not present or is not defined as lost/stolen/fraud, CMS redisplays the screen with an error message.<br/>Note: When reversing a fraud transfer, CMS does not reset the block code on the Embosser record of the transfer card. You must manually reset the block code (BLOCK CODE on ARME02) after the reversal is complete."
}
,{
"fieldCode":"5024",
"fieldName":"RETAIN PIN",
"fieldFormat":"1N",
"helpText":"Code that indicates whether CMS processes the card replacement during the nightly batch processing cycle or in the same-day embossing processing cycle. The values are:<br/>Space = Use default specified for the logo (SDP DEFAULT on ARML06) (Default)<br/>0 = Same-day plastic processing is not required.<br/>1 = Same-day plastic processing is required.<br/>This field is open to input only when the SAME DAY EMB field on ARML06 is 1."
}
,{
"fieldCode":"5025",
"fieldName":"PROCESS TYPE",
"fieldFormat":"1C",
"helpText":"Code that indicates whether same day processing is required. The values are:<br/>0 = Same day processing not required<br/>1 = Same day processing required."
}
,{
"fieldCode":"5026",
"fieldName":"SDP",
"fieldFormat":"3C",
"helpText":"Flag that indicates whether the old card has a pending SDP processing request. The values are:<br/>No = The old card does not have a pending SDP request or SDP processing has not been requested<br/>Yes = Old card has a pending SDP request.<br/>This field is system-generated. You cannot change it.<br/>If this field is Yes, you must set the PROCESS TYPE field on ARME02 to 0 to remove the same-day plastic request for the old card. If the PROCESS TYPE field on this screen (ARXE01) is 1, SDP processing is initiated for the card that replaces the old card.<br/>Transfers cannot be reversed once the SDP request is processed within an SDP cycle"
}
,{
"fieldCode":"5030",
"fieldName":"RI LOST STOLEN FLAG",
"fieldFormat":"1C",
"helpText":"Field that indicates whether the lost/stolen plastic card can be reinstated. The values are:<br/>0 = Card reinstatement not used<br/>1 = Card has been transferred through ARXE and can be reinstated<br/>2 = Card can be reinstated because the card issuance date plus card delay days plus hold days at bureau are less than the current date."
}
]},"sections": {
"section0":""
,
"section1":"Card XFR Driver Service ARXE"
}}
