{"data":{
"section0":[
],"section1":[
{
"fieldCode":"4001",
"fieldName":"PRIMARY DATA SWITCH",
"fieldFormat":"",
"helpText":"Last/Business/Store/Generic Name (0)<br/>Identification Number (1)<br/>Phone Number (2)<br/>Postal Code (3)"
}
,{
"fieldCode":"4002",
"fieldName":"PRIMARY DATA",
"fieldFormat":"1N/20C",
"helpText":"Two-part field that identifies the primary search option field to be used. <br/>The first part of this field identifies the primary search option field to be used. The values are:<br/>0 = Last/business/store/generic name<br/>1 = Identification number<br/>2 = Phone number<br/>3 = Postal code<br/>4 = Email ID.<br/>Note: The Mobile Issuing Payment Enablement functionality is an optional feature available under a license agreement. For more information, contact your Fiserv relationship manager or client services representative.<br/>The second part of this field identifies the field entry for the primary search. You can enter the exact data to be searched or as many <br/>characters as are known, followed by an asterisk (*). <br/>Examples: For a specific name search on SMITH, type 0 in the first part and SMITH in the second part.<br/>For a generic identification search, type 1 in the first part and IJ123*in the second part.<br/>Note: An error message will display if values are missing from either part of this field."
}
,{
"fieldCode":"4003",
"fieldName":"OPTIONAL DATA MATCH",
"fieldFormat":"1C",
"helpText":"Code that indicates the degree of matching required for optional data fields. When an optional field contains a value greater than spaces, this field defines whether the resulting search data should match on all optional fields or on any optional field. The values are:<br/>0 = Display any optional field match (Default)<br/>1 = Display only those records that match all requested optional fields."
}
,{
"fieldCode":"4101",
"fieldName":"FIRST KEY1",
"fieldFormat":"",
"helpText":""
}
,{
"fieldCode":"4102",
"fieldName":"FIRST KEY2",
"fieldFormat":"",
"helpText":""
}
,{
"fieldCode":"4103",
"fieldName":"FIRST KEY3",
"fieldFormat":"",
"helpText":""
}
,{
"fieldCode":"4104",
"fieldName":"FIRST KEY4",
"fieldFormat":"",
"helpText":""
}
,{
"fieldCode":"4009",
"fieldName":"FIRST NAME",
"fieldFormat":"10C",
"helpText":"First name of the customer."
}
,{
"fieldCode":"4010",
"fieldName":"MIDDLE NAME",
"fieldFormat":"5C",
"helpText":"Middle name of the customer."
}
,{
"fieldCode":"4011",
"fieldName":"LAST NAME",
"fieldFormat":"10C",
"helpText":"Last name of the customer."
}
,{
"fieldCode":"4012",
"fieldName":"IDENTIFICATION NUMBER",
"fieldFormat":"10C",
"helpText":"First ten positions of the data entered in the IDENTIFICATION NUMBER field on 02-Optional Data."
}
,{
"fieldCode":"4013",
"fieldName":"PHONE NUMBER",
"fieldFormat":"20C",
"helpText":"Phone number for the customer. This field can contain the home, work, fax, or mobile phone number."
}
,{
"fieldCode":"4014",
"fieldName":"POSTAL CODE",
"fieldFormat":"10C",
"helpText":"Postal Code of the customer."
}
,{
"fieldCode":"4016",
"fieldName":"DATE OF BIRTH",
"fieldFormat":"8C",
"helpText":"Date of birth of the customer."
}
,{
"fieldCode":"4017",
"fieldName":"TITLE",
"fieldFormat":"15C",
"helpText":"First 15 positions of the data entered in the TITLE field on 02-Optional Data."
}
,{
"fieldCode":"4018",
"fieldName":"SUFFIX",
"fieldFormat":"15C",
"helpText":"First 15 positions of the data entered in the SUFFIX field on 02-Optional Data."
}
,{
"fieldCode":"4019",
"fieldName":"COUNTRY CODE",
"fieldFormat":"3C",
"helpText":"Data entered in the COUNTRY field on 02-Optional Data."
}
,{
"fieldCode":"4020",
"fieldName":"USER 14",
"fieldFormat":"20C",
"helpText":"Two-part field consisting of data entered in the USER 14 field on 02-Optional Data."
}
,{
"fieldCode":"4021",
"fieldName":"USER 15",
"fieldFormat":"20C",
"helpText":"Two-part field consisting of data entered in the USER 15 field on 02-Optional Data."
}
,{
"fieldCode":"4022",
"fieldName":"BUSINESS UNIT",
"fieldFormat":"3N",
"helpText":"Data entered in the BUSINESS UNIT field on 02-Optional Data."
}
,{
"fieldCode":"4040",
"fieldName":"KEY VALUE",
"fieldFormat":"",
"helpText":""
}
,{
"fieldCode":"4041",
"fieldName":"KEY STORE NBR",
"fieldFormat":"",
"helpText":""
}
,{
"fieldCode":"4042",
"fieldName":"WHEN OTHER",
"fieldFormat":"",
"helpText":""
}
,{
"fieldCode":"5001",
"fieldName":"PRIMARY KEY FIELD",
"fieldFormat":"",
"helpText":""
}
,{
"fieldCode":"5063",
"fieldName":"COUNTRY",
"fieldFormat":"3C",
"helpText":"Country for the customer. If you use this field, enter the exact country code."
}
,{
"fieldCode":"5065",
"fieldName":"USER 14",
"fieldFormat":"20C",
"helpText":"User-defined field for the search. This field literal displays as USER 14 unless changed on the Organization record (ARMO11)."
}
,{
"fieldCode":"5072",
"fieldName":"EMAIL ID",
"fieldFormat":"60C/1N",
"helpText":"Two-part field that indicates the e-mail address of the owner and whether you have the owner�s permission to contact the owner via e-mail.<br/>The first part of this field is the e-mail address.<br/>The second part of this field is a code that indicates whether you have the owner�s permission to use this e-mail address. The values are:<br/>0 = No, owner may not be contacted using this email address <br/>1 = Yes, owner may be contacted using this e-mail address (Default)<br/>2 = Preferred contact method.<br/>Note: If you enter 1 in the second part of this field, you must enter an e-mail address in the first part of this field"
}
,{
"fieldCode":"5004",
"fieldName":"CUST#/STORE#/MERCH#",
"fieldFormat":"19C",
"helpText":"Number of the customer, store, or merchant record that was found to contain the name information."
}
,{
"fieldCode":"5007",
"fieldName":"SOURCE CODE",
"fieldFormat":"",
"helpText":""
}
,{
"fieldCode":"5008",
"fieldName":"NAME FIELD",
"fieldFormat":"30C",
"helpText":"Name found during the search. This field is system-generated and cannot be modified."
}
,{
"fieldCode":"5009",
"fieldName":"NAME AND OTHER DETAILS",
"fieldFormat":"",
"helpText":""
}
,{
"fieldCode":"5043",
"fieldName":"LAST/BUSINES/STORE/GENRIC NAME",
"fieldFormat":"40C",
"helpText":"Last name, business, store, or generic name of the customer."
}
,{
"fieldCode":"5050",
"fieldName":"SUFFIX",
"fieldFormat":"20C",
"helpText":"Suffix for the customer. Examples include Jr., Sr., etc."
}
]},"sections": {
"section0":""
,
"section1":"Extended Name Lookup ARCL"
}}
