{"data":{
"section0":[
],"section1":[
{
"fieldCode":"4028",
"fieldName":"State/Province",
"fieldFormat":"3C",
"helpText":"State or province portion of the customer address as defined on the Customer Name/Address record (STATE/PR on ARMN03) that is associated with the Transfer From account. This untitled<br/>field displays to the right of the CITY field."
}
,{
"fieldCode":"4029",
"fieldName":"Postal Code",
"fieldFormat":"10C",
"helpText":"Postal code portion of the customer address as defined on the Customer Name/Address record (POSTAL CODE on ARMN03) that is associated with the Transfer From account. This untitled<br/>field displays to the right of the (STATE/ PROVINCE) field."
}
,{
"fieldCode":"4001",
"fieldName":"Dual Indicator",
"fieldFormat":"4C",
"helpText":"Indicator that displays only if this is a dual currency account. If this is not a dual currency account, the indicator does not display. If this is a dual currency account, a duplicate Account Base Segment record resides in the associated dual currency organization."
}
,{
"fieldCode":"4009",
"fieldName":"Business Unit",
"fieldFormat":"3N",
"helpText":"Identification number of the organization associated with the account. The values are 001�998."
}
,{
"fieldCode":"0898",
"fieldName":"Product",
"fieldFormat":"3N",
"helpText":"Logo number associated with the account entered on the Locate screen."
}
,{
"fieldCode":"4003",
"fieldName":"Account",
"fieldFormat":"19C",
"helpText":"Identification number of the account that you want to copy or transfer, also referred to as the From account."
}
,{
"fieldCode":"4099",
"fieldName":"Card Technology",
"fieldFormat":"1N",
"helpText":"Flag that identifies whether smart cards or magnetic-stripe cards are currently on issue. The values are:<br/>0 = Magnetic stripe cards are on issue<br/>1 = Smart cards are on issue."
}
,{
"fieldCode":"4006",
"fieldName":"Reissue Tech",
"fieldFormat":"1N",
"helpText":"Flag that identifies the card technology to be used when reissuing all cards for this account. The values are:<br/>0 = Reissue as magnetic stripe<br/>1 = Reissue as a smart card."
}
,{
"fieldCode":"4003",
"fieldName":"Function",
"fieldFormat":"1C",
"helpText":"Code that identifies the type of transfer action you selected on the Locate screen. This is a display field; you cannot change the value. This field displays to the right of the name and address fields. The values are:<br/>C = Copy account<br/>G = Product graduation transfer.<br/>P = Product transfer<br/>R = Reverse an account transfer or an account copy<br/>that was initiated today<br/>S = Smart card transfer<br/>T = Transfer fraud.<br/>When transferring or copying a debit card account that resides in an organization, the following rules apply:<br/> Accounts in a debit card logo can be transferred only within the same logo or to another debit card logo within the same organization.<br/>The debit card data defined on ARMB09 will follow the customer to the transferred account for all transfer functions except C.<br/>When the transfer function is C, CMS initializes the debit card fields on the Account Base Segment record ARMB09 to zero. Users will need to supply these fields on the copied account."
}
,{
"fieldCode":"4011_1",
"fieldName":"Name Line 1",
"fieldFormat":"40C",
"helpText":"Name of the customer as defined on the Customer Name/ Address record, NAME LINE 1 on ARMN03, that is associated with the Transfer From account."
}
,{
"fieldCode":"4013_1",
"fieldName":"Name Line 2",
"fieldFormat":"40C",
"helpText":"Name of the customer as defined on the Customer Name/ Address record, NAME LINE 2 on ARMN03, that is associated with the Transfer From account."
}
,{
"fieldCode":"4010",
"fieldName":"Address 1",
"fieldFormat":"40C",
"helpText":"Mailing address of the customer as defined on the Customer Name/Address record (ADDR LINE 1 on ARMN03) that is associated with the Ttransfer From account."
}
,{
"fieldCode":"4011",
"fieldName":"Address 2",
"fieldFormat":"40C",
"helpText":"Mailing address of the customer as defined on the Customer Name/Address record (ADDR LINE 2 on ARMN03) that is associated with the Ttransfer From account."
}
,{
"fieldCode":"4027",
"fieldName":"City",
"fieldFormat":"30C",
"helpText":"City portion of the customer address as defined on the Customer Name/Address record (CITY on ARMN03) that is associated with the Transfer From account."
}
,{
"fieldCode":"4015",
"fieldName":"Transfer Auth Days",
"fieldFormat":"2N",
"helpText":"Number of days that CMS will allow authorizations on the old (Transfer From) account after a product transfer or smart card transfer. This field displays only when you have initiated a product transfer or smart card transfer on the Locate screen (FUNCTION on ARXF00 is P or S). When displayed, CMS populates this field with the default value from the Logo record (XFR AUTH DAYS on ARML12)."
}
,{
"fieldCode":"4009",
"fieldName":"Business Unit",
"fieldFormat":"3N",
"helpText":"Organization associated with the account. You cannot copy or transfer an account outside its original organization."
}
,{
"fieldCode":"4003",
"fieldName":"Account",
"fieldFormat":"19C",
"helpText":"Account number to which you want to transfer or copy account information (Transfer To account). CMS automatically adds a new Account Base Segment record identified by this account number. You can enter a specific account number or enter a slash (/). If you enter a slash, CMS automatically generates the new account number.<br/>To automatically generate account numbers, the Base Segment Account Number/Embosser Number Generation Table must be active in the Logo record (AUTO GENERATION on ARML16 must be Y)."
}
,{
"fieldCode":"0898",
"fieldName":"Product",
"fieldFormat":"3N",
"helpText":"Identification number of the logo to which the new account will be assigned. You can assign the new Transfer To account to a different logo than the Transfer From account; however, you  cannot change the card association (for example, you cannot transfer an account from a Visa logo to a MasterCard logo)."
}
,{
"fieldCode":"4019",
"fieldName":"Customer",
"fieldFormat":"19C",
"helpText":"Customer number that identifies the Customer Name/Address record associated with the new account (Transfer To account).<br/>You can enter a specific customer number or one of the following values:<br/>Blank = Use Transfer From customer number<br/>/ = Generate new customer number<br/># = Use Transfer To account number as the customer number.<br/>If you leave CUSTOMER blank, the customer record must be on file before you perform the transfer or copy function.<br/>If you enter a slash (/), CMS generates the new customer number and copies the customer information from the original account to the new customer number.<br/>If you enter a pound sign (#), you can either automatically generate or manually enter an account number to be used as the customer number."
}
,{
"fieldCode":"4020",
"fieldName":"Billing Cycle",
"fieldFormat":"2N",
"helpText":"Number that identifies the billing cycle of the new account (Transfer To account). If you do not enter a billing cycle, the new account has the same billing cycle as the Transfer From account. If the Transfer From account is in a relationship, CMS will not allow input to this field. Instead, CMS copies the billing cycle for the Transfer From account to the new account.<br/>When you perform the transfer or copy function on accounts in a relationship, all accounts in the relationship must have the same billing cycle."
}
,{
"fieldCode":"4083",
"fieldName":"Effective Date",
"fieldFormat":"8N",
"helpText":"Effective date of the transfer. The default is todays processing date. This field cannot be modified for product transfers or product graduation transfers.<br/>If the TRANSFER TXN field on ARML12 is S (split), the EFFECTIVE DATE affects processing for transactions entering CMS with the old account number, as follows:<br/>CMS warehouses transactions with an effective date the same as or earlier than this date and posts them the next day on the new account number <br/>CMS posts transactions with an effective date later than this date to the old account number.<br/>CMS posts all payments, regardless of the effective date, to the new account."
}
,{
"fieldCode":"4022",
"fieldName":"Transfer Replcement Ind",
"fieldFormat":"1N",
"helpText":"Code that indicates whether CMS replaces cards for card scheme 3 accounts when performing a fraud transfer (T) or product graduation transfer (G). The values are:<br/>0 = For fraud transfer, replace lost or stolen cards. For product graduation transfer, reissue plastic for new product using same card number. (Default)<br/>1 = For fraud transfer, do not replace lost or stolen cards. For product graduation transfer, do not reissue cards.<br/>If changing the card technology, the TRANSFER REPLACEMENT INDICATOR must be 0."
}
,{
"fieldCode":"4023",
"fieldName":"HCS Product",
"fieldFormat":"3N",
"helpText":"Identification number of the HCS product assigned to the new account. This field displays only when the account is an HCSassociated account and the function selected on ARXF00 is P<br/>(product transfer) or G (product graduation).<br/>The product must already be established in HCS."
}
,{
"fieldCode":"4024",
"fieldName":"HCS Product Default",
"fieldFormat":"1N",
"helpText":"Field that indicates whether the HCS product record parameters for sweeping, redirection, indemnity, authorization, and PIN suppression will apply to the new account. This field displays only when the account is an HCS-associated account and the function selected on ARXF00 is P (product transfer) or G (product graduation). The values are:<br/>0 = Use the HCS product record parameters for sweeping, redirection, indemnity, authorization, and PIN suppression (Default)<br/>1 = Do not use the HCS product record parameters for sweeping, redirection, indemnity,<br/>authorization, and PIN suppression."
}
,{
"fieldCode":"4025",
"fieldName":"New Card Technology",
"fieldFormat":"1N",
"helpText":"Field that indicates the card technology CMS will use when reissuing the transferred card. The values are:<br/>0 = Reissue magnetic-stripe cards<br/>1 = Reissue smart cards.<br/>This field is open to input only when the SMART CARD ALLOWED field (ARML38) is 1 on the Logo record associated with the Transfer To account."
}
,{
"fieldCode":"4026",
"fieldName":"Continue With Reissue",
"fieldFormat":"1N",
"helpText":"Field that indicates whether you want to continue with the reissue of new cards as a result of this transfer request. CMS displays this field only when an account using card numbering<br/>scheme 3 is being transferred across logos and the value in the BIN/MBR ID field (ARML01) does not correspond to the value in the QTRLY AFFILIATE field (ARML01). The values are:<br/>0 = Do not continue with the reissue<br/>1 = Continue with the reissue; cards will be reissued with the new Transfer To logo<br/>information."
}
,{
"fieldCode":"4027",
"fieldName":"Process Type",
"fieldFormat":"1N",
"helpText":"Code that indicates whether CMS processes card reissue for the Transfer To account during the nightly batch processing cycle or in the same-day embossing processing cycle. The values are:<br/>Space = Use default specified for the logo (SDP DEFAULT on ARML06) (Default)<br/>0 = Same-day plastic processing is not required.<br/>1 = Same-day plastic processing is required.<br/>This field is open to input only when the SAME DAY EMB field on ARML06 is 1."
}
,{
"fieldCode":"4028",
"fieldName":"SDP Flag",
"fieldFormat":"3C",
"helpText":"Flag that indicates whether the old card on the Transfer From account has a pending SDP processing request. The values are:<br/>No = The old cards do not have a pending SDP request or SDP processing has not been requested<br/>Yes = Old card has a pending SDP request.<br/>This field is system-generated; you cannot change it. If this field is Yes, you must set the PROCESS TYPE field on ARME02 to 0 to remove the same-day plastic request for the<br/>old card or cards. If the PROCESS TYPE field on this screen (ARXF01) is 1, SDP processing is initiated for all cards associated with the transferred account.<br/>Transfers cannot be reversed once the SDP request is processed within an SDP cycle."
}
,{
"fieldCode":"4003",
"fieldName":"Account",
"fieldFormat":"19C",
"helpText":"Account number to which you want to transfer or copy account information (Transfer To account). CMS automatically adds a new Account Base Segment record identified by this account number. You can enter a specific account number or enter a slash (/). If you enter a slash, CMS automatically generates the new account number.<br/>To automatically generate account numbers, the Base Segment Account Number/Embosser Number Generation Table must be active in the Logo record (AUTO GENERATION on ARML16 must be Y)."
}
,{
"fieldCode":"0898",
"fieldName":"Product",
"fieldFormat":"3N",
"helpText":"Identification number of the logo to which the new account will be assigned. You can assign the new Transfer To account to a different logo than the Transfer From account; however, you  cannot change the card association (for example, you cannot transfer an account from a Visa logo to a MasterCard logo)."
}
,{
"fieldCode":"4019",
"fieldName":"Customer",
"fieldFormat":"19C",
"helpText":"Customer number that identifies the Customer Name/Address record associated with the new account (Transfer To account).<br/>You can enter a specific customer number or one of the following values:<br/>Blank = Use Transfer From customer number<br/>/ = Generate new customer number<br/># = Use Transfer To account number as the customer number.<br/>If you leave CUSTOMER blank, the customer record must be on file before you perform the transfer or copy function.<br/>If you enter a slash (/), CMS generates the new customer number and copies the customer information from the original account to the new customer number.<br/>If you enter a pound sign (#), you can either automatically generate or manually enter an account number to be used as the customer number."
}
,{
"fieldCode":"4020",
"fieldName":"Billing Cycle",
"fieldFormat":"2N",
"helpText":"Number that identifies the billing cycle of the new account (Transfer To account). If you do not enter a billing cycle, the new account has the same billing cycle as the Transfer From account. If the Transfer From account is in a relationship, CMS will not allow input to this field. Instead, CMS copies the billing cycle for the Transfer From account to the new account.<br/>When you perform the transfer or copy function on accounts in a relationship, all accounts in the relationship must have the same billing cycle."
}
,{
"fieldCode":"4083",
"fieldName":"Effective Date",
"fieldFormat":"8N",
"helpText":"Effective date of the transfer. The default is todays processing date. This field cannot be modified for product transfers or product graduation transfers.<br/>If the TRANSFER TXN field on ARML12 is S (split), the EFFECTIVE DATE affects processing for transactions entering CMS with the old account number, as follows:<br/>CMS warehouses transactions with an effective date the same as or earlier than this date and posts them the next day on the new account number <br/>CMS posts transactions with an effective date later than this date to the old account number.<br/>CMS posts all payments, regardless of the effective date, to the new account."
}
,{
"fieldCode":"4015",
"fieldName":"Transfer Auth Days",
"fieldFormat":"2N",
"helpText":"Number of days that CMS will allow authorizations on the old (Transfer From) account after a product transfer or smart card transfer. This field displays only when you have initiated a product transfer or smart card transfer on the Locate screen (FUNCTION on ARXF00 is P or S). When displayed, CMS populates this field with the default value from the Logo record (XFR AUTH DAYS on ARML12)."
}
,{
"fieldCode":"4036",
"fieldName":"Retain Pin",
"fieldFormat":"1N",
"helpText":"Code that indicates whether a new PIN is generated during the fraud card transfer. The values are:<br/>0 = Retain old PIN; do not send PIN mailer<br/>1 = Generate a new PIN; send PIN mailer<br/>2 = Retain old PIN; send PIN mailer<br/>9 = Use the value defined in the GEN field on ARML06 when the ACTION field on ARML06 is set to L. (Default)"
}
,{
"fieldCode":"4037",
"fieldName":"Replcement Fee Indicator",
"fieldFormat":"1N",
"helpText":"Code that indicates whether card replacement fee needs to be charged for lost or stolen request. The values are:<br/>0 = Replacement fee not to be charged (Default)<br/>1 = Replacement fee to be charged."
}
,{
"fieldCode":"4037",
"fieldName":"Replcement Fee Indicator",
"fieldFormat":"1N",
"helpText":"Code that indicates whether card replacement fee needs to be charged for lost or stolen request. The values are:<br/>0 = Replacement fee not to be charged (Default)<br/>1 = Replacement fee to be charged."
}
,{
"fieldCode":"4009",
"fieldName":"Business Unit",
"fieldFormat":"3N",
"helpText":"Organization associated with the account. You cannot copy or transfer an account outside its original organization."
}
,{
"fieldCode":"4038",
"fieldName":"New Account",
"fieldFormat":"19C",
"helpText":"Identification number of the Transferred-To card scheme 3 account. This field is system-generated; you cannot change it."
}
]},"sections": {
"section0":""
,
"section1":"ARXF01�Account Transfer Detail"
}}
