{"data":{
"section0":[
],"section1":[
{
"fieldCode":"",
"fieldName":"MESSAGE TITLE",
"fieldFormat":"20C",
"helpText":"Title of the message."
}
,{
"fieldCode":"",
"fieldName":"ROUTE TO ALL",
"fieldFormat":"1C",
"helpText":"Code that identifies whether the message you are sending will be broadcast to all representatives. The values are:<br/>Y = Yes<br/>N = No. (Default)<br/>This field appears only in the add mode."
}
,{
"fieldCode":"",
"fieldName":"EXPIRATION DATE",
"fieldFormat":"8N",
"helpText":"Date when the message is set to expire."
}
,{
"fieldCode":"",
"fieldName":"ASM BUSINESS UNIT START",
"fieldFormat":"3N",
"helpText":"Starting range of the org for which all representatives are to receive the message you are sending."
}
,{
"fieldCode":"",
"fieldName":"ASM BUSINESS UNIT END",
"fieldFormat":"20C",
"helpText":"Ending range of the org for which all representatives are to receive the message you are sending."
}
,{
"fieldCode":"",
"fieldName":"MESSAGE TEST",
"fieldFormat":"60C<br/>(appears 6 times)",
"helpText":"Message text."
}
,{
"fieldCode":"",
"fieldName":"EDIT BUSINESS UNIT",
"fieldFormat":"3N<br/>(appears 10 times)",
"helpText":"ASM organization number from where the message originated."
}
,{
"fieldCode":"",
"fieldName":"EDIT REP",
"fieldFormat":"3C<br/>(appears 10 times)",
"helpText":"ASM representative id who originated the messages."
}
,{
"fieldCode":"",
"fieldName":"FUNCTIONAL SERVICE RESULT",
"fieldFormat":"40C",
"helpText":"This field displays the result of add request."
}
]},"sections": {
"section0":""
,
"section1":"MESSAGE BOARD ADD ASAM"
}}
