{"data":{
"section0":[
],"section1":[
{
"fieldCode":"0101",
"fieldName":"SECURITY SIGN ON",
"fieldFormat":"20C",
"helpText":"User�s sign-on in security system."
}
,{
"fieldCode":"0102",
"fieldName":"SIGN ON NAME",
"fieldFormat":"20C",
"helpText":"User�s sign-on name."
}
,{
"fieldCode":"4001",
"fieldName":"BUSINESS UNIT",
"fieldFormat":"3N",
"helpText":"Number that identifies the CMS business unit associated with the account. This number must be within the CMS business unit range specified on your Security record. Both your assigned ASM business unit record and representative record must permit access."
}
,{
"fieldCode":"4002",
"fieldName":"ACCOUNT NBR",
"fieldFormat":"19N",
"helpText":"Number that identifies the CMS business unit associated with the account. This number must be within the CMS business unit range specified on your Security record. Both your assigned ASM business unit record and representative record must permit access."
}
,{
"fieldCode":"4003",
"fieldName":"MEMO MESSAGE LINE 1",
"fieldFormat":"79C<br/>(appears 20 times)",
"helpText":"This field is used to enter a note for the action to be taken."
}
,{
"fieldCode":"4004",
"fieldName":"MEMO MESSAGE LINE 2",
"fieldFormat":"79C<br/>(appears 20 times)",
"helpText":"This field is used to enter a note for the action to be taken."
}
,{
"fieldCode":"4005",
"fieldName":"MEMO MESSAGE LINE 3",
"fieldFormat":"79C<br/>(appears 20 times)",
"helpText":"This field is used to enter a note for the action to be taken."
}
,{
"fieldCode":"4006",
"fieldName":"MEMO MESSAGE LINE 4",
"fieldFormat":"79C<br/>(appears 20 times)",
"helpText":"This field is used to enter a note for the action to be taken."
}
,{
"fieldCode":"4007",
"fieldName":"MEMO MESSAGE LINE 5",
"fieldFormat":"79C<br/>(appears 20 times)",
"helpText":"This field is used to enter a note for the action to be taken."
}
,{
"fieldCode":"4019",
"fieldName":"MEMO MESSAGE LINE 6",
"fieldFormat":"79C<br/>(appears 20 times)",
"helpText":"This field is used to enter a note for the action to be taken."
}
,{
"fieldCode":"4020",
"fieldName":"MEMO MESSAGE LINE 7",
"fieldFormat":"79C<br/>(appears 20 times)",
"helpText":"This field is used to enter a note for the action to be taken."
}
,{
"fieldCode":"4021",
"fieldName":"MEMO MESSAGE LINE 8",
"fieldFormat":"79C<br/>(appears 20 times)",
"helpText":"This field is used to enter a note for the action to be taken."
}
,{
"fieldCode":"4022",
"fieldName":"MEMO MESSAGE LINE 9",
"fieldFormat":"79C<br/>(appears 20 times)",
"helpText":"This field is used to enter a note for the action to be taken."
}
,{
"fieldCode":"4023",
"fieldName":"MEMO MESSAGE LINE 10",
"fieldFormat":"79C<br/>(appears 20 times)",
"helpText":"This field is used to enter a note for the action to be taken."
}
,{
"fieldCode":"4009",
"fieldName":"BUSINESS UNIT",
"fieldFormat":"3N",
"helpText":"Number that identifies the CMS business unit associated with the account. This number must be within the CMS business unit range specified on your Security record. Both your assigned ASM business unit record and representative record must permit access."
}
,{
"fieldCode":"4010",
"fieldName":"ACCOUNT NUMBER",
"fieldFormat":"19N",
"helpText":"Number that identifies the CMS business unit associated with the account. This number must be within the CMS business unit range specified on your Security record. Both your assigned ASM business unit record and representative record must permit access."
}
,{
"fieldCode":"4011",
"fieldName":"HISTORY DATE",
"fieldFormat":"",
"helpText":"This field displays the history date associated with the transaction."
}
,{
"fieldCode":"4012",
"fieldName":"HISTORY TIME",
"fieldFormat":"7N",
"helpText":"This field displays the history time associated with the transaction."
}
,{
"fieldCode":"4013",
"fieldName":"RECORD TYPE",
"fieldFormat":"1C",
"helpText":"This field displays the record type of the transaction. The values are:<br/>F = Prepaid<br/>I = Information<br/>M = Monetary<br/>N = Nonmonetary<br/>T = Transcript<br/>1 = Action<br/>2 = Maint<br/>3 = Memo."
}
,{
"fieldCode":"4003",
"fieldName":"MEMO MESSAGE LINE 1",
"fieldFormat":"79C<br/>(appears 20 times)",
"helpText":"This field is used to enter a note for the action to be taken."
}
,{
"fieldCode":"4004",
"fieldName":"MEMO MESSAGE LINE 2",
"fieldFormat":"79C<br/>(appears 20 times)",
"helpText":"This field is used to enter a note for the action to be taken."
}
,{
"fieldCode":"4005",
"fieldName":"MEMO MESSAGE LINE 3",
"fieldFormat":"79C<br/>(appears 20 times)",
"helpText":"This field is used to enter a note for the action to be taken."
}
,{
"fieldCode":"4006",
"fieldName":"MEMO MESSAGE LINE 4",
"fieldFormat":"79C<br/>(appears 20 times)",
"helpText":"This field is used to enter a note for the action to be taken."
}
,{
"fieldCode":"4007",
"fieldName":"MEMO MESSAGE LINE 5",
"fieldFormat":"79C<br/>(appears 20 times)",
"helpText":"This field is used to enter a note for the action to be taken."
}
,{
"fieldCode":"4019",
"fieldName":"MEMO MESSAGE LINE 6",
"fieldFormat":"79C<br/>(appears 20 times)",
"helpText":"This field is used to enter a note for the action to be taken."
}
,{
"fieldCode":"4020",
"fieldName":"MEMO MESSAGE LINE 7",
"fieldFormat":"79C<br/>(appears 20 times)",
"helpText":"This field is used to enter a note for the action to be taken."
}
,{
"fieldCode":"4021",
"fieldName":"MEMO MESSAGE LINE 8",
"fieldFormat":"79C<br/>(appears 20 times)",
"helpText":"This field is used to enter a note for the action to be taken."
}
,{
"fieldCode":"4022",
"fieldName":"MEMO MESSAGE LINE 9",
"fieldFormat":"79C<br/>(appears 20 times)",
"helpText":"This field is used to enter a note for the action to be taken."
}
,{
"fieldCode":"4023",
"fieldName":"MEMO MESSAGE LINE 10",
"fieldFormat":"79C<br/>(appears 20 times)",
"helpText":"This field is used to enter a note for the action to be taken."
}
,{
"fieldCode":"4018",
"fieldName":"MEMO UPDATE",
"fieldFormat":"1C",
"helpText":"Code that indicates whether online modification to memo updates is allowed for the business unit. The values are:<br/>0 = Not allowed (Default)<br/>1 = Allowed."
}
]},"sections": {
"section0":""
,
"section1":"DELETE HISTORY LOCATE"
}}
