{"data":{
"section0":[
],"section1":[
{
"fieldCode":"4001",
"fieldName":"BUSINESS UNIT",
"fieldFormat":"3N",
"helpText":"Number that identifies the CMS business unit associated with the account. This number must be within the CMS business unit range specified on your Security record. Both your assigned ASM organization record and representative record must permit access."
}
,{
"fieldCode":"4006",
"fieldName":"CASE NUMBER",
"fieldFormat":"11N",
"helpText":"Number assigned to action items to be displayed. The system displays all items with this case number, regardless of the representative who initiated the action or the account number to which the system has assigned the action item."
}
,{
"fieldCode":"4002",
"fieldName":"ACCOUNT NUMBER",
"fieldFormat":"19N",
"helpText":"Number that identifies the account. You can enter either a card number or an account number. If you enter a card number, ASM looks up the associated post-to account number and displays it in this field when you press submit."
}
,{
"fieldCode":"4004",
"fieldName":"STARTING DATE",
"fieldFormat":"DATE",
"helpText":"Date to be used to start the search. ASM displays the first action initiated on this date in the Contact History list."
}
,{
"fieldCode":"4007",
"fieldName":"ACTION",
"fieldFormat":"4C",
"helpText":"Action code used to further define the history search. ASM displays all items with this action code for the account selected."
}
],"section2":[
{
"fieldCode":"5001",
"fieldName":"BUSINESS UNIT",
"fieldFormat":"3N",
"helpText":"Number that identifies the CMS business unit associated with the account. This number must be within the CMS business unit range specified on your Security record. Both your assigned ASM organization record and representative record must permit access."
}
,{
"fieldCode":"5003",
"fieldName":"ACCOUNT NUMBER",
"fieldFormat":"19N",
"helpText":"Number that identifies the account. You can enter either a card number or an account number. If you enter a card number, ASM looks up the associated post-to account number and displays it in this field when you press submit."
}
,{
"fieldCode":"5005",
"fieldName":"STARTING DATE",
"fieldFormat":"DATE",
"helpText":"Date to be used to start the search. ASM displays the first action initiated on this date in the Contact History list."
}
,{
"fieldCode":"5007",
"fieldName":"CASE NUMBER",
"fieldFormat":"11N",
"helpText":"Number assigned to action items to be displayed. The system displays all items with this case number, regardless of the representative who initiated the action or the account number to which the system has assigned the action item."
}
,{
"fieldCode":"5008",
"fieldName":"ACTION",
"fieldFormat":"4C",
"helpText":"Action code used to further define the history search. ASM displays all items with this action code for the account selected. When a card scheme 3 account transfer and card replacement occurs, one of the cards transferred to the new account may have the same number as the old transferred-from account number. If the number you enter on the Home Page meets this condition, ASM displays the following additional locate fields where you select which account to access."
}
,{
"fieldCode":"5002",
"fieldName":"LABEL",
"fieldFormat":"",
"helpText":""
}
,{
"fieldCode":"5010",
"fieldName":"SELECT",
"fieldFormat":"",
"helpText":""
}
]},"sections": {
"section0":""
,
"section1":"Contact History Display ASHI"
,
"section2":"Contact History Display ASHI-01-Display History"
}}
