{"data":{
"section0":[
],"section1":[
{
"fieldCode":"5001",
"fieldName":"BUSINESS UNIT",
"fieldFormat":"3N",
"helpText":"Identification number of the CMS business unit for this account."
}
,{
"fieldCode":"5002",
"fieldName":"ACCOUNT NUMBER",
"fieldFormat":"19N",
"helpText":"Number that identifies the account+D7."
}
,{
"fieldCode":"5002",
"fieldName":"PRODUCT DESCRIPTION",
"fieldFormat":"30C",
"helpText":"Description of the accounts product."
}
,{
"fieldCode":"5004",
"fieldName":"SHORT NAME",
"fieldFormat":"20C",
"helpText":"Customers short name displayed in the first 20 characters of the second display line."
}
,{
"fieldCode":"5005",
"fieldName":"CURRENT BALANCE",
"fieldFormat":"15N",
"helpText":"Total outstanding current balance of the account. For non-prepaid card accounts, a minus sign (-) after this amount indicates a credit balance.<br/>For prepaid card accounts, a C after this amount indicates a credit balance and a D after this amount indicates a debit balance."
}
,{
"fieldCode":"5006",
"fieldName":"OPEN TO BUY",
"fieldFormat":"17N",
"helpText":"Current open-to-buy amount of the account. CMS calculates the open-to-buy amount as follows:<br/>Total credit limit multiplied by (*) over limit percentage<br/>minus (-) current balance<br/>plus    (+) loan balance<br/>minus (-) memo debits<br/>plus    (+) memo credits<br/>plus    (+) account reserve amount<br/>minus (-) loan OTB balance (if OPEN TO BUY LOAN AMOUNT on Products -> 14 - Product Processing Additional is 1)<br/>plus    (+) dispute balance (if INCLUDE DISPUTED AMOUNTS on Products -> 14 -Product Processing Additional is 1)"
}
,{
"fieldCode":"5007",
"fieldName":"MEMO BALANCE",
"fieldFormat":"15N",
"helpText":"Memo balance of the account. CMS calculates the memo balance as follows:<br/>Current balance<br/>plus    (+) memo debits<br/>minus (-) memo credits<br/>For non-prepaid card accounts, a minus sign (-) after this amount indicates a credit balance.<br/>For prepaid card accounts, a C after this amount indicates a credit balance and a D after this amount indicates a debit balance.<br/>Each action displays detail concerning the retained actions. The information displayed varies according to type of action code<br/>(monetary, nonmonetary, transcript, point, inquiry, or prepaid funding). The first column displays the representatives ID followed by the representatives assigned ASM business unit number."
}
,{
"fieldCode":"5023",
"fieldName":"WHEN OTHER",
"fieldFormat":"1C",
"helpText":"1 byte alphanumeric field."
}
,{
"fieldCode":"5024",
"fieldName":"ACTION",
"fieldFormat":"4C",
"helpText":"Action code used to further define the history search. ASM displays all items with this action code for the account selected."
}
,{
"fieldCode":"5003",
"fieldName":"MEMO MESSAGE LINE 1",
"fieldFormat":"79C",
"helpText":"This field is used to enter a note for the action to be taken."
}
,{
"fieldCode":"5004",
"fieldName":"MEMO MESSAGE LINE 2",
"fieldFormat":"79C",
"helpText":"This field is used to enter a note for the action to be taken."
}
,{
"fieldCode":"5005",
"fieldName":"MEMO MESSAGE LINE 3",
"fieldFormat":"79C",
"helpText":"This field is used to enter a note for the action to be taken."
}
,{
"fieldCode":"5006",
"fieldName":"MEMO MESSAGE LINE 4",
"fieldFormat":"79C",
"helpText":"This field is used to enter a note for the action to be taken."
}
,{
"fieldCode":"5007",
"fieldName":"MEMO MESSAGE LINE 5",
"fieldFormat":"79C",
"helpText":"This field is used to enter a note for the action to be taken."
}
,{
"fieldCode":"5104",
"fieldName":"MEMO MESSAGE LINE 6",
"fieldFormat":"79C",
"helpText":"This field is used to enter a note for the action to be taken."
}
,{
"fieldCode":"5015",
"fieldName":"MEMO MESSAGE LINE 7",
"fieldFormat":"79C",
"helpText":"This field is used to enter a note for the action to be taken."
}
,{
"fieldCode":"5016",
"fieldName":"MEMO MESSAGE LINE 8",
"fieldFormat":"79C",
"helpText":"This field is used to enter a note for the action to be taken."
}
,{
"fieldCode":"5017",
"fieldName":"MEMO MESSAGE LINE 9",
"fieldFormat":"79C",
"helpText":"This field is used to enter a note for the action to be taken."
}
,{
"fieldCode":"5018",
"fieldName":"MEMO MESSAGE LINE 10",
"fieldFormat":"79C",
"helpText":"This field is used to enter a note for the action to be taken."
}
,{
"fieldCode":"9990",
"fieldName":"MEMO MESSAGE LINE 11",
"fieldFormat":"79C",
"helpText":"This field is used to enter a note for the action to be taken."
}
,{
"fieldCode":"9991",
"fieldName":"MEMO MESSAGE LINE 12",
"fieldFormat":"79C",
"helpText":"This field is used to enter a note for the action to be taken."
}
,{
"fieldCode":"9992",
"fieldName":"MEMO MESSAGE LINE 13",
"fieldFormat":"79C",
"helpText":"This field is used to enter a note for the action to be taken."
}
,{
"fieldCode":"9993",
"fieldName":"MEMO MESSAGE LINE 14",
"fieldFormat":"79C",
"helpText":"This field is used to enter a note for the action to be taken."
}
,{
"fieldCode":"9994",
"fieldName":"MEMO MESSAGE LINE 15",
"fieldFormat":"79C",
"helpText":"This field is used to enter a note for the action to be taken."
}
,{
"fieldCode":"9995",
"fieldName":"MEMO MESSAGE LINE 16",
"fieldFormat":"79C",
"helpText":"This field is used to enter a note for the action to be taken."
}
,{
"fieldCode":"9996",
"fieldName":"MEMO MESSAGE LINE 17",
"fieldFormat":"79C",
"helpText":"This field is used to enter a note for the action to be taken."
}
,{
"fieldCode":"9997",
"fieldName":"MEMO MESSAGE LINE 18",
"fieldFormat":"79C",
"helpText":"This field is used to enter a note for the action to be taken."
}
,{
"fieldCode":"9998",
"fieldName":"MEMO MESSAGE LINE 19",
"fieldFormat":"79C",
"helpText":"This field is used to enter a note for the action to be taken."
}
,{
"fieldCode":"9999",
"fieldName":"MEMO MESSAGE LINE 20",
"fieldFormat":"79C",
"helpText":"This field is used to enter a note for the action to be taken."
}
,{
"fieldCode":"5022",
"fieldName":"CASE NUMBER",
"fieldFormat":"11N",
"helpText":"Number assigned to action items to be displayed. The system displays all items with this case number, regardless of the representative who initiated the action or the account number to which the system has assigned the action item."
}
,{
"fieldCode":"5026",
"fieldName":"STATUS",
"fieldFormat":"1C",
"helpText":"This field is used to display the status of the memo. The values are:<br/>O = Open<br/>C = Closed."
}
,{
"fieldCode":"0000",
"fieldName":"BUTTON",
"fieldFormat":"",
"helpText":"Close button is used to set the status of the memo to Close."
}
]},"sections": {
"section0":""
,
"section1":"Display History Locate- 01-Display History"
}}
