{"data":{
"section0":[
],"section1":[
{
"fieldCode":"4001",
"fieldName":"BUSINESS UNIT",
"fieldFormat":"3N",
"helpText":"Number that identifies the CMS business unit associated with the account. This number must be within the CMS business unit range specified on your Security record. Both your assigned ASM business unit record and representative record must permit access."
}
,{
"fieldCode":"4010",
"fieldName":"ACCOUNT NUMBER",
"fieldFormat":"19N",
"helpText":"Number that identifies the CMS business unit associated with the account. This number must be within the CMS business unit range specified on your Security record. Both your assigned ASM business unit record and representative record must permit access."
}
,{
"fieldCode":"4006",
"fieldName":"SELECT",
"fieldFormat":"",
"helpText":"Use the select button to view the Sequence number of a specific message."
}
,{
"fieldCode":"4007",
"fieldName":"CURRENT PURGE DATE",
"fieldFormat":"7N",
"helpText":"Current Purge Date"
}
,{
"fieldCode":"4008",
"fieldName":"NEW PURGE DATE",
"fieldFormat":"7N",
"helpText":"New Purge Date"
}
,{
"fieldCode":"4009",
"fieldName":"BUSINESS UNIT",
"fieldFormat":"3N",
"helpText":"Number that identifies the CMS business unit associated with the account. This number must be within the CMS business unit range specified on your Security record. Both your assigned ASM business unit record and representative record must permit access."
}
,{
"fieldCode":"4010",
"fieldName":"ACCOUNT NUMBER",
"fieldFormat":"19N",
"helpText":"Number that identifies the CMS business unit associated with the account. This number must be within the CMS business unit range specified on your Security record. Both your assigned ASM business unit record and representative record must permit access."
}
,{
"fieldCode":"4011",
"fieldName":"HISTORY DATE",
"fieldFormat":"",
"helpText":"This field displays the history date associated with the transaction."
}
,{
"fieldCode":"4012",
"fieldName":"HISTORY TIME",
"fieldFormat":"7N",
"helpText":"This field displays the history time associated with the transaction."
}
,{
"fieldCode":"4013",
"fieldName":"RECORD TYPE",
"fieldFormat":"1C",
"helpText":"This field displays the record type of the transaction. The values are:<br/>F = Prepaid<br/>I = Information<br/>M = Monetary<br/>N = Nonmonetary<br/>T = Transcript<br/>1 = Action<br/>2 = Maint<br/>3 = Memo."
}
,{
"fieldCode":"0101",
"fieldName":"SECURITY SIGN ON",
"fieldFormat":"20C",
"helpText":"User�s sign-on in security system."
}
,{
"fieldCode":"0102",
"fieldName":"SIGN ON NAME",
"fieldFormat":"20C",
"helpText":"User�s sign-on name."
}
]},"sections": {
"section0":""
,
"section1":"DELETE HISTORY LOCATE"
}}
