{"data":{
"section0":[
],"section1":[
{
"fieldCode":"5001",
"fieldName":"BUSINESS UNIT",
"fieldFormat":"3N",
"helpText":"Identification number of the CMS business unit for this account."
}
,{
"fieldCode":"5002",
"fieldName":"PRODUCT",
"fieldFormat":"3N",
"helpText":"Description of the accounts product."
}
,{
"fieldCode":"5003",
"fieldName":"ACCOUNT NUMBER",
"fieldFormat":"19N",
"helpText":"Number that identifies the account."
}
,{
"fieldCode":"5004",
"fieldName":"SHORT NAME",
"fieldFormat":"20C",
"helpText":"Customers short name displayed in the first 20 characters of the second display line."
}
,{
"fieldCode":"5005",
"fieldName":"CURRENT BALANCE",
"fieldFormat":"15N",
"helpText":"Total outstanding current balance of the account. For non-prepaid card accounts, a minus sign (-) after this amount indicates a credit balance. For prepaid card accounts, a C after this amount indicates a credit balance and a D after this amount indicates a debit balance."
}
,{
"fieldCode":"5006",
"fieldName":"OTB",
"fieldFormat":"15N",
"helpText":"Current open-to-buy amount of the account. CMS calculates the open-to-buy amount as follows:<br/>Total credit limit multiplied by (*) overlimit percentage minus (-) current balance (if OPEN TO BUY LOAN AMOUNT on Products -> 14 - Product Processing Additional is 1)<br/>plus     (+) loan balance<br/>minus  (-) memo debits<br/>plus     (+) memo credits<br/>plus     (+) account reserve amount<br/>minus (-) loan OTB balance<br/>plus     (+) dispute balance."
}
,{
"fieldCode":"5007",
"fieldName":"MEMO BALANCE",
"fieldFormat":"15N",
"helpText":"Memo balance of the account. CMS calculates the memo balance as follows:<br/>Current balance plus (+) memo debits minus (-) memo credits<br/>For non-prepaid card accounts, a minus sign (-) after this amount indicates a credit balance. For prepaid card accounts, a C after this amount indicates a credit balance and a D after this amount indicates a debit balance."
}
,{
"fieldCode":"5008",
"fieldName":"FORMAT MESSAGE LINE1",
"fieldFormat":"71C",
"helpText":"This field is used to display the formatted message."
}
,{
"fieldCode":"5010",
"fieldName":"FORMAT MESSAGE LINE2",
"fieldFormat":"71C",
"helpText":"This field is used to display the formatted message."
}
,{
"fieldCode":"5011",
"fieldName":"FORMAT MESSAGE LINE3",
"fieldFormat":"71C",
"helpText":"This field is used to display the formatted message."
}
,{
"fieldCode":"5012",
"fieldName":"FORMAT MESSAGE LINE4",
"fieldFormat":"71C",
"helpText":"This field is used to display the formatted message."
}
,{
"fieldCode":"5013",
"fieldName":"FORMAT MESSAGE LINE5",
"fieldFormat":"71C",
"helpText":"This field is used to display the formatted message."
}
,{
"fieldCode":"5014",
"fieldName":"FORMAT MESSAGE LINE6",
"fieldFormat":"71C",
"helpText":"This field is used to display the formatted message."
}
,{
"fieldCode":"5015",
"fieldName":"FORMAT MESSAGE LINE7",
"fieldFormat":"71C",
"helpText":"This field is used to display the formatted message."
}
,{
"fieldCode":"5016",
"fieldName":"FORMAT MESSAGE LINE8",
"fieldFormat":"71C",
"helpText":"This field is used to display the formatted message."
}
,{
"fieldCode":"5017",
"fieldName":"FORMAT MESSAGE LINE9",
"fieldFormat":"71C",
"helpText":"This field is used to display the formatted message."
}
,{
"fieldCode":"5018",
"fieldName":"FORMAT MESSAGE LINE10",
"fieldFormat":"71C",
"helpText":"This field is used to display the formatted message."
}
,{
"fieldCode":"5009",
"fieldName":"NEW PRI",
"fieldFormat":"1N",
"helpText":"Priority code you are assigning to the action code. The values are: <br/>0 = Unspecified priority<br/>1 = Low priority<br/>2 = Medium priority<br/>3 = High priority."
}
,{
"fieldCode":"9999",
"fieldName":"BUTTON",
"fieldFormat":"",
"helpText":"Update button is used to update the NEW PRI field. Once the update is clicked it will update the New field and a new service is been called to provide the output."
}
]},"sections": {
"section0":""
,
"section1":"History By Priority- 01-History By Priority"
}}
