{"data":{
"section0":[
],"section1":[
{
"fieldCode":"4001",
"fieldName":"DATE",
"fieldFormat":"8N",
"helpText":"Date when the message was entered."
}
,{
"fieldCode":"4002",
"fieldName":"TIME",
"fieldFormat":"6N",
"helpText":"Time when the message was added. The format is HH:MM: SS. This field is system-generated and cannot be modified."
}
,{
"fieldCode":"4003",
"fieldName":"FROM ORG",
"fieldFormat":"3N",
"helpText":"This field displays the ASM business unit number."
}
,{
"fieldCode":"4004",
"fieldName":"FROM REP ID",
"fieldFormat":"3C",
"helpText":"The field is the identification of the representative who sent the message. This field always displays your representative ID."
}
,{
"fieldCode":"4005",
"fieldName":"TITLE",
"fieldFormat":"20C",
"helpText":"Title of the message."
}
,{
"fieldCode":"4006",
"fieldName":"EXPIRE DATE",
"fieldFormat":"8N",
"helpText":"Date when the message is set to expire. ASM converts dates entered in YY format to YYYY format.In the inquiry mode, this field is system-generated and cannot be modified."
}
,{
"fieldCode":"4009",
"fieldName":"REP ID",
"fieldFormat":"3C",
"helpText":"Default value is spaces. Enter one of the following values to obtain the specified results:<br/>Representative ID = Messages to a specific representative<br/>LV# = Messages to representatives of a specific security level for the ASM business unit<br/>asterisk = Messages to all representatives in the ASM business unit<br/>Spaces = All messages for the ASM business unit.<br/>Note: ASM displays personal messages only if you enter a specific representative ID."
}
,{
"fieldCode":"4008",
"fieldName":"ACTION",
"fieldFormat":"4C",
"helpText":"Action code used to further define the history search. ASM displays all items with this action code for the account selected."
}
,{
"fieldCode":"4007",
"fieldName":"MESSAGE",
"fieldFormat":"60C",
"helpText":"Message text.In the inquiry mode, these fields are system-generated and cannot be modified."
}
]},"sections": {
"section0":""
,
"section1":"Message Board2"
}}
