{"data":{
"section0":[
],"section1":[
{
"fieldCode":"",
"fieldName":"NEW PRI",
"fieldFormat":"1N",
"helpText":"Priority code you are assigning to the action code. The values are:<br/>0 = Unspecified priority<br/>1 = Low priority<br/>2 = Medium priority<br/>3 = High priority."
}
,{
"fieldCode":"",
"fieldName":"ASHM KEY",
"fieldFormat":"37C",
"helpText":"This field displays the whole key of ASHM."
}
,{
"fieldCode":"",
"fieldName":"BUSINESS UNIT",
"fieldFormat":"3N",
"helpText":"Number that identifies the CMS business unit for this account."
}
,{
"fieldCode":"",
"fieldName":"PRODUCT",
"fieldFormat":"3N",
"helpText":"Description of the logo."
}
,{
"fieldCode":"",
"fieldName":"ACCOUNT NUMBER",
"fieldFormat":"19N",
"helpText":"Number that identifies the account."
}
]},"sections": {
"section0":""
,
"section1":"HISTORY BY PRIORITY 1"
}}
