{"data":{
"section0":[
],"section1":[
{
"fieldCode":"0101",
"fieldName":"SECURITY SIGNON",
"fieldFormat":"20C",
"helpText":"Field that indicates the users sign-on in security system."
}
,{
"fieldCode":"0102",
"fieldName":"SIGNON NAME",
"fieldFormat":"20C",
"helpText":"Field that indicates the users sign-on name."
}
,{
"fieldCode":"5033",
"fieldName":"DECISION",
"fieldFormat":"1C",
"helpText":"This field is used as an indicator which helps to identify whether the transaction is approved or declined."
}
,{
"fieldCode":"4004",
"fieldName":"CMS BUSINESS UNIT",
"fieldFormat":"3N",
"helpText":"Number that identifies the CMS business unit associated with the account. This number must be within the CMS business unit range specified on your Security record. Both your assigned ASM organization record and representative record must also permit access."
}
,{
"fieldCode":"5049",
"fieldName":"ACCOUNT NUMBER",
"fieldFormat":"19C",
"helpText":"This field is used as the identification number of the account associated with the transaction."
}
,{
"fieldCode":"5005",
"fieldName":"ACTION CODE",
"fieldFormat":"5C",
"helpText":"Action code placed on the account."
}
,{
"fieldCode":"5023",
"fieldName":"EFFECTIVE DATE",
"fieldFormat":"",
"helpText":"Date when this action is to take effect. ASM justifies any date entered. The format is either MMDDYYYY (U.S.) or DDMMYYYY (international) depending on the DATE FORMAT selection made on the CMS System record (System Control -> 01-System Processing Calendar). If this field is not a required field, the default is the next processing date.<br/>NOTE:  ASM determines whether you need to make an entry in this field by the value set in the EFFECTIVE DATE REQUIRED field on the Action Code record (Action Codes -Monetary 01-Monetary Action Details)."
}
,{
"fieldCode":"5024",
"fieldName":"TRANSACTION AMOUNT",
"fieldFormat":"15N/2D",
"helpText":"Transaction amount to be posted."
}
,{
"fieldCode":"5025",
"fieldName":"PLAN NUMBER",
"fieldFormat":"5N",
"helpText":"Credit plan number associated with the transaction."
}
,{
"fieldCode":"5030",
"fieldName":"STORE NUMBER",
"fieldFormat":"9N",
"helpText":"Store number associated with the transaction."
}
,{
"fieldCode":"4001",
"fieldName":"ASM BUSINESS UNIT",
"fieldFormat":"3N",
"helpText":"This field displays the ASM business unit number who performed the action."
}
,{
"fieldCode":"4002",
"fieldName":"ASM REPRESENTATIVE",
"fieldFormat":"3C",
"helpText":"This field displays the identification of the representative who performed the action."
}
,{
"fieldCode":"5050",
"fieldName":"FOREIGN USE INDICATOR",
"fieldFormat":"1N",
"helpText":"This field helps to provide details of which account needs to be used for the transaction.<br/>The values are:<br/>Zero, space,<br/>or low-values = Local account<br/>1 = Foreign account."
}
,{
"fieldCode":"4040",
"fieldName":"H/P/R",
"fieldFormat":"1C",
"helpText":"Code that controls what ASM should do with this action. The values are:<br/>H = Hold suspends further processing of this action and places it in your pending queue. This value does not apply to the prepaid funding action<br/>P = Process submits the action for completion or automatic system referral to another representative (Default)<br/>R = Refer tells ASM to manually refer this action to another representative for processing. This value does not apply to the prepaid funding action."
}
,{
"fieldCode":"4007",
"fieldName":"LINE DATA 1",
"fieldFormat":"60C",
"helpText":"This field is used to enter a note for the action to be taken."
}
,{
"fieldCode":"4008",
"fieldName":"LINE DATA 2",
"fieldFormat":"60C",
"helpText":"This field is used to enter a note for the action to be taken."
}
,{
"fieldCode":"4009",
"fieldName":"LINE DATA 3",
"fieldFormat":"60C",
"helpText":"This field is used to enter a note for the action to be taken."
}
,{
"fieldCode":"4010",
"fieldName":"LINE DATA 4",
"fieldFormat":"60C",
"helpText":"This field is used to enter a note for the action to be taken."
}
,{
"fieldCode":"4011",
"fieldName":"LINE DATA 5",
"fieldFormat":"60C",
"helpText":"This field is used to enter a note for the action to be taken."
}
,{
"fieldCode":"4041",
"fieldName":"INST TYPE",
"fieldFormat":"1N",
"helpText":"Code that indicates the type of the installment transaction. The values are:<br/>0 = Other retail (Default)<br/>1 = Issuer installment<br/>2 = Reserved<br/>3 = Acquirer installment."
}
,{
"fieldCode":"4042",
"fieldName":"INST NBR",
"fieldFormat":"2N",
"helpText":"Total number of installments for the transaction agreed to by the cardholder. The values are 00–99. The default value is 00."
}
,{
"fieldCode":"4043",
"fieldName":"BEG INST SEQ",
"fieldFormat":"2N",
"helpText":"This field indicates the individual billed installment or the first installment sequence from the range of installments flagged to release early from the installment billing file. The values are 00–99. The default value is 00."
}
,{
"fieldCode":"4015",
"fieldName":"PLAN SEQUENCE",
"fieldFormat":"2N",
"helpText":"Sequence number of the plan segment associated with the transaction."
}
,{
"fieldCode":"5064",
"fieldName":"DEPARTMENT CODE",
"fieldFormat":"4C",
"helpText":"This field displays the identification of the department code associated with the transaction."
}
,{
"fieldCode":"4017",
"fieldName":"AUTHORIZATION CODE",
"fieldFormat":"4C",
"helpText":"Authorization code associated with the transaction."
}
,{
"fieldCode":"5031",
"fieldName":"SKU NUMBER",
"fieldFormat":"9N",
"helpText":"SKU number associated with the transaction."
}
,{
"fieldCode":"4020",
"fieldName":"SALES CLERK",
"fieldFormat":"12C",
"helpText":"Sales clerk associated with the transaction."
}
,{
"fieldCode":"5020",
"fieldName":"LETTER CODE",
"fieldFormat":"3C",
"helpText":"This field displays the identification number of the Letter."
}
,{
"fieldCode":"5019",
"fieldName":"LETTER BUSINESS UNIT",
"fieldFormat":"3N",
"helpText":"This field displays the identification number of the business unit associated with the Letter."
}
,{
"fieldCode":"5021",
"fieldName":"CARD NUMBER",
"fieldFormat":"19C",
"helpText":"This field displays the identification number of the card associated with this action."
}
,{
"fieldCode":"4024",
"fieldName":"CARD SEQUENCE",
"fieldFormat":"4N",
"helpText":"This field represents the card sequence number associated with the card number of the transaction. The default value for this field is 0001.<br/>Note: For card scheme 2 accounts (CARD SCHEME field on the CMS Account Base Segment has a value of 2), the account number and all card numbers are the same; however, each card includes a unique sequence number. Therefore, if the CARD NUMBER is associated with a card scheme 2 account, you must update the CARD SEQUENCE NUMBER so that it corresponds to the appropriate card."
}
,{
"fieldCode":"5040",
"fieldName":"TICKET NUMBER",
"fieldFormat":"15C",
"helpText":"Ticket number (invoice number) associated with the transaction."
}
,{
"fieldCode":"5037",
"fieldName":"PURCHASE ORDER NUMBER",
"fieldFormat":"16C",
"helpText":"Purchase order number of the transaction."
}
,{
"fieldCode":"5039",
"fieldName":"REFERENCE NUMBER",
"fieldFormat":"24C",
"helpText":"This field is used for the identification of the reference number associated with the transaction."
}
,{
"fieldCode":"4028",
"fieldName":"INSURANCE CODE",
"fieldFormat":"2C",
"helpText":"Code that identifies the insurance product associated with the transaction."
}
,{
"fieldCode":"5003",
"fieldName":"ACTION CODE PRIORITY",
"fieldFormat":"1N",
"helpText":"This field helps to display the priority of the action code."
}
,{
"fieldCode":"4030",
"fieldName":"REFERRAL OPTION",
"fieldFormat":"1C",
"helpText":"This field helps to provide referral option manually. The values are:<br/>0, space <br/>or low-values = Referral off<br/>1 = Referral on."
}
,{
"fieldCode":"4031",
"fieldName":"REFERRAL REP BUSINESS UNIT",
"fieldFormat":"3N",
"helpText":"This field is the identification number of the Business unit of the referral representative."
}
,{
"fieldCode":"4032",
"fieldName":"REFERRAL REPRESENTATIVE ID",
"fieldFormat":"3C",
"helpText":"This field is the identification number of the referral representative."
}
,{
"fieldCode":"4033",
"fieldName":"CASE NUMBER",
"fieldFormat":"11N",
"helpText":"This field is the identification number of the case related to the transaction."
}
,{
"fieldCode":"5065",
"fieldName":"WALLET ID",
"fieldFormat":"3C",
"helpText":"This field is the identification number of the Wallet associated with the transaction."
}
,{
"fieldCode":"4036",
"fieldName":"FLAG",
"fieldFormat":"",
"helpText":""
}
,{
"fieldCode":"4037",
"fieldName":"MCC",
"fieldFormat":"4N",
"helpText":"Merchant category code (MCC) of the transaction, used by the real-time funds adjustment functionality to update the cardholders authorization statistics.<br/>Note: This field is required when the real-time funds adjustment functionality is active in CMS (AZML11) and you enter an action code that posts a memo for real-time funds adjustment (MEMO DB/CR field on ASMA01 is 2). The field is optional when the real-time funds adjustment functionality is inactive or MEMO DB/CR is not 2."
}
,{
"fieldCode":"5042",
"fieldName":"FUNDING CARD NUMBER",
"fieldFormat":"19C",
"helpText":"Funding card number associated with the transaction."
}
,{
"fieldCode":"5001",
"fieldName":"HISTORY DATE",
"fieldFormat":"",
"helpText":"This field displays the history date associated with the transaction."
}
,{
"fieldCode":"5002",
"fieldName":"HISTORY TIME",
"fieldFormat":"7N",
"helpText":"This field displays the history time associated with the transaction."
}
,{
"fieldCode":"5004",
"fieldName":"RECORD TYPE",
"fieldFormat":"1C",
"helpText":"This field displays the record type of the transaction. This field will have fixed value of M."
}
,{
"fieldCode":"5006",
"fieldName":"ACTION CODE DESCRIPTION",
"fieldFormat":"20C",
"helpText":"This field displays the description of the Action code placed on the account."
}
,{
"fieldCode":"5007",
"fieldName":"ACTION REP ID",
"fieldFormat":"3C",
"helpText":"This field displays the identification of the Collector ID."
}
,{
"fieldCode":"5009",
"fieldName":"COLLECTION SEQUENCE NUMBER",
"fieldFormat":"5N",
"helpText":"This field displays the CTA sequence number."
}
,{
"fieldCode":"5011",
"fieldName":"NOTES HISTORY STATUS",
"fieldFormat":"1C",
"helpText":"This field helps to identify the status of the notes. The valid values of the status are<br/>O = Open-held<br/>C = Closed<br/>R = Open-referred<br/>A = Approved<br/>D = Declined."
}
,{
"fieldCode":"5012",
"fieldName":"REP BUSINESS UNIT",
"fieldFormat":"3N",
"helpText":"This field displays the identification number of the business unit associated with the representative."
}
,{
"fieldCode":"5013",
"fieldName":"REFERRAL REP BUSINESS UNIT",
"fieldFormat":"3N",
"helpText":"This field displays the identification number of the business unit associated with the representative referred."
}
,{
"fieldCode":"5014",
"fieldName":"REFERRAL REP ID",
"fieldFormat":"3C",
"helpText":"This field displays the identification number of the representative referred."
}
,{
"fieldCode":"5015",
"fieldName":"NEXT REVIEW DATE",
"fieldFormat":"",
"helpText":"This field displays the date at which next review is triggered."
}
,{
"fieldCode":"5016",
"fieldName":"NEXT REVIEW TIME",
"fieldFormat":"7N",
"helpText":"This field displays the time at which next review is triggered."
}
,{
"fieldCode":"5017",
"fieldName":"NOTE PURGE DATE",
"fieldFormat":"",
"helpText":"This field displays the date at which the note is purged."
}
,{
"fieldCode":"5018",
"fieldName":"ACTION DATE",
"fieldFormat":"",
"helpText":"This field displays the date on which action is performed."
}
,{
"fieldCode":"5022",
"fieldName":"CARD SEQUENCE NUMBER",
"fieldFormat":"5N",
"helpText":"This field displays the sequence number associated with this card which belongs to the action."
}
,{
"fieldCode":"5026",
"fieldName":"PLAN SEQUENCE NUMBER",
"fieldFormat":"2N",
"helpText":"Sequence number of the plan segment associated with the transaction."
}
,{
"fieldCode":"5027",
"fieldName":"DEPARTMENT NUMBER",
"fieldFormat":"4C",
"helpText":"Department associated with the transaction."
}
,{
"fieldCode":"5028",
"fieldName":"AUTHORIZATION NUMBER",
"fieldFormat":"6C",
"helpText":"Authorization code associated with the transaction."
}
,{
"fieldCode":"5029",
"fieldName":"STORE BUSINESS UNIT",
"fieldFormat":"3N",
"helpText":"This field is used to display the identification number of the Business unit associated with the store."
}
,{
"fieldCode":"5032",
"fieldName":"CLERK",
"fieldFormat":"12C",
"helpText":"Sales clerk associated with the transaction."
}
,{
"fieldCode":"5034",
"fieldName":"TRANSACTION TYPE",
"fieldFormat":"1C",
"helpText":"This field is used to identify the type of the transaction."
}
,{
"fieldCode":"5035",
"fieldName":"POINTS PROGRAM",
"fieldFormat":"1N",
"helpText":"This field is used for the identification of points program associated with the transaction."
}
,{
"fieldCode":"5036",
"fieldName":"POINTS AMOUNT",
"fieldFormat":"7N/2D",
"helpText":"This field displays the amount related to the points claimed by the user."
}
,{
"fieldCode":"5038",
"fieldName":"RESOLUTION REFERENCE NUMBER",
"fieldFormat":"15N",
"helpText":"Resolution reference number for payments received for open billing accounts."
}
,{
"fieldCode":"5041",
"fieldName":"INSURANCE",
"fieldFormat":"2C",
"helpText":"Insurance product associated with the transaction"
}
,{
"fieldCode":"5044",
"fieldName":"DECLINE REASON",
"fieldFormat":"30C",
"helpText":"This field displays the reason for declination related to the fund card of this transaction."
}
,{
"fieldCode":"5045",
"fieldName":"RETENTION DURATION",
"fieldFormat":"1C",
"helpText":"This field is used for the identification of the code related to the retention of the transaction.<br/>The values are:<br/>1 = Delete next review<br/>2 = Delete when satisfied<br/>3 = Keep for history<br/>4 = History."
}
,{
"fieldCode":"5046",
"fieldName":"CTA FILE",
"fieldFormat":"1C",
"helpText":"This field is used for the identification of the CTA file."
}
,{
"fieldCode":"5047",
"fieldName":"ACCOUNT BUSINESS UNIT",
"fieldFormat":"3N",
"helpText":"This field is used as the identification of the Business unit associated with the transaction."
}
,{
"fieldCode":"5048",
"fieldName":"ACCOUNT LOGO",
"fieldFormat":"3N",
"helpText":"This field is used as the identification of the product associated with the transaction."
}
,{
"fieldCode":"5051",
"fieldName":"FEE AMOUNT",
"fieldFormat":"15N/2D",
"helpText":"This field is used to display the fee amount associated with the transaction."
}
,{
"fieldCode":"5052",
"fieldName":"TRANSACTION CODE",
"fieldFormat":"4N",
"helpText":"This field displays the identification of the code associated with the transaction."
}
,{
"fieldCode":"5053",
"fieldName":"TRANSACTION DESCRIPTION",
"fieldFormat":"40C",
"helpText":"This field displays the description of the transaction."
}
,{
"fieldCode":"5054",
"fieldName":"CURRENCY CODE",
"fieldFormat":"3C",
"helpText":"This field displays the identification of the currency code associated with the transaction."
}
,{
"fieldCode":"5055",
"fieldName":"CURRENCY NOD",
"fieldFormat":"1N",
"helpText":"This field displays the identification of the currency nod associated with the transaction."
}
,{
"fieldCode":"5056",
"fieldName":"CURRENT BALANCE",
"fieldFormat":"15N/2D",
"helpText":"This field displays the current balance associated with the transaction."
}
,{
"fieldCode":"5057",
"fieldName":"CREDIT LIMIT",
"fieldFormat":"15N/2D",
"helpText":"This field displays the credit limit associated with the transaction."
}
,{
"fieldCode":"5058",
"fieldName":"OPEN TO BUY",
"fieldFormat":"15N/2D",
"helpText":"This field displays the open-to-buy balance associated with the transaction."
}
,{
"fieldCode":"5059",
"fieldName":"CASH AVAILABLE",
"fieldFormat":"15N/2D",
"helpText":"This field displays the cash available credit balance associated with the transaction."
}
,{
"fieldCode":"5060",
"fieldName":"AUTO REFERENCE FLAG",
"fieldFormat":"1N",
"helpText":"Code that indicates the status of a referral. The values are:<br/>0 = Referral not done<br/>1 = Referral succeeded<br/>2 = Referral failed."
}
,{
"fieldCode":"5061",
"fieldName":"NAME",
"fieldFormat":"40C",
"helpText":"This field displays the name of the customer."
}
,{
"fieldCode":"5062",
"fieldName":"WORK PHONE",
"fieldFormat":"20C",
"helpText":"This field displays the customers work phone number."
}
,{
"fieldCode":"5063",
"fieldName":"WORK EXTENSION",
"fieldFormat":"5N",
"helpText":"This field displays the customers work extension number."
}
,{
"fieldCode":"5010",
"fieldName":"NOTE",
"fieldFormat":"60C",
"helpText":"Appears 5 times. This field is used to enter a note for the action to be taken."
}
]},"sections": {
"section0":""
,
"section1":"Monetary Action Code Service"
}}
