{"data":{
"section0":[
],"section1":[
{
"fieldCode":"4001",
"fieldName":"ACCOUNT NUMBER",
"fieldFormat":"19N",
"helpText":"Number that identifies the account. You can enter either a card number or an account number. If you enter a card number, ASM looks up the associated post-to account number and displays the account number in this field when you press submit button."
}
,{
"fieldCode":"4002",
"fieldName":"BUSINESS UNIT",
"fieldFormat":"3N",
"helpText":"Identification number of the CMS business unit for this account."
}
],"section2":[
{
"fieldCode":"5001",
"fieldName":"BUSINESS UNIT",
"fieldFormat":"3N",
"helpText":"Number that identifies the CMS business unit associated with the account. This number must be within the CMS business unit range specified on the Security record. Both the assigned ASM organization record and representative record must permit access. The values are 001-998."
}
,{
"fieldCode":"9998",
"fieldName":"OLD ACCOUNT",
"fieldFormat":"",
"helpText":"Identification number of the old transferred-from card scheme 3 account. This is a display-only field."
}
,{
"fieldCode":"9999",
"fieldName":"NEW ACCOUNT",
"fieldFormat":"",
"helpText":"Identification number of the new transferred-to card scheme 3 account. This is a display-only field."
}
,{
"fieldCode":"0000",
"fieldName":"SELECT",
"fieldFormat":"",
"helpText":"Select button field used to choose either the NEW ACCOUNT or the OLD ACCOUNT by pressing select button. The default is the NEW ACCOUNT field if no selection is made. This field displays only when the number entered identifies both a transferred card scheme 3 card numbers and the old transferred-from account number."
}
]},"sections": {
"section0":""
,
"section1":"History By Priority Locate- Home Page"
,
"section2":"History By Priority Locate- 01-History By Priority Detail"
}}
