{"data":{
"section0":[
],"section1":[
{
"fieldCode":"4001",
"fieldName":"BUSINESS UNIT",
"fieldFormat":"3N",
"helpText":"This indicates Business Unit number. The ASM business unit number indicates within the range specified on your Security record."
}
,{
"fieldCode":"4002",
"fieldName":"FOR ASM REP ID",
"fieldFormat":"3C",
"helpText":"Default value is spaces. Enter one of the following values to obtain the specified results:<br/> <br/>Representative ID = Messages to a specific representative <br/>LV# = Messages to representatives of a specific security level for the ASM business unit<br/>*** = Messages to all representatives in the ASM business unit<br/>Spaces = All messages for the ASM business unit. <br/>NOTE:  ASM displays personal messages only if you enter a specific representative ID."
}
,{
"fieldCode":"4003",
"fieldName":"STARTING DATE",
"fieldFormat":"DATE",
"helpText":"Date that ASM uses to start displaying messages. ASM displays only those messages sent on or after this date. To display all messages regardless of date, leave this field as blank."
}
,{
"fieldCode":"4004",
"fieldName":"MESSAGE FROM BUSINESS UNIT",
"fieldFormat":"3N",
"helpText":"This field displays the ASM business unit number."
}
,{
"fieldCode":"4005",
"fieldName":"MESSAGE FROM REP ID",
"fieldFormat":"3C",
"helpText":"The field is the identification of the representative who sent the message. This field always displays your representative ID."
}
],"section2":[
{
"fieldCode":"5001",
"fieldName":"MSG",
"fieldFormat":"2N",
"helpText":"Sequence number associated with the message."
}
,{
"fieldCode":"5002",
"fieldName":"TYPE",
"fieldFormat":"1C",
"helpText":"Type of message. The values are:<br/>G = Global (all representatives)<br/>L = Level (by security levels)<br/>P = Personal."
}
,{
"fieldCode":"5003",
"fieldName":"TITLE",
"fieldFormat":"20C",
"helpText":"Title of the message."
}
,{
"fieldCode":"5004",
"fieldName":"TIME",
"fieldFormat":"4N",
"helpText":"Time when the message was added. The format is HH:MM."
}
,{
"fieldCode":"5005",
"fieldName":"DATE",
"fieldFormat":"DATE",
"helpText":"Date when the message was entered."
}
,{
"fieldCode":"5006",
"fieldName":"EXPIRY DATE",
"fieldFormat":"DATE",
"helpText":"Date when the message is set to expire."
}
,{
"fieldCode":"5007",
"fieldName":"FROM BUSINESS UNIT",
"fieldFormat":"3N",
"helpText":"The field that displays the ASM business unit number."
}
,{
"fieldCode":"5008",
"fieldName":"FROM REP ID",
"fieldFormat":"3C",
"helpText":"The field is the identification of the representative who sent the message. This field always displays your representative ID."
}
]},"sections": {
"section0":""
,
"section1":"Message Board ASMM-01-Message Search Criteria"
,
"section2":"Message Board ASMM-01-Message Board"
}}
