{"data":{
"section0":[
],"section1":[
{
"fieldCode":"4011",
"fieldName":"KEY STORE",
"fieldFormat":"",
"helpText":""
}
,{
"fieldCode":"4012",
"fieldName":"ORG",
"fieldFormat":"3N",
"helpText":"Organization number associated with Message Board."
}
,{
"fieldCode":"4013",
"fieldName":"REP ID",
"fieldFormat":"3C",
"helpText":"Default value is spaces. Enter one of the following values to obtain the specified results:<br/>Representative ID = Messages to a specific representative<br/>LV# = Messages to representatives of a specific security level for the ASM business unit<br/>asterisk = Messages to all representatives in the ASM business unit<br/>Spaces = All messages for the ASM business unit.<br/>Note: ASM displays personal messages only if you enter a specific representative ID."
}
,{
"fieldCode":"4014",
"fieldName":"FROM REP ID FLAG",
"fieldFormat":"3C",
"helpText":"The field is the identification of the representative who sent the message."
}
,{
"fieldCode":"4001",
"fieldName":"MSG",
"fieldFormat":"2N",
"helpText":"Sequence number associated with the message."
}
,{
"fieldCode":"4002",
"fieldName":"TYPE",
"fieldFormat":"1C",
"helpText":"Type of message. The values are:<br/>G=Global (all representatives)<br/>L=Level (by security levels)<br/>P=Personal."
}
,{
"fieldCode":"4003",
"fieldName":"TITLE",
"fieldFormat":"20C",
"helpText":"Title of the message."
}
,{
"fieldCode":"4004",
"fieldName":"TIME",
"fieldFormat":"4N",
"helpText":"Time when the message was added. The format is HH:MM."
}
,{
"fieldCode":"4005",
"fieldName":"DATE",
"fieldFormat":"",
"helpText":"Date when the message was entered."
}
,{
"fieldCode":"4006",
"fieldName":"EXPIRE DATE",
"fieldFormat":"",
"helpText":"Date when the message is set to expire."
}
,{
"fieldCode":"4008",
"fieldName":"FROM REP ID",
"fieldFormat":"3C",
"helpText":"The field is the identification of the representative who sent the message. This field always displays your representative ID."
}
,{
"fieldCode":"4010",
"fieldName":"FLAG",
"fieldFormat":"",
"helpText":""
}
,{
"fieldCode":"5003",
"fieldName":"FROM BUSINESS UNIT",
"fieldFormat":"3N",
"helpText":"The field that displays the ASM business unit number."
}
,{
"fieldCode":"5012",
"fieldName":"FOR BUSINESS UNIT",
"fieldFormat":"3N",
"helpText":"In the ASM ORG portion of the field, in both the inquiry and maintenance mode, the default is your ASM organization number. The ASM organization number is maintainable within the range specified on your Security record (ORG LOW HIGH range for V+ ACCT SERVICES on SSSR01). An entry in the ASM ORG portion of the field is required."
}
,{
"fieldCode":"5009",
"fieldName":"REP",
"fieldFormat":"3C",
"helpText":"The default for the REP portion of the field, in both the inquiry and maintenance mode, is spaces. Enter one of the following values to obtain the specified results:<br/>Representative ID = Messages to a specific representative<br/>LV# = Messages to representatives of a specific security level for the ASM organization<br/>asterisk = Messages to all representatives in the ASM organization<br/>Spaces = All messages for the ASM organization.<br/>Note: ASM displays personal messages only if you enter a specific representative ID. If the REP portion of the field is a level, ASM permits access to messages only for your security level or below. If the REP portion of the field is spaces, ASM displays all level messages for your security level and all global messages received by the ASM organization specified."
}
,{
"fieldCode":"5007",
"fieldName":"MESSAGE",
"fieldFormat":"60C",
"helpText":"This field indicates Message text."
}
,{
"fieldCode":"5013",
"fieldName":"MESSAGE 1",
"fieldFormat":"60C",
"helpText":"This field indicates Message text."
}
]},"sections": {
"section0":""
,
"section1":"Message Board1"
}}
