{"data":{
"section0":[
],"section1":[
{
"fieldCode":"5004",
"fieldName":"CMS BUSINESS UNIT",
"fieldFormat":"3N",
"helpText":"Number that identifies the CMS business unit associated with the account. This number must be within the CMS business unit range specified on your Security record. Both your assigned ASM organization record and representative record must also permit access."
}
,{
"fieldCode":"5005",
"fieldName":"ACCOUNT NUMBER",
"fieldFormat":"19N",
"helpText":"Number that identifies the account. You can enter either a card number or an account number."
}
,{
"fieldCode":"5006",
"fieldName":"ACTION CODE",
"fieldFormat":"4C",
"helpText":"Action code placed on the account."
}
,{
"fieldCode":"5012",
"fieldName":"EFFECTIVE DATE",
"fieldFormat":"DATE",
"helpText":"Date when this action is to take effect. ASM justifies any date entered. The format is either MMDDYYYY (U.S.) or DDMMYYYY (international) depending on the DATE FORMAT selection made on the CMS System record (System Control 01-System Processing Calendar). If this field is not a required field, the default is the next processing date.<br/>NOTE:  ASM determines whether you need to make an entry in this field by the value set in the EFFECTIVE DATE REQUIRED field on the Action Code record (Action Codes-Monetary 01-Monetary Action Details)."
}
,{
"fieldCode":"5013",
"fieldName":"TRANSACTION AMOUNT",
"fieldFormat":"17N/2D",
"helpText":"Transaction amount to be posted."
}
,{
"fieldCode":"5014",
"fieldName":"PLAN NUMBER",
"fieldFormat":"5N",
"helpText":"Credit plan number associated with the transaction."
}
,{
"fieldCode":"5018",
"fieldName":"STORE NUMBER",
"fieldFormat":"9N",
"helpText":"Store number associated with the transaction."
}
,{
"fieldCode":"5001",
"fieldName":"ASM BUSINESS UNIT",
"fieldFormat":"3N",
"helpText":"This field displays the ASM business unit number who performed the action."
}
,{
"fieldCode":"5002",
"fieldName":"ASM REPRESENTATIVE",
"fieldFormat":"3C",
"helpText":"This field displays the identification of the representative who performed the action."
}
,{
"fieldCode":"5003",
"fieldName":"FOREIGN USE INDICATOR",
"fieldFormat":"1N",
"helpText":"This field helps to provide details of which account needs to be used for the transaction.<br/>The values are:<br/>Zero, space,<br/>or low-values = Local account<br/>1 = Foreign account"
}
,{
"fieldCode":"5040",
"fieldName":"H/P/R",
"fieldFormat":"1C",
"helpText":"Code that controls what ASM should do with this action. The<br/>values are:<br/>H = Hold suspends further processing of this<br/>action and places it in your pending queue.<br/>This value does not apply to the prepaid<br/>funding action.<br/>P = Process submits the action for completion or<br/>automatic system referral to another<br/>representative (Default)<br/>R = Refer tells ASM to manually refer this action<br/>to another representative for processing. This<br/>value does not apply to the prepaid funding<br/>action."
}
,{
"fieldCode":"5007",
"fieldName":"LINE DATA 1",
"fieldFormat":"60C",
"helpText":"This field is used to enter a note for the action to be taken."
}
,{
"fieldCode":"5008",
"fieldName":"LINE DATA 2",
"fieldFormat":"60C",
"helpText":"This field is used to enter a note for the action to be taken."
}
,{
"fieldCode":"5009",
"fieldName":"LINE DATA 3",
"fieldFormat":"60C",
"helpText":"This field is used to enter a note for the action to be taken."
}
,{
"fieldCode":"5010",
"fieldName":"LINE DATA 4",
"fieldFormat":"60C",
"helpText":"This field is used to enter a note for the action to be taken."
}
,{
"fieldCode":"5011",
"fieldName":"LINE DATA 5",
"fieldFormat":"60C",
"helpText":"This field is used to enter a note for the action to be taken."
}
,{
"fieldCode":"5041",
"fieldName":"INST TYPE",
"fieldFormat":"",
"helpText":""
}
,{
"fieldCode":"5042",
"fieldName":"INST NBR",
"fieldFormat":"",
"helpText":""
}
,{
"fieldCode":"5043",
"fieldName":"BEG INST SEQ",
"fieldFormat":"",
"helpText":""
}
,{
"fieldCode":"5015",
"fieldName":"PLAN SEQUENCE",
"fieldFormat":"2N",
"helpText":"Sequence number of the plan segment associated with the transaction."
}
,{
"fieldCode":"5016",
"fieldName":"DEPARTMENT CODE",
"fieldFormat":"4C",
"helpText":"Department associated with the transaction."
}
,{
"fieldCode":"5017",
"fieldName":"AUTHORIZATION CODE",
"fieldFormat":"4C",
"helpText":"Authorization code associated with the transaction."
}
,{
"fieldCode":"5019",
"fieldName":"SKU NUMBER",
"fieldFormat":"9N",
"helpText":"SKU number associated with the transaction."
}
,{
"fieldCode":"5020",
"fieldName":"SALES CLERK",
"fieldFormat":"12C",
"helpText":"Sales clerk associated with the transaction."
}
,{
"fieldCode":"5021",
"fieldName":"LETTER CODE",
"fieldFormat":"3C",
"helpText":"This field indicates the user-defined letter code of the LTS letter to be sent to the customer through batch processing."
}
,{
"fieldCode":"5022",
"fieldName":"LETTER BUSINESS UNIT",
"fieldFormat":"3N",
"helpText":"This field indicates the business unit of the LTS letter to be sent to the customer.<br/>CMS defines the default letter business unit on the CMS Logo record."
}
,{
"fieldCode":"5023",
"fieldName":"CARD NUMBER",
"fieldFormat":"19N",
"helpText":"This field represents the card number associated with the transaction."
}
,{
"fieldCode":"5024",
"fieldName":"CARD SEQUENCE",
"fieldFormat":"4N",
"helpText":"This field represents the card sequence number associated with the card number of the transaction. The default value for this field is 0001.<br/>NOTE:  For card scheme 2 accounts (CARD SCHEME field on the CMS Account Base Segment has a value of 2), the account number and all card numbers are the same; however, each card includes a unique sequence number.  Therefore, if the CARD NUMBER is associated with a card scheme 2 account, you must update the CARD SEQUENCE NUMBER so that it corresponds to the appropriate card."
}
,{
"fieldCode":"5025",
"fieldName":"TICKET NUMBER",
"fieldFormat":"15C",
"helpText":"Ticket number (invoice number) associated with the transaction."
}
,{
"fieldCode":"5026",
"fieldName":"PURCHASE ORDER NUMBER",
"fieldFormat":"16C",
"helpText":"Purchase order number of the transaction."
}
,{
"fieldCode":"5027",
"fieldName":"REFERENCE NUMBER",
"fieldFormat":"14N",
"helpText":"Resolution reference number for payments received for open billing accounts. Enter the posting date of the transaction (month and day) in the first four spaces. Enter the batch number in which ASM processed the payment in the next four spaces, and the item number assigned to all open items processed in the Open Item file in the last five spaces."
}
,{
"fieldCode":"5028",
"fieldName":"INSURANCE CODE",
"fieldFormat":"2C",
"helpText":"Code that identifies the insurance product associated with the transaction."
}
,{
"fieldCode":"5029",
"fieldName":"ACTION CODE PRIORITY",
"fieldFormat":"1N",
"helpText":"This field helps to set priority for the action code."
}
,{
"fieldCode":"5030",
"fieldName":"REFERRAL OPTION",
"fieldFormat":"1C",
"helpText":"This field helps to provide referral option manually. The values are:<br/>0, space <br/>or low-values = Referral off<br/>1 = Referral on."
}
,{
"fieldCode":"5031",
"fieldName":"REFERRAL REP BUSINESS UNIT",
"fieldFormat":"3N",
"helpText":"This field is the identification number of the Business unit of the referral representative."
}
,{
"fieldCode":"5032",
"fieldName":"REFERRAL REPRESENTATIVE ID",
"fieldFormat":"3C",
"helpText":"This field is the identification number of the referral representative."
}
,{
"fieldCode":"5033",
"fieldName":"CASE NUMBER",
"fieldFormat":"11N",
"helpText":"This field is the identification number of the case related to the transaction."
}
,{
"fieldCode":"5034",
"fieldName":"WALLET ID",
"fieldFormat":"3C",
"helpText":"This field is the identification number of the Wallet associated with the transaction."
}
]},"sections": {
"section0":""
,
"section1":"Monetary Action Code Service-01-Monetary Action Code"
}}
