{"data":{
"section0":[
],"section1":[
{
"fieldCode":"",
"fieldName":"BUSINESS UNIT",
"fieldFormat":"3N",
"helpText":"Number that identifies the business unit associated with the account."
}
,{
"fieldCode":"",
"fieldName":"ASM BUSINESS UNIT",
"fieldFormat":"3N",
"helpText":"Code that displays the ASM business unit number of the record. This field is always blank on the add screen."
}
,{
"fieldCode":"",
"fieldName":"REPRESENTATIVE ID",
"fieldFormat":"3C",
"helpText":"Identification of the representative who performed the action."
}
,{
"fieldCode":"",
"fieldName":"QUEUE",
"fieldFormat":"1C<br/>Req",
"helpText":"Code that identifies the queue you want to review. The values are:<br/>P = Pending (Default)<br/>R = Referral<br/>T = Transcript."
}
,{
"fieldCode":"",
"fieldName":"ACCOUNT NUMBER",
"fieldFormat":"19N<br/>Req",
"helpText":"Identification number of the account."
}
,{
"fieldCode":"",
"fieldName":"DATE",
"fieldFormat":"8N",
"helpText":"Date when ASM places this account in the representative’s queue for review."
}
,{
"fieldCode":"",
"fieldName":"TIME",
"fieldFormat":"4N",
"helpText":"Time when ASM requeues this account for review. The format is HHSS.<br/>Example: Enter 9:30 a.m. as 0930, 3:00 p.m. as 1500."
}
,{
"fieldCode":"",
"fieldName":"RECORD TYPE",
"fieldFormat":"1C",
"helpText":"This field displays the record type of the transaction. The values are:<br/>F = Prepaid<br/>I = Information<br/>M = Monetary<br/>N = Nonmonetary<br/>T = Transcript<br/>1 = Action<br/>2 = Maint<br/>3 = Memo."
}
,{
"fieldCode":"",
"fieldName":"SECURITY SIGNON",
"fieldFormat":"20C",
"helpText":"User’s sign-on in security system."
}
,{
"fieldCode":"",
"fieldName":"SIGNON NAME",
"fieldFormat":"20C",
"helpText":"User’s sign-on name."
}
,{
"fieldCode":"",
"fieldName":"CMS BUSINESS UNIT",
"fieldFormat":"3N",
"helpText":"Number that identifies the CMS business unit associated with the account. This number must be within the CMS business unit range specified on your Security record. Both your assigned ASM business unit record and representative record must also permit access."
}
,{
"fieldCode":"",
"fieldName":"ACCOUNT NUMBER",
"fieldFormat":"19N<br/>Req",
"helpText":"Identification number of the account."
}
,{
"fieldCode":"",
"fieldName":"ACTION CODE",
"fieldFormat":"4C",
"helpText":"Action code you entered on the Locate screen. This field is system-generated and cannot be modified."
}
,{
"fieldCode":"",
"fieldName":"EFFECTIVE DATE",
"fieldFormat":"8N",
"helpText":"Date when this action is to take effect. ASM justifies any date entered. The format is either MMDDYYYY (U.S.) or DDMMYYYY (international) depending on the DATE FORMAT selection made on the CMS System record (ARMS01). If this field is not a required field, the default is the next processing date.<br/>Note: ASM determines whether you need to make an entry in this field by the value set in the EFFECTIVE DATE field on the Action Code record (ASMA01)."
}
,{
"fieldCode":"",
"fieldName":"TRANSACTION AMOUNT",
"fieldFormat":"11N",
"helpText":"Amount of the transaction. The format is whole monetary and subunits (no decimal point).<br/>Note: If the amount is above your monetary limit, ASM automatically refers the action to your referral representative for approval and final processing. If the referral representative is not available, ASM sends the action to the first alternate. If the first alternate is not available, ASM sends the action to the second alternate. If none of these are available, ASM requests a manual referral to another representative"
}
,{
"fieldCode":"",
"fieldName":"PLAN NUMBER",
"fieldFormat":"5N",
"helpText":"Credit plan number associated with the transaction."
}
,{
"fieldCode":"",
"fieldName":"STORE NUMBER",
"fieldFormat":"9N",
"helpText":"Store number associated with the transaction."
}
,{
"fieldCode":"",
"fieldName":"ASM BUSINESS UNIT",
"fieldFormat":"3N",
"helpText":"Code that displays the ASM business unit number of the record. This field is always blank on the add screen."
}
,{
"fieldCode":"",
"fieldName":"ASM REPRESENTATIVE",
"fieldFormat":"3C",
"helpText":"Code that displays the ASM business unit identification of the representative who last modified the record. This field is always blank on the add screen."
}
,{
"fieldCode":"",
"fieldName":"FOREIGN USE INDICATOR",
"fieldFormat":"1C",
"helpText":"This field helps to provide details of which account needs to be used for the transaction. The values are:<br/>Zero, space,or low-values = Local account<br/>1 = Foreign account."
}
,{
"fieldCode":"",
"fieldName":"H/P/R",
"fieldFormat":"1C",
"helpText":"Code that identifies whether you recommend approval or decline of the transaction when referring the action. An entry of D does not systematically decline the action or prevent it from being processed. The values are:<br/>A = Approve (Default)<br/>D = Decline.<br/>Note: When processing an action with an entry of D, ASM does not generate a transaction entry to be passed to CMS."
}
,{
"fieldCode":"",
"fieldName":"LINE DATA 1",
"fieldFormat":"60C",
"helpText":"Field that displays a note for the action to be taken."
}
,{
"fieldCode":"",
"fieldName":"LINE DATA 2",
"fieldFormat":"60C",
"helpText":"Field that displays a note for the action to be taken."
}
,{
"fieldCode":"",
"fieldName":"LINE DATA 3",
"fieldFormat":"60C",
"helpText":"Field that displays a note for the action to be taken."
}
,{
"fieldCode":"",
"fieldName":"LINE DATA 4",
"fieldFormat":"60C",
"helpText":"Field that displays a note for the action to be taken."
}
,{
"fieldCode":"",
"fieldName":"LINE DATA 5",
"fieldFormat":"60C",
"helpText":"Field that displays a note for the action to be taken."
}
,{
"fieldCode":"",
"fieldName":"INST TYPE",
"fieldFormat":"1N",
"helpText":"Code that indicates the type of the installment transaction. The values are:<br/>0 = Other retail (Default)<br/>1 = Issuer installment<br/>2 = Reserved<br/>3 = Acquirer installment."
}
,{
"fieldCode":"",
"fieldName":"INST NBR",
"fieldFormat":"2N",
"helpText":"Total number of installments for the transaction agreed to by the cardholder. The values are 00–99. The default value is 00."
}
,{
"fieldCode":"",
"fieldName":"BEG INST SEQ",
"fieldFormat":"2N",
"helpText":"This field indicates the individual billed installment or the first installment sequence from the range of installments flagged to release early from the installment billing file. The values are 00–99. The default value is 00."
}
,{
"fieldCode":"",
"fieldName":"PLAN SEQUENCE",
"fieldFormat":"2N",
"helpText":"Sequence number of the plan segment associated with the transaction."
}
,{
"fieldCode":"",
"fieldName":"DEPARTMENT CODE",
"fieldFormat":"4C",
"helpText":"Department associated with the transaction."
}
,{
"fieldCode":"",
"fieldName":"AUTHORIZATION CODE",
"fieldFormat":"4C",
"helpText":"Sequence number of the plan segment associated with the transaction."
}
,{
"fieldCode":"",
"fieldName":"SKU NUMBER",
"fieldFormat":"9N",
"helpText":"Store number associated with the transaction."
}
,{
"fieldCode":"",
"fieldName":"SALES CLERK",
"fieldFormat":"12C",
"helpText":"Store number associated with the transaction."
}
,{
"fieldCode":"",
"fieldName":"LETTER CODE",
"fieldFormat":"3C",
"helpText":"Code that indicates the user-defined letter code assigned to the letter to be sent to this customer through batch <br/>processing."
}
,{
"fieldCode":"",
"fieldName":"LETTER BUSINESS UNIT",
"fieldFormat":"3N",
"helpText":"Code that indicates the letter organization of the LTS letter to be sent to the customer. CMS defines the default letter organization on the CMS Logo record (ARML)."
}
,{
"fieldCode":"",
"fieldName":"CARD NUMBER",
"fieldFormat":"19N",
"helpText":"Code that represents the card number associated with the transaction."
}
,{
"fieldCode":"",
"fieldName":"CARD SEQUENCE",
"fieldFormat":"4N",
"helpText":"Code that indicates the card sequence number associated with the card number. The default for the second part of the field is 0001."
}
,{
"fieldCode":"",
"fieldName":"TICKET NUMBER",
"fieldFormat":"15C",
"helpText":"Ticket number (invoice number) associated with the transaction."
}
,{
"fieldCode":"",
"fieldName":"PURCHASE ORDER NUMBER",
"fieldFormat":"16C",
"helpText":"Purchase order number of the transaction."
}
,{
"fieldCode":"",
"fieldName":"REFERENCE NUMBER",
"fieldFormat":"14N",
"helpText":"Resolution reference number for payments received for open billing accounts. Enter the posting date of the transaction (month and day) in the first four spaces. Enter the batch number in which ASM processed the payment in the next four spaces, and the item number assigned to all open items processed in the Open Item file (AMOI) in the last five spaces."
}
,{
"fieldCode":"",
"fieldName":"INSURANCE CODE",
"fieldFormat":"2C",
"helpText":"Code that identifies the insurance product associated with the transaction."
}
,{
"fieldCode":"",
"fieldName":"ACTION CODE PRIORITY",
"fieldFormat":"1N",
"helpText":"Priority code that was assigned to the action code in the <br/>PRIORITY field on the Action Code Record (ASMA01) screen. <br/>Although the value in this field defaults from the ASMA01 screen, the value you enter in this field overrides the default priority code. The values are:<br/>0 = Unspecified priority<br/>1 = Low priority<br/>2 = Medium priority<br/>3 = High priority."
}
,{
"fieldCode":"",
"fieldName":"REFERRAL OPTION",
"fieldFormat":"1C",
"helpText":"This field helps to provide referral option manually. The values are:<br/>0, space or low-values = Referral off<br/>1 = Referral on."
}
,{
"fieldCode":"",
"fieldName":"REFERRAL REP BUSINESS UNIT",
"fieldFormat":"3N",
"helpText":"Field that displays the ASM organization number. You must make an entry in this field if the representative has point or monetary transaction limits (field values other than 99999999999999999)."
}
,{
"fieldCode":"",
"fieldName":"REFERRAL REPRESENTATIVE ID",
"fieldFormat":"3C",
"helpText":"Field that displays the identification of the representative to whom ASM refers this representative’s point or monetary actions for approval."
}
,{
"fieldCode":"",
"fieldName":"CASE NUMBER",
"fieldFormat":"11N",
"helpText":"This field is the identification number of the case related to the transaction."
}
,{
"fieldCode":"",
"fieldName":"WALLET ID",
"fieldFormat":"3C",
"helpText":"This field displays the identification number of the wallet."
}
],"section2":[
{
"fieldCode":"",
"fieldName":"APPR/DEC",
"fieldFormat":"1C",
"helpText":"Code that identifies whether you recommend approval or decline of the transaction when referring the action. An entry of D does not systematically decline the action or prevent it from being processed. The values are:<br/>A = Approve (Default)<br/>D = Decline.<br/>Note: When processing an action with an entry of D, ASM does not generate a transaction entry to be passed to CMS."
}
,{
"fieldCode":"",
"fieldName":"MCC",
"fieldFormat":"4N",
"helpText":"Merchant category code (MCC) of the transaction, used by the real-time funds adjustment functionality to update the cardholder authorization statistics."
}
,{
"fieldCode":"",
"fieldName":"TIME",
"fieldFormat":"4N",
"helpText":"Time when ASM requeues this account for review. The format is HHSS.<br/>Example: Enter 9:30 a.m. as 0930, 3:00 p.m. as 1500."
}
,{
"fieldCode":"",
"fieldName":"TYPE",
"fieldFormat":"1C<br/>Req",
"helpText":"Type of action code you are adding. The values are:<br/>F = Prepaid funding<br/>I = Inquiry<br/>M = Monetary<br/>N = Nonmonetary<br/>P = Point<br/>T = Transcript."
}
,{
"fieldCode":"",
"fieldName":"REC TYPE",
"fieldFormat":"1C",
"helpText":"This field displays the record type of the transaction. The values are:<br/>F = Prepaid<br/>I = Information<br/>M = Monetary<br/>N = Nonmonetary<br/>T = Transcript<br/>1 = Action<br/>2 = Maint<br/>3 = Memo."
}
]},"sections": {
"section0":""
,
"section1":"MONETARY ACTN CODE SVCE  ASMW04"
,
"section2":"FLAG"
}}
