{"data":{
"section0":[
],"section1":[
{
"fieldCode":"4101",
"fieldName":"SECURITY SIGNON",
"fieldFormat":"20C",
"helpText":"User’s sign-on in security system."
}
,{
"fieldCode":"4102",
"fieldName":"SIGNON NAME",
"fieldFormat":"20C",
"helpText":"User’s sign-on name."
}
,{
"fieldCode":"4004",
"fieldName":"CMS BUSINESS UNIT",
"fieldFormat":"3N",
"helpText":"Number that identifies the CMS business unit associated with the account. This number must be within the CMS business unit range specified on your Security record. Both your assigned ASM business unit record and representative record must also permit access."
}
,{
"fieldCode":"4005",
"fieldName":"ACCOUNT NUMBER",
"fieldFormat":"19N<br/>Req",
"helpText":"Identification number of the account."
}
,{
"fieldCode":"4006",
"fieldName":"ACTION CODE",
"fieldFormat":"4C",
"helpText":"Action code you entered on the Locate screen. This field is system-generated and cannot be modified."
}
,{
"fieldCode":"4012",
"fieldName":"EFFECTIVE DATE",
"fieldFormat":"8N",
"helpText":"Date when this action is to take effect. ASM justifies any date entered. The format is either MMDDYYYY (U.S.) or DDMMYYYY (international) depending on the DATE FORMAT selection made on the CMS System record (ARMS01). If this field is not a required field, the default is the next processing date.<br/>Note: ASM determines whether you need to make an entry in this field by the value set in the EFFECTIVE DATE field on the Action Code record (ASMA01)."
}
,{
"fieldCode":"4013",
"fieldName":"TRANSACTION AMOUNT",
"fieldFormat":"11N",
"helpText":"Amount of the transaction. The format is whole monetary and subunits (no decimal point).<br/>Note: If the amount is above your monetary limit, ASM automatically refers the action to your referral representative for approval and final processing. If the referral representative is not available, ASM sends the action to the first alternate. If the first alternate is not available, ASM sends the action to the second alternate. If none of these are available, ASM requests a manual referral to another representative"
}
,{
"fieldCode":"4014",
"fieldName":"PLAN NUMBER",
"fieldFormat":"5N",
"helpText":"Credit plan number associated with the transaction."
}
,{
"fieldCode":"4018",
"fieldName":"STORE NUMBER",
"fieldFormat":"9N",
"helpText":"Store number associated with the transaction."
}
,{
"fieldCode":"4001",
"fieldName":"ASM BUSINESS UNIT",
"fieldFormat":"3N",
"helpText":"Code that displays the ASM business unit number of the record. This field is always blank on the add screen."
}
,{
"fieldCode":"4002",
"fieldName":"ASM REPRESENTATIVE",
"fieldFormat":"3C",
"helpText":"Code that displays the ASM business unit identification of the representative who last modified the record. This field is always blank on the add screen."
}
,{
"fieldCode":"4003",
"fieldName":"FOREIGN USE INDICATOR",
"fieldFormat":"1C",
"helpText":"This field helps to provide details of which account needs to be used for the transaction. The values are:<br/>Zero, space,or low-values = Local account<br/>1 = Foreign account."
}
,{
"fieldCode":"4040",
"fieldName":"H/P/R",
"fieldFormat":"1C",
"helpText":"Code that identifies whether you recommend approval or decline of the transaction when referring the action. An entry of D does not systematically decline the action or prevent it from being processed. The values are:<br/>A = Approve (Default)<br/>D = Decline.<br/>Note: When processing an action with an entry of D, ASM does not generate a transaction entry to be passed to CMS."
}
,{
"fieldCode":"4007",
"fieldName":"LINE DATA 1",
"fieldFormat":"60C",
"helpText":"Field that displays a note for the action to be taken."
}
,{
"fieldCode":"4008",
"fieldName":"LINE DATA 2",
"fieldFormat":"60C",
"helpText":"Field that displays a note for the action to be taken."
}
,{
"fieldCode":"4009",
"fieldName":"LINE DATA 3",
"fieldFormat":"60C",
"helpText":"Field that displays a note for the action to be taken."
}
,{
"fieldCode":"4010",
"fieldName":"LINE DATA 4",
"fieldFormat":"60C",
"helpText":"Field that displays a note for the action to be taken."
}
,{
"fieldCode":"4011",
"fieldName":"LINE DATA 5",
"fieldFormat":"60C",
"helpText":"Field that displays a note for the action to be taken."
}
,{
"fieldCode":"4041",
"fieldName":"INST TYPE",
"fieldFormat":"1N",
"helpText":"Code that indicates the type of the installment transaction. The values are:<br/>0 = Other retail (Default)<br/>1 = Issuer installment<br/>2 = Reserved<br/>3 = Acquirer installment."
}
,{
"fieldCode":"4042",
"fieldName":"INST NBR",
"fieldFormat":"2N",
"helpText":"Total number of installments for the transaction agreed to by the cardholder. The values are 00–99. The default value is 00."
}
,{
"fieldCode":"4043",
"fieldName":"BEG INST SEQ",
"fieldFormat":"2N",
"helpText":"This field indicates the individual billed installment or the first installment sequence from the range of installments flagged to release early from the installment billing file. The values are 00–99. The default value is 00."
}
,{
"fieldCode":"4015",
"fieldName":"PLAN SEQUENCE",
"fieldFormat":"2N",
"helpText":"Sequence number of the plan segment associated with the transaction."
}
,{
"fieldCode":"4016",
"fieldName":"DEPARTMENT CODE",
"fieldFormat":"4C",
"helpText":"Department associated with the transaction."
}
,{
"fieldCode":"4017",
"fieldName":"AUTHORIZATION CODE",
"fieldFormat":"4C",
"helpText":"Sequence number of the plan segment associated with the transaction."
}
,{
"fieldCode":"4019",
"fieldName":"SKU NUMBER",
"fieldFormat":"9N",
"helpText":"Store number associated with the transaction."
}
,{
"fieldCode":"4020",
"fieldName":"SALES CLERK",
"fieldFormat":"12C",
"helpText":"Store number associated with the transaction."
}
,{
"fieldCode":"4021",
"fieldName":"LETTER CODE",
"fieldFormat":"3C",
"helpText":"Code that indicates the user-defined letter code assigned to the letter to be sent to this customer through batch <br/>processing."
}
,{
"fieldCode":"4022",
"fieldName":"LETTER BUSINESS UNIT",
"fieldFormat":"3N",
"helpText":"Code that indicates the letter organization of the LTS letter to be sent to the customer. CMS defines the default letter organization on the CMS Logo record (ARML)."
}
,{
"fieldCode":"4023",
"fieldName":"CARD NUMBER",
"fieldFormat":"19N",
"helpText":"Code that represents the card number associated with the transaction."
}
,{
"fieldCode":"4024",
"fieldName":"CARD SEQUENCE",
"fieldFormat":"4N",
"helpText":"Code that indicates the card sequence number associated with the card number. The default for the second part of the field is 0001."
}
,{
"fieldCode":"4025",
"fieldName":"TICKET NUMBER",
"fieldFormat":"15C",
"helpText":"Ticket number (invoice number) associated with the transaction."
}
,{
"fieldCode":"4026",
"fieldName":"PURCHASE ORDER NUMBER",
"fieldFormat":"16C",
"helpText":"Purchase order number of the transaction."
}
,{
"fieldCode":"4051",
"fieldName":"REFERENCE NUMBER",
"fieldFormat":"14N",
"helpText":"Resolution reference number for payments received for open billing accounts. Enter the posting date of the transaction (month and day) in the first four spaces. Enter the batch number in which ASM processed the payment in the next four spaces, and the item number assigned to all open items processed in the Open Item file (AMOI) in the last five spaces."
}
,{
"fieldCode":"4028",
"fieldName":"INSURANCE CODE",
"fieldFormat":"2C",
"helpText":"Code that identifies the insurance product associated with the transaction."
}
,{
"fieldCode":"4029",
"fieldName":"ACTION CODE PRIORITY",
"fieldFormat":"1N",
"helpText":"Priority code that was assigned to the action code in the <br/>PRIORITY field on the Action Code Record (ASMA01) screen. <br/>Although the value in this field defaults from the ASMA01 screen, the value you enter in this field overrides the default priority code. The values are:<br/>0 = Unspecified priority<br/>1 = Low priority<br/>2 = Medium priority<br/>3 = High priority."
}
,{
"fieldCode":"4030",
"fieldName":"REFERRAL OPTION",
"fieldFormat":"1C",
"helpText":"This field helps to provide referral option manually. The values are:<br/>0, space or low-values = Referral off<br/>1 = Referral on."
}
,{
"fieldCode":"4031",
"fieldName":"REFERRAL REP BUSINESS UNIT",
"fieldFormat":"3N",
"helpText":"Field that displays the ASM organization number. You must make an entry in this field if the representative has point or monetary transaction limits (field values other than 99999999999999999)."
}
,{
"fieldCode":"4032",
"fieldName":"REFERRAL REPRESENTATIVE ID",
"fieldFormat":"3C",
"helpText":"Field that displays the identification of the representative to whom ASM refers this representative’s point or monetary actions for approval."
}
,{
"fieldCode":"4033",
"fieldName":"CASE NUMBER",
"fieldFormat":"11N",
"helpText":"This field is the identification number of the case related to the transaction."
}
,{
"fieldCode":"4034",
"fieldName":"WALLET ID",
"fieldFormat":"3C",
"helpText":"This field displays the identification number of the wallet."
}
,{
"fieldCode":"4036",
"fieldName":"FLAG",
"fieldFormat":"",
"helpText":""
}
,{
"fieldCode":"4037",
"fieldName":"APPR/DEC",
"fieldFormat":"1C",
"helpText":"Code that identifies whether you recommend approval or decline of the transaction when referring the action. An entry of D does not systematically decline the action or prevent it from being processed. The values are:<br/>A = Approve (Default)<br/>D = Decline.<br/>Note: When processing an action with an entry of D, ASM does not generate a transaction entry to be passed to CMS."
}
,{
"fieldCode":"4038",
"fieldName":"MCC",
"fieldFormat":"4N",
"helpText":"Merchant category code (MCC) of the transaction, used by the real time funds adjustment functionality to update the cardholder’s authorization statistics."
}
,{
"fieldCode":"4039",
"fieldName":"DATE",
"fieldFormat":"8N",
"helpText":"Date when ASM places this account in the representative’s queue for review."
}
,{
"fieldCode":"4044",
"fieldName":"TIME",
"fieldFormat":"4N",
"helpText":"Time when ASM requeues this account for review. The format is HHSS.<br/>Example: Enter 9:30 a.m. as 0930, 3:00 p.m. as 1500."
}
,{
"fieldCode":"4045",
"fieldName":"TYPE",
"fieldFormat":"1C<br/>Req",
"helpText":"Type of action code you are adding. The values are:<br/>F = Prepaid funding<br/>I = Inquiry<br/>M = Monetary<br/>N = Nonmonetary<br/>P = Point<br/>T = Transcript."
}
,{
"fieldCode":"4046",
"fieldName":"REC TYPE",
"fieldFormat":"1C",
"helpText":"This field displays the record type of the transaction. The values are:<br/>F = Prepaid<br/>I = Information<br/>M = Monetary<br/>N = Nonmonetary<br/>T = Transcript<br/>1 = Action<br/>2 = Maint<br/>3 = Memo."
}
,{
"fieldCode":"5042",
"fieldName":"FUNDING CARD NUMBER",
"fieldFormat":"19C<br/>Req",
"helpText":"Funding card number associated with the transaction."
}
,{
"fieldCode":"5001",
"fieldName":"HISTORY DATE",
"fieldFormat":"",
"helpText":"This field displays the history date associated with the transaction."
}
,{
"fieldCode":"5002",
"fieldName":"HISTORY TIME",
"fieldFormat":"7N",
"helpText":"This field displays the history time associated with the transaction."
}
,{
"fieldCode":"5004",
"fieldName":"RECORD TYPE",
"fieldFormat":"1C",
"helpText":"This field displays the record type of the transaction. The values are:<br/>F = Prepaid<br/>I = Information<br/>M = Monetary<br/>N = Nonmonetary<br/>T = Transcript<br/>1 = Action<br/>2 = Maint<br/>3 = Memo."
}
,{
"fieldCode":"5006",
"fieldName":"ACTION CODE DESCRIPTION",
"fieldFormat":"20C<br/>Req",
"helpText":"Description or title of the action code that displays online and on batch reports."
}
,{
"fieldCode":"5007",
"fieldName":"ACTION REP ID",
"fieldFormat":"3C",
"helpText":"This field displays the identification of the Collector ID."
}
,{
"fieldCode":"5009",
"fieldName":"COLLECTION SEQUENCE NUMBER",
"fieldFormat":"5N",
"helpText":"This field displays the CTA sequence number."
}
,{
"fieldCode":"5011",
"fieldName":"NOTES HISTORY STATUS",
"fieldFormat":"1C",
"helpText":"This field helps to identify the status of the notes. The values are:<br/>O = Open-held<br/>C = Closed<br/>R = Open-referred<br/>A = Approved<br/>D = Declined."
}
,{
"fieldCode":"5012",
"fieldName":"REP BUSINESS UNIT",
"fieldFormat":"3N",
"helpText":"This field displays the identification number of the business unit associated with the representative."
}
,{
"fieldCode":"5013",
"fieldName":"REFERRAL REP BUSINESS UNIT",
"fieldFormat":"3N",
"helpText":"Field that displays the identification number of the business unit associated with the representative referred."
}
,{
"fieldCode":"5014",
"fieldName":"REFERRAL REP ID",
"fieldFormat":"3C",
"helpText":"Field that displays the identification number of the representative referred."
}
,{
"fieldCode":"5015",
"fieldName":"NEXT REVIEW DATE",
"fieldFormat":"",
"helpText":"This field displays the date at which next review is triggered."
}
,{
"fieldCode":"5016",
"fieldName":"NEXT REVIEW TIME",
"fieldFormat":"7N",
"helpText":"This field displays the time at which next review is triggered."
}
,{
"fieldCode":"5017",
"fieldName":"NOTE PURGE DATE",
"fieldFormat":"",
"helpText":"This field displays the date at which the note is purged."
}
,{
"fieldCode":"5018",
"fieldName":"ACTION DATE",
"fieldFormat":"",
"helpText":"This field displays the date on which action is performed."
}
,{
"fieldCode":"5022",
"fieldName":"CARD SEQUENCE NUMBER",
"fieldFormat":"4N",
"helpText":"Card sequence number associated with the transaction. This is used only for accounts with card numbering scheme 2."
}
,{
"fieldCode":"5026",
"fieldName":"PLAN SEQUENCE NUMBER",
"fieldFormat":"5N",
"helpText":"Credit plan number for the transaction."
}
,{
"fieldCode":"5027",
"fieldName":"DEPARTMENT NUMBER",
"fieldFormat":"4C",
"helpText":"Department number for the transaction."
}
,{
"fieldCode":"5028",
"fieldName":"AUTHORIZATION NUMBER",
"fieldFormat":"4C",
"helpText":"Authorization code for the transaction."
}
,{
"fieldCode":"5029",
"fieldName":"STORE BUSINESS UNIT",
"fieldFormat":"3N",
"helpText":"This field is used to display the identification number of the Business unit associated with the store."
}
,{
"fieldCode":"5032",
"fieldName":"CLERK",
"fieldFormat":"12C",
"helpText":"Salesclerk associated with the transaction."
}
,{
"fieldCode":"5033",
"fieldName":"DECISION",
"fieldFormat":"1C",
"helpText":"Code that identifies the authorization decision. The values are:<br/>A = Approved<br/>D = Declined."
}
,{
"fieldCode":"5034",
"fieldName":"TRANSACTION TYPE",
"fieldFormat":"1C",
"helpText":"Type of transaction you want to add, maintain, delete, or view. The values are:<br/>A = Cash advance<br/>C = Credit<br/>D = Debit<br/>L = Load Reload<br/>M = Memo<br/>P = Monetary Points<br/>R = Credit Balance Refund<br/>V = Load Reload Reversal."
}
,{
"fieldCode":"5035",
"fieldName":"POINTS PROGRAM",
"fieldFormat":"1N<br/>Req",
"helpText":"Identification number of the points program associated with the transaction."
}
,{
"fieldCode":"5036",
"fieldName":"POINTS AMOUNT",
"fieldFormat":"9N",
"helpText":"Field that displays the amount related to the points claimed by the user."
}
,{
"fieldCode":"5038",
"fieldName":"RESOLUTION REFERENCE NUMBER",
"fieldFormat":"15N",
"helpText":"Resolution reference number for payments received for open billing accounts."
}
,{
"fieldCode":"5041",
"fieldName":"INSURANCE",
"fieldFormat":"2C",
"helpText":"Insurance product associated with the transaction."
}
,{
"fieldCode":"5044",
"fieldName":"DECLINE REASON",
"fieldFormat":"30C",
"helpText":"This field displays the reason for declination related to the fund card of this transaction."
}
,{
"fieldCode":"5045",
"fieldName":"RETENTION DURATION",
"fieldFormat":"1C",
"helpText":"This field is used for the identification of the code related to the retention of the transaction.The values are:<br/>1 = Delete next review<br/>2 = Delete when satisfied<br/>3 = Keep for history<br/>4 = History."
}
,{
"fieldCode":"5046",
"fieldName":"CTA FILE",
"fieldFormat":"1C",
"helpText":"This field is used for the identification of the CTA file."
}
,{
"fieldCode":"5047",
"fieldName":"ACCOUNT BUSINESS UNIT",
"fieldFormat":"3N",
"helpText":"This field is used as the identification of the Business unit associated with the transaction."
}
,{
"fieldCode":"5048",
"fieldName":"ACCOUNT PRODUCT",
"fieldFormat":"3N",
"helpText":"This field is used as the identification of the product associated with the transaction."
}
,{
"fieldCode":"5051",
"fieldName":"FEE AMOUNT",
"fieldFormat":"15N/2D",
"helpText":"This field is used to display the fee amount associated with the transaction."
}
,{
"fieldCode":"5052",
"fieldName":"TRANSACTION CODE",
"fieldFormat":"4N",
"helpText":"This field displays the identification of the code associated with the transaction."
}
,{
"fieldCode":"5053",
"fieldName":"TRANSACTION DESCRIPTION",
"fieldFormat":"40C",
"helpText":"This field displays the description of the transaction."
}
,{
"fieldCode":"5054",
"fieldName":"CURRENCY CODE",
"fieldFormat":"3C",
"helpText":"This field displays the identification of the currency code associated with the transaction."
}
,{
"fieldCode":"5055",
"fieldName":"CURRRENCY NOD",
"fieldFormat":"1N",
"helpText":"This field displays the identification of the currency nod associated with the transaction."
}
,{
"fieldCode":"5056",
"fieldName":"CURRENT BALANCE",
"fieldFormat":"17N",
"helpText":"Total outstanding current balance of the account."
}
,{
"fieldCode":"5057",
"fieldName":"CREDIT LIMIT",
"fieldFormat":"15N/2D",
"helpText":"This field displays the credit limit associated with the transaction."
}
,{
"fieldCode":"5058",
"fieldName":"OPEN TO BUY",
"fieldFormat":"17N",
"helpText":"Current open-to-buy amount of the account."
}
,{
"fieldCode":"5059",
"fieldName":"CASH AVAILABLE",
"fieldFormat":"17N",
"helpText":"Code that indicates the total open-to-buy amount of the account. CMS calculates the total open-to-buy amount as follows:<br/>                               Total credit limit<br/>multiplied by (*) overlimit percentage<br/>minus              (–) current balance (or plus the credit balance if OTB: CR BAL on ARML14 is 1)<br/>minus              (–) memo debits<br/>plus                 (+) memo credits<br/>plus                 (+) account reserve amount<br/>minus              (–) loan OTB balance (if OTB: LOAN AMT on ARML14 is 1)<br/>plus                 (+) dispute balance (if OTB: DISP on ARML14 is 1)."
}
,{
"fieldCode":"5060",
"fieldName":"AUTO REFERENCE FLAG",
"fieldFormat":"1N",
"helpText":"Code that indicates the status of a referral. The values are:<br/>0 = Referral not done<br/>1 = Referral succeeded<br/>2 = Referral failed."
}
,{
"fieldCode":"5061",
"fieldName":"NAME",
"fieldFormat":"40C",
"helpText":"This field displays the name of the customer."
}
,{
"fieldCode":"5062",
"fieldName":"WORK PHONE",
"fieldFormat":"20C",
"helpText":"This field displays the customer’s work phone number."
}
,{
"fieldCode":"5063",
"fieldName":"WORK EXTENSION",
"fieldFormat":"5N",
"helpText":"This field displays the customer’s work extension number."
}
,{
"fieldCode":"5068",
"fieldName":"ASM ORG",
"fieldFormat":"3N",
"helpText":"Code that displays the ASM business unit number of the record. This field is always blank on the add screen."
}
,{
"fieldCode":"5069",
"fieldName":"QUEUE",
"fieldFormat":"1C<br/>Req",
"helpText":"Code that identifies the queue you want to review. The values are:<br/>P = Pending (Default)<br/>R = Referral<br/>T = Transcript."
}
,{
"fieldCode":"5070",
"fieldName":"ASM REP",
"fieldFormat":"3C",
"helpText":"Code that displays the ASM business unit identification of the representative who last modified the record. This field is always blank on the add screen."
}
,{
"fieldCode":"5010",
"fieldName":"NOTE",
"fieldFormat":"60C",
"helpText":"Free-form message concerning the action."
}
]},"sections": {
"section0":""
,
"section1":"MONETARY ACTION CODE SERVICE"
}}
