{"data":{
"section0":[
],"section1":[
{
"fieldCode":"4001",
"fieldName":"BUSINESS UNIT",
"fieldFormat":"3N",
"helpText":"Number that identifies the CMS business unit associated with the account. This number must be within the CMS business unit range specified on your Security record. Both your assigned ASM organization record and representative record must also permit access."
}
,{
"fieldCode":"4002",
"fieldName":"ACCOUNT NUMBER",
"fieldFormat":"19N",
"helpText":"Number that identifies the account. You can enter either a card number or an account number."
}
,{
"fieldCode":"4004",
"fieldName":"ACTION CODE",
"fieldFormat":"4C",
"helpText":"Action code placed on the account."
}
,{
"fieldCode":"4003",
"fieldName":"FOREIGN USE INDICATOR",
"fieldFormat":"1N",
"helpText":"This field helps to provide details of which account needs to be used for the transaction.<br/>The valid values are shown below.<br/>Zero, space,<br/>or low-values = Local account<br/>1 = Foreign account."
}
,{
"fieldCode":"4005",
"fieldName":"ACTION TYPE",
"fieldFormat":"1C",
"helpText":"This field displays the record type of the transaction. The values are:<br/>N = Non-Monetary<br/>I = Informational"
}
,{
"fieldCode":"4006",
"fieldName":"MEMO LINE 1",
"fieldFormat":"60C",
"helpText":"This field is used to enter a note for the action to be taken."
}
,{
"fieldCode":"4007",
"fieldName":"MEMO LINE 2",
"fieldFormat":"60C",
"helpText":"This field is used to enter a note for the action to be taken."
}
,{
"fieldCode":"4009",
"fieldName":"MEMO LINE 3",
"fieldFormat":"60C",
"helpText":"This field is used to enter a note for the action to be taken."
}
,{
"fieldCode":"4009",
"fieldName":"MEMO LINE 4",
"fieldFormat":"60C",
"helpText":"This field is used to enter a note for the action to be taken."
}
,{
"fieldCode":"4010",
"fieldName":"MEMO LINE 5",
"fieldFormat":"60C",
"helpText":"This field is used to enter a note for the action to be taken."
}
,{
"fieldCode":"4011",
"fieldName":"REVIEW DATE",
"fieldFormat":"DATE",
"helpText":"Date when the account is to be placed in the representatives queue for review"
}
,{
"fieldCode":"4012",
"fieldName":"REVIEW TIME",
"fieldFormat":"7N",
"helpText":"Time when the account is to be placed in the representatives queue for review"
}
,{
"fieldCode":"4013",
"fieldName":"LETTER CODE",
"fieldFormat":"3C",
"helpText":"This field indicates the user-defined letter code of the LTS letter to be sent to the customer."
}
,{
"fieldCode":"4014",
"fieldName":"LETTER BUSINESS UNIT",
"fieldFormat":"3N",
"helpText":"This field indicates the Letter Business unit of the LTS letter to be sent to the customer. CMS defines the default Letter Business unit on the CMS Logo record."
}
,{
"fieldCode":"4015",
"fieldName":"CARD NUMBER",
"fieldFormat":"19N",
"helpText":"This field represents the card number associated with the transaction"
}
,{
"fieldCode":"4016",
"fieldName":"CARD SEQUENCE NUMBER",
"fieldFormat":"4N",
"helpText":"This field represents the card sequence number associated with the card number of the transaction."
}
,{
"fieldCode":"4021",
"fieldName":"CREDIT LIMIT CHANGE",
"fieldFormat":"",
"helpText":""
}
,{
"fieldCode":"4017",
"fieldName":"ACTION CODE PRIORITY",
"fieldFormat":"1N",
"helpText":"This field helps to set priority for the action code."
}
,{
"fieldCode":"4018",
"fieldName":"H/P/R",
"fieldFormat":"1C",
"helpText":"Code that controls what ASM should do with this action. The<br/>values are:<br/>H = Hold suspends further processing of this<br/>action and places it in your pending queue.<br/>This value does not apply to the prepaid<br/>funding action.<br/>P = Process submits the action for completion or<br/>automatic system referral to another<br/>representative (Default)<br/>R = Refer tells ASM to manually refer this action<br/>to another representative for processing. This<br/>value does not apply to the prepaid funding<br/>action."
}
,{
"fieldCode":"4019",
"fieldName":"REFERRAL REP BUSINESS UNIT",
"fieldFormat":"3N",
"helpText":"This field is the identification number of the Business unit of the referral representative."
}
,{
"fieldCode":"4020",
"fieldName":"REFERRAL REP ID",
"fieldFormat":"3C",
"helpText":"This field is the identification number of the referral representative."
}
],"section2":[
{
"fieldCode":"5001",
"fieldName":"HISTORY DATE",
"fieldFormat":"DATE",
"helpText":"This field displays the history date associated with the transaction."
}
,{
"fieldCode":"5002",
"fieldName":"HISTORY TIME",
"fieldFormat":"7N",
"helpText":"This field displays the history time associated with the transaction."
}
,{
"fieldCode":"5003",
"fieldName":"ACTION CODE PRIORITY",
"fieldFormat":"1N",
"helpText":"This field helps to display the priority of the action code."
}
,{
"fieldCode":"5004",
"fieldName":"RECORD TYPE",
"fieldFormat":"1C",
"helpText":"This field displays the record type of the transaction. The values are:<br/>F = Prepaid<br/>I = Information<br/>M = Monetary<br/>N = Nonmonetary<br/>T = Transcript<br/>1 = Action<br/>2 = Maint<br/>3 = Memo."
}
,{
"fieldCode":"5005",
"fieldName":"ACTION CODE",
"fieldFormat":"5C",
"helpText":"Action code placed on the account."
}
,{
"fieldCode":"5006",
"fieldName":"ACTION CODE DESCRIPTION",
"fieldFormat":"20C",
"helpText":"This field displays the description of the Action code placed on the account."
}
,{
"fieldCode":"5007",
"fieldName":"ACTION REP ID",
"fieldFormat":"3C",
"helpText":"This field displays the identification of the Collector ID."
}
,{
"fieldCode":"5011",
"fieldName":"NOTES HISTORY STATUS",
"fieldFormat":"1C",
"helpText":"This field helps to identify the status of the notes. The values are:<br/>O = Open-held<br/>C = Closed<br/>R = Open-referred<br/>A = Approved<br/>D = Declined."
}
,{
"fieldCode":"5012",
"fieldName":"REP BUSINESS UNIT",
"fieldFormat":"3N",
"helpText":"This field displays the identification number of the business unit associated with the representative."
}
,{
"fieldCode":"5013",
"fieldName":"REFERRAL REP BUSINESS UNIT",
"fieldFormat":"3N",
"helpText":"This field displays the identification number of the business unit associated with the representative referred."
}
,{
"fieldCode":"5014",
"fieldName":"REFERRAL REP ID",
"fieldFormat":"3C",
"helpText":"This field displays the identification number of the representative referred."
}
,{
"fieldCode":"5015",
"fieldName":"NEXT REVIEW DATE",
"fieldFormat":"DATE",
"helpText":"This field displays the date at which next review is triggered."
}
,{
"fieldCode":"5016",
"fieldName":"NEXT REVIEW TIME",
"fieldFormat":"7N",
"helpText":"This field displays the time at which next review is triggered."
}
,{
"fieldCode":"5017",
"fieldName":"NOTE PURGE DATE",
"fieldFormat":"DATE",
"helpText":"This field displays the date at which the note is purged."
}
,{
"fieldCode":"5018",
"fieldName":"ACTION DATE",
"fieldFormat":"DATE",
"helpText":"This field displays the date on which action is performed."
}
,{
"fieldCode":"5019",
"fieldName":"LETTER BUSINESS UNIT",
"fieldFormat":"3N",
"helpText":"This field displays the identification number of the business unit associated with the Letter."
}
,{
"fieldCode":"5020",
"fieldName":"LETTER CODE",
"fieldFormat":"3C",
"helpText":"This field indicates the user-defined letter code of the LTS letter to be sent to the customer through batch processing."
}
,{
"fieldCode":"5021",
"fieldName":"CARD NUMBER",
"fieldFormat":"19C",
"helpText":"This field displays the identification number of the card associated with this action."
}
,{
"fieldCode":"5022",
"fieldName":"CARD SEQUENCE NUMBER",
"fieldFormat":"5N",
"helpText":"This field displays the sequence number associated with this card which belongs to the action."
}
],"section3":[
{
"fieldCode":"4001",
"fieldName":"INPUT SOURCE",
"fieldFormat":"1N",
"helpText":"The values are: <br/>0 = ASM online<br/>1 = CMS Load/reload<br/>2 = External source."
}
,{
"fieldCode":"4002",
"fieldName":"ASM REPRESENTATIVE",
"fieldFormat":"3C",
"helpText":"This field displays the ASM identification of the representative who performed the action."
}
,{
"fieldCode":"4003",
"fieldName":"ASM BUSINESS UNIT",
"fieldFormat":"3N",
"helpText":"This field displays the ASM business unit number."
}
,{
"fieldCode":"4004",
"fieldName":"CMS ACCOUNT NUMBER",
"fieldFormat":"19N",
"helpText":"Account base segment number of the account."
}
,{
"fieldCode":"4006",
"fieldName":"ACTION CODE",
"fieldFormat":"4C",
"helpText":"Action code placed on the account."
}
,{
"fieldCode":"4020",
"fieldName":"FUNDING CARD NUMBER",
"fieldFormat":"19C",
"helpText":"Funding card number associated with the transaction."
}
,{
"fieldCode":"4005",
"fieldName":"CASE NUMBER",
"fieldFormat":"11N",
"helpText":"Case number for the action. The values are user-defined. The default is spaces."
}
,{
"fieldCode":"4007",
"fieldName":"MEMO LINE 1",
"fieldFormat":"60C",
"helpText":"This field is used to enter a note for the action to be taken."
}
,{
"fieldCode":"4008",
"fieldName":"MEMO LINE 2",
"fieldFormat":"60C",
"helpText":"This field is used to enter a note for the action to be taken."
}
,{
"fieldCode":"4009",
"fieldName":"MEMO LINE 3",
"fieldFormat":"60C",
"helpText":"This field is used to enter a note for the action to be taken."
}
,{
"fieldCode":"4010",
"fieldName":"MEMO LINE 4",
"fieldFormat":"60C",
"helpText":"This field is used to enter a note for the action to be taken."
}
,{
"fieldCode":"4011",
"fieldName":"MEMO LINE 5",
"fieldFormat":"60C",
"helpText":"This field is used to enter a note for the action to be taken."
}
,{
"fieldCode":"4012",
"fieldName":"PRIORITY CODE",
"fieldFormat":"1N",
"helpText":"Priority code that was assigned to the action code. The values are:<br/>0 = Unspecified priority<br/>1 = Low priority<br/>2 = Medium priority"
}
,{
"fieldCode":"4013",
"fieldName":"TRANSACTION EFFECTIVE DATE",
"fieldFormat":"DATE",
"helpText":"Date when this action is to take effect."
}
,{
"fieldCode":"4014",
"fieldName":"TRANSACTION AMOUNT",
"fieldFormat":"15N/2D",
"helpText":"Transaction amount to be posted."
}
,{
"fieldCode":"4015",
"fieldName":"PLAN NUMBER",
"fieldFormat":"5N",
"helpText":"Credit plan associated with the prepaid monetary transaction."
}
,{
"fieldCode":"4016",
"fieldName":"PLAN SEQUENCE NUMBER",
"fieldFormat":"2N",
"helpText":"Sequence number of the plan segment associated with the prepaid monetary transaction."
}
,{
"fieldCode":"4017",
"fieldName":"STORE NUMBER",
"fieldFormat":"9N",
"helpText":"Store number associated with the account monetary transaction."
}
,{
"fieldCode":"4018",
"fieldName":"PREPAID CARD NUMBER",
"fieldFormat":"19C",
"helpText":"Prepaid card number associated with the transaction."
}
,{
"fieldCode":"4019",
"fieldName":"PREPAID CARD SEQ NUMBER",
"fieldFormat":"4N",
"helpText":"Card sequence number associated with the prepaid card number. This field defaults to 0001."
}
,{
"fieldCode":"4021",
"fieldName":"FUNDING CARD EXPIRATION DATE",
"fieldFormat":"DATE",
"helpText":"Date when the message is set to expire."
}
,{
"fieldCode":"4022",
"fieldName":"SECURITY CODE",
"fieldFormat":"4C",
"helpText":"Security code number imprinted on the signature panel of the card. Required if SOURCE-FLAG is 0 or 2."
}
,{
"fieldCode":"4023",
"fieldName":"MERCHANT ORGANIZATION",
"fieldFormat":"3N",
"helpText":"Business unit to which the merchant is assigned."
}
,{
"fieldCode":"4024",
"fieldName":"MERCHANT NUMBER",
"fieldFormat":"9N",
"helpText":"Merchant number that MBS posts the adjustment transaction."
}
,{
"fieldCode":"4025",
"fieldName":"CHANNEL ID",
"fieldFormat":"3C",
"helpText":"The fields defines the channel id details of prepaid funding."
}
,{
"fieldCode":"4026",
"fieldName":"PARTNER ID",
"fieldFormat":"3C",
"helpText":"The fields defines the partner id details of prepaid funding."
}
,{
"fieldCode":"4027",
"fieldName":"FUND DETAILS REQUIRED",
"fieldFormat":"1C",
"helpText":"The fields defines the fund details of prepaid funding."
}
],"section4":[
{
"fieldCode":"5001",
"fieldName":"AUTHORIZATION DECISION",
"fieldFormat":"1C",
"helpText":"Code that identifies the authorization decision.<br/>The values are:<br/>   A = Approved<br/>   D = Declined."
}
,{
"fieldCode":"5002",
"fieldName":"DECLINE REASON",
"fieldFormat":"30C",
"helpText":"Description of the reason for the decline."
}
],"section5":[
{
"fieldCode":"4001",
"fieldName":"ASM BUSINESS UNIT",
"fieldFormat":"3N",
"helpText":"Number that identifies the CMS business unit. This number must be within the CMS business unit range specified on your Security record. Both your assigned ASM organization record and representative record must also permit access."
}
,{
"fieldCode":"4002",
"fieldName":"ACCOUNT NUMBER",
"fieldFormat":"19N",
"helpText":"Number that identifies the account. You can enter either a card number or an account number. If you enter a card number, ASM looks up the associated post-to account number and displays it in this field."
}
,{
"fieldCode":"4004",
"fieldName":"ACTION CODE",
"fieldFormat":"4C",
"helpText":"Action code placed on the account."
}
,{
"fieldCode":"4005",
"fieldName":"ACTION OPTION",
"fieldFormat":"1C",
"helpText":"Code that controls what ASM should do with this action. The values are:<br/>H = Hold suspends further processing of this action and places it in your pending queue. This value does not apply to the prepaid funding action.<br/>P = Process submits the action for completion or automatic system referral to another representative (Default)<br/>R = Refer tells ASM to manually refer this action to another representative for processing. This value does not apply to the prepaid funding action."
}
,{
"fieldCode":"4003",
"fieldName":"FOREIGN USE INDICATOR",
"fieldFormat":"1C",
"helpText":"Foreign use indicator.<br/>The values are:<br/>0 = Local account<br/>1 = Foreign account."
}
,{
"fieldCode":"4006",
"fieldName":"REFERRAL REPRESENTATIVE",
"fieldFormat":"3C",
"helpText":"Referral representative to whom the transcript memo will be assigned."
}
,{
"fieldCode":"4007",
"fieldName":"REVIEW DATE",
"fieldFormat":"DATE Req",
"helpText":"Date when this account is to be placed in the representatives queue for review. If this field is required, the default is the re-queue date defined for this action code."
}
,{
"fieldCode":"4009",
"fieldName":"REVIEW TIME(HH)",
"fieldFormat":"2N",
"helpText":"Time when the review is trigerred in hours."
}
,{
"fieldCode":"4010",
"fieldName":"REVIEW TIME(MM)",
"fieldFormat":"2N",
"helpText":"Time when the review is trigerred in minutes."
}
,{
"fieldCode":"4011",
"fieldName":"LETTER CODE",
"fieldFormat":"3C",
"helpText":"This field indicates the user-defined letter code assigned to the letter to be sent to this customer through batch processing."
}
,{
"fieldCode":"4012",
"fieldName":"LETTER BUSINESS UNIT",
"fieldFormat":"3N",
"helpText":"This field indicates the letter business unit of the LTS letter sent to the customer. CMS defines the default letter business unit on the CMS Logo record (Products service)."
}
,{
"fieldCode":"4013",
"fieldName":"CARD NUMBER",
"fieldFormat":"19N",
"helpText":"This field represents the card number associated with the transaction."
}
,{
"fieldCode":"4014",
"fieldName":"CARD SEQUENCE NUMBER",
"fieldFormat":"4N",
"helpText":"This field indicates the card sequence number associated with the card number. The default for the second part of the field is 0001.<br/>NOTE:  For card scheme 2 accounts (CARD SCHEME field on the CMS Account Base Segment has a value of 2), the account number and all card numbers are the same; however, each card includes a unique sequence number.  Therefore, if the CARD NUMBER is associated with a card scheme 2 account, you must update the CARD SEQ NUMBER so that it corresponds to the appropriate card."
}
,{
"fieldCode":"4015",
"fieldName":"DOCUMENT REQUESTED DATE",
"fieldFormat":"DATE",
"helpText":"Date of the document requested."
}
,{
"fieldCode":"4016",
"fieldName":"TRANSACTION AMOUNT",
"fieldFormat":"9N/2D",
"helpText":"Amount of the transaction. The format is whole monetary and subunits (no decimal point).<br/>NOTE:  If the amount is above your monetary limit, ASM automatically refers the action to your referral representative for approval and final processing. If the referral representative is not available, ASM sends the action to the first alternate. If the first alternate is not available, ASM sends the action to the second alternate. If none of these are available, ASM requests a manual referral to another representative."
}
,{
"fieldCode":"4017",
"fieldName":"STORE NUMBER",
"fieldFormat":"9N",
"helpText":"Store number associated with the transaction."
}
,{
"fieldCode":"4018",
"fieldName":"DEPARTMENT NUMBER",
"fieldFormat":"4C",
"helpText":"Department associated with the transaction."
}
,{
"fieldCode":"4019",
"fieldName":"TICKET NUMBER",
"fieldFormat":"15C",
"helpText":"Ticket number (invoice number) associated with the transaction."
}
,{
"fieldCode":"4020",
"fieldName":"REFERENCE NUMBER",
"fieldFormat":"24C",
"helpText":"Reference number associated with the transaction."
}
,{
"fieldCode":"4021",
"fieldName":"PURCHASE ORDER NUMBER",
"fieldFormat":"16C",
"helpText":"Purchase order number of the transaction."
}
,{
"fieldCode":"4022",
"fieldName":"RESOLUTION REFERENCE NUMBER",
"fieldFormat":"14N",
"helpText":"Resolution reference number for payments received for open billing accounts. Enter the posting date of the transaction (month and day) in the first four spaces. Enter the batch number in which ASM processed the payment in the next four spaces, and the item number assigned to all open items processed in the Open Item file (AMOI) in the last five spaces."
}
,{
"fieldCode":"4023",
"fieldName":"REVIEW ASM ORG",
"fieldFormat":"3N",
"helpText":"This field indicates the ASM organization number."
}
,{
"fieldCode":"4024",
"fieldName":"REVIEW ASM REPRESENTATIVE",
"fieldFormat":"3C",
"helpText":"This field indicates identification of the representative to whom the transcript memo will be referred for review at a later date."
}
,{
"fieldCode":"4025",
"fieldName":"MEMO LINE 1",
"fieldFormat":"60C",
"helpText":"This field describes the memo line1."
}
,{
"fieldCode":"4026",
"fieldName":"MEMO LINE 2",
"fieldFormat":"60C",
"helpText":"This field describes the memo line2."
}
,{
"fieldCode":"4027",
"fieldName":"MEMO LINE 3",
"fieldFormat":"60C",
"helpText":"This field describes the memo line3."
}
,{
"fieldCode":"4028",
"fieldName":"MEMO LINE 4",
"fieldFormat":"60C",
"helpText":"This field describes the memo line4."
}
,{
"fieldCode":"4029",
"fieldName":"MEMO LINE 5",
"fieldFormat":"60C",
"helpText":"This field describes the memo line5."
}
],"section6":[
{
"fieldCode":"4001",
"fieldName":"ASM BUSINESS UNIT",
"fieldFormat":"3N",
"helpText":"Business Unit number associated with the account number."
}
,{
"fieldCode":"4002",
"fieldName":"ACCOUNT NUMBER",
"fieldFormat":"19N",
"helpText":"Account Number that is requested for transcript action."
}
]},"sections": {
"section0":""
,
"section1":"Nonmonetary Action Code Service ASMW03-01-Non-monetary Action Code"
,
"section2":"Nonmonetary Action Code Service-01-Non-monetary Action Code"
,
"section3":"Prepaid Funding Service ASMW06-01-Prepaid Funding"
,
"section4":"Prepaid Funding Service-01-Prepaid Funding Service"
,
"section5":"Transcript Action Code Service ASMW02-01-Transcript Action Code"
,
"section6":"Transcript Action Code Service-01-Transcript Action Code"
}}
