{"data":{
"section0":[
],"section1":[
{
"fieldCode":"4001",
"fieldName":"INPUT SOURCE",
"fieldFormat":"1N",
"helpText":"The values are: <br/>0 = ASM online<br/>1 = CMS Load/reload<br/>2 = External source."
}
,{
"fieldCode":"4002",
"fieldName":"ASM REPRESENTATIVE",
"fieldFormat":"3C",
"helpText":"This field displays the ASM identification of the representative who performed the action."
}
,{
"fieldCode":"4003",
"fieldName":"ASM BUSINESS UNIT",
"fieldFormat":"3N",
"helpText":"This field displays the ASM business unit number."
}
,{
"fieldCode":"4004",
"fieldName":"CMS ACCOUNT NUMBER",
"fieldFormat":"19N",
"helpText":"Account base segment number of the account."
}
,{
"fieldCode":"4006",
"fieldName":"ACTION CODE",
"fieldFormat":"4C",
"helpText":"Action code placed on the account."
}
,{
"fieldCode":"4020",
"fieldName":"FUNDING CARD NUMBER",
"fieldFormat":"19C",
"helpText":"Funding card number associated with the transaction."
}
,{
"fieldCode":"4005",
"fieldName":"CASE NUMBER",
"fieldFormat":"11N",
"helpText":"Case number for the action. The values are user-defined. The default is spaces."
}
,{
"fieldCode":"4007",
"fieldName":"MEMO LINE 1",
"fieldFormat":"60C",
"helpText":"This field is used to enter a note for the action to be taken."
}
,{
"fieldCode":"4008",
"fieldName":"MEMO LINE 2",
"fieldFormat":"60C",
"helpText":"This field is used to enter a note for the action to be taken."
}
,{
"fieldCode":"4009",
"fieldName":"MEMO LINE 3",
"fieldFormat":"60C",
"helpText":"This field is used to enter a note for the action to be taken."
}
,{
"fieldCode":"4010",
"fieldName":"MEMO LINE 4",
"fieldFormat":"60C",
"helpText":"This field is used to enter a note for the action to be taken."
}
,{
"fieldCode":"4011",
"fieldName":"MEMO LINE 5",
"fieldFormat":"60C",
"helpText":"This field is used to enter a note for the action to be taken."
}
,{
"fieldCode":"4012",
"fieldName":"PRIORITY CODE",
"fieldFormat":"1N",
"helpText":"Priority code that was assigned to the action code. The values are:<br/>0 = Unspecified priority<br/>1 = Low priority<br/>2 = Medium priority"
}
,{
"fieldCode":"4013",
"fieldName":"TRANSACTION EFFECTIVE DATE",
"fieldFormat":"DATE",
"helpText":"Date when this action is to take effect."
}
,{
"fieldCode":"4014",
"fieldName":"TRANSACTION AMOUNT",
"fieldFormat":"15N/2D",
"helpText":"Transaction amount to be posted."
}
,{
"fieldCode":"4015",
"fieldName":"PLAN NUMBER",
"fieldFormat":"5N",
"helpText":"Credit plan associated with the prepaid monetary transaction."
}
,{
"fieldCode":"4016",
"fieldName":"PLAN SEQUENCE NUMBER",
"fieldFormat":"2N",
"helpText":"Sequence number of the plan segment associated with the prepaid monetary transaction."
}
,{
"fieldCode":"4017",
"fieldName":"STORE NUMBER",
"fieldFormat":"9N",
"helpText":"Store number associated with the account monetary transaction."
}
,{
"fieldCode":"4018",
"fieldName":"PREPAID CARD NUMBER",
"fieldFormat":"19C",
"helpText":"Prepaid card number associated with the transaction."
}
,{
"fieldCode":"4019",
"fieldName":"PREPAID CARD SEQ NUMBER",
"fieldFormat":"4N",
"helpText":"Card sequence number associated with the prepaid card number. This field defaults to 0001."
}
,{
"fieldCode":"4021",
"fieldName":"FUNDING CARD EXPIRATION DATE",
"fieldFormat":"DATE",
"helpText":"Date when the message is set to expire."
}
,{
"fieldCode":"4022",
"fieldName":"SECURITY CODE",
"fieldFormat":"4C",
"helpText":"Security code number imprinted on the signature panel of the card. Required if SOURCE-FLAG is 0 or 2."
}
,{
"fieldCode":"4023",
"fieldName":"MERCHANT ORGANIZATION",
"fieldFormat":"3N",
"helpText":"Business unit to which the merchant is assigned."
}
,{
"fieldCode":"4024",
"fieldName":"MERCHANT NUMBER",
"fieldFormat":"9N",
"helpText":"Merchant number that MBS posts the adjustment transaction."
}
,{
"fieldCode":"4025",
"fieldName":"CHANNEL ID",
"fieldFormat":"3C",
"helpText":"The fields defines the channel id details of prepaid funding."
}
,{
"fieldCode":"4026",
"fieldName":"PARTNER ID",
"fieldFormat":"3C",
"helpText":"The fields defines the partner id details of prepaid funding."
}
,{
"fieldCode":"4027",
"fieldName":"FUND DETAILS REQUIRED",
"fieldFormat":"1C",
"helpText":"The fields defines the fund details of prepaid funding."
}
],"section2":[
{
"fieldCode":"5001",
"fieldName":"AUTHORIZATION DECISION",
"fieldFormat":"1C",
"helpText":"Code that identifies the authorization decision.<br/>The values are:<br/>   A = Approved<br/>   D = Declined."
}
,{
"fieldCode":"5002",
"fieldName":"DECLINE REASON",
"fieldFormat":"30C",
"helpText":"Description of the reason for the decline."
}
]},"sections": {
"section0":""
,
"section1":"Prepaid Funding Service ASMW06-01-Prepaid Funding"
,
"section2":"Prepaid Funding Service-01-Prepaid Funding Service"
}}
