{"data":{
"section0":[
],"section1":[
{
"fieldCode":"4001",
"fieldName":"BUSINESS UNIT",
"fieldFormat":"3N",
"helpText":"Number that identifies the CMS organization associated with an account. The number entered in this field must be within the CMS organization range specified on the Security record (ORG LOW/HIGH range for V+ CMS/AR SYSTEM on SSSR01). Both the assigned ASM organization record and representative record must permit access. The values are 001�998."
}
,{
"fieldCode":"4002",
"fieldName":"ACCOUNT NUMBER",
"fieldFormat":"19C",
"helpText":"Number that identifies the cardholder account. You can enter either a card number or an account number. If you enter a card number, ASM looks up the associated post-to account number and displays the account number in this field when you press Enter."
}
,{
"fieldCode":"4003",
"fieldName":"STARTING DATE",
"fieldFormat":"8N",
"helpText":"Date that ASM uses to start displaying memo and actions on ASM and CTA history records. ASM displays only those memos and the actions taken on or before this date on ASQC01. To display all the actions and memos regardless of the date, leave this field blank."
}
,{
"fieldCode":"5003",
"fieldName":"NAME",
"fieldFormat":"20C",
"helpText":"Customer's short name displayed in the first 20 characters of the second display line as stored in the Account Base Segment file."
}
,{
"fieldCode":"5004",
"fieldName":"PRODUCT",
"fieldFormat":"30C",
"helpText":"Description of the account's logo. The value in this field defaults from the CMS Systems Control file (AMCR)."
}
,{
"fieldCode":"5005",
"fieldName":"CURRENT BALANCE",
"fieldFormat":"17N",
"helpText":"Total outstanding current balance of the account."
}
,{
"fieldCode":"5006",
"fieldName":"OPEN TO BUY",
"fieldFormat":"17N",
"helpText":"Current open-to-buy amount of the account."
}
,{
"fieldCode":"5007",
"fieldName":"MEMO BALANCE",
"fieldFormat":"17N",
"helpText":"Memo balance of the account."
}
,{
"fieldCode":"5008",
"fieldName":"MEMO MESSAGE LINE 1",
"fieldFormat":"79C<br/>(appears 20 times)",
"helpText":"This field is used to enter a note for the action to be taken."
}
,{
"fieldCode":"5009",
"fieldName":"MEMO MESSAGE LINE 2",
"fieldFormat":"79C<br/>(appears 20 times)",
"helpText":"This field is used to enter a note for the action to be taken."
}
,{
"fieldCode":"5010",
"fieldName":"MEMO MESSAGE LINE 3",
"fieldFormat":"79C<br/>(appears 20 times)",
"helpText":"This field is used to enter a note for the action to be taken."
}
,{
"fieldCode":"5011",
"fieldName":"MEMO MESSAGE LINE 4",
"fieldFormat":"79C<br/>(appears 20 times)",
"helpText":"This field is used to enter a note for the action to be taken."
}
,{
"fieldCode":"5012",
"fieldName":"MEMO MESSAGE LINE 5",
"fieldFormat":"79C<br/>(appears 20 times)",
"helpText":"This field is used to enter a note for the action to be taken."
}
,{
"fieldCode":"5013",
"fieldName":"MEMO MESSAGE LINE 6",
"fieldFormat":"79C<br/>(appears 20 times)",
"helpText":"This field is used to enter a note for the action to be taken."
}
,{
"fieldCode":"5014",
"fieldName":"MEMO MESSAGE LINE 7",
"fieldFormat":"79C<br/>(appears 20 times)",
"helpText":"This field is used to enter a note for the action to be taken."
}
,{
"fieldCode":"5015",
"fieldName":"MEMO MESSAGE LINE 8",
"fieldFormat":"79C<br/>(appears 20 times)",
"helpText":"This field is used to enter a note for the action to be taken."
}
,{
"fieldCode":"5016",
"fieldName":"MEMO MESSAGE LINE 9",
"fieldFormat":"79C<br/>(appears 20 times)",
"helpText":"This field is used to enter a note for the action to be taken."
}
,{
"fieldCode":"5017",
"fieldName":"MEMO MESSAGE LINE 10",
"fieldFormat":"79C<br/>(appears 20 times)",
"helpText":"This field is used to enter a note for the action to be taken."
}
]},"sections": {
"section0":""
,
"section1":"ASM CTA COMBINED HISTORYASQC"
}}
