{"data":{
"section0":[
],"section1":[
{
"fieldCode":"4001",
"fieldName":"Business Unit",
"fieldFormat":"3N",
"helpText":"Identification number of the business unit."
}
,{
"fieldCode":"4002",
"fieldName":"Account Number",
"fieldFormat":"19N",
"helpText":"Required field if you enter an organization number in the CMS<br/>ORG AND field. If you enter an organization and account<br/>number, ASM displays only those actions associated with that<br/>account."
}
,{
"fieldCode":"4003",
"fieldName":"Starting Date",
"fieldFormat":"8N",
"helpText":"Date to be used to start the search. ASM displays the first action<br/>initiated on this date in the Contact History list."
}
]},"sections": {
"section0":""
,
"section1":"ASM CTA Combined History"
}}
