{"data":{
"section0":[
],"section1":[
{
"fieldCode":"5001",
"fieldName":"ACCOUNT SUPPORT BUSINESS UNIT",
"fieldFormat":"3N",
"helpText":"Field that displays the ASM business unit number signed to you. The ASM business unit number is identical to your ASM business unit number entered on the Security Record page."
}
,{
"fieldCode":"5002",
"fieldName":"REP",
"fieldFormat":"3C",
"helpText":"Field that displays the ASM representative ID assigned to you. The ASM representative ID is identical to your ASM representative ID entered on the Security Record page."
}
,{
"fieldCode":"5003",
"fieldName":"DATE",
"fieldFormat":"",
"helpText":"Field that displays the current date."
}
,{
"fieldCode":"5004",
"fieldName":"TIME",
"fieldFormat":"5N",
"helpText":"Current time in HH:MM format."
}
,{
"fieldCode":"5005",
"fieldName":"MESSAGES WAITING",
"fieldFormat":"3C",
"helpText":"Field that indicates whether messages are waiting for your review. The values are:<br/>YES = Messages are waiting<br/>NO = No messages are waiting."
}
,{
"fieldCode":"5006",
"fieldName":"CURRENT STATUS",
"fieldFormat":"1C",
"helpText":"Code that activates or deactivates your current status. The values are:<br/>A = Active<br/>B = On break<br/>L = At lunch<br/>S = Signed off<br/>V = Vacation.<br/>By entering to more button you can update the record."
}
,{
"fieldCode":"5007",
"fieldName":"NUM OF OUTSTANDING ITEM",
"fieldFormat":"3N",
"helpText":"Number of outstanding items allowed in the representatives queue."
}
,{
"fieldCode":"5008",
"fieldName":"FILESET",
"fieldFormat":"8C",
"helpText":"Identification of the current file set. You can change the current file for this function and subsequent functions by entering either the single-character file set code or the predefined literal that represents the file set.<br/>Note: The FSET field displays only when the single image functionality is enabled."
}
]},"sections": {
"section0":""
,
"section1":"REP Status Update-01-Status Setting"
}}
