{"data":{
"section0":[
],"section1":[
{
"fieldCode":"0101",
"fieldName":"SECURITY SIGNON",
"fieldFormat":"20C",
"helpText":"Field that indicates the users sign-on in security system."
}
,{
"fieldCode":"0102",
"fieldName":"SIGNON NAME",
"fieldFormat":"20C",
"helpText":"Field that indicates the users sign-on name."
}
,{
"fieldCode":"5001",
"fieldName":"BUSINESS UNIT",
"fieldFormat":"3N",
"helpText":"Number that identifies the CMS business unit associated with the account. This number must be within the CMS business unit range specified on your Security record. Both your assigned ASM organization record and representative record must also permit access."
}
,{
"fieldCode":"5002",
"fieldName":"ACCOUNT NUMBER",
"fieldFormat":"19N",
"helpText":"Identification number of the account. You can enter either a card number or an account number. If you enter a card number, ASM will look up the associated post-to account number and place it in this field when you press Enter."
}
,{
"fieldCode":"5004",
"fieldName":"LABEL",
"fieldFormat":"12C",
"helpText":"Field that indicates the Account lable."
}
,{
"fieldCode":"5005",
"fieldName":"STATEMENT INDICATOR",
"fieldFormat":"1C",
"helpText":"Field that indicates the statement details to be displayed. The values are:<br/>A = Display regular statement details (ASSD01�ASSD02 screens) (Default)<br/>Y = Display BIS annual credit card statement details (ASSD03�ASSD04 screens)."
}
]},"sections": {
"section0":""
,
"section1":"Online Statement History Display ASSD"
}}
