{"data":{
"section0":[
],"section1":[
{
"fieldCode":"0101",
"fieldName":"SECURITY SIGNON",
"fieldFormat":"20C",
"helpText":"User�s sign-on in security system."
}
,{
"fieldCode":"0102",
"fieldName":"SIGNON NAME",
"fieldFormat":"20C",
"helpText":"User�s sign-on name."
}
,{
"fieldCode":"4001",
"fieldName":"BUSINESS UNIT",
"fieldFormat":"3N",
"helpText":"Identification number of the CMS business unit associated with  the account."
}
,{
"fieldCode":"4002",
"fieldName":"CARD/ACCOUNT NUMBER",
"fieldFormat":"19N",
"helpText":"Account base segment number for this customer"
}
,{
"fieldCode":"4004",
"fieldName":"NUMBER OF STATEMENTS REQUESTED",
"fieldFormat":"1N",
"helpText":"This field helps to provide details of account for which the statements is requested."
}
,{
"fieldCode":"4003",
"fieldName":"FOREIGN USE INDICATOR",
"fieldFormat":"1N",
"helpText":"This field helps to provide details of which account needs to be used for the transaction. The valid values are shown below.<br/>Zero, space, or low-values = Local account<br/>1 = Foreign account."
}
,{
"fieldCode":"4005",
"fieldName":"STATEMENT DATE",
"fieldFormat":"",
"helpText":"Date when the statement for this account was generated."
}
,{
"fieldCode":"4006",
"fieldName":"STATEMENT REQUEST CODE",
"fieldFormat":"1C",
"helpText":"Code that requests a statement reprint and identifies the address to use for each listed cycle. Requested statements are produced during the next batch processing run. The values are:<br/>Space = Default<br/>C = Reprint statement with current address<br/>D = Reprint statement with current address and assess a statement reprint fee<br/>P = Reprint statement with the address that existed at the time the statement was originally produced<br/>Q = Reprint statement with the address that existed at the time the statement was originally produced and assess a statement reprint fee."
}
,{
"fieldCode":"4007",
"fieldName":"STATEMENT DELIVERY FORMAT",
"fieldFormat":"",
"helpText":""
}
,{
"fieldCode":"5003",
"fieldName":"ACCOUNT NUMBER",
"fieldFormat":"19N",
"helpText":"Account base segment number for this customer."
}
]},"sections": {
"section0":""
,
"section1":"STATEMENT REPRINT SERVICE"
}}
