{"data":{
"section0":[
],"section1":[
{
"fieldCode":"4001",
"fieldName":"ASM BUSINESS UNIT",
"fieldFormat":"3N",
"helpText":"Number that identifies the CMS business unit. This number must be within the CMS business unit range specified on your Security record. Both your assigned ASM organization record and representative record must also permit access."
}
,{
"fieldCode":"4002",
"fieldName":"ACCOUNT NUMBER",
"fieldFormat":"19N",
"helpText":"Number that identifies the account. You can enter either a card number or an account number. If you enter a card number, ASM looks up the associated post-to account number and displays it in this field."
}
,{
"fieldCode":"4004",
"fieldName":"ACTION CODE",
"fieldFormat":"4C",
"helpText":"Action code placed on the account."
}
,{
"fieldCode":"4005",
"fieldName":"ACTION OPTION",
"fieldFormat":"1C",
"helpText":"Code that controls what ASM should do with this action. The values are:<br/>H = Hold suspends further processing of this action and places it in your pending queue. This value does not apply to the prepaid funding action.<br/>P = Process submits the action for completion or automatic system referral to another representative (Default)<br/>R = Refer tells ASM to manually refer this action to another representative for processing. This value does not apply to the prepaid funding action."
}
,{
"fieldCode":"4003",
"fieldName":"FOREIGN USE INDICATOR",
"fieldFormat":"1C",
"helpText":"Foreign use indicator.<br/>The values are:<br/>0 = Local account<br/>1 = Foreign account."
}
,{
"fieldCode":"4006",
"fieldName":"REFERRAL REPRESENTATIVE",
"fieldFormat":"3C",
"helpText":"Referral representative to whom the transcript memo will be assigned."
}
,{
"fieldCode":"4007",
"fieldName":"REVIEW DATE",
"fieldFormat":"DATE",
"helpText":"Date when this account is to be placed in the representatives queue for review. If this field is required, the default is the re-queue date defined for this action code."
}
,{
"fieldCode":"4009",
"fieldName":"REVIEW TIME(HH)",
"fieldFormat":"2N",
"helpText":"Time when the review is trigerred in hours."
}
,{
"fieldCode":"4010",
"fieldName":"REVIEW TIME(MM)",
"fieldFormat":"2N",
"helpText":"Time when the review is trigerred in minutes."
}
,{
"fieldCode":"4011",
"fieldName":"LETTER CODE",
"fieldFormat":"3C",
"helpText":"This field indicates the user-defined letter code assigned to the letter to be sent to this customer through batch processing."
}
,{
"fieldCode":"4012",
"fieldName":"LETTER BUSINESS UNIT",
"fieldFormat":"3N",
"helpText":"This field indicates the letter business unit of the LTS letter sent to the customer. CMS defines the default letter business unit on the CMS Logo record (Products service)."
}
,{
"fieldCode":"4013",
"fieldName":"CARD NUMBER",
"fieldFormat":"19N",
"helpText":"This field represents the card number associated with the transaction."
}
,{
"fieldCode":"4014",
"fieldName":"CARD SEQUENCE NUMBER",
"fieldFormat":"4N",
"helpText":"This field indicates the card sequence number associated with the card number. The default for the second part of the field is 0001.<br/>NOTE:  For card scheme 2 accounts (CARD SCHEME field on the CMS Account Base Segment has a value of 2), the account number and all card numbers are the same; however, each card includes a unique sequence number.  Therefore, if the CARD NUMBER is associated with a card scheme 2 account, you must update the CARD SEQ NUMBER so that it corresponds to the appropriate card."
}
,{
"fieldCode":"4015",
"fieldName":"DOCUMENT REQUESTED DATE",
"fieldFormat":"DATE",
"helpText":"Date of the document requested."
}
,{
"fieldCode":"4016",
"fieldName":"TRANSACTION AMOUNT",
"fieldFormat":"9N/2D",
"helpText":"Amount of the transaction. The format is whole monetary and subunits (no decimal point).<br/>NOTE:  If the amount is above your monetary limit, ASM automatically refers the action to your referral representative for approval and final processing. If the referral representative is not available, ASM sends the action to the first alternate. If the first alternate is not available, ASM sends the action to the second alternate. If none of these are available, ASM requests a manual referral to another representative."
}
,{
"fieldCode":"4017",
"fieldName":"STORE NUMBER",
"fieldFormat":"9N",
"helpText":"Store number associated with the transaction."
}
,{
"fieldCode":"4018",
"fieldName":"DEPARTMENT NUMBER",
"fieldFormat":"4C",
"helpText":"Department associated with the transaction."
}
,{
"fieldCode":"4019",
"fieldName":"TICKET NUMBER",
"fieldFormat":"15C",
"helpText":"Ticket number (invoice number) associated with the transaction."
}
,{
"fieldCode":"4020",
"fieldName":"REFERENCE NUMBER",
"fieldFormat":"24C",
"helpText":"Reference number associated with the transaction."
}
,{
"fieldCode":"4021",
"fieldName":"PURCHASE ORDER NUMBER",
"fieldFormat":"16C",
"helpText":"Purchase order number of the transaction."
}
,{
"fieldCode":"4022",
"fieldName":"RESOLUTION REFERENCE NUMBER",
"fieldFormat":"14N",
"helpText":"Resolution reference number for payments received for open billing accounts. Enter the posting date of the transaction (month and day) in the first four spaces. Enter the batch number in which ASM processed the payment in the next four spaces, and the item number assigned to all open items processed in the Open Item file (AMOI) in the last five spaces."
}
,{
"fieldCode":"4023",
"fieldName":"REVIEW ASM ORG",
"fieldFormat":"3N",
"helpText":"This field indicates the ASM organization number."
}
,{
"fieldCode":"4024",
"fieldName":"REVIEW ASM REPRESENTATIVE",
"fieldFormat":"3C",
"helpText":"This field indicates identification of the representative to whom the transcript memo will be referred for review at a later date."
}
,{
"fieldCode":"4025",
"fieldName":"MEMO LINE 1",
"fieldFormat":"60C",
"helpText":"This field describes the memo line1."
}
,{
"fieldCode":"4026",
"fieldName":"MEMO LINE 2",
"fieldFormat":"60C",
"helpText":"This field describes the memo line2."
}
,{
"fieldCode":"4027",
"fieldName":"MEMO LINE 3",
"fieldFormat":"60C",
"helpText":"This field describes the memo line3."
}
,{
"fieldCode":"4028",
"fieldName":"MEMO LINE 4",
"fieldFormat":"60C",
"helpText":"This field describes the memo line4."
}
,{
"fieldCode":"4029",
"fieldName":"MEMO LINE 5",
"fieldFormat":"60C",
"helpText":"This field describes the memo line5."
}
],"section2":[
{
"fieldCode":"4001",
"fieldName":"ASM BUSINESS UNIT",
"fieldFormat":"3N",
"helpText":"Business Unit number associated with the account number."
}
,{
"fieldCode":"4002",
"fieldName":"ACCOUNT NUMBER",
"fieldFormat":"19N",
"helpText":"Account Number that is requested for transcript action."
}
]},"sections": {
"section0":""
,
"section1":"Transcript Action Code Service ASMW02-01-Transcript Action Code"
,
"section2":"Transcript Action Code Service-01-Transcript Action Code"
}}
