{"data":{
"section0":[
],"section1":[
{
"fieldCode":"",
"fieldName":"BUSINESS UNIT",
"fieldFormat":"3N",
"helpText":"Number that identifies the business unit associated with the account."
}
,{
"fieldCode":"",
"fieldName":"ASM BUSINESS UNIT",
"fieldFormat":"3N",
"helpText":"Code that displays the ASM business unit number of the record. This field is always blank on the add screen."
}
,{
"fieldCode":"",
"fieldName":"REPRESENTATIVE ID",
"fieldFormat":"3C",
"helpText":"Identification of the representative who performed the action."
}
,{
"fieldCode":"",
"fieldName":"QUEUE",
"fieldFormat":"1C<br/>Req",
"helpText":"Code that identifies the queue you want to review. The values are:<br/>P = Pending (Default)<br/>R = Referral<br/>T = Transcript."
}
,{
"fieldCode":"",
"fieldName":"ACCOUNT NUMBER",
"fieldFormat":"19N<br/>Req",
"helpText":"Identification number of the account."
}
,{
"fieldCode":"",
"fieldName":"DATE",
"fieldFormat":"8N",
"helpText":"Date when ASM places this account in the representative�s queue for review."
}
,{
"fieldCode":"",
"fieldName":"TIME",
"fieldFormat":"4N",
"helpText":"Time when ASM requeues this account for review. The format is HHSS.<br/>Example: Enter 9:30 a.m. as 0930, 3:00 p.m. as 1500."
}
,{
"fieldCode":"",
"fieldName":"RECORD TYPE",
"fieldFormat":"1C",
"helpText":"This field displays the record type of the transaction. The values are:<br/>F = Prepaid<br/>I = Information<br/>M = Monetary<br/>N = Nonmonetary<br/>T = Transcript<br/>1 = Action<br/>2 = Maint<br/>3 = Memo."
}
,{
"fieldCode":"",
"fieldName":"ACTION CODE",
"fieldFormat":"4C",
"helpText":"Action code you entered on the Locate screen. This field is system-generated and cannot be modified."
}
,{
"fieldCode":"",
"fieldName":"PLAN NUMBER",
"fieldFormat":"5N",
"helpText":"Credit plan number associated with the transaction."
}
,{
"fieldCode":"",
"fieldName":"STORE NUMBER",
"fieldFormat":"9N",
"helpText":"Store number associated with the transaction."
}
,{
"fieldCode":"",
"fieldName":"TRAN AMOUNT",
"fieldFormat":"11N",
"helpText":"Amount of the transaction. The format is whole monetary and subunits (no decimal point).<br/>Note: If the amount is above your monetary limit, ASM automatically refers the action to your referral representative for approval and final processing. If the referral representative is not available, ASM sends the action to the first alternate. If the first alternate is not available, ASM sends the action to the second alternate. If none of these are available, ASM requests a manual referral to another representative"
}
]},"sections": {
"section0":""
,
"section1":"TRANSCRIPT ACTN CD SVC"
}}
