{"data":{
"section0":[
],"section1":[
{
"fieldCode":"4001",
"fieldName":"ASM BUSINESS UNIT",
"fieldFormat":"3N",
"helpText":"This field displays the ASM business unit number whose queue and action code tallies you want to view. <br/>In the ASM BUSINESS UNIT field, enter any ASM business unit number that is within the range specified on your Security record. The default is your ASM business unit number."
}
,{
"fieldCode":"4002",
"fieldName":"ASM REP",
"fieldFormat":"3C",
"helpText":"In the ASM REP field, enter the identification of any representative assigned to the designated ASM business unit to view that representatives queue and action tallies. The representative identified must be assigned to your security level or below. The default is your representative ID."
}
,{
"fieldCode":"4003",
"fieldName":"CMS BUSINESS UNIT",
"fieldFormat":"3N",
"helpText":"CMS business unit number. Entry in this field is optional. If an business unit number is entered, all the accounts assigned to the representative display for the business unit entered. If the CMS BUSINESS UNIT field is left blank, all accounts for all business units assigned to the representative display."
}
],"section2":[
{
"fieldCode":"5001",
"fieldName":"BUSINESS UNIT",
"fieldFormat":"3N",
"helpText":"This field displays the ASM business unit number whose queue tally you are displaying."
}
,{
"fieldCode":"5002",
"fieldName":"REPRESENTATIVE ID",
"fieldFormat":"3C",
"helpText":"This field displays the ASM representative ID whose queue tally you are displaying."
}
,{
"fieldCode":"5003",
"fieldName":"REPRESENTATIVE NAME",
"fieldFormat":"40C",
"helpText":"This field displays the name of the representative whose queue tally you are displaying."
}
,{
"fieldCode":"5004",
"fieldName":"CMS BUSINESS UNIT",
"fieldFormat":"3N",
"helpText":"Identification number of the CMS business unit for which actions are tallied for this representative."
}
,{
"fieldCode":"5005",
"fieldName":"QUEUE STATUS",
"fieldFormat":"",
"helpText":"Category heading for pending, referral, and transcript queues."
}
,{
"fieldCode":"5006",
"fieldName":"NUMBER",
"fieldFormat":"3N",
"helpText":"Number of actions in the representatives pending, referral, or transcript queue."
}
,{
"fieldCode":"5007",
"fieldName":"AMOUNT",
"fieldFormat":"9N/2D",
"helpText":"Monetary amount associated with the actions in each queue."
}
,{
"fieldCode":"5008",
"fieldName":"OLDEST IN QUEUE",
"fieldFormat":"DATE",
"helpText":"Date of the oldest action within each queue."
}
],"section3":[
{
"fieldCode":"5006",
"fieldName":"NUMBER",
"fieldFormat":"5N",
"helpText":"Total number of actions in all three queues combined."
}
,{
"fieldCode":"5007",
"fieldName":"AMOUNT",
"fieldFormat":"9N/2D",
"helpText":"Total monetary value associated with the actions in all three queues combined."
}
,{
"fieldCode":"5008",
"fieldName":"OLDEST IN QUEUE",
"fieldFormat":"DATE",
"helpText":"Date of the oldest action within each queue."
}
,{
"fieldCode":"5009",
"fieldName":"DESCRIPTION",
"fieldFormat":"",
"helpText":"This section of the page reflects how the representative handled the actions in the pending, referral, and transcript queues (handled direct, referred, deleted, etc.), as well as the number of actions and monetary amount associated with each category. For each item, tallies appear for today, week-to-date, and month-to-date."
}
],"section4":[
],"section5":[
],"section6":[
],"section7":[
],"section8":[
],"section9":[
],"section10":[
],"section11":[
],"section12":[
],"section13":[
],"section14":[
],"section15":[
],"section16":[
{
"fieldCode":"5010",
"fieldName":"TODAY NUMBER",
"fieldFormat":"5N",
"helpText":"Number of actions completed on this processing day."
}
,{
"fieldCode":"5011",
"fieldName":"TODAY AMOUNT",
"fieldFormat":"9N/2D",
"helpText":"Monetary value associated with the actions completed on this processing day."
}
],"section17":[
{
"fieldCode":"5012",
"fieldName":"WEEK-TO-DATE NUMBER",
"fieldFormat":"5N",
"helpText":"Number of actions completed since the beginning of the workweek."
}
,{
"fieldCode":"5013",
"fieldName":"WEEK-TO-DATE AMOUNT",
"fieldFormat":"9N/2D",
"helpText":"Monetary value associated with the actions completed since the beginning of the workweek."
}
],"section18":[
{
"fieldCode":"5014",
"fieldName":"MONTH-TO-DATE NUMBER",
"fieldFormat":"5N",
"helpText":"Number of actions completed since the beginning of the month."
}
,{
"fieldCode":"5015",
"fieldName":"MONTH-TO-DATE AMOUNT",
"fieldFormat":"9N/2D",
"helpText":"Monetary value associated with the actions completed since the beginning of the month."
}
],"section19":[
{
"fieldCode":"5016",
"fieldName":"ACTION",
"fieldFormat":"4C",
"helpText":"Action code for the completed action as defined on the Action Code record."
}
,{
"fieldCode":"5017",
"fieldName":"DESCRIPTION",
"fieldFormat":"15C",
"helpText":"Description of the action code as defined on the Action Code record."
}
],"section20":[
{
"fieldCode":"5018",
"fieldName":"TODAY NUMBER",
"fieldFormat":"4N",
"helpText":"Total number of these actions that the representative completed today."
}
,{
"fieldCode":"5019",
"fieldName":"TODAY AMOUNT",
"fieldFormat":"8N/2D",
"helpText":"Monetary amount associated with this action today."
}
],"section21":[
{
"fieldCode":"5020",
"fieldName":"WEEK-TO-DATE NUMBER",
"fieldFormat":"5N",
"helpText":"Total number of these actions that the representative completed week-to-date."
}
,{
"fieldCode":"5021",
"fieldName":"WEEK-TO-DATE AMOUNT",
"fieldFormat":"9N/2D",
"helpText":"Monetary amount associated with this action week-to-date."
}
],"section22":[
{
"fieldCode":"5022",
"fieldName":"MONTH-TO-DATE NUMBER",
"fieldFormat":"6N",
"helpText":"Total number of these actions that the representative completed month-to-date."
}
,{
"fieldCode":"5023",
"fieldName":"MONTH-TO-DATE AMOUNT",
"fieldFormat":"10N/2D",
"helpText":"Monetary amount associated with this action month-to-date."
}
]},"sections": {
"section0":""
,
"section1":"Tally Locate-01-Queue Tallies"
,
"section2":"Tally Locate-01-Queue Tallies"
,
"section3":"TOTAL IN QUEUE"
,
"section4":"DIRECT HANDLED"
,
"section5":"DIRECT REFERRED"
,
"section6":"REFRS PROCESSED"
,
"section7":"REFRS REFERRED"
,
"section8":"REFRS DELETED"
,
"section9":"REFRS REVIEWED"
,
"section10":"HOLDS PROCESSED"
,
"section11":"HOLDS REFERRED"
,
"section12":"HOLDS DELETED"
,
"section13":"HOLDS REVIEWED"
,
"section14":"TRANSCRIPTS"
,
"section15":"LETTER REQUESTS"
,
"section16":"TODAY"
,
"section17":"WEEK-TO-DATE"
,
"section18":"MONTH-TO-DATE"
,
"section19":"Tally Locate-02-Action Tallies"
,
"section20":"TODAY"
,
"section21":"WEEK-TO-DATE"
,
"section22":"MONTH-TO-DATE"
}}
