{"data":{
"section0":[
],"section1":[
{
"fieldCode":"5001",
"fieldName":"BUSINESS UNIT",
"fieldFormat":"3N",
"helpText":"Identification number of the business unit."
}
,{
"fieldCode":"5002",
"fieldName":"ACCT NUMBER",
"fieldFormat":"19C",
"helpText":"Account number for which the PIN maintenance history must be displayed."
}
,{
"fieldCode":"5003",
"fieldName":"CARD NUMBER",
"fieldFormat":"19C",
"helpText":"Card number for which the PIN maintenance history must be displayed."
}
,{
"fieldCode":"5004",
"fieldName":"CARD SEQUENCE",
"fieldFormat":"4N",
"helpText":"Card sequence number associated with the Embosser record."
}
,{
"fieldCode":"5005",
"fieldName":"DATE",
"fieldFormat":"",
"helpText":"Date on which the PIN maintenance activity was performed."
}
,{
"fieldCode":"5006",
"fieldName":"TIME",
"fieldFormat":"6N",
"helpText":"Time the PIN maintenance activity was performed."
}
,{
"fieldCode":"5007",
"fieldName":"PIN ACTION",
"fieldFormat":"1C",
"helpText":"Code that identifies the PIN action performed on the card. The values are:<br/>G = System-generated PIN<br/>P = PIN change<br/>M = PIN advice<br/>L = PIN block<br/>U = PIN unblock."
}
,{
"fieldCode":"5009",
"fieldName":"ACCT PRODUCT",
"fieldFormat":"3N",
"helpText":"Identification number of the account product."
}
,{
"fieldCode":"5010",
"fieldName":"CARD PRODUCT",
"fieldFormat":"3N",
"helpText":"Identification number of the card product."
}
]},"sections": {
"section0":""
,
"section1":"Data Management-PIN Maintenance History Locate"
}}
