{"data":{
"section0":[
],"section1":[
{
"fieldCode":"4001",
"fieldName":"BUSINESS UNIT",
"fieldFormat":"3N",
"helpText":"This field is the identification number of the business unit associated with this Logo record. The values are 001–998."
}
,{
"fieldCode":"4002",
"fieldName":"ACCOUNT",
"fieldFormat":"19C",
"helpText":"Identification number of the account to which the Collateral record is assigned."
}
,{
"fieldCode":"5002",
"fieldName":"LABEL",
"fieldFormat":"12C",
"helpText":"This field is used to identify the label."
}
]},"sections": {
"section0":""
,
"section1":"Triad Triggers  AZ1M"
}}
