{"data":{
"section0":[
],"section1":[
{
"fieldCode":"5001",
"fieldName":"BUSINESS UNIT",
"fieldFormat":"3N",
"helpText":"Identification number of the business unit associated with this card."
}
,{
"fieldCode":"5002",
"fieldName":"PRODUCT",
"fieldFormat":"3N",
"helpText":"Identification number of the product associated with this account."
}
,{
"fieldCode":"5003",
"fieldName":"ACCOUNT NUMBER",
"fieldFormat":"19C",
"helpText":"Idetification number of the account associated with the card."
}
,{
"fieldCode":"5004",
"fieldName":"CARD NUMBER",
"fieldFormat":"19C",
"helpText":"This field identifies the card number associated with the transaction."
}
,{
"fieldCode":"5005",
"fieldName":"RECORD NUMBER",
"fieldFormat":"4N",
"helpText":"Identification number assigned to an Embosser record to distinguish between multiple cards issued with the same card number."
}
,{
"fieldCode":"5006",
"fieldName":"C/H FLAG",
"fieldFormat":"1C",
"helpText":"Cardholder flag that identifies the card as primary, secondary, or converted. The values are:<br/>Space =       Field not used (Default)<br/>0         =       Primary card<br/>1         =       Secondary card<br/>3         =       Converted card, field not used<br/>4         =       Converted primary card<br/>5         =       Converted secondary card."
}
,{
"fieldCode":"5007",
"fieldName":"EMBOSSING NAME",
"fieldFormat":"26C",
"helpText":"Name that is embossed on the plastic card."
}
]},"sections": {
"section0":""
,
"section1":"Manual Card Activation  AZCV"
}}
