{"data":{
"section0":[
],"section1":[
{
"fieldCode":"4001",
"fieldName":"BUSINESS UNIT",
"fieldFormat":"3N",
"helpText":"Identification number of the organization associated with the account. The values are 001�998."
}
,{
"fieldCode":"4002",
"fieldName":"PRODUCT",
"fieldFormat":"3N",
"helpText":"Identification number of the product associated with this account."
}
,{
"fieldCode":"4003",
"fieldName":"ACCOUNT NUMBER",
"fieldFormat":"19C",
"helpText":"Identification number of the account associated with the transactions on which EPP conversion is to be performed."
}
,{
"fieldCode":"4004",
"fieldName":"CONFIRM",
"fieldFormat":"1C",
"helpText":"Code that indicates your acceptance of the EPP conversion details. The values are: <br/>N = No, do not confirm the EPP conversion (Default) <br/>Y = Yes, confirm the EPP conversion<br/>Note: When you enter the value N in the CONFIRM field, it erases the conversion details. This enables you to initiate a subsequent EPP conversion."
}
,{
"fieldCode":"4005",
"fieldName":"PLAN DESCRIPTION",
"fieldFormat":"20C",
"helpText":"Description of the EPP plan. It is an optional field."
}
,{
"fieldCode":"4006",
"fieldName":"CHANNEL ID",
"fieldFormat":"15C",
"helpText":"Code that indicates the channel ID of the customer representative who boarded the loan. This is an optional field and the default is spaces."
}
,{
"fieldCode":"4007",
"fieldName":"USER CODE 1",
"fieldFormat":"15C",
"helpText":"User-defined code that provides channel and user details. The default is spaces."
}
,{
"fieldCode":"4008",
"fieldName":"USER CODE 2",
"fieldFormat":"15C",
"helpText":"User-defined code that provides channel and user details. The default is spaces."
}
,{
"fieldCode":"4009",
"fieldName":"USER CODE 3",
"fieldFormat":"15C",
"helpText":"User-defined code that provides channel and user details. The default is spaces."
}
,{
"fieldCode":"4010",
"fieldName":"USER CODE 4",
"fieldFormat":"15C",
"helpText":"User-defined code that provides channel and user details. The default is spaces."
}
,{
"fieldCode":"4011",
"fieldName":"EPP PROMOTION",
"fieldFormat":"5N",
"helpText":"Code that indicates the Credit Plan Master number identified on AZEC00."
}
,{
"fieldCode":"4012",
"fieldName":"TXN AMOUNT",
"fieldFormat":"11N",
"helpText":"Code that indicates the transaction amount for EPP conversion. This field defaults from the transaction record selected for conversion, as displayed in the AMOUNT field on ARTD02 and ARSD05."
}
,{
"fieldCode":"4013",
"fieldName":"EPP TERM",
"fieldFormat":"3N",
"helpText":"Term of the EPP plan indicated on AZEC01."
}
,{
"fieldCode":"4045",
"fieldName":"EPP MINIMUM TERM",
"fieldFormat":"3N",
"helpText":"Minimum term of the EPP plan indicated on AZEC01."
}
,{
"fieldCode":"4046",
"fieldName":"EPP MAXIMUM TERM",
"fieldFormat":"3N",
"helpText":"Maximum term of the EPP plan indicated on AZEC01."
}
,{
"fieldCode":"4014",
"fieldName":"INTEREST RATE",
"fieldFormat":"7N",
"helpText":"Interest rate for calculating the loan schedule, for EPP conversion, indicated on AZEC01."
}
,{
"fieldCode":"4015",
"fieldName":"LOAN AMOUNT",
"fieldFormat":"17N",
"helpText":"Total amount of principal and precomputed interest. This system generated field is the total amount of the payments to be made during the term of the loan."
}
,{
"fieldCode":"4016",
"fieldName":"PRINCIPAL",
"fieldFormat":"17N",
"helpText":"Total principal amount for the EPP plan, including the transaction amount and any conversion fee assessed for the plan. Conversion fee is included only if CONV FEE is 2 on ARMC10. This field is system-generated; you cannot change it."
}
,{
"fieldCode":"4017",
"fieldName":"FIXED PAYMENT",
"fieldFormat":"17N",
"helpText":"Fixed payment amount calculated based on the principal amount, interest rate, and term of the loan. This is a system-generated field."
}
,{
"fieldCode":"4018",
"fieldName":"INTEREST",
"fieldFormat":"17N",
"helpText":"Precomputed interest based on the principal amount, the interest rate, and the term of the loan. This is a system-generated field."
}
,{
"fieldCode":"4019",
"fieldName":"TERM",
"fieldFormat":"3N",
"helpText":"Term of the loan schedule. This is a system-generated field."
}
,{
"fieldCode":"4020",
"fieldName":"BALANCE",
"fieldFormat":"17N",
"helpText":"Balance of the loan for the term on which the interest portion is calculated. This is a system-generated field."
}
,{
"fieldCode":"4023",
"fieldName":"AMOUNT",
"fieldFormat":"11N",
"helpText":"This field indicates the amount of the transaction."
}
,{
"fieldCode":"4024",
"fieldName":"USER FEE 1",
"fieldFormat":"1N",
"helpText":"This field indicates the user-defined fee."
}
,{
"fieldCode":"4025",
"fieldName":"USER FEE 4",
"fieldFormat":"1N",
"helpText":"This field indicates the user-defined fee."
}
,{
"fieldCode":"",
"fieldName":"SELECT",
"fieldFormat":"1C",
"helpText":"Selection field to select a transaction for EPP conversion. The left of the EFF DATE field for each transaction. The value is: S to select particular transaction."
}
,{
"fieldCode":"4027",
"fieldName":"EFFECTIVE DATE",
"fieldFormat":"4N",
"helpText":"Effective date (month/day) of the transaction. The format is MMDD or DDMM depending on the date format established in the System record (DATE FORMAT on ARMS01)."
}
,{
"fieldCode":"4028",
"fieldName":"POSTING DATE",
"fieldFormat":"4N",
"helpText":"Posting date (month/day) of the transaction. The format is MMDD or DDMM depending on the date format established in the System record (DATE FORMAT on ARMS01)."
}
,{
"fieldCode":"4030",
"fieldName":"TYPE OF TRANSACTION",
"fieldFormat":"1C",
"helpText":"Code that identifies the type of transaction. The values are D (debit), C (credit), and M (memo)."
}
,{
"fieldCode":"4031",
"fieldName":"TRANSACTION CODE",
"fieldFormat":"4N",
"helpText":"This field indicates the transaction code associated with the transaction."
}
,{
"fieldCode":"4032",
"fieldName":"LOGIC MODULE",
"fieldFormat":"3N",
"helpText":"Logic module associated with the transaction code."
}
,{
"fieldCode":"4033",
"fieldName":"CREDIT PLAN",
"fieldFormat":"5N",
"helpText":"Number that identifies the Credit Plan Master record for the credit plan to which the transaction was posted."
}
,{
"fieldCode":"4034",
"fieldName":"REFERENCE",
"fieldFormat":"23C",
"helpText":"Reference number assigned to the transaction."
}
,{
"fieldCode":"4035",
"fieldName":"DESCRIPTION",
"fieldFormat":"40C",
"helpText":"Description of the transaction."
}
,{
"fieldCode":"4036",
"fieldName":"AUTHORIZATION CODE",
"fieldFormat":"6N",
"helpText":"Authorization code assigned to the transaction."
}
,{
"fieldCode":"4037",
"fieldName":"CARD NUMBER",
"fieldFormat":"19C",
"helpText":"Number that is embossed on the plastic card. Enter a value in this field only if the card number is different from the post-to account number (CRD# SCM on ARMB01 is 3).<br/>Note: If you enter a card number that is different from the post-to account number, you cannot enter a number already assigned to an existing Relationship record or Account Base Segment record. If you enter a number already in use, CMS displays an error message. To locate an existing Embosser record in maintenance mode (ARME00), enter only the post-to account number or enter both the card number and record number, but do not enter all three numbers. If you enter a valid card number and record number on ARME00, CMS displays ARME02 for that Embosser record and skips ARME01. During the add mode, (ARAE00), you can enter a slash ( / ) in the left-most position of the CARD NUMBER field. CMS generates a new card number using the Base Segment Account Number/Embossing Number Generation table defined in the Logo record (ARML16)."
}
,{
"fieldCode":"4038",
"fieldName":"CARD SEQUENCE",
"fieldFormat":"4N",
"helpText":"Identification number assigned to an Embosser record to distinguish between multiple cards issued with the same card number."
}
,{
"fieldCode":"4039",
"fieldName":"AMOS AMXT KEY",
"fieldFormat":"27C",
"helpText":"This field indicates the transaction key."
}
,{
"fieldCode":"4040",
"fieldName":"AMSS AMSL ORG ACCT",
"fieldFormat":"22C",
"helpText":"This field indicates the organization and account number on statement."
}
,{
"fieldCode":"4041",
"fieldName":"AMSS AMSL STMT CODE",
"fieldFormat":"7N",
"helpText":"This field indicates the transaction ID code."
}
,{
"fieldCode":"4042",
"fieldName":"AMSS AMSL REC TYPE",
"fieldFormat":"1N",
"helpText":"This field indicates the statement record type."
}
,{
"fieldCode":"4043",
"fieldName":"AMSS AMSL REC NBR",
"fieldFormat":"4N",
"helpText":"This field indicates the statement record number."
}
,{
"fieldCode":"",
"fieldName":"SELEST SWITCH",
"fieldFormat":"1N",
"helpText":"Field that indicates the EPP Plan Roll Switch."
}
,{
"fieldCode":"5003",
"fieldName":"SUCCESS MESSAGE",
"fieldFormat":"1N",
"helpText":"Field that indicates the success message for multi-transactions EPP conversion."
}
]},"sections": {
"section0":""
,
"section1":"MultiTXNS EPP Conversion"
}}
