{"data":{
"section0":[
],"section1":[
{
"fieldCode":"4001",
"fieldName":"MOBILE NUMBER",
"fieldFormat":"20C",
"helpText":"Code that indicates the valid mobile number of the customer associated with the account."
}
,{
"fieldCode":"4002",
"fieldName":"DATE OF BIRTH",
"fieldFormat":"10C",
"helpText":"Code that indicates the date of birth of the customer. The format is DD/MM/YYYY."
}
,{
"fieldCode":"4003",
"fieldName":"NEXT TRANSACTION",
"fieldFormat":"4C",
"helpText":"Screen ID that identifies the screen you want CMS to display after you have selected a record from the list."
}
,{
"fieldCode":"5004",
"fieldName":"BUSINESS UNIT",
"fieldFormat":"3N",
"helpText":"Identification number of the organization associated with the account."
}
,{
"fieldCode":"5005",
"fieldName":"CARD NUMBER",
"fieldFormat":"19C",
"helpText":"Identification number of the card associated with the customer."
}
,{
"fieldCode":"5006",
"fieldName":"CUSTOMER NUMBER",
"fieldFormat":"19C",
"helpText":"Identification number of the Customer Name/Address record associated with the account."
}
,{
"fieldCode":"5007",
"fieldName":"ACCOUNT NUMBER",
"fieldFormat":"19C",
"helpText":"Identification number of the account."
}
,{
"fieldCode":"5008",
"fieldName":"EMBOSSER NAME",
"fieldFormat":"26C",
"helpText":"Code that indicates the name which is embossed on the card."
}
,{
"fieldCode":"5009",
"fieldName":"EMBOSSER RECORD STATUS",
"fieldFormat":"1C",
"helpText":"Code that indicates the status of the embosser record."
}
,{
"fieldCode":"5010",
"fieldName":"BLOCK CODE",
"fieldFormat":"1C",
"helpText":"Code that indicates the block code assigned to the embosser record."
}
,{
"fieldCode":"5051",
"fieldName":"FUNCTION",
"fieldFormat":"",
"helpText":""
}
,{
"fieldCode":"5052",
"fieldName":"DYNAMIC FIELD CODES",
"fieldFormat":"",
"helpText":""
}
]},"sections": {
"section0":""
,
"section1":"Embosser Customer Enquiry  AZEX"
}}
