{"data":{
"section0":[
],"section1":[
{
"fieldCode":"4009",
"fieldName":"BUSINESS UNIT",
"fieldFormat":"3N",
"helpText":"Identification number of the business unit associated with this account."
}
,{
"fieldCode":"0898",
"fieldName":"PRODUCT",
"fieldFormat":"3N",
"helpText":"Identification number of the product associated with this account."
}
,{
"fieldCode":"4010",
"fieldName":"ACCOUNT NUMBER",
"fieldFormat":"19C",
"helpText":"Identification number of the account."
}
,{
"fieldCode":"5004",
"fieldName":"CURRENT BALANCE",
"fieldFormat":"17N",
"helpText":"Total current balance of all credit plan segments associated with the account."
}
,{
"fieldCode":"5007",
"fieldName":"RECENCY",
"fieldFormat":"1N",
"helpText":"Recency delinquency level of the account, which is the number of billing cycles since the last qualifying payment was posted to the account."
}
,{
"fieldCode":"5010",
"fieldName":"CYCLE DUE",
"fieldFormat":"1N",
"helpText":"Contractual delinquency level of the account, which is the number of cycles for which payment is due."
}
,{
"fieldCode":"4007",
"fieldName":"MEMO BALANCE",
"fieldFormat":"17N",
"helpText":"Memo balance of the account. This is calculated as current balance plus memo debits minus memo credits."
}
,{
"fieldCode":"4008",
"fieldName":"PAYMENT DUE DATE",
"fieldFormat":"8N",
"helpText":"Date on which the next payment is due."
}
,{
"fieldCode":"4009",
"fieldName":"CURRENT DUE",
"fieldFormat":"17N",
"helpText":"Current due amount for the account."
}
,{
"fieldCode":"4010",
"fieldName":"DATE LAST PAYMENT",
"fieldFormat":"8N",
"helpText":"Date on which the previous payment was posted."
}
,{
"fieldCode":"4011",
"fieldName":"PAST DUE",
"fieldFormat":"17N",
"helpText":"Past due amount for the account."
}
,{
"fieldCode":"4012",
"fieldName":"REVOLVING BALANCE",
"fieldFormat":"17N",
"helpText":"Revolving balance of the account, which is the total principal balance reduced by amount due."
}
,{
"fieldCode":"4013",
"fieldName":"RECORD",
"fieldFormat":"3N",
"helpText":"Record number that identifies each Credit Plan Segment record assigned to the account."
}
,{
"fieldCode":"5004",
"fieldName":"PLAN",
"fieldFormat":"5N",
"helpText":"Identification number of the Credit Plan Master record associated with the Credit Plan Segment record."
}
,{
"fieldCode":"4015",
"fieldName":"TYPE",
"fieldFormat":"1C",
"helpText":"Code that identifies the type of credit plan defined by the Credit Plan Master record (PLAN TYPE on ARMC01). The values are:<br/>A = Access checks (cash plan)<br/>B = Balance transfers (retail plan)<br/>C = Cash plan<br/>K = Access checks (retail plan)<br/>R = Retail plan (Default)<br/>T = Balance transfers (cash plan).<br/>Other plan types are not eligible for EPP conversion."
}
,{
"fieldCode":"4016",
"fieldName":"ESTIMATED EPP BALANCE",
"fieldFormat":"17N",
"helpText":"Estimated plan balance of the Credit Plan Segment record to be converted to an EPP. This amount is the calculated as the current plan balance minus any disputed plan amount."
}
,{
"fieldCode":"5012",
"fieldName":"TOTAL DUE",
"fieldFormat":"17N",
"helpText":"Total amount due for the Credit Plan Segment record."
}
,{
"fieldCode":"4009",
"fieldName":"PLAN DESCRIPTION",
"fieldFormat":"15C",
"helpText":"Description of the Credit Plan Segment record."
}
,{
"fieldCode":"4019",
"fieldName":"PLAN STATUS",
"fieldFormat":"2N",
"helpText":"Code that indicates the status of the Credit Plan Segment record. The values are:<br/>01 = Active. Sales transaction posted; plan is not in imbalance condition. This status code is system-generated.<br/>02-09 = User-defined active status. This status code is generated via a user exit.<br/>10 = Complete precomputed loan plan (POSTING IND on ARMA11 is 1 or 2). This status code is system-generated.<br/>11 = Incomplete precomputed loan plan (POSTING IND on ARMA11 is 1 or 2). The credit plan segment record includes record type 01. Data is missing from record types 02 (loan data) and/or 07 (amortization data). Transactions that post to plans with this status code will reject with posting flag 37 (incomplete loan plan). This status code is system-generated.<br/>12-19 = User-defined inactive status. This status code is generated via a user exit.<br/>20 = Canceled by CMS. This status code is systemgenerated.<br/>21-29 = User-defined canceled status. This status code is generated via a user exit.<br/>30 = Expired. The credit plan reached the deferment expiration date. This status code is systemgenerated.<br/>When a deferment expires, the PLAN STATUS changes to 30 (expired). However, the PLAN STATUS resets to 01 (active) with plan rollover if the following expiration parameters are set on the Credit Plan Master (ARMC01):<br/>EXPR is 1 (roll the deferred plan to another plan)<br/>METHOD is 0 (change the plan number to the valid number defined in PLAN).<br/>31-39 = User-defined expired status. This status code is generated via a user exit.<br/>40 = Paid out. Credit plan has been paid out in full. This status code is system-generated. <br/>41-49 = User-defined paid out status. This status code is generated via a user exit.<br/>50 = Return received that resulted in cancellation of the loan. This status code is system-generated.<br/>51-59 = User-defined return received status. This status code is generated via a user exit.<br/>60 = Plan transfer or partial plan transfer to this credit plan today. This status code is systemgenerated.<br/>61 = Plan transfer from this credit plan today. CMS deletes the Credit Plan Segment record during the next CMS daily run. This status code is system-generated.<br/>62 = Partial plan transfer from this credit plan today. This status code is system-generated.<br/>64-69 = User-defined plan transfer or partial plan transfer status. Can be assigned to a credit plan segment involved in a plan transfer or a partial plan transfer today (transfer from or transfer to plan). This status code is generated via a user exit.<br/>70 = Imbalance condition on credit plan that has never been active. This status code is systemgenerated.<br/>71 = Imbalance condition on credit plan that was previously active. This status code is systemgenerated.<br/>72 = No sale has posted against the loan amount.<br/>73-79 = User-defined status for credit plan with an imbalance condition. This status code is generated via a user exit.<br/>80 = Plan is set to purge. This status code is systemgenerated.<br/>81 = Settled loan plan. This status code is systemgenerated when a plan with settlement type X, Y, or Z (SETTLEMENT TYPE on ARMA13) is settled. If a settlement reversal occurs, the settlement type is reset to its original value of P, W, or S, and the plan status is updated to 01."
}
,{
"fieldCode":"4020",
"fieldName":"DATE ADDED",
"fieldFormat":"7N",
"helpText":"Date EPP was added."
}
,{
"fieldCode":"4021",
"fieldName":"SI NUMBER",
"fieldFormat":"9N",
"helpText":"Store ID number."
}
,{
"fieldCode":"4022",
"fieldName":"STORE ID",
"fieldFormat":"9C",
"helpText":"Code that identifies the store number where the card will be embossed for instant issuance request. This field is open for input only if the PROCESS TYPE field is set to 3."
}
,{
"fieldCode":"4023",
"fieldName":"PRINCIPAL BALANCE",
"fieldFormat":"17N",
"helpText":"This field indicates the sum of outstanding principal balance amount."
}
,{
"fieldCode":"4024",
"fieldName":"PRINCIPAL TOTAL DUE",
"fieldFormat":"17N",
"helpText":"Total due amount."
}
,{
"fieldCode":"4025",
"fieldName":"EPP FLAG",
"fieldFormat":"1c",
"helpText":"Type of EPP plan. The values are:<br/>0 = TXN       <br/>1 = PLAN      <br/>A = ACCT      <br/>P = PRIN      <br/>R = REVOLVING <br/>S = SNGL-REVOL."
}
,{
"fieldCode":"4028",
"fieldName":"TYPE OF BALANCE",
"fieldFormat":"17N",
"helpText":"Description or the type of balance conversion. The values are:<br/>Principal balance<br/>Full account balance<br/>Revolving balance"
}
,{
"fieldCode":"4029",
"fieldName":"EPP SWITCH",
"fieldFormat":"1C",
"helpText":"EPP switch."
}
,{
"fieldCode":"5007",
"fieldName":"PLAN NUMBER",
"fieldFormat":"3N",
"helpText":"Plan number of the selected Credit Plan Segment record."
}
,{
"fieldCode":"0899",
"fieldName":"RECORD NUMBER",
"fieldFormat":"19C",
"helpText":"Identification number of the selected Credit Plan Segment record."
}
,{
"fieldCode":"5009",
"fieldName":"OPEN DATE",
"fieldFormat":"8N",
"helpText":"Date on which the Credit Plan Segment record was opened or generated for the account."
}
,{
"fieldCode":"5014",
"fieldName":"EPP PROMOTION",
"fieldFormat":"5N",
"helpText":"Identification number of the Credit Plan Master record to be used for the EPP plan balance conversion. The values are 00001-99998. The number that you enter must identify an existing EPP credit plan master that is valid for converting this plan type (TYPE on ARMC20)."
}
,{
"fieldCode":"5015",
"fieldName":"AMOUNT TO BE CONVERTED",
"fieldFormat":"17N",
"helpText":"Plan balance amount to be converted to an EPP plan. The amount defaults from the estimated EPP plan balance (ESTIMATED EPP BAL) of the selected Credit Plan Segment record. You can modify the amount only if P was specified the SEL field on AZEP01."
}
]},"sections": {
"section0":""
,
"section1":"PLAN SEGMENTS FOR EPP  AZEP"
}}
