{"data":{
"section0":[
],"section1":[
{
"fieldCode":"4001",
"fieldName":"BUSINESS UNIT",
"fieldFormat":"3N",
"helpText":"Identification number of the organization associated with the account. The values are 001-998."
}
,{
"fieldCode":"4002",
"fieldName":"ACCOUNT NUMBER",
"fieldFormat":"19C",
"helpText":"Identification number of the account. If you enter a card number, CMS determines the post-to account number that is associated with the card number."
}
,{
"fieldCode":"4003",
"fieldName":"TYPE",
"fieldFormat":"1C",
"helpText":"Code that indicates the type of conversion method. The values are:<br/>X = Full or portion of single plan segment balance conversion<br/>R = Full or portion of single plan segment revolving balance conversion<br/>A = Full or portion of account/principal/revolving balance conversion."
}
,{
"fieldCode":"5002",
"fieldName":"PRODUCT",
"fieldFormat":"3N",
"helpText":"Identification number of the logo associated with this account."
}
,{
"fieldCode":"5004",
"fieldName":"CURRENT BALANCE",
"fieldFormat":"17N",
"helpText":"Total current balance of all credit plan segments associated with the account."
}
,{
"fieldCode":"5005",
"fieldName":"RECENCY",
"fieldFormat":"1N",
"helpText":"Recency delinquency level of the account, which is the number of billing cycles since the last qualifying payment was posted to the account."
}
,{
"fieldCode":"5006",
"fieldName":"CYCLE DUE",
"fieldFormat":"1N",
"helpText":"Contractual delinquency level of the account, which is the number of cycles for which payment is due."
}
,{
"fieldCode":"5007",
"fieldName":"MEMO BALANCE",
"fieldFormat":"17N",
"helpText":"Memo balance of the account. This is calculated as current balance plus memo debits minus memo credits."
}
,{
"fieldCode":"5008",
"fieldName":"PAYMENT DUE DATE",
"fieldFormat":"8N",
"helpText":"Date on which the next payment is due."
}
,{
"fieldCode":"5009",
"fieldName":"CURRENT DUE",
"fieldFormat":"17N",
"helpText":"Current due amount for the account."
}
,{
"fieldCode":"5010",
"fieldName":"DATE LAST PAYMENT",
"fieldFormat":"8N",
"helpText":"Date on which the previous payment was posted."
}
,{
"fieldCode":"5011",
"fieldName":"PAST DUE",
"fieldFormat":"17N",
"helpText":"Past due amount for the account."
}
,{
"fieldCode":"5012",
"fieldName":"REVOLVING BALANCE",
"fieldFormat":"17N",
"helpText":"Revolving balance of the account, which is the total principal balance reduced by amount due."
}
,{
"fieldCode":"5013",
"fieldName":"PLAN DESCRIPTION",
"fieldFormat":"15C",
"helpText":"Description of the Credit Plan Segment record."
}
,{
"fieldCode":"5014",
"fieldName":"SI NUMBER",
"fieldFormat":"",
"helpText":""
}
,{
"fieldCode":"5015",
"fieldName":"STORE ID",
"fieldFormat":"9N",
"helpText":"Store identification number where the transaction originated."
}
,{
"fieldCode":"5016",
"fieldName":"PLAN NUMBER",
"fieldFormat":"5N",
"helpText":"Identification number of the Credit Plan Master record associated with the Credit Plan Segment record."
}
,{
"fieldCode":"5017",
"fieldName":"RECORD",
"fieldFormat":"3N",
"helpText":"Record number that identifies each Credit Plan Segment record assigned to the account."
}
,{
"fieldCode":"5019",
"fieldName":"TOTAL DUE",
"fieldFormat":"17N",
"helpText":"Total amount due for the Credit Plan Segment record."
}
,{
"fieldCode":"5022",
"fieldName":"DATE ADDED",
"fieldFormat":"10C",
"helpText":"Date when the merchant utility was added to the system."
}
,{
"fieldCode":"5020",
"fieldName":"TYPE OF BALANCE",
"fieldFormat":"15C",
"helpText":"Description or the type of balance conversion. The values are:<br/>Principal balance<br/>Full account balance<br/>Revolving balance."
}
,{
"fieldCode":"5021",
"fieldName":"ESTIMATE EPP BAL",
"fieldFormat":"17N",
"helpText":"Estimated plan balance of each type of conversion. This amount is calculated as follows:<br/>For principal balance conversion, this amount is the sum of principal balance of all plans minus the sum of minimum due of principal bucket, which includes both billed and un-billed amounts<br/>For account balance conversion, this amount equals the current balance amount<br/>For revolving balance conversion, this amount is the sum of the current balance of the plan segment minus the minimum due of all plans."
}
]},"sections": {
"section0":""
,
"section1":"Plan SEG For EPP Type A AZEP"
}}
