{"data":{
"section0":[
],"section1":[
{
"fieldCode":"5001",
"fieldName":"BUSINESS UNIT",
"fieldFormat":"3N",
"helpText":"Identification number of the organization associated with the account. The values are 001-998."
}
,{
"fieldCode":"5002",
"fieldName":"PRODUCT",
"fieldFormat":"3N",
"helpText":"Identification number of the logo associated with this account."
}
,{
"fieldCode":"5003",
"fieldName":"ACCOUNT NUMBER",
"fieldFormat":"19C",
"helpText":"Identification number of the account. If you enter a card number, CMS determines the post-to account number that is associated with the card number."
}
,{
"fieldCode":"5004",
"fieldName":"CURRENT BALANCE",
"fieldFormat":"17N",
"helpText":"Total current balance of all credit plan segments associated with the account."
}
,{
"fieldCode":"5005",
"fieldName":"RECENCY",
"fieldFormat":"1N",
"helpText":"Recency delinquency level of the account, which is the number of billing cycles since the last qualifying payment was posted to the account."
}
,{
"fieldCode":"5006",
"fieldName":"CYCLE DUE",
"fieldFormat":"1N",
"helpText":"Contractual delinquency level of the account, which is the number of cycles for which payment is due."
}
,{
"fieldCode":"5007",
"fieldName":"MEMO BALANCE",
"fieldFormat":"17N",
"helpText":"Memo balance of the account. This is calculated as current balance plus memo debits minus memo credits."
}
,{
"fieldCode":"5008",
"fieldName":"PAYMENT DUE DATE",
"fieldFormat":"8N",
"helpText":"Date on which the next payment is due."
}
,{
"fieldCode":"5009",
"fieldName":"CURRENT DUE",
"fieldFormat":"17N",
"helpText":"Current due amount for the account."
}
,{
"fieldCode":"5010",
"fieldName":"DATE LAST PAYMENT",
"fieldFormat":"8N",
"helpText":"Date on which the previous payment was posted."
}
,{
"fieldCode":"5011",
"fieldName":"PAST DUE",
"fieldFormat":"17N",
"helpText":"Past due amount for the account."
}
,{
"fieldCode":"5012",
"fieldName":"REVOLVING BALANCE",
"fieldFormat":"17N",
"helpText":"Revolving balance of the account, which is the total principal balance reduced by amount due."
}
,{
"fieldCode":"5013",
"fieldName":"RECORD",
"fieldFormat":"3N",
"helpText":"Record number that identifies each Credit Plan Segment record assigned to the account."
}
,{
"fieldCode":"5014",
"fieldName":"PLAN",
"fieldFormat":"5N",
"helpText":"Identification number of the Credit Plan Master record associated with the Credit Plan Segment record."
}
,{
"fieldCode":"5015",
"fieldName":"TYPE",
"fieldFormat":"1C",
"helpText":"Code that identifies the type of credit plan defined by the Credit Plan Master record (PLAN TYPE on ARMC01). The values are:<br/>A = Access checks (cash plan)<br/>B = Balance transfers (retail plan)<br/>C = Cash plan<br/>K = Access checks (retail plan)<br/>R = Retail plan (Default)<br/>T = Balance transfers (cash plan).<br/>Other plan types are not eligible for EPP conversion."
}
,{
"fieldCode":"5016",
"fieldName":"ESTIMATED EPP BAL",
"fieldFormat":"17N",
"helpText":"Estimated plan balance of the Credit Plan Segment record to be converted to an EPP. This amount is the calculated as the current plan balance minus any disputed plan amount."
}
,{
"fieldCode":"5017",
"fieldName":"TOTAL DUE",
"fieldFormat":"17N",
"helpText":"Total amount due for the Credit Plan Segment record."
}
,{
"fieldCode":"5018",
"fieldName":"PLAN DESCRIPTION",
"fieldFormat":"15C",
"helpText":"Description of the Credit Plan Segment record."
}
,{
"fieldCode":"5019",
"fieldName":"PLAN STATUS",
"fieldFormat":"2N",
"helpText":"Code that indicates the status of the Credit Plan Segment record."
}
,{
"fieldCode":"5020",
"fieldName":"DATE ADDED",
"fieldFormat":"10C",
"helpText":"Date when the merchant utility was added to the system."
}
,{
"fieldCode":"5021",
"fieldName":"SI NUMBER",
"fieldFormat":"",
"helpText":""
}
,{
"fieldCode":"5022",
"fieldName":"STORE ID",
"fieldFormat":"9N",
"helpText":"Store identification number where the transaction originated."
}
,{
"fieldCode":"5023",
"fieldName":"PRINCIPAL BALANCE",
"fieldFormat":"17N",
"helpText":"Principal balance of all credit plan segments associated with the account."
}
,{
"fieldCode":"5024",
"fieldName":"PRINCIPAL TOTAL DUE",
"fieldFormat":"17N",
"helpText":"Total amount due for the Credit Plan Segment record."
}
,{
"fieldCode":"5025",
"fieldName":"EPP FLAG",
"fieldFormat":"",
"helpText":""
}
]},"sections": {
"section0":""
,
"section1":"Plan SEG For EPP Type X R AZEP"
}}
