{"data":{
"section0":[
],"section1":[
{
"fieldCode":"5001",
"fieldName":"BUSINESS UNIT",
"fieldFormat":"3N",
"helpText":"Identification number of the business unit associated with this card."
}
,{
"fieldCode":"4001",
"fieldName":"CARD NUMBER",
"fieldFormat":"19C",
"helpText":"Identification number of the card associated with this Embosser record."
}
,{
"fieldCode":"5003",
"fieldName":"PRODUCT",
"fieldFormat":"3N",
"helpText":"This field is the Identification number of the Product classification record."
}
,{
"fieldCode":"",
"fieldName":"CARD SEQUENCE",
"fieldFormat":"4N",
"helpText":"Card sequence number associated with the Embosser record."
}
,{
"fieldCode":"5004",
"fieldName":"NAME LINE 1",
"fieldFormat":"40C",
"helpText":"This field indicates the owner personal name, business name, or<br/>a generic name."
}
,{
"fieldCode":"5005",
"fieldName":"NAME LINE 2",
"fieldFormat":"40C",
"helpText":"This field indicates the owner name."
}
,{
"fieldCode":"5006",
"fieldName":"ADDRESS 1",
"fieldFormat":"40C",
"helpText":"Mailing address for the owner."
}
,{
"fieldCode":"5007",
"fieldName":"ADDRESS 2",
"fieldFormat":"40C",
"helpText":"Mailing address for the owner."
}
,{
"fieldCode":"5008",
"fieldName":"CITY 1",
"fieldFormat":"30C",
"helpText":"This field indicates the City portion of the mailing address of<br/>the owner."
}
,{
"fieldCode":"5002",
"fieldName":"CITY 2",
"fieldFormat":"30C",
"helpText":"This field indicates the City portion of the mailing address of<br/>the owner."
}
,{
"fieldCode":"5009",
"fieldName":"EMB NAME 1",
"fieldFormat":"26C",
"helpText":"Embossed name 1 of the embosser (transfer from) as defined<br/>on the Cardholder record."
}
,{
"fieldCode":"5010",
"fieldName":"EMB NAME 2",
"fieldFormat":"26C",
"helpText":"Embossed name 1 of the embosser (transfer from) as defined<br/>on the Cardholder record."
}
,{
"fieldCode":"5013",
"fieldName":"FUNCTION",
"fieldFormat":"1C",
"helpText":"Field that identifies the action you want to take on the account. The value is: T = Transfer fraud."
}
,{
"fieldCode":"5014",
"fieldName":"ACCOUNT",
"fieldFormat":"19C",
"helpText":"Idetification number of the account associated with the card."
}
,{
"fieldCode":"5015",
"fieldName":"TRANSFER TO ACCOUNT",
"fieldFormat":"19C",
"helpText":"Identification number of the account to which you want to transfer the funds."
}
,{
"fieldCode":"5016",
"fieldName":"CARD",
"fieldFormat":"19C",
"helpText":"This field identifies the card number associated with the<br/>target account."
}
,{
"fieldCode":"5017",
"fieldName":"TRANSFER TO CUST",
"fieldFormat":"40C",
"helpText":"This field indicates the name of the owner of the account to which you want to transfer the funds."
}
,{
"fieldCode":"5019",
"fieldName":"TRANSFER TO ORG",
"fieldFormat":"3N",
"helpText":"IdentifiCation number of the organization to which the funds are transferred."
}
,{
"fieldCode":"5020",
"fieldName":"TRANSFER TO LOGO",
"fieldFormat":"3N",
"helpText":"Identification number of the logo record to which the funds are transferred."
}
,{
"fieldCode":"5021",
"fieldName":"EFFECTIVE DATE",
"fieldFormat":"DATE",
"helpText":"Date when this action is to take effect."
}
,{
"fieldCode":"5023",
"fieldName":"BLOCK CODE",
"fieldFormat":"1C",
"helpText":"Code that indicates the selection criteria."
}
]},"sections": {
"section0":""
,
"section1":"Fraud Embosser Transfer  AZLF"
}}
