{"data":{
"section0":[
],"section1":[
{
"fieldCode":"4001",
"fieldName":"BUSINESS UNIT",
"fieldFormat":"3N",
"helpText":"Identification number of the business unit associated with the card. The values are 001-998."
}
,{
"fieldCode":"4002",
"fieldName":"POST TO ACCOUNT NUMBER",
"fieldFormat":"19C",
"helpText":"Identification number of the Account Base Segment record to which CMS posts transactions received for this Embosser record.<br/>NOTE: Enter only the POST TO ACCOUNT NUMBER or CARD NUMBER, but do not make an entry in both fields."
}
,{
"fieldCode":"4003",
"fieldName":"CARD NUMBER",
"fieldFormat":"19C",
"helpText":"Identification number of the card associated with this Embosser record."
}
,{
"fieldCode":"4004",
"fieldName":"RECORD NUMBER",
"fieldFormat":"4N",
"helpText":"Identification number assigned to an Embosser record."
}
,{
"fieldCode":"5001",
"fieldName":"BUSINESS UNIT",
"fieldFormat":"3N",
"helpText":"Business unit number associated with the account and card entered on the Locate screen."
}
,{
"fieldCode":"5002",
"fieldName":"LOGO",
"fieldFormat":"3N",
"helpText":"Logo number associated with the account and card entered on the Locate screen."
}
,{
"fieldCode":"5003",
"fieldName":"POST TO ACCOUNT NUMBER",
"fieldFormat":"19C",
"helpText":"Post-to account number entered on the Locate screen."
}
,{
"fieldCode":"5004",
"fieldName":"CARD NUMBER",
"fieldFormat":"19C",
"helpText":"Identification number of the card associated with this Embosser record."
}
,{
"fieldCode":"5005",
"fieldName":"RECORD NUMBER",
"fieldFormat":"4N",
"helpText":"Identification number that further identifies an Embosser record when multiple cards are issued with the same card number."
}
,{
"fieldCode":"5006",
"fieldName":"EMBOSSED NAME",
"fieldFormat":"26C",
"helpText":"Name embossed on this plastic card."
}
,{
"fieldCode":"5007",
"fieldName":"CNV CARD",
"fieldFormat":"1N",
"helpText":"Converted card. Field that indicates whether a card has been issued in VisionPLUS. This field is stored on the Embosser record. The values are:<br/>0 = Normal card (not converted) (Default)<br/>1 = Converted card (operates with the old card number)<br/>2 = Card has been issued in VisionPLUS."
}
,{
"fieldCode":"5008",
"fieldName":"MOB PI CARD",
"fieldFormat":"1N",
"helpText":"Field that supports the mobile payment instrument (PI) processing for a card. The values are:<br/>0 = Issue a magnetic-stripe card<br/>1 = Issue a smart card<br/>2 = Issue a magnetic-stripe contactless card<br/>3 = Issue a smart contactless card<br/>4 = Provision a magnetic-stripe contactless mobile payment instrument (PI)<br/>5 = Provision a smart contactless mobile PI."
}
]},"sections": {
"section0":""
,
"section1":"LOST AND STOLEN TRACKING  AZLS"
}}
