{"data":{
"section0":[
],"section1":[
{
"fieldCode":"4001",
"fieldName":"BUSINESS UNIT",
"fieldFormat":"3N",
"helpText":"Business Unit number to which the category is assigned."
}
,{
"fieldCode":"4003",
"fieldName":"CARD NUMBER",
"fieldFormat":"19C",
"helpText":"Identification number of the card associated with this Embosser record."
}
,{
"fieldCode":"4004",
"fieldName":"RECORD NUMBER",
"fieldFormat":"4N",
"helpText":"Identification number assigned to an Embosser record."
}
]},"sections": {
"section0":""
,
"section1":"AZLS00-Business Function 01-Lost And Stolen Tracking"
}}
