{"data":{
"section0":[
],"section1":[
{
"fieldCode":"",
"fieldName":"BUSINESS UNIT",
"fieldFormat":"3N",
"helpText":"Identification number of the business unit associated with the priority pass card."
}
,{
"fieldCode":"",
"fieldName":"ACCOUNT",
"fieldFormat":"19C",
"helpText":"Identification number of the Account Base Segment record."
}
,{
"fieldCode":"",
"fieldName":"PP CARD NBR",
"fieldFormat":"19C",
"helpText":"Code that indicates the priority pass card number."
}
,{
"fieldCode":"",
"fieldName":"LOGO",
"fieldFormat":"3N",
"helpText":"Identification number of the product associated with the account."
}
]},"sections": {
"section0":""
,
"section1":"PRIORITY PASS AZMP"
}}
