{"data":{
"section0":[
],"section1":[
{
"fieldCode":"",
"fieldName":"BUSINESS UNIT",
"fieldFormat":"3N",
"helpText":"Identification number of the business unit associated with the account entered on the Locate screen."
}
,{
"fieldCode":"",
"fieldName":"ACCOUNT NUMBER",
"fieldFormat":"19C",
"helpText":"Identification number of the account entered on the Locate screen."
}
,{
"fieldCode":"",
"fieldName":"CURRENT BALANCE",
"fieldFormat":"17N",
"helpText":"Current balance of the Credit Plan Segment record.<br/>For non-prepaid card accounts, a minus sign (–) after this amount indicates a credit balance.<br/>For prepaid card accounts, a C after this amount indicates a credit balance and a D after this amount indicates a debit balance."
}
,{
"fieldCode":"",
"fieldName":"MEMO BALANCE",
"fieldFormat":"17N",
"helpText":"Memo balance of the account, which is the current balance plus memo debits minus memo credits.<br/>For non-prepaid card accounts, a minus sign (–) after this amount indicates a credit balance.<br/>For prepaid card accounts, a C after this amount indicates a credit balance and a D after this amount indicates a debit balance."
}
,{
"fieldCode":"",
"fieldName":"CURRENT DUE",
"fieldFormat":"17N",
"helpText":"Current amount due for the account."
}
,{
"fieldCode":"",
"fieldName":"PAST DUE",
"fieldFormat":"17N",
"helpText":"Amount past due for the account."
}
,{
"fieldCode":"",
"fieldName":"RECENCY",
"fieldFormat":"1N",
"helpText":"Code that identifies the recency delinquency level of the account. The recency delinquency level indicates the number of billing cycles since the last qualifying payment was posted to the account. The values are 0–9."
}
,{
"fieldCode":"",
"fieldName":"CYCLE DUE",
"fieldFormat":"1N",
"helpText":"Code that identifies the contractual delinquency level of the account. The contractual delinquency level (also called the cycle due code) indicates the number of cycles for which payment is due. The values are:<br/>0 = No amount due; account is current<br/>1 = Current amount due; not past due<br/>2 = Amount 1–29 days past due (or “X” days)<br/>3 = Amount 30–59 days past due<br/>4 = Amount 60–89 days past due<br/>5 = Amount 90–119 days past due<br/>6 = Amount 120–149 days past due<br/>7 = Amount 150–179 days past due<br/>8 = Amount 180–209 days past due<br/>9 = Amount 210 or more days past due."
}
,{
"fieldCode":"",
"fieldName":"PAYMENT DUE DATE",
"fieldFormat":"8N",
"helpText":"Date on which the next payment is due."
}
,{
"fieldCode":"",
"fieldName":"DATE LAST PAYMENT",
"fieldFormat":"8N",
"helpText":"Date on which the previous payment was posted."
}
,{
"fieldCode":"",
"fieldName":"PRIOR YEAR INT",
"fieldFormat":"17N",
"helpText":"Total amount of interest billed on the account during the prior year."
}
,{
"fieldCode":"",
"fieldName":"RECORD",
"fieldFormat":"3N",
"helpText":"Record number that identifies each Credit Plan Segment record assigned to the account. The values are 000–999. The value 000 indicates a “phantom” plan used to disclose interest rates when no cash or retail plan exists for an account."
}
,{
"fieldCode":"",
"fieldName":"OPENED",
"fieldFormat":"8N",
"helpText":"Date on which the Credit Plan Segment record was opened, or generated, for the account."
}
,{
"fieldCode":"",
"fieldName":"ADD-ON FLAG",
"fieldFormat":"1C",
"helpText":"Code that indicates whether CMS adds additional sales transactions to the Credit Plan Segment record. This field displays the add-on flag assigned to the record (ADD-ON FLAG on ARMA05). The values are:<br/>N = Do not add additional sales to the Credit Plan Segment record. If multiple sales post on the same effective date, generate one record which includes all sales that post on the same effective date.<br/>Y = Add subsequent sales to the Credit Plan Segment record.<br/>I = Generate a new Credit Plan Segment record for each sale that posts on any date."
}
,{
"fieldCode":"",
"fieldName":"PLAN SEGMENT TOTAL DUE",
"fieldFormat":"11N",
"helpText":"Total amount due for the Credit Plan Segment record."
}
,{
"fieldCode":"",
"fieldName":"STORE",
"fieldFormat":"9N",
"helpText":"Identification number of the store associated with the Credit Plan Segment record."
}
,{
"fieldCode":"",
"fieldName":"PLAN",
"fieldFormat":"5N",
"helpText":"Identification number of the Credit Plan Master record associated with the Credit Plan Segment record."
}
,{
"fieldCode":"",
"fieldName":"PLAN TYPE",
"fieldFormat":"1C",
"helpText":"Code that identifies the type of credit plan defined by the Credit Plan Master record (PLAN TYPE on ARMC01). The values are:<br/>A = Access checks (cash plan)<br/>B = Balance transfers (retail plan)<br/>C = Cash plan<br/>K = Access checks (retail plan)<br/>L = Closed-end installment loan (loan plan)<br/>R = Retail plan (Default)<br/>T = Balance transfers (cash plan)<br/>Y = Prepaid (retail plan).<br/>Note: Credit plans are categorized as either cash credit plans (PLAN TYPE is C, A, or T), retail credit plans (PLAN TYPE is R, B, K, or Y), or loan credit plans (PLAN TYPE is L)."
}
,{
"fieldCode":"",
"fieldName":"PLAN STATUS",
"fieldFormat":"2N",
"helpText":"Code that indicates the status of the Credit Plan Segment record. The values are:<br/>01 = Active. Sales transaction posted; plan is not in imbalance condition. This status code is system-generated.<br/>02–09 = User-defined active status. This status code is generated via a user exit.<br/>10 = Complete precomputed loan plan (POSTING IND on ARMA11 is 1 or 2). This status code is system-generated.<br/>11 = Incomplete precomputed loan plan (POSTING IND on ARMA11 is 1 or 2). The credit plan segment record includes record type 01. Data is missing from record types 02 (loan data) and/or 07 (amortization data). Transactions that post to plans with this status code will reject with posting flag 37 (incomplete loan plan). This status code is system-generated.<br/>12–19 = User-defined inactive status. This status code is generated via a user exit.<br/>20 = Canceled by CMS. This status code is system-generated.<br/>21–29 = User-defined canceled status. This status code is generated via a user exit.<br/>30 = Expired. The credit plan reached the deferment expiration date. This status code is system-generated.<br/>Note: When a deferment expires, the PLAN STATUS changes to 30 (expired). However, the PLAN STATUS resets to 01 (active) with plan rollover if the following expiration parameters are set on the Credit Plan Master (ARMC01):<br/>EXPR is 1 (roll the deferred plan to another plan)<br/>METHOD is 0 (change the plan number to the valid number defined in PLAN).<br/>31–39 = User-defined expired status. This status code is generated via a user exit.<br/>40 = Paid out. Credit plan has been paid out in full. This status code is system-generated.<br/>41–49 = User-defined paid out status. This status code is generated via a user exit.<br/>50 = Return received that resulted in cancellation of the loan. This status code is system-generated.<br/>51–59 = User-defined return received status. This status code is generated via a user exit.<br/>60 = Plan transfer or partial plan transfer to this credit plan today. This status code is system-generated.<br/>61 = Plan transfer from this credit plan today. CMS deletes the Credit Plan Segment record during the next CMS daily run. This status code is system-generated.<br/>62 = Partial plan transfer from this credit plan today. This status code is system-generated.<br/>64–69 = User-defined plan transfer or partial plan transfer status. Can be assigned to a credit plan segment involved in a plan transfer or a partial plan transfer today (“transfer from” or “transfer to” plan). This status code is generated via a user exit.<br/>70 = Imbalance condition on credit plan that has never been active. This status code is system-generated.<br/>71 = Imbalance condition on credit plan that was previously active. This status code is system-generated.<br/>72 = No sale has posted against the loan amount.<br/>73–79 = User-defined status for credit plan with an imbalance condition. This status code is generated via a user exit.<br/>80 = Plan is set to purge. This status code is system-generated.<br/>81 = Settled loan plan. This status code is system-generated when a plan with settlement type X, Y, or Z (SETTLEMENT TYPE on ARMA13) is settled. If a settlement reversal occurs, the settlement type is reset to its original value of P, W, or S, and the plan status is updated to 01."
}
,{
"fieldCode":"",
"fieldName":"CARD LOGO",
"fieldFormat":"3N",
"helpText":"Field that displays the list of card logos that are assigned to the account."
}
,{
"fieldCode":"",
"fieldName":"PLAN DESCRIPTION",
"fieldFormat":"40C",
"helpText":"For loan plans, the description of the transaction that generated the Credit Plan Segment record. For all other plans, this is the plan description from the Credit Plan Master record (DESCRIPTION on ARMC01). This untitled field displays below the PLAN field."
}
]},"sections": {
"section0":""
,
"section1":"PHANTOM PLANS"
}}
