{"data":{
"section0":[
],"section1":[
{
"fieldCode":"",
"fieldName":"BUSINESS UNIT",
"fieldFormat":"3N",
"helpText":"Identification number of the business unit associated with the account. The values are 001�998."
}
,{
"fieldCode":"",
"fieldName":"ACCOUNT NUMBER",
"fieldFormat":"19C",
"helpText":"Identification number of the account associated with the Credit Plan Segment records that you want to modify or view."
}
],"section2":[
],"section3":[
]},"sections": {
"section0":""
,
"section1":"PHANTOM PLANS ARQA"
,
"section2":"LABEL"
,
"section3":"ACCOUNT"
}}
