{"data":{
"section0":[
],"section1":[
{
"fieldCode":"",
"fieldName":"BUSINESS UNIT",
"fieldFormat":"3N",
"helpText":"Identification number of the business unit associated with the priority pass card."
}
,{
"fieldCode":"",
"fieldName":"LOGO",
"fieldFormat":"3N",
"helpText":"Identification number of the product associated with the account."
}
,{
"fieldCode":"",
"fieldName":"PP CARD NUMBER",
"fieldFormat":"19C",
"helpText":"Code that indicates the priority pass card number."
}
,{
"fieldCode":"",
"fieldName":"PP CARD ACTION",
"fieldFormat":"1N",
"helpText":"Code that indicates the action taken on the priority pass card. The values are:<br/>0 = No action required<br/>1 = Issue new priority pass card<br/>2 = Replace lost or stolen priority pass card<br/>3 = Damaged replacement for priority pass card<br/>4 = Reissue priority pass card<br/>5 = Block priority pass card.<br/>Note: You cannot edit this field when PP CARD STATUS values are set to 2 and 9."
}
,{
"fieldCode":"",
"fieldName":"PP CARD TYPE",
"fieldFormat":"1N",
"helpText":"Field that indicates the priority pass card type. The valid values are:<br/>0 = Primary priority pass card<br/>1 = Add-on priority pass card.<br/>When value 0 is entered in this field with an existing active primary card, CMS displays an error message."
}
,{
"fieldCode":"",
"fieldName":"DATE OF LAST MAINT",
"fieldFormat":"8N",
"helpText":"Date of last maintenance on this Priority Pass record. This field displays only when the screen is in maintenance mode (AZMP). This date is system-generated; you cannot modify it."
}
,{
"fieldCode":"",
"fieldName":"ACCOUNT NUMBER",
"fieldFormat":"19C",
"helpText":"Identification number of the Account Base Segment record."
}
,{
"fieldCode":"",
"fieldName":"PP EXP DATE",
"fieldFormat":"6N",
"helpText":"Code that indicates the date on which the priority pass card expires. If the calculated date is greater than the expiration date, CMS overrides the calculated date with the expiration date. The date is system generated; you cannot modify it. The default format is MMYYYY."
}
,{
"fieldCode":"",
"fieldName":"PP CARD STATUS",
"fieldFormat":"1N",
"helpText":"Code that indicates the current status of the priority pass card. The values are:<br/>0 = Active<br/>1 = Blocked<br/>2 = Transferred Carried Forward<br/>9 = Purged."
}
,{
"fieldCode":"",
"fieldName":"CUSTOMER NBR",
"fieldFormat":"19C",
"helpText":"Customer number that identifies the Customer Name/Address record of the account holder. This is a display-only field, you cannot modify it."
}
]},"sections": {
"section0":""
,
"section1":"PRIORITY PASS UPDATE"
}}
