{"data":{
"section0":[
],"section1":[
{
"fieldCode":"",
"fieldName":"BUSINESS UNIT",
"fieldFormat":"3N",
"helpText":"Identification number of the business unit associated with the priority pass card."
}
,{
"fieldCode":"",
"fieldName":"LOGO",
"fieldFormat":"3N",
"helpText":"Identification number of the product associated with the account."
}
,{
"fieldCode":"",
"fieldName":"ACCOUNT",
"fieldFormat":"19C",
"helpText":"Identification number of the Account Base Segment record."
}
,{
"fieldCode":"",
"fieldName":"PP CARD NBR",
"fieldFormat":"19C",
"helpText":"Code that indicates the priority pass card number."
}
,{
"fieldCode":"",
"fieldName":"FUNCTION CODE",
"fieldFormat":"1C",
"helpText":"Selection field used to choose a Priority Pass Listing record. Type X in this field next to the card number that you want to view or modify."
}
,{
"fieldCode":"",
"fieldName":"EMBOSSING NAME",
"fieldFormat":"40C",
"helpText":"Code that indicates the name embossed on the priority pass card number."
}
,{
"fieldCode":"",
"fieldName":"SERVICE NAME",
"fieldFormat":"30C",
"helpText":"Code that indicates the name of the service that is used to send a message to the client."
}
]},"sections": {
"section0":""
,
"section1":"PRIORITY PASS FUNC"
}}
